LXCat, www.lxcat.net
Generated on 17 Jul 2026. All rights reserved.

RECOMMENDED REFERENCE FORMAT
- Laporta database, www.lxcat.net, retrieved on July 17, 2026.
Be aware that some databases and solvers can additionally have instructions how to reference corresponding data.
Please check below in the headers of databases.

CROSS SECTION DATA FORMAT
In downloaded files, each collision process is defined by a block consisting of
1st line
Keyword in capitals indicating the type of the collision. Possible collision types are elastic, effective, excitation,
ionization, or attachment (capital letters required, key words are case sensitive), where "elastic" is used to denote
the elastic momentum transfer cross section and where "effective" denotes the total momentum transfer cross section (sum
of elastic momentum transfer and total inelastic cross sections).  The latter is useful for solving the Boltzmann
equation in the 2-term approximation.
2nd line
Name of the target particle species. This name is a character string, freely chosen by the user, e.g. "Ar". Optionally
for excitation processes, the name of the corresponding excited state can be specified on the same line, separated from
the first name either by arrow "->" (dash + greater than) or by double-head arrow "<->" (less than + dash +
greater than), e.g. "Ar -> Ar*" and "Ar <-> Ar*", respectively. In the later case BOLSIG+ will automatically
define the inverse superelastic process, constructing the superelastic cross-section by detailed balancing, and
considering the indicated excited state as the target. In this case, the ratio of statistical weights must be input in
the 3rd line (see below).
3rd line
For elastic and effective collisions, the ratio of the electron mass to the target particle mass. For excitation or
ionization collisions, the electron energy loss (nominally the threshold energy) in eV. For attachment, the 3rd line is
missing. In case of an excitation process where an excited state has been indicated on the 2nd line using double-head
arrow "<->", the 3rd line must specify also ratio of the statistical weights of the final state to the initial state
as the second parameter in 3rd line; this is needed by BOLSIG+ to calculate the de-excitation cross-section. The
statistical weight ratio, if given, will also be used by the automatic superelastics option in BOLSIG+. If this ratio is
not provided then BOLSIG+ will assume it unity.
from 4th line (optionally)
User comments and reference information, maximum 100 lines. The only constraint on format is that these comment lines
must not start with a number.
Finally
Table of the cross section as a function of energy. The table starts and ends by a line of dashes "------" (at least 5),
and has otherwise two numbers per line: the energy in eV and the cross section in m2.

xxxxxxxxxxxxxxxxxxxxxxxxxxxxxxxxxxxxxxxxxxxxxxxxxxxxxxxxxxxxxxxxxxxxxxxxxxxxxxxxxxxxxxxxxxxxxxxxxxxxxxxxxxxxxxxxxxxxxxxx
DATABASE:         Laporta (Laporta_DB)
PERMLINK:         www.lxcat.net/Laporta
DESCRIPTION:      A compilation of vibrationally resolved cross sections for electron-molecule scattering based on
                  R-Matrix calculation
CONTACT:          Vincenzo Laporta, vincenzo.laporta@cnr.it
HOW TO REFERENCE: Please use the references cited for each species.
xxxxxxxxxxxxxxxxxxxxxxxxxxxxxxxxxxxxxxxxxxxxxxxxxxxxxxxxxxxxxxxxxxxxxxxxxxxxxxxxxxxxxxxxxxxxxxxxxxxxxxxxxxxxxxxxxxxxxxxx

************************************************************************************************************************

COMMENT: D2 Vibrational Excitation (elastic and inelastic) cross sections; super-elastic cross sections can be obtained from
         inelastic ones by balance detail principle.
         Laporta et al. Plasma Phys. Control. Fusion 63, 085006 (2021)
         https://doi.org/10.1088/1361-6587/ac0163.

******************************************************* D2(X,v=0) *******************************************************

EXCITATION
D2(X,v=0) -> D2(X,v=1)
 3.712000e-1
SPECIES: e / D2(X,v=0)
PROCESS: E + D2(X,v=0) -> E + D2(X,v=1), Excitation
PARAM.:  E = 0.3712 eV
UPDATED: 2022-04-04 13:30:14
COLUMNS: Energy (eV) | Cross section (m2)
-----------------------------
 3.800000e-1	4.071400e-23
 3.900000e-1	5.983500e-23
 4.000000e-1	7.386600e-23
 4.100000e-1	8.538300e-23
 4.200000e-1	9.532500e-23
 4.300000e-1	1.041700e-22
 4.400000e-1	1.121800e-22
 4.500000e-1	1.195500e-22
 4.600000e-1	1.264000e-22
 4.700000e-1	1.328300e-22
 4.800000e-1	1.388900e-22
 4.900000e-1	1.446600e-22
 5.000000e-1	1.501600e-22
 5.100000e-1	1.554400e-22
 5.200000e-1	1.605100e-22
 5.300000e-1	1.654200e-22
 5.400000e-1	1.701700e-22
 5.500000e-1	1.747900e-22
 5.600000e-1	1.792900e-22
 5.700000e-1	1.836900e-22
 5.800000e-1	1.879900e-22
 5.900000e-1	1.922000e-22
 6.000000e-1	1.963400e-22
 6.100000e-1	2.004100e-22
 6.200000e-1	2.044300e-22
 6.300000e-1	2.083900e-22
 6.400000e-1	2.123000e-22
 6.500000e-1	2.161700e-22
 6.600000e-1	2.200000e-22
 6.700000e-1	2.238100e-22
 6.800000e-1	2.275800e-22
 6.900000e-1	2.313300e-22
 7.000000e-1	2.350600e-22
 7.100000e-1	2.387700e-22
 7.200000e-1	2.424600e-22
 7.300000e-1	2.461500e-22
 7.400000e-1	2.498200e-22
 7.500000e-1	2.534900e-22
 7.600000e-1	2.571500e-22
 7.700000e-1	2.608100e-22
 7.800000e-1	2.644800e-22
 7.900000e-1	2.681400e-22
 8.000000e-1	2.718000e-22
 8.100000e-1	2.754700e-22
 8.200000e-1	2.791500e-22
 8.300000e-1	2.828400e-22
 8.400000e-1	2.865300e-22
 8.500000e-1	2.902400e-22
 8.600000e-1	2.939600e-22
 8.700000e-1	2.976900e-22
 8.800000e-1	3.014400e-22
 8.900000e-1	3.052000e-22
 9.000000e-1	3.089800e-22
 9.100000e-1	3.127800e-22
 9.200000e-1	3.165900e-22
 9.300000e-1	3.204300e-22
 9.400000e-1	3.242900e-22
 9.500000e-1	3.281600e-22
 9.600000e-1	3.320700e-22
 9.700000e-1	3.359900e-22
 9.800000e-1	3.399400e-22
 9.900000e-1	3.439100e-22
 1.000000e+0	3.479100e-22
 1.010000e+0	3.519300e-22
 1.020000e+0	3.559900e-22
 1.030000e+0	3.600600e-22
 1.040000e+0	3.641700e-22
 1.050000e+0	3.683100e-22
 1.060000e+0	3.724700e-22
 1.070000e+0	3.766700e-22
 1.080000e+0	3.808900e-22
 1.090000e+0	3.851500e-22
 1.100000e+0	3.894400e-22
 1.110000e+0	3.937600e-22
 1.120000e+0	3.981100e-22
 1.130000e+0	4.025000e-22
 1.140000e+0	4.069100e-22
 1.150000e+0	4.113700e-22
 1.160000e+0	4.158500e-22
 1.170000e+0	4.203800e-22
 1.180000e+0	4.249300e-22
 1.190000e+0	4.295200e-22
 1.200000e+0	4.341500e-22
 1.210000e+0	4.388200e-22
 1.220000e+0	4.435200e-22
 1.230000e+0	4.482500e-22
 1.240000e+0	4.530300e-22
 1.250000e+0	4.578400e-22
 1.260000e+0	4.626900e-22
 1.270000e+0	4.675800e-22
 1.280000e+0	4.725000e-22
 1.290000e+0	4.774700e-22
 1.300000e+0	4.824700e-22
 1.310000e+0	4.875100e-22
 1.320000e+0	4.926000e-22
 1.330000e+0	4.977200e-22
 1.340000e+0	5.028800e-22
 1.350000e+0	5.080800e-22
 1.360000e+0	5.133200e-22
 1.370000e+0	5.186000e-22
 1.380000e+0	5.239300e-22
 1.390000e+0	5.292900e-22
 1.400000e+0	5.346900e-22
 1.410000e+0	5.401400e-22
 1.420000e+0	5.456200e-22
 1.430000e+0	5.511500e-22
 1.440000e+0	5.567200e-22
 1.450000e+0	5.623300e-22
 1.460000e+0	5.679800e-22
 1.470000e+0	5.736700e-22
 1.480000e+0	5.794100e-22
 1.490000e+0	5.851800e-22
 1.500000e+0	5.910000e-22
 1.510000e+0	5.968600e-22
 1.520000e+0	6.027600e-22
 1.530000e+0	6.087100e-22
 1.540000e+0	6.146900e-22
 1.550000e+0	6.207200e-22
 1.560000e+0	6.267900e-22
 1.570000e+0	6.329000e-22
 1.580000e+0	6.390500e-22
 1.590000e+0	6.452500e-22
 1.600000e+0	6.514900e-22
 1.610000e+0	6.577600e-22
 1.620000e+0	6.640800e-22
 1.630000e+0	6.704400e-22
 1.640000e+0	6.768500e-22
 1.650000e+0	6.832900e-22
 1.660000e+0	6.897700e-22
 1.670000e+0	6.963000e-22
 1.680000e+0	7.028600e-22
 1.690000e+0	7.094700e-22
 1.700000e+0	7.161200e-22
 1.710000e+0	7.228100e-22
 1.720000e+0	7.295300e-22
 1.730000e+0	7.363000e-22
 1.740000e+0	7.431100e-22
 1.750000e+0	7.499600e-22
 1.760000e+0	7.568400e-22
 1.770000e+0	7.637700e-22
 1.780000e+0	7.707300e-22
 1.790000e+0	7.777300e-22
 1.800000e+0	7.847700e-22
 1.810000e+0	7.918500e-22
 1.820000e+0	7.989700e-22
 1.830000e+0	8.061200e-22
 1.840000e+0	8.133100e-22
 1.850000e+0	8.205400e-22
 1.860000e+0	8.278000e-22
 1.870000e+0	8.351000e-22
 1.880000e+0	8.424300e-22
 1.890000e+0	8.498000e-22
 1.900000e+0	8.572000e-22
 1.910000e+0	8.646400e-22
 1.920000e+0	8.721200e-22
 1.930000e+0	8.796200e-22
 1.940000e+0	8.871600e-22
 1.950000e+0	8.947300e-22
 1.960000e+0	9.023400e-22
 1.970000e+0	9.099700e-22
 1.980000e+0	9.176400e-22
 1.990000e+0	9.253400e-22
 2.000000e+0	9.330600e-22
 2.010000e+0	9.408200e-22
 2.020000e+0	9.486100e-22
 2.030000e+0	9.564200e-22
 2.040000e+0	9.642700e-22
 2.050000e+0	9.721400e-22
 2.060000e+0	9.800400e-22
 2.070000e+0	9.879600e-22
 2.080000e+0	9.959100e-22
 2.090000e+0	1.003900e-21
 2.100000e+0	1.011900e-21
 2.110000e+0	1.019900e-21
 2.120000e+0	1.028000e-21
 2.130000e+0	1.036000e-21
 2.140000e+0	1.044100e-21
 2.150000e+0	1.052300e-21
 2.160000e+0	1.060400e-21
 2.170000e+0	1.068500e-21
 2.180000e+0	1.076700e-21
 2.190000e+0	1.084900e-21
 2.200000e+0	1.093100e-21
 2.210000e+0	1.101400e-21
 2.220000e+0	1.109600e-21
 2.230000e+0	1.117900e-21
 2.240000e+0	1.126200e-21
 2.250000e+0	1.134500e-21
 2.260000e+0	1.142800e-21
 2.270000e+0	1.151100e-21
 2.280000e+0	1.159500e-21
 2.290000e+0	1.167800e-21
 2.300000e+0	1.176200e-21
 2.310000e+0	1.184500e-21
 2.320000e+0	1.192900e-21
 2.330000e+0	1.201300e-21
 2.340000e+0	1.209700e-21
 2.350000e+0	1.218100e-21
 2.360000e+0	1.226600e-21
 2.370000e+0	1.235000e-21
 2.380000e+0	1.243400e-21
 2.390000e+0	1.251900e-21
 2.400000e+0	1.260300e-21
 2.410000e+0	1.268700e-21
 2.420000e+0	1.277200e-21
 2.430000e+0	1.285600e-21
 2.440000e+0	1.294100e-21
 2.450000e+0	1.302500e-21
 2.460000e+0	1.311000e-21
 2.470000e+0	1.319400e-21
 2.480000e+0	1.327900e-21
 2.490000e+0	1.336300e-21
 2.500000e+0	1.344800e-21
 2.510000e+0	1.353200e-21
 2.520000e+0	1.361700e-21
 2.530000e+0	1.370100e-21
 2.540000e+0	1.378500e-21
 2.550000e+0	1.386900e-21
 2.560000e+0	1.395300e-21
 2.570000e+0	1.403700e-21
 2.580000e+0	1.412100e-21
 2.590000e+0	1.420500e-21
 2.600000e+0	1.428900e-21
 2.610000e+0	1.437300e-21
 2.620000e+0	1.445600e-21
 2.630000e+0	1.453900e-21
 2.640000e+0	1.462300e-21
 2.650000e+0	1.470600e-21
 2.660000e+0	1.478900e-21
 2.670000e+0	1.487100e-21
 2.680000e+0	1.495400e-21
 2.690000e+0	1.503600e-21
 2.700000e+0	1.511900e-21
 2.710000e+0	1.520100e-21
 2.720000e+0	1.528300e-21
 2.730000e+0	1.536400e-21
 2.740000e+0	1.544600e-21
 2.750000e+0	1.552700e-21
 2.760000e+0	1.560800e-21
 2.770000e+0	1.568900e-21
 2.780000e+0	1.577000e-21
 2.790000e+0	1.585000e-21
 2.800000e+0	1.593000e-21
 2.810000e+0	1.601000e-21
 2.820000e+0	1.608900e-21
 2.830000e+0	1.616900e-21
 2.840000e+0	1.624800e-21
 2.850000e+0	1.632700e-21
 2.860000e+0	1.640500e-21
 2.870000e+0	1.648300e-21
 2.880000e+0	1.656100e-21
 2.890000e+0	1.663900e-21
 2.900000e+0	1.671600e-21
 2.910000e+0	1.679300e-21
 2.920000e+0	1.686900e-21
 2.930000e+0	1.694600e-21
 2.940000e+0	1.702200e-21
 2.950000e+0	1.709700e-21
 2.960000e+0	1.717300e-21
 2.970000e+0	1.724800e-21
 2.980000e+0	1.732200e-21
 2.990000e+0	1.739600e-21
 3.000000e+0	1.747000e-21
 3.010000e+0	1.754400e-21
 3.020000e+0	1.761700e-21
 3.030000e+0	1.768900e-21
 3.040000e+0	1.776200e-21
 3.050000e+0	1.783400e-21
 3.060000e+0	1.790500e-21
 3.070000e+0	1.797600e-21
 3.080000e+0	1.804700e-21
 3.090000e+0	1.811700e-21
 3.100000e+0	1.818700e-21
 3.110000e+0	1.825700e-21
 3.120000e+0	1.832600e-21
 3.130000e+0	1.839400e-21
 3.140000e+0	1.846200e-21
 3.150000e+0	1.853000e-21
 3.160000e+0	1.859700e-21
 3.170000e+0	1.866400e-21
 3.180000e+0	1.873100e-21
 3.190000e+0	1.879700e-21
 3.200000e+0	1.886200e-21
 3.210000e+0	1.892700e-21
 3.220000e+0	1.899200e-21
 3.230000e+0	1.905600e-21
 3.240000e+0	1.911900e-21
 3.250000e+0	1.918200e-21
 3.260000e+0	1.924500e-21
 3.270000e+0	1.930700e-21
 3.280000e+0	1.936900e-21
 3.290000e+0	1.943000e-21
 3.300000e+0	1.949000e-21
 3.310000e+0	1.955100e-21
 3.320000e+0	1.961000e-21
 3.330000e+0	1.966900e-21
 3.340000e+0	1.972800e-21
 3.350000e+0	1.978600e-21
 3.360000e+0	1.984400e-21
 3.370000e+0	1.990100e-21
 3.380000e+0	1.995700e-21
 3.390000e+0	2.001300e-21
 3.400000e+0	2.006900e-21
 3.410000e+0	2.012400e-21
 3.420000e+0	2.017800e-21
 3.430000e+0	2.023200e-21
 3.440000e+0	2.028600e-21
 3.450000e+0	2.033900e-21
 3.460000e+0	2.039100e-21
 3.470000e+0	2.044300e-21
 3.480000e+0	2.049400e-21
 3.490000e+0	2.054500e-21
 3.500000e+0	2.059500e-21
 3.510000e+0	2.064500e-21
 3.520000e+0	2.069400e-21
 3.530000e+0	2.074300e-21
 3.540000e+0	2.079100e-21
 3.550000e+0	2.083800e-21
 3.560000e+0	2.088500e-21
 3.570000e+0	2.093100e-21
 3.580000e+0	2.097700e-21
 3.590000e+0	2.102300e-21
 3.600000e+0	2.106700e-21
 3.610000e+0	2.111100e-21
 3.620000e+0	2.115500e-21
 3.630000e+0	2.119800e-21
 3.640000e+0	2.124100e-21
 3.650000e+0	2.128300e-21
 3.660000e+0	2.132400e-21
 3.670000e+0	2.136500e-21
 3.680000e+0	2.140500e-21
 3.690000e+0	2.144500e-21
 3.700000e+0	2.148400e-21
 3.710000e+0	2.152300e-21
 3.720000e+0	2.156100e-21
 3.730000e+0	2.159800e-21
 3.740000e+0	2.163500e-21
 3.750000e+0	2.167200e-21
 3.760000e+0	2.170700e-21
 3.770000e+0	2.174300e-21
 3.780000e+0	2.177700e-21
 3.790000e+0	2.181200e-21
 3.800000e+0	2.184500e-21
 3.810000e+0	2.187800e-21
 3.820000e+0	2.191100e-21
 3.830000e+0	2.194300e-21
 3.840000e+0	2.197400e-21
 3.850000e+0	2.200500e-21
 3.860000e+0	2.203500e-21
 3.870000e+0	2.206500e-21
 3.880000e+0	2.209400e-21
 3.890000e+0	2.212300e-21
 3.900000e+0	2.215100e-21
 3.910000e+0	2.217800e-21
 3.920000e+0	2.220500e-21
 3.930000e+0	2.223200e-21
 3.940000e+0	2.225800e-21
 3.950000e+0	2.228300e-21
 3.960000e+0	2.230800e-21
 3.970000e+0	2.233200e-21
 3.980000e+0	2.235600e-21
 3.990000e+0	2.237900e-21
 4.000000e+0	2.240200e-21
 4.010000e+0	2.242400e-21
 4.020000e+0	2.244600e-21
 4.030000e+0	2.246700e-21
 4.040000e+0	2.248700e-21
 4.050000e+0	2.250700e-21
 4.060000e+0	2.252700e-21
 4.070000e+0	2.254600e-21
 4.080000e+0	2.256400e-21
 4.090000e+0	2.258200e-21
 4.100000e+0	2.260000e-21
 4.110000e+0	2.261700e-21
 4.120000e+0	2.263300e-21
 4.130000e+0	2.264900e-21
 4.140000e+0	2.266400e-21
 4.150000e+0	2.267900e-21
 4.160000e+0	2.269300e-21
 4.170000e+0	2.270700e-21
 4.180000e+0	2.272000e-21
 4.190000e+0	2.273300e-21
 4.200000e+0	2.274600e-21
 4.210000e+0	2.275700e-21
 4.220000e+0	2.276900e-21
 4.230000e+0	2.278000e-21
 4.240000e+0	2.279000e-21
 4.250000e+0	2.280000e-21
 4.260000e+0	2.280900e-21
 4.270000e+0	2.281800e-21
 4.280000e+0	2.282600e-21
 4.290000e+0	2.283400e-21
 4.300000e+0	2.284200e-21
 4.310000e+0	2.284900e-21
 4.320000e+0	2.285500e-21
 4.330000e+0	2.286100e-21
 4.340000e+0	2.286700e-21
 4.350000e+0	2.287200e-21
 4.360000e+0	2.287700e-21
 4.370000e+0	2.288100e-21
 4.380000e+0	2.288500e-21
 4.390000e+0	2.288800e-21
 4.400000e+0	2.289100e-21
 4.410000e+0	2.289300e-21
 4.420000e+0	2.289500e-21
 4.430000e+0	2.289600e-21
 4.440000e+0	2.289700e-21
 4.450000e+0	2.289800e-21
 4.460000e+0	2.289800e-21
 4.470000e+0	2.289800e-21
 4.480000e+0	2.289700e-21
 4.490000e+0	2.289600e-21
 4.500000e+0	2.289500e-21
 4.510000e+0	2.289300e-21
 4.520000e+0	2.289000e-21
 4.530000e+0	2.288700e-21
 4.540000e+0	2.288400e-21
 4.550000e+0	2.288000e-21
 4.560000e+0	2.287600e-21
 4.570000e+0	2.287200e-21
 4.580000e+0	2.286700e-21
 4.590000e+0	2.286200e-21
 4.600000e+0	2.285600e-21
 4.610000e+0	2.285000e-21
 4.620000e+0	2.284400e-21
 4.630000e+0	2.283700e-21
 4.640000e+0	2.283000e-21
 4.650000e+0	2.282200e-21
 4.660000e+0	2.281400e-21
 4.670000e+0	2.280600e-21
 4.680000e+0	2.279700e-21
 4.690000e+0	2.278800e-21
 4.700000e+0	2.277800e-21
 4.710000e+0	2.276900e-21
 4.720000e+0	2.275800e-21
 4.730000e+0	2.274800e-21
 4.740000e+0	2.273700e-21
 4.750000e+0	2.272600e-21
 4.760000e+0	2.271400e-21
 4.770000e+0	2.270200e-21
 4.780000e+0	2.269000e-21
 4.790000e+0	2.267700e-21
 4.800000e+0	2.266400e-21
 4.810000e+0	2.265100e-21
 4.820000e+0	2.263700e-21
 4.830000e+0	2.262300e-21
 4.840000e+0	2.260900e-21
 4.850000e+0	2.259400e-21
 4.860000e+0	2.257900e-21
 4.870000e+0	2.256400e-21
 4.880000e+0	2.254800e-21
 4.890000e+0	2.253200e-21
 4.900000e+0	2.251600e-21
 4.910000e+0	2.250000e-21
 4.920000e+0	2.248300e-21
 4.930000e+0	2.246600e-21
 4.940000e+0	2.244800e-21
 4.950000e+0	2.243000e-21
 4.960000e+0	2.241200e-21
 4.970000e+0	2.239400e-21
 4.980000e+0	2.237500e-21
 4.990000e+0	2.235700e-21
 5.000000e+0	2.233700e-21
 5.010000e+0	2.231800e-21
 5.020000e+0	2.229800e-21
 5.030000e+0	2.227800e-21
 5.040000e+0	2.225800e-21
 5.050000e+0	2.223700e-21
 5.060000e+0	2.221600e-21
 5.070000e+0	2.219500e-21
 5.080000e+0	2.217400e-21
 5.090000e+0	2.215200e-21
 5.100000e+0	2.213000e-21
 5.110000e+0	2.210800e-21
 5.120000e+0	2.208600e-21
 5.130000e+0	2.206300e-21
 5.140000e+0	2.204000e-21
 5.150000e+0	2.201700e-21
 5.160000e+0	2.199400e-21
 5.170000e+0	2.197000e-21
 5.180000e+0	2.194700e-21
 5.190000e+0	2.192300e-21
 5.200000e+0	2.189800e-21
 5.210000e+0	2.187400e-21
 5.220000e+0	2.184900e-21
 5.230000e+0	2.182400e-21
 5.240000e+0	2.179900e-21
 5.250000e+0	2.177400e-21
 5.260000e+0	2.174800e-21
 5.270000e+0	2.172200e-21
 5.280000e+0	2.169600e-21
 5.290000e+0	2.167000e-21
 5.300000e+0	2.164300e-21
 5.310000e+0	2.161700e-21
 5.320000e+0	2.159000e-21
 5.330000e+0	2.156300e-21
 5.340000e+0	2.153600e-21
 5.350000e+0	2.150800e-21
 5.360000e+0	2.148100e-21
 5.370000e+0	2.145300e-21
 5.380000e+0	2.142500e-21
 5.390000e+0	2.139700e-21
 5.400000e+0	2.136900e-21
 5.410000e+0	2.134000e-21
 5.420000e+0	2.131100e-21
 5.430000e+0	2.128300e-21
 5.440000e+0	2.125400e-21
 5.450000e+0	2.122400e-21
 5.460000e+0	2.119500e-21
 5.470000e+0	2.116500e-21
 5.480000e+0	2.113600e-21
 5.490000e+0	2.110600e-21
 5.500000e+0	2.107600e-21
 5.510000e+0	2.104600e-21
 5.520000e+0	2.101600e-21
 5.530000e+0	2.098500e-21
 5.540000e+0	2.095500e-21
 5.550000e+0	2.092400e-21
 5.560000e+0	2.089300e-21
 5.570000e+0	2.086200e-21
 5.580000e+0	2.083100e-21
 5.590000e+0	2.079900e-21
 5.600000e+0	2.076800e-21
 5.610000e+0	2.073700e-21
 5.620000e+0	2.070500e-21
 5.630000e+0	2.067300e-21
 5.640000e+0	2.064100e-21
 5.650000e+0	2.060900e-21
 5.660000e+0	2.057700e-21
 5.670000e+0	2.054500e-21
 5.680000e+0	2.051200e-21
 5.690000e+0	2.048000e-21
 5.700000e+0	2.044700e-21
 5.710000e+0	2.041400e-21
 5.720000e+0	2.038100e-21
 5.730000e+0	2.034800e-21
 5.740000e+0	2.031500e-21
 5.750000e+0	2.028200e-21
 5.760000e+0	2.024900e-21
 5.770000e+0	2.021500e-21
 5.780000e+0	2.018200e-21
 5.790000e+0	2.014800e-21
 5.800000e+0	2.011500e-21
 5.810000e+0	2.008100e-21
 5.820000e+0	2.004700e-21
 5.830000e+0	2.001300e-21
 5.840000e+0	1.997900e-21
 5.850000e+0	1.994500e-21
 5.860000e+0	1.991100e-21
 5.870000e+0	1.987700e-21
 5.880000e+0	1.984200e-21
 5.890000e+0	1.980800e-21
 5.900000e+0	1.977300e-21
 5.910000e+0	1.973900e-21
 5.920000e+0	1.970400e-21
 5.930000e+0	1.966900e-21
 5.940000e+0	1.963500e-21
 5.950000e+0	1.960000e-21
 5.960000e+0	1.956500e-21
 5.970000e+0	1.953000e-21
 5.980000e+0	1.949500e-21
 5.990000e+0	1.946000e-21
 6.000000e+0	1.942400e-21
 6.010000e+0	1.938900e-21
 6.020000e+0	1.935400e-21
 6.030000e+0	1.931800e-21
 6.040000e+0	1.928300e-21
 6.050000e+0	1.924800e-21
 6.060000e+0	1.921200e-21
 6.070000e+0	1.917700e-21
 6.080000e+0	1.914100e-21
 6.090000e+0	1.910500e-21
 6.100000e+0	1.907000e-21
 6.110000e+0	1.903400e-21
 6.120000e+0	1.899800e-21
 6.130000e+0	1.896200e-21
 6.140000e+0	1.892600e-21
 6.150000e+0	1.889000e-21
 6.160000e+0	1.885500e-21
 6.170000e+0	1.881900e-21
 6.180000e+0	1.878300e-21
 6.190000e+0	1.874700e-21
 6.200000e+0	1.871000e-21
 6.210000e+0	1.867400e-21
 6.220000e+0	1.863800e-21
 6.230000e+0	1.860200e-21
 6.240000e+0	1.856600e-21
 6.250000e+0	1.853000e-21
 6.260000e+0	1.849400e-21
 6.270000e+0	1.845700e-21
 6.280000e+0	1.842100e-21
 6.290000e+0	1.838500e-21
 6.300000e+0	1.834800e-21
 6.310000e+0	1.831200e-21
 6.320000e+0	1.827600e-21
 6.330000e+0	1.823900e-21
 6.340000e+0	1.820300e-21
 6.350000e+0	1.816700e-21
 6.360000e+0	1.813000e-21
 6.370000e+0	1.809400e-21
 6.380000e+0	1.805700e-21
 6.390000e+0	1.802100e-21
 6.400000e+0	1.798500e-21
 6.410000e+0	1.794800e-21
 6.420000e+0	1.791200e-21
 6.430000e+0	1.787500e-21
 6.440000e+0	1.783900e-21
 6.450000e+0	1.780300e-21
 6.460000e+0	1.776600e-21
 6.470000e+0	1.773000e-21
 6.480000e+0	1.769300e-21
 6.490000e+0	1.765700e-21
 6.500000e+0	1.762000e-21
 6.510000e+0	1.758400e-21
 6.520000e+0	1.754800e-21
 6.530000e+0	1.751100e-21
 6.540000e+0	1.747500e-21
 6.550000e+0	1.743800e-21
 6.560000e+0	1.740200e-21
 6.570000e+0	1.736600e-21
 6.580000e+0	1.732900e-21
 6.590000e+0	1.729300e-21
 6.600000e+0	1.725700e-21
 6.610000e+0	1.722000e-21
 6.620000e+0	1.718400e-21
 6.630000e+0	1.714800e-21
 6.640000e+0	1.711100e-21
 6.650000e+0	1.707500e-21
 6.660000e+0	1.703900e-21
 6.670000e+0	1.700300e-21
 6.680000e+0	1.696600e-21
 6.690000e+0	1.693000e-21
 6.700000e+0	1.689400e-21
 6.710000e+0	1.685800e-21
 6.720000e+0	1.682200e-21
 6.730000e+0	1.678600e-21
 6.740000e+0	1.675000e-21
 6.750000e+0	1.671400e-21
 6.760000e+0	1.667800e-21
 6.770000e+0	1.664200e-21
 6.780000e+0	1.660600e-21
 6.790000e+0	1.657000e-21
 6.800000e+0	1.653400e-21
 6.810000e+0	1.649800e-21
 6.820000e+0	1.646200e-21
 6.830000e+0	1.642700e-21
 6.840000e+0	1.639100e-21
 6.850000e+0	1.635500e-21
 6.860000e+0	1.631900e-21
 6.870000e+0	1.628400e-21
 6.880000e+0	1.624800e-21
 6.890000e+0	1.621200e-21
 6.900000e+0	1.617700e-21
 6.910000e+0	1.614100e-21
 6.920000e+0	1.610600e-21
 6.930000e+0	1.607000e-21
 6.940000e+0	1.603500e-21
 6.950000e+0	1.600000e-21
 6.960000e+0	1.596400e-21
 6.970000e+0	1.592900e-21
 6.980000e+0	1.589400e-21
 6.990000e+0	1.585900e-21
 7.000000e+0	1.582300e-21
 7.010000e+0	1.578800e-21
 7.020000e+0	1.575300e-21
 7.030000e+0	1.571800e-21
 7.040000e+0	1.568300e-21
 7.050000e+0	1.564800e-21
 7.060000e+0	1.561300e-21
 7.070000e+0	1.557900e-21
 7.080000e+0	1.554400e-21
 7.090000e+0	1.550900e-21
 7.100000e+0	1.547400e-21
 7.110000e+0	1.544000e-21
 7.120000e+0	1.540500e-21
 7.130000e+0	1.537100e-21
 7.140000e+0	1.533600e-21
 7.150000e+0	1.530200e-21
 7.160000e+0	1.526700e-21
 7.170000e+0	1.523300e-21
 7.180000e+0	1.519900e-21
 7.190000e+0	1.516400e-21
 7.200000e+0	1.513000e-21
 7.210000e+0	1.509600e-21
 7.220000e+0	1.506200e-21
 7.230000e+0	1.502800e-21
 7.240000e+0	1.499400e-21
 7.250000e+0	1.496000e-21
 7.260000e+0	1.492600e-21
 7.270000e+0	1.489200e-21
 7.280000e+0	1.485800e-21
 7.290000e+0	1.482500e-21
 7.300000e+0	1.479100e-21
 7.310000e+0	1.475700e-21
 7.320000e+0	1.472400e-21
 7.330000e+0	1.469000e-21
 7.340000e+0	1.465700e-21
 7.350000e+0	1.462400e-21
 7.360000e+0	1.459000e-21
 7.370000e+0	1.455700e-21
 7.380000e+0	1.452400e-21
 7.390000e+0	1.449100e-21
 7.400000e+0	1.445800e-21
 7.410000e+0	1.442500e-21
 7.420000e+0	1.439200e-21
 7.430000e+0	1.435900e-21
 7.440000e+0	1.432600e-21
 7.450000e+0	1.429300e-21
 7.460000e+0	1.426100e-21
 7.470000e+0	1.422800e-21
 7.480000e+0	1.419600e-21
 7.490000e+0	1.416300e-21
 7.500000e+0	1.413100e-21
 7.510000e+0	1.409800e-21
 7.520000e+0	1.406600e-21
 7.530000e+0	1.403400e-21
 7.540000e+0	1.400100e-21
 7.550000e+0	1.396900e-21
 7.560000e+0	1.393700e-21
 7.570000e+0	1.390500e-21
 7.580000e+0	1.387300e-21
 7.590000e+0	1.384200e-21
 7.600000e+0	1.381000e-21
 7.610000e+0	1.377800e-21
 7.620000e+0	1.374600e-21
 7.630000e+0	1.371500e-21
 7.640000e+0	1.368300e-21
 7.650000e+0	1.365200e-21
 7.660000e+0	1.362000e-21
 7.670000e+0	1.358900e-21
 7.680000e+0	1.355800e-21
 7.690000e+0	1.352700e-21
 7.700000e+0	1.349600e-21
 7.710000e+0	1.346500e-21
 7.720000e+0	1.343400e-21
 7.730000e+0	1.340300e-21
 7.740000e+0	1.337200e-21
 7.750000e+0	1.334100e-21
 7.760000e+0	1.331000e-21
 7.770000e+0	1.328000e-21
 7.780000e+0	1.324900e-21
 7.790000e+0	1.321900e-21
 7.800000e+0	1.318800e-21
 7.810000e+0	1.315800e-21
 7.820000e+0	1.312800e-21
 7.830000e+0	1.309700e-21
 7.840000e+0	1.306700e-21
 7.850000e+0	1.303700e-21
 7.860000e+0	1.300700e-21
 7.870000e+0	1.297700e-21
 7.880000e+0	1.294800e-21
 7.890000e+0	1.291800e-21
 7.900000e+0	1.288800e-21
 7.910000e+0	1.285800e-21
 7.920000e+0	1.282900e-21
 7.930000e+0	1.279900e-21
 7.940000e+0	1.277000e-21
 7.950000e+0	1.274100e-21
 7.960000e+0	1.271100e-21
 7.970000e+0	1.268200e-21
 7.980000e+0	1.265300e-21
 7.990000e+0	1.262400e-21
 8.000000e+0	1.259500e-21
 8.010000e+0	1.256600e-21
 8.020000e+0	1.253700e-21
 8.030000e+0	1.250800e-21
 8.040000e+0	1.248000e-21
 8.050000e+0	1.245100e-21
 8.060000e+0	1.242300e-21
 8.070000e+0	1.239400e-21
 8.080000e+0	1.236600e-21
 8.090000e+0	1.233700e-21
 8.100000e+0	1.230900e-21
 8.110000e+0	1.228100e-21
 8.120000e+0	1.225300e-21
 8.130000e+0	1.222500e-21
 8.140000e+0	1.219700e-21
 8.150000e+0	1.216900e-21
 8.160000e+0	1.214100e-21
 8.170000e+0	1.211300e-21
 8.180000e+0	1.208600e-21
 8.190000e+0	1.205800e-21
 8.200000e+0	1.203100e-21
 8.210000e+0	1.200300e-21
 8.220000e+0	1.197600e-21
 8.230000e+0	1.194900e-21
 8.240000e+0	1.192100e-21
 8.250000e+0	1.189400e-21
 8.260000e+0	1.186700e-21
 8.270000e+0	1.184000e-21
 8.280000e+0	1.181300e-21
 8.290000e+0	1.178600e-21
 8.300000e+0	1.176000e-21
 8.310000e+0	1.173300e-21
 8.320000e+0	1.170600e-21
 8.330000e+0	1.168000e-21
 8.340000e+0	1.165300e-21
 8.350000e+0	1.162700e-21
 8.360000e+0	1.160000e-21
 8.370000e+0	1.157400e-21
 8.380000e+0	1.154800e-21
 8.390000e+0	1.152200e-21
 8.400000e+0	1.149600e-21
 8.410000e+0	1.147000e-21
 8.420000e+0	1.144400e-21
 8.430000e+0	1.141800e-21
 8.440000e+0	1.139200e-21
 8.450000e+0	1.136700e-21
 8.460000e+0	1.134100e-21
 8.470000e+0	1.131500e-21
 8.480000e+0	1.129000e-21
 8.490000e+0	1.126500e-21
 8.500000e+0	1.123900e-21
 8.510000e+0	1.121400e-21
 8.520000e+0	1.118900e-21
 8.530000e+0	1.116400e-21
 8.540000e+0	1.113900e-21
 8.550000e+0	1.111400e-21
 8.560000e+0	1.108900e-21
 8.570000e+0	1.106400e-21
 8.580000e+0	1.103900e-21
 8.590000e+0	1.101500e-21
 8.600000e+0	1.099000e-21
 8.610000e+0	1.096500e-21
 8.620000e+0	1.094100e-21
 8.630000e+0	1.091700e-21
 8.640000e+0	1.089200e-21
 8.650000e+0	1.086800e-21
 8.660000e+0	1.084400e-21
 8.670000e+0	1.082000e-21
 8.680000e+0	1.079600e-21
 8.690000e+0	1.077200e-21
 8.700000e+0	1.074800e-21
 8.710000e+0	1.072400e-21
 8.720000e+0	1.070000e-21
 8.730000e+0	1.067600e-21
 8.740000e+0	1.065300e-21
 8.750000e+0	1.062900e-21
 8.760000e+0	1.060600e-21
 8.770000e+0	1.058200e-21
 8.780000e+0	1.055900e-21
 8.790000e+0	1.053500e-21
 8.800000e+0	1.051200e-21
 8.810000e+0	1.048900e-21
 8.820000e+0	1.046600e-21
 8.830000e+0	1.044300e-21
 8.840000e+0	1.042000e-21
 8.850000e+0	1.039700e-21
 8.860000e+0	1.037400e-21
 8.870000e+0	1.035100e-21
 8.880000e+0	1.032900e-21
 8.890000e+0	1.030600e-21
 8.900000e+0	1.028300e-21
 8.910000e+0	1.026100e-21
 8.920000e+0	1.023800e-21
 8.930000e+0	1.021600e-21
 8.940000e+0	1.019400e-21
 8.950000e+0	1.017100e-21
 8.960000e+0	1.014900e-21
 8.970000e+0	1.012700e-21
 8.980000e+0	1.010500e-21
 8.990000e+0	1.008300e-21
 9.000000e+0	1.006100e-21
 9.010000e+0	1.003900e-21
 9.020000e+0	1.001700e-21
 9.030000e+0	9.995300e-22
 9.040000e+0	9.973500e-22
 9.050000e+0	9.951900e-22
 9.060000e+0	9.930300e-22
 9.070000e+0	9.908700e-22
 9.080000e+0	9.887200e-22
 9.090000e+0	9.865800e-22
 9.100000e+0	9.844400e-22
 9.110000e+0	9.823100e-22
 9.120000e+0	9.801900e-22
 9.130000e+0	9.780700e-22
 9.140000e+0	9.759500e-22
 9.150000e+0	9.738500e-22
 9.160000e+0	9.717400e-22
 9.170000e+0	9.696500e-22
 9.180000e+0	9.675500e-22
 9.190000e+0	9.654700e-22
 9.200000e+0	9.633900e-22
 9.210000e+0	9.613100e-22
 9.220000e+0	9.592500e-22
 9.230000e+0	9.571800e-22
 9.240000e+0	9.551200e-22
 9.250000e+0	9.530700e-22
 9.260000e+0	9.510200e-22
 9.270000e+0	9.489800e-22
 9.280000e+0	9.469400e-22
 9.290000e+0	9.449100e-22
 9.300000e+0	9.428900e-22
 9.310000e+0	9.408600e-22
 9.320000e+0	9.388500e-22
 9.330000e+0	9.368400e-22
 9.340000e+0	9.348300e-22
 9.350000e+0	9.328300e-22
 9.360000e+0	9.308400e-22
 9.370000e+0	9.288500e-22
 9.380000e+0	9.268600e-22
 9.390000e+0	9.248800e-22
 9.400000e+0	9.229000e-22
 9.410000e+0	9.209300e-22
 9.420000e+0	9.189700e-22
 9.430000e+0	9.170100e-22
 9.440000e+0	9.150500e-22
 9.450000e+0	9.131000e-22
 9.460000e+0	9.111500e-22
 9.470000e+0	9.092100e-22
 9.480000e+0	9.072700e-22
 9.490000e+0	9.053400e-22
 9.500000e+0	9.034100e-22
 9.510000e+0	9.014900e-22
 9.520000e+0	8.995700e-22
 9.530000e+0	8.976500e-22
 9.540000e+0	8.957400e-22
 9.550000e+0	8.938400e-22
 9.560000e+0	8.919300e-22
 9.570000e+0	8.900400e-22
 9.580000e+0	8.881500e-22
 9.590000e+0	8.862600e-22
 9.600000e+0	8.843700e-22
 9.610000e+0	8.824900e-22
 9.620000e+0	8.806200e-22
 9.630000e+0	8.787500e-22
 9.640000e+0	8.768800e-22
 9.650000e+0	8.750200e-22
 9.660000e+0	8.731600e-22
 9.670000e+0	8.713100e-22
 9.680000e+0	8.694500e-22
 9.690000e+0	8.676100e-22
 9.700000e+0	8.657700e-22
 9.710000e+0	8.639300e-22
 9.720000e+0	8.620900e-22
 9.730000e+0	8.602600e-22
 9.740000e+0	8.584400e-22
 9.750000e+0	8.566100e-22
 9.760000e+0	8.548000e-22
 9.770000e+0	8.529800e-22
 9.780000e+0	8.511700e-22
 9.790000e+0	8.493600e-22
 9.800000e+0	8.475600e-22
 9.810000e+0	8.457600e-22
 9.820000e+0	8.439600e-22
 9.830000e+0	8.421700e-22
 9.840000e+0	8.403800e-22
 9.850000e+0	8.386000e-22
 9.860000e+0	8.368200e-22
 9.870000e+0	8.350400e-22
 9.880000e+0	8.332700e-22
 9.890000e+0	8.315000e-22
 9.900000e+0	8.297300e-22
 9.910000e+0	8.279700e-22
 9.920000e+0	8.262100e-22
 9.930000e+0	8.244500e-22
 9.940000e+0	8.227000e-22
 9.950000e+0	8.209500e-22
 9.960000e+0	8.192000e-22
 9.970000e+0	8.174600e-22
 9.980000e+0	8.157200e-22
 9.990000e+0	8.139800e-22
 1.000000e+1	8.122500e-22
 1.001000e+1	8.105200e-22
 1.002000e+1	8.088000e-22
 1.003000e+1	8.070700e-22
 1.004000e+1	8.053500e-22
 1.005000e+1	8.036400e-22
 1.006000e+1	8.019300e-22
 1.007000e+1	8.002200e-22
 1.008000e+1	7.985100e-22
 1.009000e+1	7.968100e-22
 1.010000e+1	7.951100e-22
 1.011000e+1	7.934100e-22
 1.012000e+1	7.917200e-22
 1.013000e+1	7.900300e-22
 1.014000e+1	7.883400e-22
 1.015000e+1	7.866500e-22
 1.016000e+1	7.849700e-22
 1.017000e+1	7.833000e-22
 1.018000e+1	7.816200e-22
 1.019000e+1	7.799500e-22
 1.020000e+1	7.782800e-22
 1.021000e+1	7.766100e-22
 1.022000e+1	7.749500e-22
 1.023000e+1	7.732900e-22
 1.024000e+1	7.716400e-22
 1.025000e+1	7.699800e-22
 1.026000e+1	7.683300e-22
 1.027000e+1	7.666800e-22
 1.028000e+1	7.650400e-22
 1.029000e+1	7.634000e-22
 1.030000e+1	7.617600e-22
 1.031000e+1	7.601200e-22
 1.032000e+1	7.584900e-22
 1.033000e+1	7.568600e-22
 1.034000e+1	7.552300e-22
 1.035000e+1	7.536100e-22
 1.036000e+1	7.519900e-22
 1.037000e+1	7.503700e-22
 1.038000e+1	7.487600e-22
 1.039000e+1	7.471500e-22
 1.040000e+1	7.455400e-22
 1.041000e+1	7.439300e-22
 1.042000e+1	7.423300e-22
 1.043000e+1	7.407300e-22
 1.044000e+1	7.391300e-22
 1.045000e+1	7.375300e-22
 1.046000e+1	7.359400e-22
 1.047000e+1	7.343500e-22
 1.048000e+1	7.327700e-22
 1.049000e+1	7.311900e-22
 1.050000e+1	7.296100e-22
 1.051000e+1	7.280300e-22
 1.052000e+1	7.264500e-22
 1.053000e+1	7.248800e-22
 1.054000e+1	7.233200e-22
 1.055000e+1	7.217500e-22
 1.056000e+1	7.201900e-22
 1.057000e+1	7.186300e-22
 1.058000e+1	7.170700e-22
 1.059000e+1	7.155200e-22
 1.060000e+1	7.139700e-22
 1.061000e+1	7.124200e-22
 1.062000e+1	7.108800e-22
 1.063000e+1	7.093400e-22
 1.064000e+1	7.078000e-22
 1.065000e+1	7.062600e-22
 1.066000e+1	7.047300e-22
 1.067000e+1	7.032000e-22
 1.068000e+1	7.016800e-22
 1.069000e+1	7.001500e-22
 1.070000e+1	6.986300e-22
 1.071000e+1	6.971200e-22
 1.072000e+1	6.956000e-22
 1.073000e+1	6.940900e-22
 1.074000e+1	6.925900e-22
 1.075000e+1	6.910800e-22
 1.076000e+1	6.895800e-22
 1.077000e+1	6.880800e-22
 1.078000e+1	6.865900e-22
 1.079000e+1	6.851000e-22
 1.080000e+1	6.836100e-22
 1.081000e+1	6.821300e-22
 1.082000e+1	6.806500e-22
 1.083000e+1	6.791800e-22
 1.084000e+1	6.777000e-22
 1.085000e+1	6.762400e-22
 1.086000e+1	6.747700e-22
 1.087000e+1	6.733100e-22
 1.088000e+1	6.718500e-22
 1.089000e+1	6.704000e-22
 1.090000e+1	6.689500e-22
 1.091000e+1	6.675100e-22
 1.092000e+1	6.660700e-22
 1.093000e+1	6.646400e-22
 1.094000e+1	6.632100e-22
 1.095000e+1	6.617800e-22
 1.096000e+1	6.603700e-22
 1.097000e+1	6.589500e-22
 1.098000e+1	6.575500e-22
 1.099000e+1	6.561400e-22
 1.100000e+1	6.547500e-22
 1.101000e+1	6.533600e-22
 1.102000e+1	6.519900e-22
 1.103000e+1	6.506200e-22
 1.104000e+1	6.492500e-22
 1.105000e+1	6.479000e-22
 1.106000e+1	6.465600e-22
 1.107000e+1	6.452300e-22
 1.108000e+1	6.439200e-22
 1.109000e+1	6.426200e-22
 1.110000e+1	6.413400e-22
 1.111000e+1	6.400800e-22
 1.112000e+1	6.388400e-22
 1.113000e+1	6.376200e-22
 1.114000e+1	6.364400e-22
 1.115000e+1	6.353000e-22
 1.116000e+1	6.342000e-22
 1.117000e+1	6.331600e-22
 1.118000e+1	6.321900e-22
 1.119000e+1	6.313000e-22
 1.120000e+1	6.305200e-22
 1.121000e+1	6.299000e-22
 1.122000e+1	6.294700e-22
 1.123000e+1	6.293200e-22
 1.124000e+1	6.295700e-22
 1.125000e+1	6.304100e-22
 1.126000e+1	6.321700e-22
 1.127000e+1	6.354600e-22
 1.128000e+1	6.414800e-22
 1.129000e+1	6.527900e-22
 1.130000e+1	6.754200e-22
 1.131000e+1	7.233100e-22
 1.132000e+1	8.052300e-22
 1.133000e+1	8.042900e-22
 1.134000e+1	7.082900e-22
 1.135000e+1	6.531200e-22
 1.136000e+1	6.284000e-22
 1.137000e+1	6.160800e-22
 1.138000e+1	6.090300e-22
 1.139000e+1	6.044800e-22
 1.140000e+1	6.012600e-22
 1.141000e+1	5.988100e-22
 1.142000e+1	5.968500e-22
 1.143000e+1	5.952500e-22
 1.144000e+1	5.939500e-22
 1.145000e+1	5.929700e-22
 1.146000e+1	5.923500e-22
 1.147000e+1	5.922400e-22
 1.148000e+1	5.929100e-22
 1.149000e+1	5.948900e-22
 1.150000e+1	5.992400e-22
 1.151000e+1	6.083400e-22
 1.152000e+1	6.279000e-22
 1.153000e+1	6.723400e-22
 1.154000e+1	7.660800e-22
 1.155000e+1	8.405900e-22
 1.156000e+1	7.626700e-22
 1.157000e+1	6.811900e-22
 1.158000e+1	6.381300e-22
 1.159000e+1	6.151800e-22
 1.160000e+1	6.015900e-22
 1.161000e+1	5.926900e-22
 1.162000e+1	5.863400e-22
 1.163000e+1	5.814900e-22
 1.164000e+1	5.775700e-22
 1.165000e+1	5.742600e-22
 1.166000e+1	5.713500e-22
 1.167000e+1	5.687500e-22
 1.168000e+1	5.663700e-22
 1.169000e+1	5.641900e-22
 1.170000e+1	5.622400e-22
 1.171000e+1	5.606600e-22
 1.172000e+1	5.598600e-22
 1.173000e+1	5.609500e-22
 1.174000e+1	5.672200e-22
 1.175000e+1	5.872100e-22
 1.176000e+1	6.227500e-22
 1.177000e+1	6.267700e-22
 1.178000e+1	6.053900e-22
 1.179000e+1	5.886600e-22
 1.180000e+1	5.780900e-22
 1.181000e+1	5.710900e-22
 1.182000e+1	5.660700e-22
 1.183000e+1	5.622200e-22
 1.184000e+1	5.591000e-22
 1.185000e+1	5.564600e-22
 1.186000e+1	5.541600e-22
 1.187000e+1	5.520900e-22
 1.188000e+1	5.502100e-22
 1.189000e+1	5.484700e-22
 1.190000e+1	5.468400e-22
 1.191000e+1	5.453100e-22
 1.192000e+1	5.438600e-22
 1.193000e+1	5.424900e-22
 1.194000e+1	5.412000e-22
 1.195000e+1	5.400000e-22
 1.196000e+1	5.387900e-22
 1.197000e+1	5.373500e-22
 1.198000e+1	5.359200e-22
 1.199000e+1	5.346800e-22
 1.200000e+1	5.335500e-22
 1.201000e+1	5.324800e-22
 1.202000e+1	5.314700e-22
 1.203000e+1	5.305100e-22
 1.204000e+1	5.296100e-22
 1.205000e+1	5.287800e-22
 1.206000e+1	5.280400e-22
 1.207000e+1	5.274200e-22
 1.208000e+1	5.269300e-22
 1.209000e+1	5.266500e-22
 1.210000e+1	5.266500e-22
 1.211000e+1	5.270700e-22
 1.212000e+1	5.281400e-22
 1.213000e+1	5.302300e-22
 1.214000e+1	5.337500e-22
 1.215000e+1	5.377900e-22
 1.216000e+1	5.353000e-22
 1.217000e+1	5.218900e-22
 1.218000e+1	5.114700e-22
 1.219000e+1	5.070100e-22
 1.220000e+1	5.051300e-22
 1.221000e+1	5.041800e-22
 1.222000e+1	5.035600e-22
 1.223000e+1	5.030900e-22
 1.224000e+1	5.027100e-22
 1.225000e+1	5.024100e-22
 1.226000e+1	5.022200e-22
 1.227000e+1	5.022000e-22
 1.228000e+1	5.024200e-22
 1.229000e+1	5.030000e-22
 1.230000e+1	5.041600e-22
 1.231000e+1	5.062500e-22
 1.232000e+1	5.098200e-22
 1.233000e+1	5.154200e-22
 1.234000e+1	5.216300e-22
 1.235000e+1	5.203600e-22
 1.236000e+1	5.077600e-22
 1.237000e+1	4.959600e-22
 1.238000e+1	4.893600e-22
 1.239000e+1	4.859000e-22
 1.240000e+1	4.839200e-22
 1.241000e+1	4.826400e-22
 1.242000e+1	4.817300e-22
 1.243000e+1	4.810500e-22
 1.244000e+1	4.805500e-22
 1.245000e+1	4.802300e-22
 1.246000e+1	4.801200e-22
 1.247000e+1	4.803100e-22
 1.248000e+1	4.809300e-22
 1.249000e+1	4.822100e-22
 1.250000e+1	4.844900e-22
 1.251000e+1	4.880100e-22
 1.252000e+1	4.919000e-22
 1.253000e+1	4.923800e-22
 1.254000e+1	4.866200e-22
 1.255000e+1	4.789500e-22
 1.256000e+1	4.732100e-22
 1.257000e+1	4.695000e-22
 1.258000e+1	4.670600e-22
 1.259000e+1	4.653500e-22
 1.260000e+1	4.640500e-22
 1.261000e+1	4.630300e-22
 1.262000e+1	4.622100e-22
 1.263000e+1	4.615600e-22
 1.264000e+1	4.611100e-22
 1.265000e+1	4.608900e-22
 1.266000e+1	4.609900e-22
 1.267000e+1	4.615200e-22
 1.268000e+1	4.625900e-22
 1.269000e+1	4.640500e-22
 1.270000e+1	4.650600e-22
 1.271000e+1	4.641900e-22
 1.272000e+1	4.612400e-22
 1.273000e+1	4.576500e-22
 1.274000e+1	4.545500e-22
 1.275000e+1	4.521400e-22
 1.276000e+1	4.502700e-22
 1.277000e+1	4.487800e-22
 1.278000e+1	4.475300e-22
 1.279000e+1	4.464700e-22
 1.280000e+1	4.455700e-22
 1.281000e+1	4.448000e-22
 1.282000e+1	4.441700e-22
 1.283000e+1	4.437200e-22
 1.284000e+1	4.434800e-22
 1.285000e+1	4.434900e-22
 1.286000e+1	4.436800e-22
 1.287000e+1	4.438200e-22
 1.288000e+1	4.434600e-22
 1.289000e+1	4.422900e-22
 1.290000e+1	4.405400e-22
 1.291000e+1	4.386400e-22
 1.292000e+1	4.368700e-22
 1.293000e+1	4.353200e-22
 1.294000e+1	4.339600e-22
 1.295000e+1	4.327600e-22
 1.296000e+1	4.316900e-22
 1.297000e+1	4.307100e-22
 1.298000e+1	4.298300e-22
 1.299000e+1	4.290500e-22
 1.300000e+1	4.283600e-22
 1.301000e+1	4.277900e-22
 1.302000e+1	4.273500e-22
 1.303000e+1	4.270200e-22
 1.304000e+1	4.267200e-22
 1.305000e+1	4.262800e-22
 1.306000e+1	4.255400e-22
 1.307000e+1	4.244800e-22
 1.308000e+1	4.232300e-22
 1.309000e+1	4.219500e-22
 1.310000e+1	4.207200e-22
 1.311000e+1	4.195700e-22
 1.312000e+1	4.184900e-22
 1.313000e+1	4.174900e-22
 1.314000e+1	4.165500e-22
 1.315000e+1	4.156700e-22
 1.316000e+1	4.148400e-22
 1.317000e+1	4.140800e-22
 1.318000e+1	4.134000e-22
 1.319000e+1	4.127900e-22
 1.320000e+1	4.122700e-22
 1.321000e+1	4.117800e-22
 1.322000e+1	4.112300e-22
 1.323000e+1	4.105500e-22
 1.324000e+1	4.096900e-22
 1.325000e+1	4.087000e-22
 1.326000e+1	4.076800e-22
 1.327000e+1	4.066600e-22
 1.328000e+1	4.056700e-22
 1.329000e+1	4.047300e-22
 1.330000e+1	4.038200e-22
 1.331000e+1	4.029600e-22
 1.332000e+1	4.021400e-22
 1.333000e+1	4.013600e-22
 1.334000e+1	4.006400e-22
 1.335000e+1	3.999700e-22
 1.336000e+1	3.993800e-22
 1.337000e+1	3.988300e-22
 1.338000e+1	3.982600e-22
 1.339000e+1	3.975900e-22
 1.340000e+1	3.967900e-22
 1.341000e+1	3.959100e-22
 1.342000e+1	3.950000e-22
 1.343000e+1	3.940900e-22
 1.344000e+1	3.932100e-22
 1.345000e+1	3.923600e-22
 1.346000e+1	3.915400e-22
 1.347000e+1	3.907500e-22
 1.348000e+1	3.900000e-22
 1.349000e+1	3.892800e-22
 1.350000e+1	3.886200e-22
 1.351000e+1	3.880100e-22
 1.352000e+1	3.874300e-22
 1.353000e+1	3.868200e-22
 1.354000e+1	3.861200e-22
 1.355000e+1	3.853500e-22
 1.356000e+1	3.845300e-22
 1.357000e+1	3.837100e-22
 1.358000e+1	3.828900e-22
 1.359000e+1	3.821000e-22
 1.360000e+1	3.813300e-22
 1.361000e+1	3.805800e-22
 1.362000e+1	3.798600e-22
 1.363000e+1	3.791700e-22
 1.364000e+1	3.785300e-22
 1.365000e+1	3.779200e-22
 1.366000e+1	3.773100e-22
 1.367000e+1	3.766500e-22
 1.368000e+1	3.759300e-22
 1.369000e+1	3.751700e-22
 1.370000e+1	3.744000e-22
 1.371000e+1	3.736400e-22
 1.372000e+1	3.729000e-22
 1.373000e+1	3.721800e-22
 1.374000e+1	3.714800e-22
 1.375000e+1	3.708100e-22
 1.376000e+1	3.701800e-22
 1.377000e+1	3.695800e-22
 1.378000e+1	3.689500e-22
 1.379000e+1	3.682700e-22
 1.380000e+1	3.675400e-22
 1.381000e+1	3.668200e-22
 1.382000e+1	3.660900e-22
 1.383000e+1	3.653900e-22
 1.384000e+1	3.647100e-22
 1.385000e+1	3.640600e-22
 1.386000e+1	3.634500e-22
 1.387000e+1	3.628500e-22
 1.388000e+1	3.621900e-22
 1.389000e+1	3.614800e-22
 1.390000e+1	3.607800e-22
 1.391000e+1	3.600900e-22
 1.392000e+1	3.594300e-22
 1.393000e+1	3.588300e-22
 1.394000e+1	3.582300e-22
 1.395000e+1	3.575500e-22
 1.396000e+1	3.568400e-22
 1.397000e+1	3.561800e-22
 1.398000e+1	3.556400e-22
 1.399000e+1	3.549100e-22
 1.400000e+1	3.542900e-22
 1.401000e+1	3.536500e-22
 1.402000e+1	3.530100e-22
 1.403000e+1	3.523800e-22
 1.404000e+1	3.517400e-22
 1.405000e+1	3.511100e-22
 1.406000e+1	3.504800e-22
 1.407000e+1	3.498500e-22
 1.408000e+1	3.492200e-22
 1.409000e+1	3.486000e-22
 1.410000e+1	3.479700e-22
 1.411000e+1	3.473500e-22
 1.412000e+1	3.467300e-22
 1.413000e+1	3.461100e-22
 1.414000e+1	3.454900e-22
 1.415000e+1	3.448800e-22
 1.416000e+1	3.442600e-22
 1.417000e+1	3.436500e-22
 1.418000e+1	3.430400e-22
 1.419000e+1	3.424300e-22
 1.420000e+1	3.418200e-22
 1.421000e+1	3.412200e-22
 1.422000e+1	3.406100e-22
 1.423000e+1	3.400100e-22
 1.424000e+1	3.394100e-22
 1.425000e+1	3.388100e-22
 1.426000e+1	3.382100e-22
 1.427000e+1	3.376100e-22
 1.428000e+1	3.370200e-22
 1.429000e+1	3.364300e-22
 1.430000e+1	3.358400e-22
 1.431000e+1	3.352500e-22
 1.432000e+1	3.346600e-22
 1.433000e+1	3.340700e-22
 1.434000e+1	3.334800e-22
 1.435000e+1	3.329000e-22
 1.436000e+1	3.323200e-22
 1.437000e+1	3.317400e-22
 1.438000e+1	3.311600e-22
 1.439000e+1	3.305800e-22
 1.440000e+1	3.300000e-22
 1.441000e+1	3.294300e-22
 1.442000e+1	3.288600e-22
 1.443000e+1	3.282800e-22
 1.444000e+1	3.277100e-22
 1.445000e+1	3.271500e-22
 1.446000e+1	3.265800e-22
 1.447000e+1	3.260100e-22
 1.448000e+1	3.254500e-22
 1.449000e+1	3.248900e-22
 1.450000e+1	3.243200e-22
 1.451000e+1	3.237600e-22
 1.452000e+1	3.232000e-22
 1.453000e+1	3.226500e-22
 1.454000e+1	3.220900e-22
 1.455000e+1	3.215400e-22
 1.456000e+1	3.209800e-22
 1.457000e+1	3.204300e-22
 1.458000e+1	3.198800e-22
 1.459000e+1	3.193300e-22
 1.460000e+1	3.187900e-22
 1.461000e+1	3.182400e-22
 1.462000e+1	3.177000e-22
 1.463000e+1	3.171500e-22
 1.464000e+1	3.166100e-22
 1.465000e+1	3.160700e-22
 1.466000e+1	3.155300e-22
 1.467000e+1	3.149900e-22
 1.468000e+1	3.144600e-22
 1.469000e+1	3.139200e-22
 1.470000e+1	3.133900e-22
 1.471000e+1	3.128600e-22
 1.472000e+1	3.123200e-22
 1.473000e+1	3.117900e-22
 1.474000e+1	3.112700e-22
 1.475000e+1	3.107400e-22
 1.476000e+1	3.102100e-22
 1.477000e+1	3.096900e-22
 1.478000e+1	3.091700e-22
 1.479000e+1	3.086400e-22
 1.480000e+1	3.081200e-22
 1.481000e+1	3.076000e-22
 1.482000e+1	3.070900e-22
 1.483000e+1	3.065700e-22
 1.484000e+1	3.060500e-22
 1.485000e+1	3.055400e-22
 1.486000e+1	3.050300e-22
 1.487000e+1	3.045100e-22
 1.488000e+1	3.040000e-22
 1.489000e+1	3.034900e-22
 1.490000e+1	3.029900e-22
 1.491000e+1	3.024800e-22
 1.492000e+1	3.019700e-22
 1.493000e+1	3.014700e-22
 1.494000e+1	3.009700e-22
 1.495000e+1	3.004600e-22
 1.496000e+1	2.999600e-22
 1.497000e+1	2.994600e-22
 1.498000e+1	2.989700e-22
 1.499000e+1	2.984700e-22
 1.500000e+1	2.979700e-22
 1.501000e+1	2.974800e-22
 1.502000e+1	2.969900e-22
 1.503000e+1	2.964900e-22
 1.504000e+1	2.960000e-22
 1.505000e+1	2.955100e-22
 1.506000e+1	2.950200e-22
 1.507000e+1	2.945400e-22
 1.508000e+1	2.940500e-22
 1.509000e+1	2.935600e-22
 1.510000e+1	2.930800e-22
 1.511000e+1	2.926000e-22
 1.512000e+1	2.921200e-22
 1.513000e+1	2.916400e-22
 1.514000e+1	2.911600e-22
 1.515000e+1	2.906800e-22
 1.516000e+1	2.902000e-22
 1.517000e+1	2.897200e-22
 1.518000e+1	2.892500e-22
 1.519000e+1	2.887800e-22
 1.520000e+1	2.883000e-22
 1.521000e+1	2.878300e-22
 1.522000e+1	2.873600e-22
 1.523000e+1	2.868900e-22
 1.524000e+1	2.864200e-22
 1.525000e+1	2.859600e-22
 1.526000e+1	2.854900e-22
 1.527000e+1	2.850300e-22
 1.528000e+1	2.845600e-22
 1.529000e+1	2.841000e-22
 1.530000e+1	2.836400e-22
 1.531000e+1	2.831800e-22
 1.532000e+1	2.827200e-22
 1.533000e+1	2.822600e-22
 1.534000e+1	2.818000e-22
 1.535000e+1	2.813500e-22
 1.536000e+1	2.808900e-22
 1.537000e+1	2.804400e-22
 1.538000e+1	2.799800e-22
 1.539000e+1	2.795300e-22
 1.540000e+1	2.790800e-22
 1.541000e+1	2.786300e-22
 1.542000e+1	2.781800e-22
 1.543000e+1	2.777300e-22
 1.544000e+1	2.772900e-22
 1.545000e+1	2.768400e-22
 1.546000e+1	2.764000e-22
 1.547000e+1	2.759500e-22
 1.548000e+1	2.755100e-22
 1.549000e+1	2.750700e-22
 1.550000e+1	2.746300e-22
 1.551000e+1	2.741900e-22
 1.552000e+1	2.737500e-22
 1.553000e+1	2.733100e-22
 1.554000e+1	2.728700e-22
 1.555000e+1	2.724400e-22
 1.556000e+1	2.720000e-22
 1.557000e+1	2.715700e-22
 1.558000e+1	2.711400e-22
 1.559000e+1	2.707100e-22
 1.560000e+1	2.702800e-22
 1.561000e+1	2.698500e-22
 1.562000e+1	2.694200e-22
 1.563000e+1	2.689900e-22
 1.564000e+1	2.685600e-22
 1.565000e+1	2.681400e-22
 1.566000e+1	2.677100e-22
 1.567000e+1	2.672900e-22
 1.568000e+1	2.668700e-22
 1.569000e+1	2.664400e-22
 1.570000e+1	2.660200e-22
 1.571000e+1	2.656000e-22
 1.572000e+1	2.651800e-22
 1.573000e+1	2.647700e-22
 1.574000e+1	2.643500e-22
 1.575000e+1	2.639300e-22
 1.576000e+1	2.635200e-22
 1.577000e+1	2.631000e-22
 1.578000e+1	2.626900e-22
 1.579000e+1	2.622800e-22
 1.580000e+1	2.618700e-22
 1.581000e+1	2.614500e-22
 1.582000e+1	2.610500e-22
 1.583000e+1	2.606400e-22
 1.584000e+1	2.602300e-22
 1.585000e+1	2.598200e-22
 1.586000e+1	2.594200e-22
 1.587000e+1	2.590100e-22
 1.588000e+1	2.586100e-22
 1.589000e+1	2.582000e-22
 1.590000e+1	2.578000e-22
 1.591000e+1	2.574000e-22
 1.592000e+1	2.570000e-22
 1.593000e+1	2.566000e-22
 1.594000e+1	2.562000e-22
 1.595000e+1	2.558000e-22
 1.596000e+1	2.554000e-22
 1.597000e+1	2.550100e-22
 1.598000e+1	2.546100e-22
 1.599000e+1	2.542200e-22
 1.600000e+1	2.538300e-22
 1.601000e+1	2.534300e-22
 1.602000e+1	2.530400e-22
 1.603000e+1	2.526500e-22
 1.604000e+1	2.522600e-22
 1.605000e+1	2.518700e-22
 1.606000e+1	2.514800e-22
 1.607000e+1	2.510900e-22
 1.608000e+1	2.507100e-22
 1.609000e+1	2.503200e-22
 1.610000e+1	2.499400e-22
 1.611000e+1	2.495500e-22
 1.612000e+1	2.491700e-22
 1.613000e+1	2.487900e-22
 1.614000e+1	2.484100e-22
 1.615000e+1	2.480200e-22
 1.616000e+1	2.476400e-22
 1.617000e+1	2.472700e-22
 1.618000e+1	2.468900e-22
 1.619000e+1	2.465100e-22
 1.620000e+1	2.461300e-22
 1.621000e+1	2.457600e-22
 1.622000e+1	2.453800e-22
 1.623000e+1	2.450100e-22
 1.624000e+1	2.446400e-22
 1.625000e+1	2.442600e-22
 1.626000e+1	2.438900e-22
 1.627000e+1	2.435200e-22
 1.628000e+1	2.431500e-22
 1.629000e+1	2.427800e-22
 1.630000e+1	2.424100e-22
 1.631000e+1	2.420400e-22
 1.632000e+1	2.416800e-22
 1.633000e+1	2.413100e-22
 1.634000e+1	2.409500e-22
 1.635000e+1	2.405800e-22
 1.636000e+1	2.402200e-22
 1.637000e+1	2.398600e-22
 1.638000e+1	2.394900e-22
 1.639000e+1	2.391300e-22
 1.640000e+1	2.387700e-22
 1.641000e+1	2.384100e-22
 1.642000e+1	2.380500e-22
 1.643000e+1	2.376900e-22
 1.644000e+1	2.373400e-22
 1.645000e+1	2.369800e-22
 1.646000e+1	2.366200e-22
 1.647000e+1	2.362700e-22
 1.648000e+1	2.359100e-22
 1.649000e+1	2.355600e-22
 1.650000e+1	2.352100e-22
 1.651000e+1	2.348600e-22
 1.652000e+1	2.345000e-22
 1.653000e+1	2.341500e-22
 1.654000e+1	2.338000e-22
 1.655000e+1	2.334500e-22
 1.656000e+1	2.331100e-22
 1.657000e+1	2.327600e-22
 1.658000e+1	2.324100e-22
 1.659000e+1	2.320600e-22
 1.660000e+1	2.317200e-22
 1.661000e+1	2.313700e-22
 1.662000e+1	2.310300e-22
 1.663000e+1	2.306900e-22
 1.664000e+1	2.303400e-22
 1.665000e+1	2.300000e-22
 1.666000e+1	2.296600e-22
 1.667000e+1	2.293200e-22
 1.668000e+1	2.289800e-22
 1.669000e+1	2.286400e-22
 1.670000e+1	2.283000e-22
 1.671000e+1	2.279700e-22
 1.672000e+1	2.276300e-22
 1.673000e+1	2.272900e-22
 1.674000e+1	2.269600e-22
 1.675000e+1	2.266200e-22
 1.676000e+1	2.262900e-22
 1.677000e+1	2.259600e-22
 1.678000e+1	2.256200e-22
 1.679000e+1	2.252900e-22
 1.680000e+1	2.249600e-22
 1.681000e+1	2.246300e-22
 1.682000e+1	2.243000e-22
 1.683000e+1	2.239700e-22
 1.684000e+1	2.236400e-22
 1.685000e+1	2.233200e-22
 1.686000e+1	2.229900e-22
 1.687000e+1	2.226600e-22
 1.688000e+1	2.223400e-22
 1.689000e+1	2.220100e-22
 1.690000e+1	2.216900e-22
 1.691000e+1	2.213600e-22
 1.692000e+1	2.210400e-22
 1.693000e+1	2.207200e-22
 1.694000e+1	2.204000e-22
 1.695000e+1	2.200800e-22
 1.696000e+1	2.197600e-22
 1.697000e+1	2.194400e-22
 1.698000e+1	2.191200e-22
 1.699000e+1	2.188000e-22
 1.700000e+1	2.184800e-22
 1.701000e+1	2.181600e-22
 1.702000e+1	2.178500e-22
 1.703000e+1	2.175300e-22
 1.704000e+1	2.172200e-22
 1.705000e+1	2.169000e-22
 1.706000e+1	2.165900e-22
 1.707000e+1	2.162800e-22
 1.708000e+1	2.159600e-22
 1.709000e+1	2.156500e-22
 1.710000e+1	2.153400e-22
 1.711000e+1	2.150300e-22
 1.712000e+1	2.147200e-22
 1.713000e+1	2.144100e-22
 1.714000e+1	2.141000e-22
 1.715000e+1	2.138000e-22
 1.716000e+1	2.134900e-22
 1.717000e+1	2.131800e-22
 1.718000e+1	2.128800e-22
 1.719000e+1	2.125700e-22
 1.720000e+1	2.122600e-22
 1.721000e+1	2.119600e-22
 1.722000e+1	2.116600e-22
 1.723000e+1	2.113500e-22
 1.724000e+1	2.110500e-22
 1.725000e+1	2.107500e-22
 1.726000e+1	2.104500e-22
 1.727000e+1	2.101500e-22
 1.728000e+1	2.098500e-22
 1.729000e+1	2.095500e-22
 1.730000e+1	2.092500e-22
 1.731000e+1	2.089500e-22
 1.732000e+1	2.086600e-22
 1.733000e+1	2.083600e-22
 1.734000e+1	2.080600e-22
 1.735000e+1	2.077700e-22
 1.736000e+1	2.074700e-22
 1.737000e+1	2.071800e-22
 1.738000e+1	2.068800e-22
 1.739000e+1	2.065900e-22
 1.740000e+1	2.063000e-22
 1.741000e+1	2.060100e-22
 1.742000e+1	2.057200e-22
 1.743000e+1	2.054200e-22
 1.744000e+1	2.051300e-22
 1.745000e+1	2.048400e-22
 1.746000e+1	2.045600e-22
 1.747000e+1	2.042700e-22
 1.748000e+1	2.039800e-22
 1.749000e+1	2.036900e-22
 1.750000e+1	2.034100e-22
 1.751000e+1	2.031200e-22
 1.752000e+1	2.028300e-22
 1.753000e+1	2.025500e-22
 1.754000e+1	2.022600e-22
 1.755000e+1	2.019800e-22
 1.756000e+1	2.017000e-22
 1.757000e+1	2.014100e-22
 1.758000e+1	2.011300e-22
 1.759000e+1	2.008500e-22
 1.760000e+1	2.005700e-22
 1.761000e+1	2.002900e-22
 1.762000e+1	2.000100e-22
 1.763000e+1	1.997300e-22
 1.764000e+1	1.994500e-22
 1.765000e+1	1.991700e-22
 1.766000e+1	1.988900e-22
 1.767000e+1	1.986200e-22
 1.768000e+1	1.983400e-22
 1.769000e+1	1.980700e-22
 1.770000e+1	1.977900e-22
 1.771000e+1	1.975100e-22
 1.772000e+1	1.972400e-22
 1.773000e+1	1.969700e-22
 1.774000e+1	1.966900e-22
 1.775000e+1	1.964200e-22
 1.776000e+1	1.961500e-22
 1.777000e+1	1.958800e-22
 1.778000e+1	1.956100e-22
 1.779000e+1	1.953400e-22
 1.780000e+1	1.950700e-22
 1.781000e+1	1.948000e-22
 1.782000e+1	1.945300e-22
 1.783000e+1	1.942600e-22
 1.784000e+1	1.939900e-22
 1.785000e+1	1.937200e-22
 1.786000e+1	1.934600e-22
 1.787000e+1	1.931900e-22
 1.788000e+1	1.929200e-22
 1.789000e+1	1.926600e-22
 1.790000e+1	1.923900e-22
 1.791000e+1	1.921300e-22
 1.792000e+1	1.918700e-22
 1.793000e+1	1.916000e-22
 1.794000e+1	1.913400e-22
 1.795000e+1	1.910800e-22
 1.796000e+1	1.908200e-22
 1.797000e+1	1.905600e-22
 1.798000e+1	1.902900e-22
 1.799000e+1	1.900300e-22
 1.800000e+1	1.897700e-22
 1.801000e+1	1.895200e-22
 1.802000e+1	1.892600e-22
 1.803000e+1	1.890000e-22
 1.804000e+1	1.887400e-22
 1.805000e+1	1.884800e-22
 1.806000e+1	1.882300e-22
 1.807000e+1	1.879700e-22
 1.808000e+1	1.877200e-22
 1.809000e+1	1.874600e-22
 1.810000e+1	1.872100e-22
 1.811000e+1	1.869500e-22
 1.812000e+1	1.867000e-22
 1.813000e+1	1.864500e-22
 1.814000e+1	1.861900e-22
 1.815000e+1	1.859400e-22
 1.816000e+1	1.856900e-22
 1.817000e+1	1.854400e-22
 1.818000e+1	1.851900e-22
 1.819000e+1	1.849400e-22
 1.820000e+1	1.846900e-22
 1.821000e+1	1.844400e-22
 1.822000e+1	1.841900e-22
 1.823000e+1	1.839400e-22
 1.824000e+1	1.836900e-22
 1.825000e+1	1.834500e-22
 1.826000e+1	1.832000e-22
 1.827000e+1	1.829500e-22
 1.828000e+1	1.827100e-22
 1.829000e+1	1.824600e-22
 1.830000e+1	1.822200e-22
 1.831000e+1	1.819700e-22
 1.832000e+1	1.817300e-22
 1.833000e+1	1.814900e-22
 1.834000e+1	1.812400e-22
 1.835000e+1	1.810000e-22
 1.836000e+1	1.807600e-22
 1.837000e+1	1.805200e-22
 1.838000e+1	1.802800e-22
 1.839000e+1	1.800300e-22
 1.840000e+1	1.797900e-22
 1.841000e+1	1.795500e-22
 1.842000e+1	1.793200e-22
 1.843000e+1	1.790800e-22
 1.844000e+1	1.788400e-22
 1.845000e+1	1.786000e-22
 1.846000e+1	1.783600e-22
 1.847000e+1	1.781300e-22
 1.848000e+1	1.778900e-22
 1.849000e+1	1.776500e-22
 1.850000e+1	1.774200e-22
 1.851000e+1	1.771800e-22
 1.852000e+1	1.769500e-22
 1.853000e+1	1.767100e-22
 1.854000e+1	1.764800e-22
 1.855000e+1	1.762500e-22
 1.856000e+1	1.760100e-22
 1.857000e+1	1.757800e-22
 1.858000e+1	1.755500e-22
 1.859000e+1	1.753200e-22
 1.860000e+1	1.750900e-22
 1.861000e+1	1.748500e-22
 1.862000e+1	1.746200e-22
 1.863000e+1	1.743900e-22
 1.864000e+1	1.741600e-22
 1.865000e+1	1.739400e-22
 1.866000e+1	1.737100e-22
 1.867000e+1	1.734800e-22
 1.868000e+1	1.732500e-22
 1.869000e+1	1.730200e-22
 1.870000e+1	1.728000e-22
 1.871000e+1	1.725700e-22
 1.872000e+1	1.723400e-22
 1.873000e+1	1.721200e-22
 1.874000e+1	1.718900e-22
 1.875000e+1	1.716700e-22
 1.876000e+1	1.714400e-22
 1.877000e+1	1.712200e-22
 1.878000e+1	1.710000e-22
 1.879000e+1	1.707700e-22
 1.880000e+1	1.705500e-22
 1.881000e+1	1.703300e-22
 1.882000e+1	1.701100e-22
 1.883000e+1	1.698900e-22
 1.884000e+1	1.696600e-22
 1.885000e+1	1.694400e-22
 1.886000e+1	1.692200e-22
 1.887000e+1	1.690000e-22
 1.888000e+1	1.687800e-22
 1.889000e+1	1.685700e-22
 1.890000e+1	1.683500e-22
 1.891000e+1	1.681300e-22
 1.892000e+1	1.679100e-22
 1.893000e+1	1.676900e-22
 1.894000e+1	1.674800e-22
 1.895000e+1	1.672600e-22
 1.896000e+1	1.670400e-22
 1.897000e+1	1.668300e-22
 1.898000e+1	1.666100e-22
 1.899000e+1	1.664000e-22
 1.900000e+1	1.661800e-22
 1.901000e+1	1.659700e-22
 1.902000e+1	1.657600e-22
 1.903000e+1	1.655400e-22
 1.904000e+1	1.653300e-22
 1.905000e+1	1.651200e-22
 1.906000e+1	1.649100e-22
 1.907000e+1	1.646900e-22
 1.908000e+1	1.644800e-22
 1.909000e+1	1.642700e-22
 1.910000e+1	1.640600e-22
 1.911000e+1	1.638500e-22
 1.912000e+1	1.636400e-22
 1.913000e+1	1.634300e-22
 1.914000e+1	1.632200e-22
 1.915000e+1	1.630100e-22
 1.916000e+1	1.628100e-22
 1.917000e+1	1.626000e-22
 1.918000e+1	1.623900e-22
 1.919000e+1	1.621800e-22
 1.920000e+1	1.619800e-22
 1.921000e+1	1.617700e-22
 1.922000e+1	1.615600e-22
 1.923000e+1	1.613600e-22
 1.924000e+1	1.611500e-22
 1.925000e+1	1.609500e-22
 1.926000e+1	1.607400e-22
 1.927000e+1	1.605400e-22
 1.928000e+1	1.603400e-22
 1.929000e+1	1.601300e-22
 1.930000e+1	1.599300e-22
 1.931000e+1	1.597300e-22
 1.932000e+1	1.595200e-22
 1.933000e+1	1.593200e-22
 1.934000e+1	1.591200e-22
 1.935000e+1	1.589200e-22
 1.936000e+1	1.587200e-22
 1.937000e+1	1.585200e-22
 1.938000e+1	1.583200e-22
 1.939000e+1	1.581200e-22
 1.940000e+1	1.579200e-22
 1.941000e+1	1.577200e-22
 1.942000e+1	1.575200e-22
 1.943000e+1	1.573200e-22
 1.944000e+1	1.571300e-22
 1.945000e+1	1.569300e-22
 1.946000e+1	1.567300e-22
 1.947000e+1	1.565400e-22
 1.948000e+1	1.563400e-22
 1.949000e+1	1.561400e-22
 1.950000e+1	1.559500e-22
 1.951000e+1	1.557500e-22
 1.952000e+1	1.555600e-22
 1.953000e+1	1.553600e-22
 1.954000e+1	1.551700e-22
 1.955000e+1	1.549700e-22
 1.956000e+1	1.547800e-22
 1.957000e+1	1.545900e-22
 1.958000e+1	1.543900e-22
 1.959000e+1	1.542000e-22
 1.960000e+1	1.540100e-22
 1.961000e+1	1.538200e-22
 1.962000e+1	1.536300e-22
 1.963000e+1	1.534300e-22
 1.964000e+1	1.532400e-22
 1.965000e+1	1.530500e-22
 1.966000e+1	1.528600e-22
 1.967000e+1	1.526700e-22
 1.968000e+1	1.524800e-22
 1.969000e+1	1.522900e-22
 1.970000e+1	1.521100e-22
 1.971000e+1	1.519200e-22
 1.972000e+1	1.517300e-22
 1.973000e+1	1.515400e-22
 1.974000e+1	1.513500e-22
 1.975000e+1	1.511700e-22
 1.976000e+1	1.509800e-22
 1.977000e+1	1.507900e-22
 1.978000e+1	1.506100e-22
 1.979000e+1	1.504200e-22
 1.980000e+1	1.502400e-22
 1.981000e+1	1.500500e-22
 1.982000e+1	1.498700e-22
 1.983000e+1	1.496800e-22
 1.984000e+1	1.495000e-22
 1.985000e+1	1.493100e-22
 1.986000e+1	1.491300e-22
 1.987000e+1	1.489500e-22
 1.988000e+1	1.487600e-22
 1.989000e+1	1.485800e-22
 1.990000e+1	1.484000e-22
 1.991000e+1	1.482200e-22
 1.992000e+1	1.480400e-22
 1.993000e+1	1.478600e-22
 1.994000e+1	1.476700e-22
 1.995000e+1	1.474900e-22
 1.996000e+1	1.473100e-22
 1.997000e+1	1.471300e-22
 1.998000e+1	1.469500e-22
 1.999000e+1	1.467700e-22
 2.000000e+1	1.466000e-22
 2.001000e+1	1.464200e-22
 2.002000e+1	1.462400e-22
 2.003000e+1	1.460600e-22
 2.004000e+1	1.458800e-22
 2.005000e+1	1.457100e-22
 2.006000e+1	1.455300e-22
 2.007000e+1	1.453500e-22
 2.008000e+1	1.451700e-22
 2.009000e+1	1.450000e-22
 2.010000e+1	1.448200e-22
 2.011000e+1	1.446500e-22
 2.012000e+1	1.444700e-22
 2.013000e+1	1.443000e-22
 2.014000e+1	1.441200e-22
 2.015000e+1	1.439500e-22
 2.016000e+1	1.437700e-22
 2.017000e+1	1.436000e-22
 2.018000e+1	1.434300e-22
 2.019000e+1	1.432500e-22
 2.020000e+1	1.430800e-22
 2.021000e+1	1.429100e-22
 2.022000e+1	1.427400e-22
 2.023000e+1	1.425600e-22
 2.024000e+1	1.423900e-22
 2.025000e+1	1.422200e-22
 2.026000e+1	1.420500e-22
 2.027000e+1	1.418800e-22
 2.028000e+1	1.417100e-22
 2.029000e+1	1.415400e-22
 2.030000e+1	1.413700e-22
 2.031000e+1	1.412000e-22
 2.032000e+1	1.410300e-22
 2.033000e+1	1.408600e-22
 2.034000e+1	1.406900e-22
 2.035000e+1	1.405200e-22
 2.036000e+1	1.403600e-22
 2.037000e+1	1.401900e-22
 2.038000e+1	1.400200e-22
 2.039000e+1	1.398500e-22
 2.040000e+1	1.396900e-22
 2.041000e+1	1.395200e-22
 2.042000e+1	1.393500e-22
 2.043000e+1	1.391900e-22
 2.044000e+1	1.390200e-22
 2.045000e+1	1.388600e-22
 2.046000e+1	1.386900e-22
 2.047000e+1	1.385300e-22
 2.048000e+1	1.383600e-22
 2.049000e+1	1.382000e-22
 2.050000e+1	1.380300e-22
 2.051000e+1	1.378700e-22
 2.052000e+1	1.377100e-22
 2.053000e+1	1.375400e-22
 2.054000e+1	1.373800e-22
 2.055000e+1	1.372200e-22
 2.056000e+1	1.370500e-22
 2.057000e+1	1.368900e-22
 2.058000e+1	1.367300e-22
 2.059000e+1	1.365700e-22
 2.060000e+1	1.364100e-22
 2.061000e+1	1.362500e-22
 2.062000e+1	1.360900e-22
 2.063000e+1	1.359300e-22
 2.064000e+1	1.357700e-22
 2.065000e+1	1.356100e-22
 2.066000e+1	1.354500e-22
 2.067000e+1	1.352900e-22
 2.068000e+1	1.351300e-22
 2.069000e+1	1.349700e-22
 2.070000e+1	1.348100e-22
 2.071000e+1	1.346500e-22
 2.072000e+1	1.344900e-22
 2.073000e+1	1.343400e-22
 2.074000e+1	1.341800e-22
 2.075000e+1	1.340200e-22
 2.076000e+1	1.338600e-22
 2.077000e+1	1.337100e-22
 2.078000e+1	1.335500e-22
 2.079000e+1	1.334000e-22
 2.080000e+1	1.332400e-22
 2.081000e+1	1.330800e-22
 2.082000e+1	1.329300e-22
 2.083000e+1	1.327700e-22
 2.084000e+1	1.326200e-22
 2.085000e+1	1.324600e-22
 2.086000e+1	1.323100e-22
 2.087000e+1	1.321600e-22
 2.088000e+1	1.320000e-22
 2.089000e+1	1.318500e-22
 2.090000e+1	1.317000e-22
 2.091000e+1	1.315400e-22
 2.092000e+1	1.313900e-22
 2.093000e+1	1.312400e-22
 2.094000e+1	1.310800e-22
 2.095000e+1	1.309300e-22
 2.096000e+1	1.307800e-22
 2.097000e+1	1.306300e-22
 2.098000e+1	1.304800e-22
 2.099000e+1	1.303300e-22
 2.100000e+1	1.301800e-22
 2.101000e+1	1.300300e-22
 2.102000e+1	1.298800e-22
 2.103000e+1	1.297300e-22
 2.104000e+1	1.295800e-22
 2.105000e+1	1.294300e-22
 2.106000e+1	1.292800e-22
 2.107000e+1	1.291300e-22
 2.108000e+1	1.289800e-22
 2.109000e+1	1.288300e-22
 2.110000e+1	1.286800e-22
 2.111000e+1	1.285400e-22
 2.112000e+1	1.283900e-22
 2.113000e+1	1.282400e-22
 2.114000e+1	1.280900e-22
 2.115000e+1	1.279500e-22
 2.116000e+1	1.278000e-22
 2.117000e+1	1.276500e-22
 2.118000e+1	1.275100e-22
 2.119000e+1	1.273600e-22
 2.120000e+1	1.272100e-22
 2.121000e+1	1.270700e-22
 2.122000e+1	1.269200e-22
 2.123000e+1	1.267800e-22
 2.124000e+1	1.266300e-22
 2.125000e+1	1.264900e-22
 2.126000e+1	1.263500e-22
 2.127000e+1	1.262000e-22
 2.128000e+1	1.260600e-22
 2.129000e+1	1.259100e-22
 2.130000e+1	1.257700e-22
 2.131000e+1	1.256300e-22
 2.132000e+1	1.254800e-22
 2.133000e+1	1.253400e-22
 2.134000e+1	1.252000e-22
 2.135000e+1	1.250600e-22
 2.136000e+1	1.249200e-22
 2.137000e+1	1.247700e-22
 2.138000e+1	1.246300e-22
 2.139000e+1	1.244900e-22
 2.140000e+1	1.243500e-22
 2.141000e+1	1.242100e-22
 2.142000e+1	1.240700e-22
 2.143000e+1	1.239300e-22
 2.144000e+1	1.237900e-22
 2.145000e+1	1.236500e-22
 2.146000e+1	1.235100e-22
 2.147000e+1	1.233700e-22
 2.148000e+1	1.232300e-22
 2.149000e+1	1.230900e-22
 2.150000e+1	1.229500e-22
 2.151000e+1	1.228100e-22
 2.152000e+1	1.226800e-22
 2.153000e+1	1.225400e-22
 2.154000e+1	1.224000e-22
 2.155000e+1	1.222600e-22
 2.156000e+1	1.221200e-22
 2.157000e+1	1.219900e-22
 2.158000e+1	1.218500e-22
 2.159000e+1	1.217100e-22
 2.160000e+1	1.215800e-22
 2.161000e+1	1.214400e-22
 2.162000e+1	1.213100e-22
 2.163000e+1	1.211700e-22
 2.164000e+1	1.210300e-22
 2.165000e+1	1.209000e-22
 2.166000e+1	1.207600e-22
 2.167000e+1	1.206300e-22
 2.168000e+1	1.204900e-22
 2.169000e+1	1.203600e-22
 2.170000e+1	1.202300e-22
 2.171000e+1	1.200900e-22
 2.172000e+1	1.199600e-22
 2.173000e+1	1.198200e-22
 2.174000e+1	1.196900e-22
 2.175000e+1	1.195600e-22
 2.176000e+1	1.194200e-22
 2.177000e+1	1.192900e-22
 2.178000e+1	1.191600e-22
 2.179000e+1	1.190300e-22
 2.180000e+1	1.188900e-22
 2.181000e+1	1.187600e-22
 2.182000e+1	1.186300e-22
 2.183000e+1	1.185000e-22
 2.184000e+1	1.183700e-22
 2.185000e+1	1.182400e-22
 2.186000e+1	1.181100e-22
 2.187000e+1	1.179800e-22
 2.188000e+1	1.178500e-22
 2.189000e+1	1.177100e-22
 2.190000e+1	1.175800e-22
 2.191000e+1	1.174600e-22
 2.192000e+1	1.173300e-22
 2.193000e+1	1.172000e-22
 2.194000e+1	1.170700e-22
 2.195000e+1	1.169400e-22
 2.196000e+1	1.168100e-22
 2.197000e+1	1.166800e-22
 2.198000e+1	1.165500e-22
 2.199000e+1	1.164200e-22
 2.200000e+1	1.163000e-22
 2.201000e+1	1.161700e-22
 2.202000e+1	1.160400e-22
 2.203000e+1	1.159100e-22
 2.204000e+1	1.157900e-22
 2.205000e+1	1.156600e-22
 2.206000e+1	1.155300e-22
 2.207000e+1	1.154100e-22
 2.208000e+1	1.152800e-22
 2.209000e+1	1.151500e-22
 2.210000e+1	1.150300e-22
 2.211000e+1	1.149000e-22
 2.212000e+1	1.147800e-22
 2.213000e+1	1.146500e-22
 2.214000e+1	1.145300e-22
 2.215000e+1	1.144000e-22
 2.216000e+1	1.142800e-22
 2.217000e+1	1.141500e-22
 2.218000e+1	1.140300e-22
 2.219000e+1	1.139000e-22
 2.220000e+1	1.137800e-22
 2.221000e+1	1.136600e-22
 2.222000e+1	1.135300e-22
 2.223000e+1	1.134100e-22
 2.224000e+1	1.132900e-22
 2.225000e+1	1.131600e-22
 2.226000e+1	1.130400e-22
 2.227000e+1	1.129200e-22
 2.228000e+1	1.128000e-22
 2.229000e+1	1.126700e-22
 2.230000e+1	1.125500e-22
 2.231000e+1	1.124300e-22
 2.232000e+1	1.123100e-22
 2.233000e+1	1.121900e-22
 2.234000e+1	1.120700e-22
 2.235000e+1	1.119400e-22
 2.236000e+1	1.118200e-22
 2.237000e+1	1.117000e-22
 2.238000e+1	1.115800e-22
 2.239000e+1	1.114600e-22
 2.240000e+1	1.113400e-22
 2.241000e+1	1.112200e-22
 2.242000e+1	1.111000e-22
 2.243000e+1	1.109800e-22
 2.244000e+1	1.108600e-22
 2.245000e+1	1.107400e-22
 2.246000e+1	1.106300e-22
 2.247000e+1	1.105100e-22
 2.248000e+1	1.103900e-22
 2.249000e+1	1.102700e-22
 2.250000e+1	1.101500e-22
 2.251000e+1	1.100300e-22
 2.252000e+1	1.099200e-22
 2.253000e+1	1.098000e-22
 2.254000e+1	1.096800e-22
 2.255000e+1	1.095600e-22
 2.256000e+1	1.094500e-22
 2.257000e+1	1.093300e-22
 2.258000e+1	1.092100e-22
 2.259000e+1	1.091000e-22
 2.260000e+1	1.089800e-22
 2.261000e+1	1.088600e-22
 2.262000e+1	1.087500e-22
 2.263000e+1	1.086300e-22
 2.264000e+1	1.085200e-22
 2.265000e+1	1.084000e-22
 2.266000e+1	1.082900e-22
 2.267000e+1	1.081700e-22
 2.268000e+1	1.080600e-22
 2.269000e+1	1.079400e-22
 2.270000e+1	1.078300e-22
 2.271000e+1	1.077100e-22
 2.272000e+1	1.076000e-22
 2.273000e+1	1.074800e-22
 2.274000e+1	1.073700e-22
 2.275000e+1	1.072600e-22
 2.276000e+1	1.071400e-22
 2.277000e+1	1.070300e-22
 2.278000e+1	1.069200e-22
 2.279000e+1	1.068000e-22
 2.280000e+1	1.066900e-22
 2.281000e+1	1.065800e-22
 2.282000e+1	1.064600e-22
 2.283000e+1	1.063500e-22
 2.284000e+1	1.062400e-22
 2.285000e+1	1.061300e-22
 2.286000e+1	1.060200e-22
 2.287000e+1	1.059000e-22
 2.288000e+1	1.057900e-22
 2.289000e+1	1.056800e-22
 2.290000e+1	1.055700e-22
 2.291000e+1	1.054600e-22
 2.292000e+1	1.053500e-22
 2.293000e+1	1.052400e-22
 2.294000e+1	1.051300e-22
 2.295000e+1	1.050200e-22
 2.296000e+1	1.049100e-22
 2.297000e+1	1.048000e-22
 2.298000e+1	1.046900e-22
 2.299000e+1	1.045800e-22
 2.300000e+1	1.044700e-22
 2.301000e+1	1.043600e-22
 2.302000e+1	1.042500e-22
 2.303000e+1	1.041400e-22
 2.304000e+1	1.040300e-22
 2.305000e+1	1.039200e-22
 2.306000e+1	1.038200e-22
 2.307000e+1	1.037100e-22
 2.308000e+1	1.036000e-22
 2.309000e+1	1.034900e-22
 2.310000e+1	1.033800e-22
 2.311000e+1	1.032800e-22
 2.312000e+1	1.031700e-22
 2.313000e+1	1.030600e-22
 2.314000e+1	1.029500e-22
 2.315000e+1	1.028500e-22
 2.316000e+1	1.027400e-22
 2.317000e+1	1.026300e-22
 2.318000e+1	1.025300e-22
 2.319000e+1	1.024200e-22
 2.320000e+1	1.023200e-22
 2.321000e+1	1.022100e-22
 2.322000e+1	1.021000e-22
 2.323000e+1	1.020000e-22
 2.324000e+1	1.018900e-22
 2.325000e+1	1.017900e-22
 2.326000e+1	1.016800e-22
 2.327000e+1	1.015800e-22
 2.328000e+1	1.014700e-22
 2.329000e+1	1.013700e-22
 2.330000e+1	1.012600e-22
 2.331000e+1	1.011600e-22
 2.332000e+1	1.010500e-22
 2.333000e+1	1.009500e-22
 2.334000e+1	1.008500e-22
 2.335000e+1	1.007400e-22
 2.336000e+1	1.006400e-22
 2.337000e+1	1.005400e-22
 2.338000e+1	1.004300e-22
 2.339000e+1	1.003300e-22
 2.340000e+1	1.002300e-22
 2.341000e+1	1.001200e-22
 2.342000e+1	1.000200e-22
 2.343000e+1	9.991800e-23
 2.344000e+1	9.981500e-23
 2.345000e+1	9.971300e-23
 2.346000e+1	9.961100e-23
 2.347000e+1	9.950900e-23
 2.348000e+1	9.940700e-23
 2.349000e+1	9.930600e-23
 2.350000e+1	9.920400e-23
 2.351000e+1	9.910300e-23
 2.352000e+1	9.900200e-23
 2.353000e+1	9.890100e-23
 2.354000e+1	9.880000e-23
 2.355000e+1	9.869900e-23
 2.356000e+1	9.859900e-23
 2.357000e+1	9.849800e-23
 2.358000e+1	9.839800e-23
 2.359000e+1	9.829800e-23
 2.360000e+1	9.819800e-23
 2.361000e+1	9.809800e-23
 2.362000e+1	9.799800e-23
 2.363000e+1	9.789900e-23
 2.364000e+1	9.779900e-23
 2.365000e+1	9.770000e-23
 2.366000e+1	9.760100e-23
 2.367000e+1	9.750200e-23
 2.368000e+1	9.740300e-23
 2.369000e+1	9.730500e-23
 2.370000e+1	9.720600e-23
 2.371000e+1	9.710800e-23
 2.372000e+1	9.701000e-23
 2.373000e+1	9.691200e-23
 2.374000e+1	9.681400e-23
 2.375000e+1	9.671600e-23
 2.376000e+1	9.661800e-23
 2.377000e+1	9.652100e-23
 2.378000e+1	9.642400e-23
 2.379000e+1	9.632600e-23
 2.380000e+1	9.622900e-23
 2.381000e+1	9.613200e-23
 2.382000e+1	9.603600e-23
 2.383000e+1	9.593900e-23
 2.384000e+1	9.584300e-23
 2.385000e+1	9.574600e-23
 2.386000e+1	9.565000e-23
 2.387000e+1	9.555400e-23
 2.388000e+1	9.545800e-23
 2.389000e+1	9.536200e-23
 2.390000e+1	9.526700e-23
 2.391000e+1	9.517100e-23
 2.392000e+1	9.507600e-23
 2.393000e+1	9.498100e-23
 2.394000e+1	9.488600e-23
 2.395000e+1	9.479100e-23
 2.396000e+1	9.469600e-23
 2.397000e+1	9.460100e-23
 2.398000e+1	9.450700e-23
 2.399000e+1	9.441200e-23
 2.400000e+1	9.431800e-23
 2.401000e+1	9.422400e-23
 2.402000e+1	9.413000e-23
 2.403000e+1	9.403600e-23
 2.404000e+1	9.394200e-23
 2.405000e+1	9.384900e-23
 2.406000e+1	9.375500e-23
 2.407000e+1	9.366200e-23
 2.408000e+1	9.356900e-23
 2.409000e+1	9.347600e-23
 2.410000e+1	9.338300e-23
 2.411000e+1	9.329000e-23
 2.412000e+1	9.319800e-23
 2.413000e+1	9.310500e-23
 2.414000e+1	9.301300e-23
 2.415000e+1	9.292100e-23
 2.416000e+1	9.282900e-23
 2.417000e+1	9.273700e-23
 2.418000e+1	9.264500e-23
 2.419000e+1	9.255300e-23
 2.420000e+1	9.246200e-23
 2.421000e+1	9.237000e-23
 2.422000e+1	9.227900e-23
 2.423000e+1	9.218800e-23
 2.424000e+1	9.209700e-23
 2.425000e+1	9.200600e-23
 2.426000e+1	9.191500e-23
 2.427000e+1	9.182500e-23
 2.428000e+1	9.173400e-23
 2.429000e+1	9.164400e-23
 2.430000e+1	9.155400e-23
 2.431000e+1	9.146300e-23
 2.432000e+1	9.137300e-23
 2.433000e+1	9.128400e-23
 2.434000e+1	9.119400e-23
 2.435000e+1	9.110400e-23
 2.436000e+1	9.101500e-23
 2.437000e+1	9.092600e-23
 2.438000e+1	9.083600e-23
 2.439000e+1	9.074700e-23
 2.440000e+1	9.065800e-23
 2.441000e+1	9.057000e-23
 2.442000e+1	9.048100e-23
 2.443000e+1	9.039200e-23
 2.444000e+1	9.030400e-23
 2.445000e+1	9.021600e-23
 2.446000e+1	9.012700e-23
 2.447000e+1	9.003900e-23
 2.448000e+1	8.995100e-23
 2.449000e+1	8.986400e-23
 2.450000e+1	8.977600e-23
 2.451000e+1	8.968800e-23
 2.452000e+1	8.960100e-23
 2.453000e+1	8.951400e-23
 2.454000e+1	8.942600e-23
 2.455000e+1	8.933900e-23
 2.456000e+1	8.925200e-23
 2.457000e+1	8.916600e-23
 2.458000e+1	8.907900e-23
 2.459000e+1	8.899200e-23
 2.460000e+1	8.890600e-23
 2.461000e+1	8.882000e-23
 2.462000e+1	8.873300e-23
 2.463000e+1	8.864700e-23
 2.464000e+1	8.856100e-23
 2.465000e+1	8.847600e-23
 2.466000e+1	8.839000e-23
 2.467000e+1	8.830400e-23
 2.468000e+1	8.821900e-23
 2.469000e+1	8.813400e-23
 2.470000e+1	8.804800e-23
 2.471000e+1	8.796300e-23
 2.472000e+1	8.787800e-23
 2.473000e+1	8.779300e-23
 2.474000e+1	8.770900e-23
 2.475000e+1	8.762400e-23
 2.476000e+1	8.754000e-23
 2.477000e+1	8.745500e-23
 2.478000e+1	8.737100e-23
 2.479000e+1	8.728700e-23
 2.480000e+1	8.720300e-23
 2.481000e+1	8.711900e-23
 2.482000e+1	8.703500e-23
 2.483000e+1	8.695100e-23
 2.484000e+1	8.686800e-23
 2.485000e+1	8.678400e-23
 2.486000e+1	8.670100e-23
 2.487000e+1	8.661800e-23
 2.488000e+1	8.653500e-23
 2.489000e+1	8.645200e-23
 2.490000e+1	8.636900e-23
 2.491000e+1	8.628600e-23
 2.492000e+1	8.620400e-23
 2.493000e+1	8.612100e-23
 2.494000e+1	8.603900e-23
 2.495000e+1	8.595700e-23
 2.496000e+1	8.587400e-23
 2.497000e+1	8.579200e-23
 2.498000e+1	8.571000e-23
 2.499000e+1	8.562900e-23
 2.500000e+1	8.554700e-23
 2.501000e+1	8.546500e-23
 2.502000e+1	8.538400e-23
 2.503000e+1	8.530300e-23
 2.504000e+1	8.522100e-23
 2.505000e+1	8.514000e-23
 2.506000e+1	8.505900e-23
 2.507000e+1	8.497800e-23
 2.508000e+1	8.489800e-23
 2.509000e+1	8.481700e-23
 2.510000e+1	8.473600e-23
 2.511000e+1	8.465600e-23
 2.512000e+1	8.457500e-23
 2.513000e+1	8.449500e-23
 2.514000e+1	8.441500e-23
 2.515000e+1	8.433500e-23
 2.516000e+1	8.425500e-23
 2.517000e+1	8.417500e-23
 2.518000e+1	8.409600e-23
 2.519000e+1	8.401600e-23
 2.520000e+1	8.393700e-23
 2.521000e+1	8.385700e-23
 2.522000e+1	8.377800e-23
 2.523000e+1	8.369900e-23
 2.524000e+1	8.362000e-23
 2.525000e+1	8.354100e-23
 2.526000e+1	8.346200e-23
 2.527000e+1	8.338400e-23
 2.528000e+1	8.330500e-23
 2.529000e+1	8.322700e-23
 2.530000e+1	8.314800e-23
 2.531000e+1	8.307000e-23
 2.532000e+1	8.299200e-23
 2.533000e+1	8.291400e-23
 2.534000e+1	8.283600e-23
 2.535000e+1	8.275800e-23
 2.536000e+1	8.268000e-23
 2.537000e+1	8.260300e-23
 2.538000e+1	8.252500e-23
 2.539000e+1	8.244800e-23
 2.540000e+1	8.237100e-23
 2.541000e+1	8.229400e-23
 2.542000e+1	8.221600e-23
 2.543000e+1	8.213900e-23
 2.544000e+1	8.206300e-23
 2.545000e+1	8.198600e-23
 2.546000e+1	8.190900e-23
 2.547000e+1	8.183300e-23
 2.548000e+1	8.175600e-23
 2.549000e+1	8.168000e-23
 2.550000e+1	8.160400e-23
 2.551000e+1	8.152800e-23
 2.552000e+1	8.145200e-23
 2.553000e+1	8.137600e-23
 2.554000e+1	8.130000e-23
 2.555000e+1	8.122400e-23
 2.556000e+1	8.114800e-23
 2.557000e+1	8.107300e-23
 2.558000e+1	8.099800e-23
 2.559000e+1	8.092200e-23
 2.560000e+1	8.084700e-23
 2.561000e+1	8.077200e-23
 2.562000e+1	8.069700e-23
 2.563000e+1	8.062200e-23
 2.564000e+1	8.054700e-23
 2.565000e+1	8.047300e-23
 2.566000e+1	8.039800e-23
 2.567000e+1	8.032400e-23
 2.568000e+1	8.024900e-23
 2.569000e+1	8.017500e-23
 2.570000e+1	8.010100e-23
 2.571000e+1	8.002700e-23
 2.572000e+1	7.995300e-23
 2.573000e+1	7.987900e-23
 2.574000e+1	7.980500e-23
 2.575000e+1	7.973100e-23
 2.576000e+1	7.965800e-23
 2.577000e+1	7.958400e-23
 2.578000e+1	7.951100e-23
 2.579000e+1	7.943800e-23
 2.580000e+1	7.936400e-23
 2.581000e+1	7.929100e-23
 2.582000e+1	7.921800e-23
 2.583000e+1	7.914500e-23
 2.584000e+1	7.907300e-23
 2.585000e+1	7.900000e-23
 2.586000e+1	7.892700e-23
 2.587000e+1	7.885500e-23
 2.588000e+1	7.878300e-23
 2.589000e+1	7.871000e-23
 2.590000e+1	7.863800e-23
 2.591000e+1	7.856600e-23
 2.592000e+1	7.849400e-23
 2.593000e+1	7.842200e-23
 2.594000e+1	7.835000e-23
 2.595000e+1	7.827800e-23
 2.596000e+1	7.820700e-23
 2.597000e+1	7.813500e-23
 2.598000e+1	7.806400e-23
 2.599000e+1	7.799300e-23
 2.600000e+1	7.792100e-23
 2.601000e+1	7.785000e-23
 2.602000e+1	7.777900e-23
 2.603000e+1	7.770800e-23
 2.604000e+1	7.763700e-23
 2.605000e+1	7.756700e-23
 2.606000e+1	7.749600e-23
 2.607000e+1	7.742500e-23
 2.608000e+1	7.735500e-23
 2.609000e+1	7.728400e-23
 2.610000e+1	7.721400e-23
 2.611000e+1	7.714400e-23
 2.612000e+1	7.707400e-23
 2.613000e+1	7.700400e-23
 2.614000e+1	7.693400e-23
 2.615000e+1	7.686400e-23
 2.616000e+1	7.679400e-23
 2.617000e+1	7.672500e-23
 2.618000e+1	7.665500e-23
 2.619000e+1	7.658600e-23
 2.620000e+1	7.651600e-23
 2.621000e+1	7.644700e-23
 2.622000e+1	7.637800e-23
 2.623000e+1	7.630900e-23
 2.624000e+1	7.624000e-23
 2.625000e+1	7.617100e-23
 2.626000e+1	7.610200e-23
 2.627000e+1	7.603400e-23
 2.628000e+1	7.596500e-23
 2.629000e+1	7.589600e-23
 2.630000e+1	7.582800e-23
 2.631000e+1	7.576000e-23
 2.632000e+1	7.569100e-23
 2.633000e+1	7.562300e-23
 2.634000e+1	7.555500e-23
 2.635000e+1	7.548700e-23
 2.636000e+1	7.541900e-23
 2.637000e+1	7.535100e-23
 2.638000e+1	7.528400e-23
 2.639000e+1	7.521600e-23
 2.640000e+1	7.514800e-23
 2.641000e+1	7.508100e-23
 2.642000e+1	7.501400e-23
 2.643000e+1	7.494600e-23
 2.644000e+1	7.487900e-23
 2.645000e+1	7.481200e-23
 2.646000e+1	7.474500e-23
 2.647000e+1	7.467800e-23
 2.648000e+1	7.461100e-23
 2.649000e+1	7.454500e-23
 2.650000e+1	7.447800e-23
 2.651000e+1	7.441100e-23
 2.652000e+1	7.434500e-23
 2.653000e+1	7.427800e-23
 2.654000e+1	7.421200e-23
 2.655000e+1	7.414600e-23
 2.656000e+1	7.408000e-23
 2.657000e+1	7.401400e-23
 2.658000e+1	7.394800e-23
 2.659000e+1	7.388200e-23
 2.660000e+1	7.381600e-23
 2.661000e+1	7.375000e-23
 2.662000e+1	7.368500e-23
 2.663000e+1	7.361900e-23
 2.664000e+1	7.355400e-23
 2.665000e+1	7.348800e-23
 2.666000e+1	7.342300e-23
 2.667000e+1	7.335800e-23
 2.668000e+1	7.329300e-23
 2.669000e+1	7.322800e-23
 2.670000e+1	7.316300e-23
 2.671000e+1	7.309800e-23
 2.672000e+1	7.303300e-23
 2.673000e+1	7.296900e-23
 2.674000e+1	7.290400e-23
 2.675000e+1	7.283900e-23
 2.676000e+1	7.277500e-23
 2.677000e+1	7.271100e-23
 2.678000e+1	7.264600e-23
 2.679000e+1	7.258200e-23
 2.680000e+1	7.251800e-23
 2.681000e+1	7.245400e-23
 2.682000e+1	7.239000e-23
 2.683000e+1	7.232600e-23
 2.684000e+1	7.226300e-23
 2.685000e+1	7.219900e-23
 2.686000e+1	7.213500e-23
 2.687000e+1	7.207200e-23
 2.688000e+1	7.200800e-23
 2.689000e+1	7.194500e-23
 2.690000e+1	7.188200e-23
 2.691000e+1	7.181900e-23
 2.692000e+1	7.175500e-23
 2.693000e+1	7.169200e-23
 2.694000e+1	7.162900e-23
 2.695000e+1	7.156700e-23
 2.696000e+1	7.150400e-23
 2.697000e+1	7.144100e-23
 2.698000e+1	7.137800e-23
 2.699000e+1	7.131600e-23
 2.700000e+1	7.125300e-23
 2.701000e+1	7.119100e-23
 2.702000e+1	7.112900e-23
 2.703000e+1	7.106700e-23
 2.704000e+1	7.100400e-23
 2.705000e+1	7.094200e-23
 2.706000e+1	7.088000e-23
 2.707000e+1	7.081900e-23
 2.708000e+1	7.075700e-23
 2.709000e+1	7.069500e-23
 2.710000e+1	7.063300e-23
 2.711000e+1	7.057200e-23
 2.712000e+1	7.051000e-23
 2.713000e+1	7.044900e-23
 2.714000e+1	7.038700e-23
 2.715000e+1	7.032600e-23
 2.716000e+1	7.026500e-23
 2.717000e+1	7.020400e-23
 2.718000e+1	7.014300e-23
 2.719000e+1	7.008200e-23
 2.720000e+1	7.002100e-23
 2.721000e+1	6.996000e-23
 2.722000e+1	6.989900e-23
 2.723000e+1	6.983900e-23
 2.724000e+1	6.977800e-23
 2.725000e+1	6.971800e-23
 2.726000e+1	6.965700e-23
 2.727000e+1	6.959700e-23
 2.728000e+1	6.953700e-23
 2.729000e+1	6.947700e-23
 2.730000e+1	6.941600e-23
 2.731000e+1	6.935600e-23
 2.732000e+1	6.929600e-23
 2.733000e+1	6.923700e-23
 2.734000e+1	6.917700e-23
 2.735000e+1	6.911700e-23
 2.736000e+1	6.905700e-23
 2.737000e+1	6.899800e-23
 2.738000e+1	6.893800e-23
 2.739000e+1	6.887900e-23
 2.740000e+1	6.882000e-23
 2.741000e+1	6.876000e-23
 2.742000e+1	6.870100e-23
 2.743000e+1	6.864200e-23
 2.744000e+1	6.858300e-23
 2.745000e+1	6.852400e-23
 2.746000e+1	6.846500e-23
 2.747000e+1	6.840600e-23
 2.748000e+1	6.834800e-23
 2.749000e+1	6.828900e-23
 2.750000e+1	6.823000e-23
 2.751000e+1	6.817200e-23
 2.752000e+1	6.811300e-23
 2.753000e+1	6.805500e-23
 2.754000e+1	6.799700e-23
 2.755000e+1	6.793800e-23
 2.756000e+1	6.788000e-23
 2.757000e+1	6.782200e-23
 2.758000e+1	6.776400e-23
 2.759000e+1	6.770600e-23
 2.760000e+1	6.764800e-23
 2.761000e+1	6.759100e-23
 2.762000e+1	6.753300e-23
 2.763000e+1	6.747500e-23
 2.764000e+1	6.741800e-23
 2.765000e+1	6.736000e-23
 2.766000e+1	6.730300e-23
 2.767000e+1	6.724500e-23
 2.768000e+1	6.718800e-23
 2.769000e+1	6.713100e-23
 2.770000e+1	6.707400e-23
 2.771000e+1	6.701700e-23
 2.772000e+1	6.696000e-23
 2.773000e+1	6.690300e-23
 2.774000e+1	6.684600e-23
 2.775000e+1	6.678900e-23
 2.776000e+1	6.673200e-23
 2.777000e+1	6.667600e-23
 2.778000e+1	6.661900e-23
 2.779000e+1	6.656300e-23
 2.780000e+1	6.650600e-23
 2.781000e+1	6.645000e-23
 2.782000e+1	6.639300e-23
 2.783000e+1	6.633700e-23
 2.784000e+1	6.628100e-23
 2.785000e+1	6.622500e-23
 2.786000e+1	6.616900e-23
 2.787000e+1	6.611300e-23
 2.788000e+1	6.605700e-23
 2.789000e+1	6.600100e-23
 2.790000e+1	6.594600e-23
 2.791000e+1	6.589000e-23
 2.792000e+1	6.583400e-23
 2.793000e+1	6.577900e-23
 2.794000e+1	6.572300e-23
 2.795000e+1	6.566800e-23
 2.796000e+1	6.561300e-23
 2.797000e+1	6.555700e-23
 2.798000e+1	6.550200e-23
 2.799000e+1	6.544700e-23
 2.800000e+1	6.539200e-23
 2.801000e+1	6.533700e-23
 2.802000e+1	6.528200e-23
 2.803000e+1	6.522700e-23
 2.804000e+1	6.517300e-23
 2.805000e+1	6.511800e-23
 2.806000e+1	6.506300e-23
 2.807000e+1	6.500900e-23
 2.808000e+1	6.495400e-23
 2.809000e+1	6.490000e-23
 2.810000e+1	6.484500e-23
 2.811000e+1	6.479100e-23
 2.812000e+1	6.473700e-23
 2.813000e+1	6.468300e-23
 2.814000e+1	6.462900e-23
 2.815000e+1	6.457500e-23
 2.816000e+1	6.452100e-23
 2.817000e+1	6.446700e-23
 2.818000e+1	6.441300e-23
 2.819000e+1	6.435900e-23
 2.820000e+1	6.430500e-23
 2.821000e+1	6.425200e-23
 2.822000e+1	6.419800e-23
 2.823000e+1	6.414500e-23
 2.824000e+1	6.409100e-23
 2.825000e+1	6.403800e-23
 2.826000e+1	6.398400e-23
 2.827000e+1	6.393100e-23
 2.828000e+1	6.387800e-23
 2.829000e+1	6.382500e-23
 2.830000e+1	6.377200e-23
 2.831000e+1	6.371900e-23
 2.832000e+1	6.366600e-23
 2.833000e+1	6.361300e-23
 2.834000e+1	6.356000e-23
 2.835000e+1	6.350800e-23
 2.836000e+1	6.345500e-23
 2.837000e+1	6.340200e-23
 2.838000e+1	6.335000e-23
 2.839000e+1	6.329700e-23
 2.840000e+1	6.324500e-23
 2.841000e+1	6.319300e-23
 2.842000e+1	6.314000e-23
 2.843000e+1	6.308800e-23
 2.844000e+1	6.303600e-23
 2.845000e+1	6.298400e-23
 2.846000e+1	6.293200e-23
 2.847000e+1	6.288000e-23
 2.848000e+1	6.282800e-23
 2.849000e+1	6.277600e-23
 2.850000e+1	6.272400e-23
 2.851000e+1	6.267300e-23
 2.852000e+1	6.262100e-23
 2.853000e+1	6.256900e-23
 2.854000e+1	6.251800e-23
 2.855000e+1	6.246700e-23
 2.856000e+1	6.241500e-23
 2.857000e+1	6.236400e-23
 2.858000e+1	6.231300e-23
 2.859000e+1	6.226100e-23
 2.860000e+1	6.221000e-23
 2.861000e+1	6.215900e-23
 2.862000e+1	6.210800e-23
 2.863000e+1	6.205700e-23
 2.864000e+1	6.200600e-23
 2.865000e+1	6.195500e-23
 2.866000e+1	6.190500e-23
 2.867000e+1	6.185400e-23
 2.868000e+1	6.180300e-23
 2.869000e+1	6.175300e-23
 2.870000e+1	6.170200e-23
 2.871000e+1	6.165200e-23
 2.872000e+1	6.160100e-23
 2.873000e+1	6.155100e-23
 2.874000e+1	6.150100e-23
 2.875000e+1	6.145000e-23
 2.876000e+1	6.140000e-23
 2.877000e+1	6.135000e-23
 2.878000e+1	6.130000e-23
 2.879000e+1	6.125000e-23
 2.880000e+1	6.120000e-23
 2.881000e+1	6.115000e-23
 2.882000e+1	6.110000e-23
 2.883000e+1	6.105100e-23
 2.884000e+1	6.100100e-23
 2.885000e+1	6.095100e-23
 2.886000e+1	6.090200e-23
 2.887000e+1	6.085200e-23
 2.888000e+1	6.080300e-23
 2.889000e+1	6.075300e-23
 2.890000e+1	6.070400e-23
 2.891000e+1	6.065500e-23
 2.892000e+1	6.060600e-23
 2.893000e+1	6.055700e-23
 2.894000e+1	6.050700e-23
 2.895000e+1	6.045800e-23
 2.896000e+1	6.040900e-23
 2.897000e+1	6.036100e-23
 2.898000e+1	6.031200e-23
 2.899000e+1	6.026300e-23
 2.900000e+1	6.021400e-23
 2.901000e+1	6.016500e-23
 2.902000e+1	6.011700e-23
 2.903000e+1	6.006800e-23
 2.904000e+1	6.002000e-23
 2.905000e+1	5.997100e-23
 2.906000e+1	5.992300e-23
 2.907000e+1	5.987500e-23
 2.908000e+1	5.982600e-23
 2.909000e+1	5.977800e-23
 2.910000e+1	5.973000e-23
 2.911000e+1	5.968200e-23
 2.912000e+1	5.963400e-23
 2.913000e+1	5.958600e-23
 2.914000e+1	5.953800e-23
 2.915000e+1	5.949000e-23
 2.916000e+1	5.944200e-23
 2.917000e+1	5.939400e-23
 2.918000e+1	5.934700e-23
 2.919000e+1	5.929900e-23
 2.920000e+1	5.925100e-23
 2.921000e+1	5.920400e-23
 2.922000e+1	5.915600e-23
 2.923000e+1	5.910900e-23
 2.924000e+1	5.906100e-23
 2.925000e+1	5.901400e-23
 2.926000e+1	5.896700e-23
 2.927000e+1	5.892000e-23
 2.928000e+1	5.887300e-23
 2.929000e+1	5.882500e-23
 2.930000e+1	5.877800e-23
 2.931000e+1	5.873100e-23
 2.932000e+1	5.868400e-23
 2.933000e+1	5.863800e-23
 2.934000e+1	5.859100e-23
 2.935000e+1	5.854400e-23
 2.936000e+1	5.849700e-23
 2.937000e+1	5.845100e-23
 2.938000e+1	5.840400e-23
 2.939000e+1	5.835800e-23
 2.940000e+1	5.831100e-23
 2.941000e+1	5.826500e-23
 2.942000e+1	5.821800e-23
 2.943000e+1	5.817200e-23
 2.944000e+1	5.812600e-23
 2.945000e+1	5.807900e-23
 2.946000e+1	5.803300e-23
 2.947000e+1	5.798700e-23
 2.948000e+1	5.794100e-23
 2.949000e+1	5.789500e-23
 2.950000e+1	5.784900e-23
 2.951000e+1	5.780300e-23
 2.952000e+1	5.775700e-23
 2.953000e+1	5.771200e-23
 2.954000e+1	5.766600e-23
 2.955000e+1	5.762000e-23
 2.956000e+1	5.757500e-23
 2.957000e+1	5.752900e-23
 2.958000e+1	5.748400e-23
 2.959000e+1	5.743800e-23
 2.960000e+1	5.739300e-23
 2.961000e+1	5.734700e-23
 2.962000e+1	5.730200e-23
 2.963000e+1	5.725700e-23
 2.964000e+1	5.721200e-23
 2.965000e+1	5.716600e-23
 2.966000e+1	5.712100e-23
 2.967000e+1	5.707600e-23
 2.968000e+1	5.703100e-23
 2.969000e+1	5.698600e-23
 2.970000e+1	5.694100e-23
 2.971000e+1	5.689700e-23
 2.972000e+1	5.685200e-23
 2.973000e+1	5.680700e-23
 2.974000e+1	5.676200e-23
 2.975000e+1	5.671800e-23
 2.976000e+1	5.667300e-23
 2.977000e+1	5.662900e-23
 2.978000e+1	5.658400e-23
 2.979000e+1	5.654000e-23
 2.980000e+1	5.649500e-23
 2.981000e+1	5.645100e-23
 2.982000e+1	5.640700e-23
 2.983000e+1	5.636300e-23
 2.984000e+1	5.631800e-23
 2.985000e+1	5.627400e-23
 2.986000e+1	5.623000e-23
 2.987000e+1	5.618600e-23
 2.988000e+1	5.614200e-23
 2.989000e+1	5.609800e-23
 2.990000e+1	5.605500e-23
 2.991000e+1	5.601100e-23
 2.992000e+1	5.596700e-23
 2.993000e+1	5.592300e-23
 2.994000e+1	5.588000e-23
 2.995000e+1	5.583600e-23
 2.996000e+1	5.579200e-23
 2.997000e+1	5.574900e-23
 2.998000e+1	5.570600e-23
 2.999000e+1	5.566200e-23
 3.000000e+1	5.561900e-23
 3.001000e+1	5.557500e-23
 3.002000e+1	5.553200e-23
 3.003000e+1	5.548900e-23
 3.004000e+1	5.544600e-23
 3.005000e+1	5.540300e-23
 3.006000e+1	5.536000e-23
 3.007000e+1	5.531700e-23
 3.008000e+1	5.527400e-23
 3.009000e+1	5.523100e-23
 3.010000e+1	5.518800e-23
 3.011000e+1	5.514500e-23
 3.012000e+1	5.510200e-23
 3.013000e+1	5.506000e-23
 3.014000e+1	5.501700e-23
 3.015000e+1	5.497400e-23
 3.016000e+1	5.493200e-23
 3.017000e+1	5.488900e-23
 3.018000e+1	5.484700e-23
 3.019000e+1	5.480400e-23
 3.020000e+1	5.476200e-23
 3.021000e+1	5.472000e-23
 3.022000e+1	5.467700e-23
 3.023000e+1	5.463500e-23
 3.024000e+1	5.459300e-23
 3.025000e+1	5.455100e-23
 3.026000e+1	5.450900e-23
 3.027000e+1	5.446700e-23
 3.028000e+1	5.442500e-23
 3.029000e+1	5.438300e-23
 3.030000e+1	5.434100e-23
 3.031000e+1	5.429900e-23
 3.032000e+1	5.425700e-23
 3.033000e+1	5.421600e-23
 3.034000e+1	5.417400e-23
 3.035000e+1	5.413200e-23
 3.036000e+1	5.409100e-23
 3.037000e+1	5.404900e-23
 3.038000e+1	5.400800e-23
 3.039000e+1	5.396600e-23
 3.040000e+1	5.392500e-23
 3.041000e+1	5.388300e-23
 3.042000e+1	5.384200e-23
 3.043000e+1	5.380100e-23
 3.044000e+1	5.375900e-23
 3.045000e+1	5.371800e-23
 3.046000e+1	5.367700e-23
 3.047000e+1	5.363600e-23
 3.048000e+1	5.359500e-23
 3.049000e+1	5.355400e-23
 3.050000e+1	5.351300e-23
 3.051000e+1	5.347200e-23
 3.052000e+1	5.343100e-23
 3.053000e+1	5.339000e-23
 3.054000e+1	5.335000e-23
 3.055000e+1	5.330900e-23
 3.056000e+1	5.326800e-23
 3.057000e+1	5.322800e-23
 3.058000e+1	5.318700e-23
 3.059000e+1	5.314700e-23
 3.060000e+1	5.310600e-23
 3.061000e+1	5.306600e-23
 3.062000e+1	5.302500e-23
 3.063000e+1	5.298500e-23
 3.064000e+1	5.294500e-23
 3.065000e+1	5.290400e-23
 3.066000e+1	5.286400e-23
 3.067000e+1	5.282400e-23
 3.068000e+1	5.278400e-23
 3.069000e+1	5.274400e-23
 3.070000e+1	5.270400e-23
 3.071000e+1	5.266400e-23
 3.072000e+1	5.262400e-23
 3.073000e+1	5.258400e-23
 3.074000e+1	5.254400e-23
 3.075000e+1	5.250400e-23
 3.076000e+1	5.246400e-23
 3.077000e+1	5.242500e-23
 3.078000e+1	5.238500e-23
 3.079000e+1	5.234500e-23
 3.080000e+1	5.230600e-23
 3.081000e+1	5.226600e-23
 3.082000e+1	5.222700e-23
 3.083000e+1	5.218700e-23
 3.084000e+1	5.214800e-23
 3.085000e+1	5.210800e-23
 3.086000e+1	5.206900e-23
 3.087000e+1	5.203000e-23
 3.088000e+1	5.199000e-23
 3.089000e+1	5.195100e-23
 3.090000e+1	5.191200e-23
 3.091000e+1	5.187300e-23
 3.092000e+1	5.183400e-23
 3.093000e+1	5.179500e-23
 3.094000e+1	5.175600e-23
 3.095000e+1	5.171700e-23
 3.096000e+1	5.167800e-23
 3.097000e+1	5.163900e-23
 3.098000e+1	5.160000e-23
 3.099000e+1	5.156200e-23
 3.100000e+1	5.152300e-23
 3.101000e+1	5.148400e-23
 3.102000e+1	5.144600e-23
 3.103000e+1	5.140700e-23
 3.104000e+1	5.136900e-23
 3.105000e+1	5.133000e-23
 3.106000e+1	5.129200e-23
 3.107000e+1	5.125300e-23
 3.108000e+1	5.121500e-23
 3.109000e+1	5.117600e-23
 3.110000e+1	5.113800e-23
 3.111000e+1	5.110000e-23
 3.112000e+1	5.106200e-23
 3.113000e+1	5.102300e-23
 3.114000e+1	5.098500e-23
 3.115000e+1	5.094700e-23
 3.116000e+1	5.090900e-23
 3.117000e+1	5.087100e-23
 3.118000e+1	5.083300e-23
 3.119000e+1	5.079500e-23
 3.120000e+1	5.075700e-23
 3.121000e+1	5.072000e-23
 3.122000e+1	5.068200e-23
 3.123000e+1	5.064400e-23
 3.124000e+1	5.060600e-23
 3.125000e+1	5.056900e-23
 3.126000e+1	5.053100e-23
 3.127000e+1	5.049400e-23
 3.128000e+1	5.045600e-23
 3.129000e+1	5.041800e-23
 3.130000e+1	5.038100e-23
 3.131000e+1	5.034400e-23
 3.132000e+1	5.030600e-23
 3.133000e+1	5.026900e-23
 3.134000e+1	5.023200e-23
 3.135000e+1	5.019400e-23
 3.136000e+1	5.015700e-23
 3.137000e+1	5.012000e-23
 3.138000e+1	5.008300e-23
 3.139000e+1	5.004600e-23
 3.140000e+1	5.000900e-23
 3.141000e+1	4.997200e-23
 3.142000e+1	4.993500e-23
 3.143000e+1	4.989800e-23
 3.144000e+1	4.986100e-23
 3.145000e+1	4.982400e-23
 3.146000e+1	4.978700e-23
 3.147000e+1	4.975000e-23
 3.148000e+1	4.971400e-23
 3.149000e+1	4.967700e-23
 3.150000e+1	4.964000e-23
 3.151000e+1	4.960400e-23
 3.152000e+1	4.956700e-23
 3.153000e+1	4.953100e-23
 3.154000e+1	4.949400e-23
 3.155000e+1	4.945800e-23
 3.156000e+1	4.942100e-23
 3.157000e+1	4.938500e-23
 3.158000e+1	4.934900e-23
 3.159000e+1	4.931200e-23
 3.160000e+1	4.927600e-23
 3.161000e+1	4.924000e-23
 3.162000e+1	4.920400e-23
 3.163000e+1	4.916800e-23
 3.164000e+1	4.913100e-23
 3.165000e+1	4.909500e-23
 3.166000e+1	4.905900e-23
 3.167000e+1	4.902300e-23
 3.168000e+1	4.898800e-23
 3.169000e+1	4.895200e-23
 3.170000e+1	4.891600e-23
 3.171000e+1	4.888000e-23
 3.172000e+1	4.884400e-23
 3.173000e+1	4.880800e-23
 3.174000e+1	4.877300e-23
 3.175000e+1	4.873700e-23
 3.176000e+1	4.870100e-23
 3.177000e+1	4.866600e-23
 3.178000e+1	4.863000e-23
 3.179000e+1	4.859500e-23
 3.180000e+1	4.855900e-23
 3.181000e+1	4.852400e-23
 3.182000e+1	4.848800e-23
 3.183000e+1	4.845300e-23
 3.184000e+1	4.841800e-23
 3.185000e+1	4.838200e-23
 3.186000e+1	4.834700e-23
 3.187000e+1	4.831200e-23
 3.188000e+1	4.827700e-23
 3.189000e+1	4.824200e-23
 3.190000e+1	4.820700e-23
 3.191000e+1	4.817200e-23
 3.192000e+1	4.813700e-23
 3.193000e+1	4.810200e-23
 3.194000e+1	4.806700e-23
 3.195000e+1	4.803200e-23
 3.196000e+1	4.799700e-23
 3.197000e+1	4.796200e-23
 3.198000e+1	4.792700e-23
 3.199000e+1	4.789200e-23
 3.200000e+1	4.785800e-23
 3.201000e+1	4.782300e-23
 3.202000e+1	4.778800e-23
 3.203000e+1	4.775400e-23
 3.204000e+1	4.771900e-23
 3.205000e+1	4.768500e-23
 3.206000e+1	4.765000e-23
 3.207000e+1	4.761600e-23
 3.208000e+1	4.758100e-23
 3.209000e+1	4.754700e-23
 3.210000e+1	4.751300e-23
 3.211000e+1	4.747800e-23
 3.212000e+1	4.744400e-23
 3.213000e+1	4.741000e-23
 3.214000e+1	4.737600e-23
 3.215000e+1	4.734100e-23
 3.216000e+1	4.730700e-23
 3.217000e+1	4.727300e-23
 3.218000e+1	4.723900e-23
 3.219000e+1	4.720500e-23
 3.220000e+1	4.717100e-23
 3.221000e+1	4.713700e-23
 3.222000e+1	4.710300e-23
 3.223000e+1	4.706900e-23
 3.224000e+1	4.703600e-23
 3.225000e+1	4.700200e-23
 3.226000e+1	4.696800e-23
 3.227000e+1	4.693400e-23
 3.228000e+1	4.690100e-23
 3.229000e+1	4.686700e-23
 3.230000e+1	4.683300e-23
 3.231000e+1	4.680000e-23
 3.232000e+1	4.676600e-23
 3.233000e+1	4.673300e-23
 3.234000e+1	4.669900e-23
 3.235000e+1	4.666600e-23
 3.236000e+1	4.663200e-23
 3.237000e+1	4.659900e-23
 3.238000e+1	4.656600e-23
 3.239000e+1	4.653200e-23
 3.240000e+1	4.649900e-23
 3.241000e+1	4.646600e-23
 3.242000e+1	4.643300e-23
 3.243000e+1	4.639900e-23
 3.244000e+1	4.636600e-23
 3.245000e+1	4.633300e-23
 3.246000e+1	4.630000e-23
 3.247000e+1	4.626700e-23
 3.248000e+1	4.623400e-23
 3.249000e+1	4.620100e-23
 3.250000e+1	4.616800e-23
 3.251000e+1	4.613500e-23
 3.252000e+1	4.610300e-23
 3.253000e+1	4.607000e-23
 3.254000e+1	4.603700e-23
 3.255000e+1	4.600400e-23
 3.256000e+1	4.597100e-23
 3.257000e+1	4.593900e-23
 3.258000e+1	4.590600e-23
 3.259000e+1	4.587400e-23
 3.260000e+1	4.584100e-23
 3.261000e+1	4.580800e-23
 3.262000e+1	4.577600e-23
 3.263000e+1	4.574300e-23
 3.264000e+1	4.571100e-23
 3.265000e+1	4.567900e-23
 3.266000e+1	4.564600e-23
 3.267000e+1	4.561400e-23
 3.268000e+1	4.558200e-23
 3.269000e+1	4.554900e-23
 3.270000e+1	4.551700e-23
 3.271000e+1	4.548500e-23
 3.272000e+1	4.545300e-23
 3.273000e+1	4.542100e-23
 3.274000e+1	4.538900e-23
 3.275000e+1	4.535600e-23
 3.276000e+1	4.532400e-23
 3.277000e+1	4.529200e-23
 3.278000e+1	4.526000e-23
 3.279000e+1	4.522900e-23
 3.280000e+1	4.519700e-23
 3.281000e+1	4.516500e-23
 3.282000e+1	4.513300e-23
 3.283000e+1	4.510100e-23
 3.284000e+1	4.506900e-23
 3.285000e+1	4.503800e-23
 3.286000e+1	4.500600e-23
 3.287000e+1	4.497400e-23
 3.288000e+1	4.494300e-23
 3.289000e+1	4.491100e-23
 3.290000e+1	4.487900e-23
 3.291000e+1	4.484800e-23
 3.292000e+1	4.481600e-23
 3.293000e+1	4.478500e-23
 3.294000e+1	4.475400e-23
 3.295000e+1	4.472200e-23
 3.296000e+1	4.469100e-23
 3.297000e+1	4.465900e-23
 3.298000e+1	4.462800e-23
 3.299000e+1	4.459700e-23
 3.300000e+1	4.456600e-23
 3.301000e+1	4.453400e-23
 3.302000e+1	4.450300e-23
 3.303000e+1	4.447200e-23
 3.304000e+1	4.444100e-23
 3.305000e+1	4.441000e-23
 3.306000e+1	4.437900e-23
 3.307000e+1	4.434800e-23
 3.308000e+1	4.431700e-23
 3.309000e+1	4.428600e-23
 3.310000e+1	4.425500e-23
 3.311000e+1	4.422400e-23
 3.312000e+1	4.419300e-23
 3.313000e+1	4.416200e-23
 3.314000e+1	4.413200e-23
 3.315000e+1	4.410100e-23
 3.316000e+1	4.407000e-23
 3.317000e+1	4.403900e-23
 3.318000e+1	4.400900e-23
 3.319000e+1	4.397800e-23
 3.320000e+1	4.394700e-23
 3.321000e+1	4.391700e-23
 3.322000e+1	4.388600e-23
 3.323000e+1	4.385600e-23
 3.324000e+1	4.382500e-23
 3.325000e+1	4.379500e-23
 3.326000e+1	4.376500e-23
 3.327000e+1	4.373400e-23
 3.328000e+1	4.370400e-23
 3.329000e+1	4.367300e-23
 3.330000e+1	4.364300e-23
 3.331000e+1	4.361300e-23
 3.332000e+1	4.358300e-23
 3.333000e+1	4.355300e-23
 3.334000e+1	4.352200e-23
 3.335000e+1	4.349200e-23
 3.336000e+1	4.346200e-23
 3.337000e+1	4.343200e-23
 3.338000e+1	4.340200e-23
 3.339000e+1	4.337200e-23
 3.340000e+1	4.334200e-23
 3.341000e+1	4.331200e-23
 3.342000e+1	4.328200e-23
 3.343000e+1	4.325200e-23
 3.344000e+1	4.322200e-23
 3.345000e+1	4.319300e-23
 3.346000e+1	4.316300e-23
 3.347000e+1	4.313300e-23
 3.348000e+1	4.310300e-23
 3.349000e+1	4.307400e-23
 3.350000e+1	4.304400e-23
 3.351000e+1	4.301400e-23
 3.352000e+1	4.298500e-23
 3.353000e+1	4.295500e-23
 3.354000e+1	4.292600e-23
 3.355000e+1	4.289600e-23
 3.356000e+1	4.286700e-23
 3.357000e+1	4.283700e-23
 3.358000e+1	4.280800e-23
 3.359000e+1	4.277800e-23
 3.360000e+1	4.274900e-23
 3.361000e+1	4.271900e-23
 3.362000e+1	4.269000e-23
 3.363000e+1	4.266100e-23
 3.364000e+1	4.263200e-23
 3.365000e+1	4.260200e-23
 3.366000e+1	4.257300e-23
 3.367000e+1	4.254400e-23
 3.368000e+1	4.251500e-23
 3.369000e+1	4.248600e-23
 3.370000e+1	4.245700e-23
 3.371000e+1	4.242800e-23
 3.372000e+1	4.239900e-23
 3.373000e+1	4.237000e-23
 3.374000e+1	4.234100e-23
 3.375000e+1	4.231200e-23
 3.376000e+1	4.228300e-23
 3.377000e+1	4.225400e-23
 3.378000e+1	4.222500e-23
 3.379000e+1	4.219600e-23
 3.380000e+1	4.216800e-23
 3.381000e+1	4.213900e-23
 3.382000e+1	4.211000e-23
 3.383000e+1	4.208100e-23
 3.384000e+1	4.205300e-23
 3.385000e+1	4.202400e-23
 3.386000e+1	4.199600e-23
 3.387000e+1	4.196700e-23
 3.388000e+1	4.193800e-23
 3.389000e+1	4.191000e-23
 3.390000e+1	4.188100e-23
 3.391000e+1	4.185300e-23
 3.392000e+1	4.182400e-23
 3.393000e+1	4.179600e-23
 3.394000e+1	4.176800e-23
 3.395000e+1	4.173900e-23
 3.396000e+1	4.171100e-23
 3.397000e+1	4.168300e-23
 3.398000e+1	4.165400e-23
 3.399000e+1	4.162600e-23
 3.400000e+1	4.159800e-23
 3.401000e+1	4.157000e-23
 3.402000e+1	4.154200e-23
 3.403000e+1	4.151400e-23
 3.404000e+1	4.148500e-23
 3.405000e+1	4.145700e-23
 3.406000e+1	4.142900e-23
 3.407000e+1	4.140100e-23
 3.408000e+1	4.137300e-23
 3.409000e+1	4.134500e-23
 3.410000e+1	4.131700e-23
 3.411000e+1	4.129000e-23
 3.412000e+1	4.126200e-23
 3.413000e+1	4.123400e-23
 3.414000e+1	4.120600e-23
 3.415000e+1	4.117800e-23
 3.416000e+1	4.115000e-23
 3.417000e+1	4.112300e-23
 3.418000e+1	4.109500e-23
 3.419000e+1	4.106700e-23
 3.420000e+1	4.104000e-23
 3.421000e+1	4.101200e-23
 3.422000e+1	4.098400e-23
 3.423000e+1	4.095700e-23
 3.424000e+1	4.092900e-23
 3.425000e+1	4.090200e-23
 3.426000e+1	4.087400e-23
 3.427000e+1	4.084700e-23
 3.428000e+1	4.081900e-23
 3.429000e+1	4.079200e-23
 3.430000e+1	4.076500e-23
 3.431000e+1	4.073700e-23
 3.432000e+1	4.071000e-23
 3.433000e+1	4.068300e-23
 3.434000e+1	4.065500e-23
 3.435000e+1	4.062800e-23
 3.436000e+1	4.060100e-23
 3.437000e+1	4.057400e-23
 3.438000e+1	4.054700e-23
 3.439000e+1	4.052000e-23
 3.440000e+1	4.049200e-23
 3.441000e+1	4.046500e-23
 3.442000e+1	4.043800e-23
 3.443000e+1	4.041100e-23
 3.444000e+1	4.038400e-23
 3.445000e+1	4.035700e-23
 3.446000e+1	4.033000e-23
 3.447000e+1	4.030300e-23
 3.448000e+1	4.027700e-23
 3.449000e+1	4.025000e-23
 3.450000e+1	4.022300e-23
 3.451000e+1	4.019600e-23
 3.452000e+1	4.016900e-23
 3.453000e+1	4.014300e-23
 3.454000e+1	4.011600e-23
 3.455000e+1	4.008900e-23
 3.456000e+1	4.006200e-23
 3.457000e+1	4.003600e-23
 3.458000e+1	4.000900e-23
 3.459000e+1	3.998300e-23
 3.460000e+1	3.995600e-23
 3.461000e+1	3.992900e-23
 3.462000e+1	3.990300e-23
 3.463000e+1	3.987600e-23
 3.464000e+1	3.985000e-23
 3.465000e+1	3.982300e-23
 3.466000e+1	3.979700e-23
 3.467000e+1	3.977100e-23
 3.468000e+1	3.974400e-23
 3.469000e+1	3.971800e-23
 3.470000e+1	3.969200e-23
 3.471000e+1	3.966500e-23
 3.472000e+1	3.963900e-23
 3.473000e+1	3.961300e-23
 3.474000e+1	3.958700e-23
 3.475000e+1	3.956000e-23
 3.476000e+1	3.953400e-23
 3.477000e+1	3.950800e-23
 3.478000e+1	3.948200e-23
 3.479000e+1	3.945600e-23
 3.480000e+1	3.943000e-23
 3.481000e+1	3.940400e-23
 3.482000e+1	3.937800e-23
 3.483000e+1	3.935200e-23
 3.484000e+1	3.932600e-23
 3.485000e+1	3.930000e-23
 3.486000e+1	3.927400e-23
 3.487000e+1	3.924800e-23
 3.488000e+1	3.922200e-23
 3.489000e+1	3.919700e-23
 3.490000e+1	3.917100e-23
 3.491000e+1	3.914500e-23
 3.492000e+1	3.911900e-23
 3.493000e+1	3.909400e-23
 3.494000e+1	3.906800e-23
 3.495000e+1	3.904200e-23
 3.496000e+1	3.901600e-23
 3.497000e+1	3.899100e-23
 3.498000e+1	3.896500e-23
 3.499000e+1	3.894000e-23
 3.500000e+1	3.891400e-23
 3.501000e+1	3.888900e-23
 3.502000e+1	3.886300e-23
 3.503000e+1	3.883800e-23
 3.504000e+1	3.881200e-23
 3.505000e+1	3.878700e-23
 3.506000e+1	3.876100e-23
 3.507000e+1	3.873600e-23
 3.508000e+1	3.871100e-23
 3.509000e+1	3.868500e-23
 3.510000e+1	3.866000e-23
 3.511000e+1	3.863500e-23
 3.512000e+1	3.860900e-23
 3.513000e+1	3.858400e-23
 3.514000e+1	3.855900e-23
 3.515000e+1	3.853400e-23
 3.516000e+1	3.850900e-23
 3.517000e+1	3.848400e-23
 3.518000e+1	3.845800e-23
 3.519000e+1	3.843300e-23
 3.520000e+1	3.840800e-23
 3.521000e+1	3.838300e-23
 3.522000e+1	3.835800e-23
 3.523000e+1	3.833300e-23
 3.524000e+1	3.830800e-23
 3.525000e+1	3.828300e-23
 3.526000e+1	3.825800e-23
 3.527000e+1	3.823400e-23
 3.528000e+1	3.820900e-23
 3.529000e+1	3.818400e-23
 3.530000e+1	3.815900e-23
 3.531000e+1	3.813400e-23
 3.532000e+1	3.810900e-23
 3.533000e+1	3.808500e-23
 3.534000e+1	3.806000e-23
 3.535000e+1	3.803500e-23
 3.536000e+1	3.801100e-23
 3.537000e+1	3.798600e-23
 3.538000e+1	3.796100e-23
 3.539000e+1	3.793700e-23
 3.540000e+1	3.791200e-23
 3.541000e+1	3.788800e-23
 3.542000e+1	3.786300e-23
 3.543000e+1	3.783800e-23
 3.544000e+1	3.781400e-23
 3.545000e+1	3.779000e-23
 3.546000e+1	3.776500e-23
 3.547000e+1	3.774100e-23
 3.548000e+1	3.771600e-23
 3.549000e+1	3.769200e-23
 3.550000e+1	3.766800e-23
 3.551000e+1	3.764300e-23
 3.552000e+1	3.761900e-23
 3.553000e+1	3.759500e-23
 3.554000e+1	3.757000e-23
 3.555000e+1	3.754600e-23
 3.556000e+1	3.752200e-23
 3.557000e+1	3.749800e-23
 3.558000e+1	3.747400e-23
 3.559000e+1	3.744900e-23
 3.560000e+1	3.742500e-23
 3.561000e+1	3.740100e-23
 3.562000e+1	3.737700e-23
 3.563000e+1	3.735300e-23
 3.564000e+1	3.732900e-23
 3.565000e+1	3.730500e-23
 3.566000e+1	3.728100e-23
 3.567000e+1	3.725700e-23
 3.568000e+1	3.723300e-23
 3.569000e+1	3.720900e-23
 3.570000e+1	3.718500e-23
 3.571000e+1	3.716200e-23
 3.572000e+1	3.713800e-23
 3.573000e+1	3.711400e-23
 3.574000e+1	3.709000e-23
 3.575000e+1	3.706600e-23
 3.576000e+1	3.704300e-23
 3.577000e+1	3.701900e-23
 3.578000e+1	3.699500e-23
 3.579000e+1	3.697200e-23
 3.580000e+1	3.694800e-23
 3.581000e+1	3.692400e-23
 3.582000e+1	3.690100e-23
 3.583000e+1	3.687700e-23
 3.584000e+1	3.685300e-23
 3.585000e+1	3.683000e-23
 3.586000e+1	3.680600e-23
 3.587000e+1	3.678300e-23
 3.588000e+1	3.675900e-23
 3.589000e+1	3.673600e-23
 3.590000e+1	3.671200e-23
 3.591000e+1	3.668900e-23
 3.592000e+1	3.666600e-23
 3.593000e+1	3.664200e-23
 3.594000e+1	3.661900e-23
 3.595000e+1	3.659600e-23
 3.596000e+1	3.657200e-23
 3.597000e+1	3.654900e-23
 3.598000e+1	3.652600e-23
 3.599000e+1	3.650300e-23
 3.600000e+1	3.647900e-23
 3.601000e+1	3.645600e-23
 3.602000e+1	3.643300e-23
 3.603000e+1	3.641000e-23
 3.604000e+1	3.638700e-23
 3.605000e+1	3.636400e-23
 3.606000e+1	3.634000e-23
 3.607000e+1	3.631700e-23
 3.608000e+1	3.629400e-23
 3.609000e+1	3.627100e-23
 3.610000e+1	3.624800e-23
 3.611000e+1	3.622500e-23
 3.612000e+1	3.620200e-23
 3.613000e+1	3.617900e-23
 3.614000e+1	3.615700e-23
 3.615000e+1	3.613400e-23
 3.616000e+1	3.611100e-23
 3.617000e+1	3.608800e-23
 3.618000e+1	3.606500e-23
 3.619000e+1	3.604200e-23
 3.620000e+1	3.602000e-23
 3.621000e+1	3.599700e-23
 3.622000e+1	3.597400e-23
 3.623000e+1	3.595100e-23
 3.624000e+1	3.592900e-23
 3.625000e+1	3.590600e-23
 3.626000e+1	3.588300e-23
 3.627000e+1	3.586100e-23
 3.628000e+1	3.583800e-23
 3.629000e+1	3.581500e-23
 3.630000e+1	3.579300e-23
 3.631000e+1	3.577000e-23
 3.632000e+1	3.574800e-23
 3.633000e+1	3.572500e-23
 3.634000e+1	3.570300e-23
 3.635000e+1	3.568000e-23
 3.636000e+1	3.565800e-23
 3.637000e+1	3.563500e-23
 3.638000e+1	3.561300e-23
 3.639000e+1	3.559100e-23
 3.640000e+1	3.556800e-23
 3.641000e+1	3.554600e-23
 3.642000e+1	3.552400e-23
 3.643000e+1	3.550100e-23
 3.644000e+1	3.547900e-23
 3.645000e+1	3.545700e-23
 3.646000e+1	3.543500e-23
 3.647000e+1	3.541200e-23
 3.648000e+1	3.539000e-23
 3.649000e+1	3.536800e-23
 3.650000e+1	3.534600e-23
 3.651000e+1	3.532400e-23
 3.652000e+1	3.530200e-23
 3.653000e+1	3.528000e-23
 3.654000e+1	3.525700e-23
 3.655000e+1	3.523500e-23
 3.656000e+1	3.521300e-23
 3.657000e+1	3.519100e-23
 3.658000e+1	3.516900e-23
 3.659000e+1	3.514700e-23
 3.660000e+1	3.512500e-23
 3.661000e+1	3.510400e-23
 3.662000e+1	3.508200e-23
 3.663000e+1	3.506000e-23
 3.664000e+1	3.503800e-23
 3.665000e+1	3.501600e-23
 3.666000e+1	3.499400e-23
 3.667000e+1	3.497200e-23
 3.668000e+1	3.495100e-23
 3.669000e+1	3.492900e-23
 3.670000e+1	3.490700e-23
 3.671000e+1	3.488500e-23
 3.672000e+1	3.486400e-23
 3.673000e+1	3.484200e-23
 3.674000e+1	3.482000e-23
 3.675000e+1	3.479900e-23
 3.676000e+1	3.477700e-23
 3.677000e+1	3.475500e-23
 3.678000e+1	3.473400e-23
 3.679000e+1	3.471200e-23
 3.680000e+1	3.469100e-23
 3.681000e+1	3.466900e-23
 3.682000e+1	3.464800e-23
 3.683000e+1	3.462600e-23
 3.684000e+1	3.460500e-23
 3.685000e+1	3.458300e-23
 3.686000e+1	3.456200e-23
 3.687000e+1	3.454000e-23
 3.688000e+1	3.451900e-23
 3.689000e+1	3.449800e-23
 3.690000e+1	3.447600e-23
 3.691000e+1	3.445500e-23
 3.692000e+1	3.443400e-23
 3.693000e+1	3.441200e-23
 3.694000e+1	3.439100e-23
 3.695000e+1	3.437000e-23
 3.696000e+1	3.434900e-23
 3.697000e+1	3.432700e-23
 3.698000e+1	3.430600e-23
 3.699000e+1	3.428500e-23
 3.700000e+1	3.426400e-23
 3.701000e+1	3.424300e-23
 3.702000e+1	3.422200e-23
 3.703000e+1	3.420100e-23
 3.704000e+1	3.418000e-23
 3.705000e+1	3.415800e-23
 3.706000e+1	3.413700e-23
 3.707000e+1	3.411600e-23
 3.708000e+1	3.409500e-23
 3.709000e+1	3.407400e-23
 3.710000e+1	3.405300e-23
 3.711000e+1	3.403300e-23
 3.712000e+1	3.401200e-23
 3.713000e+1	3.399100e-23
 3.714000e+1	3.397000e-23
 3.715000e+1	3.394900e-23
 3.716000e+1	3.392800e-23
 3.717000e+1	3.390700e-23
 3.718000e+1	3.388600e-23
 3.719000e+1	3.386600e-23
 3.720000e+1	3.384500e-23
 3.721000e+1	3.382400e-23
 3.722000e+1	3.380300e-23
 3.723000e+1	3.378300e-23
 3.724000e+1	3.376200e-23
 3.725000e+1	3.374100e-23
 3.726000e+1	3.372100e-23
 3.727000e+1	3.370000e-23
 3.728000e+1	3.367900e-23
 3.729000e+1	3.365900e-23
 3.730000e+1	3.363800e-23
 3.731000e+1	3.361800e-23
 3.732000e+1	3.359700e-23
 3.733000e+1	3.357700e-23
 3.734000e+1	3.355600e-23
 3.735000e+1	3.353600e-23
 3.736000e+1	3.351500e-23
 3.737000e+1	3.349500e-23
 3.738000e+1	3.347400e-23
 3.739000e+1	3.345400e-23
 3.740000e+1	3.343300e-23
 3.741000e+1	3.341300e-23
 3.742000e+1	3.339300e-23
 3.743000e+1	3.337200e-23
 3.744000e+1	3.335200e-23
 3.745000e+1	3.333200e-23
 3.746000e+1	3.331100e-23
 3.747000e+1	3.329100e-23
 3.748000e+1	3.327100e-23
 3.749000e+1	3.325100e-23
 3.750000e+1	3.323100e-23
 3.751000e+1	3.321000e-23
 3.752000e+1	3.319000e-23
 3.753000e+1	3.317000e-23
 3.754000e+1	3.315000e-23
 3.755000e+1	3.313000e-23
 3.756000e+1	3.311000e-23
 3.757000e+1	3.309000e-23
 3.758000e+1	3.306900e-23
 3.759000e+1	3.304900e-23
 3.760000e+1	3.302900e-23
 3.761000e+1	3.300900e-23
 3.762000e+1	3.298900e-23
 3.763000e+1	3.296900e-23
 3.764000e+1	3.294900e-23
 3.765000e+1	3.292900e-23
 3.766000e+1	3.291000e-23
 3.767000e+1	3.289000e-23
 3.768000e+1	3.287000e-23
 3.769000e+1	3.285000e-23
 3.770000e+1	3.283000e-23
 3.771000e+1	3.281000e-23
 3.772000e+1	3.279000e-23
 3.773000e+1	3.277100e-23
 3.774000e+1	3.275100e-23
 3.775000e+1	3.273100e-23
 3.776000e+1	3.271100e-23
 3.777000e+1	3.269200e-23
 3.778000e+1	3.267200e-23
 3.779000e+1	3.265200e-23
 3.780000e+1	3.263300e-23
 3.781000e+1	3.261300e-23
 3.782000e+1	3.259300e-23
 3.783000e+1	3.257400e-23
 3.784000e+1	3.255400e-23
 3.785000e+1	3.253400e-23
 3.786000e+1	3.251500e-23
 3.787000e+1	3.249500e-23
 3.788000e+1	3.247600e-23
 3.789000e+1	3.245600e-23
 3.790000e+1	3.243700e-23
 3.791000e+1	3.241700e-23
 3.792000e+1	3.239800e-23
 3.793000e+1	3.237800e-23
 3.794000e+1	3.235900e-23
 3.795000e+1	3.233900e-23
 3.796000e+1	3.232000e-23
 3.797000e+1	3.230100e-23
 3.798000e+1	3.228100e-23
 3.799000e+1	3.226200e-23
 3.800000e+1	3.224300e-23
 3.801000e+1	3.222300e-23
 3.802000e+1	3.220400e-23
 3.803000e+1	3.218500e-23
 3.804000e+1	3.216600e-23
 3.805000e+1	3.214600e-23
 3.806000e+1	3.212700e-23
 3.807000e+1	3.210800e-23
 3.808000e+1	3.208900e-23
 3.809000e+1	3.207000e-23
 3.810000e+1	3.205000e-23
 3.811000e+1	3.203100e-23
 3.812000e+1	3.201200e-23
 3.813000e+1	3.199300e-23
 3.814000e+1	3.197400e-23
 3.815000e+1	3.195500e-23
 3.816000e+1	3.193600e-23
 3.817000e+1	3.191700e-23
 3.818000e+1	3.189800e-23
 3.819000e+1	3.187900e-23
 3.820000e+1	3.186000e-23
 3.821000e+1	3.184100e-23
 3.822000e+1	3.182200e-23
 3.823000e+1	3.180300e-23
 3.824000e+1	3.178400e-23
 3.825000e+1	3.176500e-23
 3.826000e+1	3.174600e-23
 3.827000e+1	3.172700e-23
 3.828000e+1	3.170800e-23
 3.829000e+1	3.169000e-23
 3.830000e+1	3.167100e-23
 3.831000e+1	3.165200e-23
 3.832000e+1	3.163300e-23
 3.833000e+1	3.161400e-23
 3.834000e+1	3.159600e-23
 3.835000e+1	3.157700e-23
 3.836000e+1	3.155800e-23
 3.837000e+1	3.154000e-23
 3.838000e+1	3.152100e-23
 3.839000e+1	3.150200e-23
 3.840000e+1	3.148400e-23
 3.841000e+1	3.146500e-23
 3.842000e+1	3.144600e-23
 3.843000e+1	3.142800e-23
 3.844000e+1	3.140900e-23
 3.845000e+1	3.139100e-23
 3.846000e+1	3.137200e-23
 3.847000e+1	3.135300e-23
 3.848000e+1	3.133500e-23
 3.849000e+1	3.131600e-23
 3.850000e+1	3.129800e-23
 3.851000e+1	3.127900e-23
 3.852000e+1	3.126100e-23
 3.853000e+1	3.124300e-23
 3.854000e+1	3.122400e-23
 3.855000e+1	3.120600e-23
 3.856000e+1	3.118700e-23
 3.857000e+1	3.116900e-23
 3.858000e+1	3.115100e-23
 3.859000e+1	3.113200e-23
 3.860000e+1	3.111400e-23
 3.861000e+1	3.109600e-23
 3.862000e+1	3.107700e-23
 3.863000e+1	3.105900e-23
 3.864000e+1	3.104100e-23
 3.865000e+1	3.102200e-23
 3.866000e+1	3.100400e-23
 3.867000e+1	3.098600e-23
 3.868000e+1	3.096800e-23
 3.869000e+1	3.095000e-23
 3.870000e+1	3.093100e-23
 3.871000e+1	3.091300e-23
 3.872000e+1	3.089500e-23
 3.873000e+1	3.087700e-23
 3.874000e+1	3.085900e-23
 3.875000e+1	3.084100e-23
 3.876000e+1	3.082300e-23
 3.877000e+1	3.080500e-23
 3.878000e+1	3.078700e-23
 3.879000e+1	3.076900e-23
 3.880000e+1	3.075100e-23
 3.881000e+1	3.073300e-23
 3.882000e+1	3.071500e-23
 3.883000e+1	3.069700e-23
 3.884000e+1	3.067900e-23
 3.885000e+1	3.066100e-23
 3.886000e+1	3.064300e-23
 3.887000e+1	3.062500e-23
 3.888000e+1	3.060700e-23
 3.889000e+1	3.058900e-23
 3.890000e+1	3.057100e-23
 3.891000e+1	3.055400e-23
 3.892000e+1	3.053600e-23
 3.893000e+1	3.051800e-23
 3.894000e+1	3.050000e-23
 3.895000e+1	3.048200e-23
 3.896000e+1	3.046500e-23
 3.897000e+1	3.044700e-23
 3.898000e+1	3.042900e-23
 3.899000e+1	3.041100e-23
 3.900000e+1	3.039400e-23
 3.901000e+1	3.037600e-23
 3.902000e+1	3.035800e-23
 3.903000e+1	3.034100e-23
 3.904000e+1	3.032300e-23
 3.905000e+1	3.030500e-23
 3.906000e+1	3.028800e-23
 3.907000e+1	3.027000e-23
 3.908000e+1	3.025300e-23
 3.909000e+1	3.023500e-23
 3.910000e+1	3.021700e-23
 3.911000e+1	3.020000e-23
 3.912000e+1	3.018200e-23
 3.913000e+1	3.016500e-23
 3.914000e+1	3.014700e-23
 3.915000e+1	3.013000e-23
 3.916000e+1	3.011300e-23
 3.917000e+1	3.009500e-23
 3.918000e+1	3.007800e-23
 3.919000e+1	3.006000e-23
 3.920000e+1	3.004300e-23
 3.921000e+1	3.002500e-23
 3.922000e+1	3.000800e-23
 3.923000e+1	2.999100e-23
 3.924000e+1	2.997300e-23
 3.925000e+1	2.995600e-23
 3.926000e+1	2.993900e-23
 3.927000e+1	2.992100e-23
 3.928000e+1	2.990400e-23
 3.929000e+1	2.988700e-23
 3.930000e+1	2.987000e-23
 3.931000e+1	2.985200e-23
 3.932000e+1	2.983500e-23
 3.933000e+1	2.981800e-23
 3.934000e+1	2.980100e-23
 3.935000e+1	2.978400e-23
 3.936000e+1	2.976600e-23
 3.937000e+1	2.974900e-23
 3.938000e+1	2.973200e-23
 3.939000e+1	2.971500e-23
 3.940000e+1	2.969800e-23
 3.941000e+1	2.968100e-23
 3.942000e+1	2.966400e-23
 3.943000e+1	2.964700e-23
 3.944000e+1	2.963000e-23
 3.945000e+1	2.961300e-23
 3.946000e+1	2.959600e-23
 3.947000e+1	2.957900e-23
 3.948000e+1	2.956200e-23
 3.949000e+1	2.954500e-23
 3.950000e+1	2.952800e-23
 3.951000e+1	2.951100e-23
 3.952000e+1	2.949400e-23
 3.953000e+1	2.947700e-23
 3.954000e+1	2.946000e-23
 3.955000e+1	2.944300e-23
 3.956000e+1	2.942600e-23
 3.957000e+1	2.940900e-23
 3.958000e+1	2.939300e-23
 3.959000e+1	2.937600e-23
 3.960000e+1	2.935900e-23
 3.961000e+1	2.934200e-23
 3.962000e+1	2.932500e-23
 3.963000e+1	2.930900e-23
 3.964000e+1	2.929200e-23
 3.965000e+1	2.927500e-23
 3.966000e+1	2.925800e-23
 3.967000e+1	2.924200e-23
 3.968000e+1	2.922500e-23
 3.969000e+1	2.920800e-23
 3.970000e+1	2.919200e-23
 3.971000e+1	2.917500e-23
 3.972000e+1	2.915800e-23
 3.973000e+1	2.914200e-23
 3.974000e+1	2.912500e-23
 3.975000e+1	2.910800e-23
 3.976000e+1	2.909200e-23
 3.977000e+1	2.907500e-23
 3.978000e+1	2.905900e-23
 3.979000e+1	2.904200e-23
 3.980000e+1	2.902600e-23
 3.981000e+1	2.900900e-23
 3.982000e+1	2.899300e-23
 3.983000e+1	2.897600e-23
 3.984000e+1	2.896000e-23
 3.985000e+1	2.894300e-23
 3.986000e+1	2.892700e-23
 3.987000e+1	2.891000e-23
 3.988000e+1	2.889400e-23
 3.989000e+1	2.887800e-23
 3.990000e+1	2.886100e-23
 3.991000e+1	2.884500e-23
 3.992000e+1	2.882800e-23
 3.993000e+1	2.881200e-23
 3.994000e+1	2.879600e-23
 3.995000e+1	2.877900e-23
 3.996000e+1	2.876300e-23
 3.997000e+1	2.874700e-23
 3.998000e+1	2.873100e-23
 3.999000e+1	2.871400e-23
 4.000000e+1	2.869800e-23
 4.001000e+1	2.868200e-23
 4.002000e+1	2.866600e-23
 4.003000e+1	2.864900e-23
 4.004000e+1	2.863300e-23
 4.005000e+1	2.861700e-23
 4.006000e+1	2.860100e-23
 4.007000e+1	2.858500e-23
 4.008000e+1	2.856800e-23
 4.009000e+1	2.855200e-23
 4.010000e+1	2.853600e-23
 4.011000e+1	2.852000e-23
 4.012000e+1	2.850400e-23
 4.013000e+1	2.848800e-23
 4.014000e+1	2.847200e-23
 4.015000e+1	2.845600e-23
 4.016000e+1	2.844000e-23
 4.017000e+1	2.842400e-23
 4.018000e+1	2.840800e-23
 4.019000e+1	2.839200e-23
 4.020000e+1	2.837600e-23
 4.021000e+1	2.836000e-23
 4.022000e+1	2.834400e-23
 4.023000e+1	2.832800e-23
 4.024000e+1	2.831200e-23
 4.025000e+1	2.829600e-23
 4.026000e+1	2.828000e-23
 4.027000e+1	2.826400e-23
 4.028000e+1	2.824800e-23
 4.029000e+1	2.823300e-23
 4.030000e+1	2.821700e-23
 4.031000e+1	2.820100e-23
 4.032000e+1	2.818500e-23
 4.033000e+1	2.816900e-23
 4.034000e+1	2.815300e-23
 4.035000e+1	2.813800e-23
 4.036000e+1	2.812200e-23
 4.037000e+1	2.810600e-23
 4.038000e+1	2.809000e-23
 4.039000e+1	2.807500e-23
 4.040000e+1	2.805900e-23
 4.041000e+1	2.804300e-23
 4.042000e+1	2.802800e-23
 4.043000e+1	2.801200e-23
 4.044000e+1	2.799600e-23
 4.045000e+1	2.798100e-23
 4.046000e+1	2.796500e-23
 4.047000e+1	2.794900e-23
 4.048000e+1	2.793400e-23
 4.049000e+1	2.791800e-23
 4.050000e+1	2.790300e-23
 4.051000e+1	2.788700e-23
 4.052000e+1	2.787100e-23
 4.053000e+1	2.785600e-23
 4.054000e+1	2.784000e-23
 4.055000e+1	2.782500e-23
 4.056000e+1	2.780900e-23
 4.057000e+1	2.779400e-23
 4.058000e+1	2.777800e-23
 4.059000e+1	2.776300e-23
 4.060000e+1	2.774700e-23
 4.061000e+1	2.773200e-23
 4.062000e+1	2.771600e-23
 4.063000e+1	2.770100e-23
 4.064000e+1	2.768600e-23
 4.065000e+1	2.767000e-23
 4.066000e+1	2.765500e-23
 4.067000e+1	2.764000e-23
 4.068000e+1	2.762400e-23
 4.069000e+1	2.760900e-23
 4.070000e+1	2.759300e-23
 4.071000e+1	2.757800e-23
 4.072000e+1	2.756300e-23
 4.073000e+1	2.754800e-23
 4.074000e+1	2.753200e-23
 4.075000e+1	2.751700e-23
 4.076000e+1	2.750200e-23
 4.077000e+1	2.748700e-23
 4.078000e+1	2.747100e-23
 4.079000e+1	2.745600e-23
 4.080000e+1	2.744100e-23
 4.081000e+1	2.742600e-23
 4.082000e+1	2.741000e-23
 4.083000e+1	2.739500e-23
 4.084000e+1	2.738000e-23
 4.085000e+1	2.736500e-23
 4.086000e+1	2.735000e-23
 4.087000e+1	2.733500e-23
 4.088000e+1	2.732000e-23
 4.089000e+1	2.730500e-23
 4.090000e+1	2.729000e-23
 4.091000e+1	2.727400e-23
 4.092000e+1	2.725900e-23
 4.093000e+1	2.724400e-23
 4.094000e+1	2.722900e-23
 4.095000e+1	2.721400e-23
 4.096000e+1	2.719900e-23
 4.097000e+1	2.718400e-23
 4.098000e+1	2.716900e-23
 4.099000e+1	2.715400e-23
 4.100000e+1	2.713900e-23
 4.101000e+1	2.712400e-23
 4.102000e+1	2.711000e-23
 4.103000e+1	2.709500e-23
 4.104000e+1	2.708000e-23
 4.105000e+1	2.706500e-23
 4.106000e+1	2.705000e-23
 4.107000e+1	2.703500e-23
 4.108000e+1	2.702000e-23
 4.109000e+1	2.700500e-23
 4.110000e+1	2.699000e-23
 4.111000e+1	2.697600e-23
 4.112000e+1	2.696100e-23
 4.113000e+1	2.694600e-23
 4.114000e+1	2.693100e-23
 4.115000e+1	2.691700e-23
 4.116000e+1	2.690200e-23
 4.117000e+1	2.688700e-23
 4.118000e+1	2.687200e-23
 4.119000e+1	2.685800e-23
 4.120000e+1	2.684300e-23
 4.121000e+1	2.682800e-23
 4.122000e+1	2.681300e-23
 4.123000e+1	2.679900e-23
 4.124000e+1	2.678400e-23
 4.125000e+1	2.676900e-23
 4.126000e+1	2.675500e-23
 4.127000e+1	2.674000e-23
 4.128000e+1	2.672600e-23
 4.129000e+1	2.671100e-23
 4.130000e+1	2.669600e-23
 4.131000e+1	2.668200e-23
 4.132000e+1	2.666700e-23
 4.133000e+1	2.665300e-23
 4.134000e+1	2.663800e-23
 4.135000e+1	2.662400e-23
 4.136000e+1	2.660900e-23
 4.137000e+1	2.659400e-23
 4.138000e+1	2.658000e-23
 4.139000e+1	2.656600e-23
 4.140000e+1	2.655100e-23
 4.141000e+1	2.653700e-23
 4.142000e+1	2.652200e-23
 4.143000e+1	2.650800e-23
 4.144000e+1	2.649300e-23
 4.145000e+1	2.647900e-23
 4.146000e+1	2.646400e-23
 4.147000e+1	2.645000e-23
 4.148000e+1	2.643600e-23
 4.149000e+1	2.642100e-23
 4.150000e+1	2.640700e-23
 4.151000e+1	2.639300e-23
 4.152000e+1	2.637800e-23
 4.153000e+1	2.636400e-23
 4.154000e+1	2.635000e-23
 4.155000e+1	2.633500e-23
 4.156000e+1	2.632100e-23
 4.157000e+1	2.630700e-23
 4.158000e+1	2.629200e-23
 4.159000e+1	2.627800e-23
 4.160000e+1	2.626400e-23
 4.161000e+1	2.625000e-23
 4.162000e+1	2.623600e-23
 4.163000e+1	2.622100e-23
 4.164000e+1	2.620700e-23
 4.165000e+1	2.619300e-23
 4.166000e+1	2.617900e-23
 4.167000e+1	2.616500e-23
 4.168000e+1	2.615000e-23
 4.169000e+1	2.613600e-23
 4.170000e+1	2.612200e-23
 4.171000e+1	2.610800e-23
 4.172000e+1	2.609400e-23
 4.173000e+1	2.608000e-23
 4.174000e+1	2.606600e-23
 4.175000e+1	2.605200e-23
 4.176000e+1	2.603800e-23
 4.177000e+1	2.602400e-23
 4.178000e+1	2.601000e-23
 4.179000e+1	2.599500e-23
 4.180000e+1	2.598100e-23
 4.181000e+1	2.596700e-23
 4.182000e+1	2.595300e-23
 4.183000e+1	2.593900e-23
 4.184000e+1	2.592600e-23
 4.185000e+1	2.591200e-23
 4.186000e+1	2.589800e-23
 4.187000e+1	2.588400e-23
 4.188000e+1	2.587000e-23
 4.189000e+1	2.585600e-23
 4.190000e+1	2.584200e-23
 4.191000e+1	2.582800e-23
 4.192000e+1	2.581400e-23
 4.193000e+1	2.580000e-23
 4.194000e+1	2.578600e-23
 4.195000e+1	2.577300e-23
 4.196000e+1	2.575900e-23
 4.197000e+1	2.574500e-23
 4.198000e+1	2.573100e-23
 4.199000e+1	2.571700e-23
 4.200000e+1	2.570300e-23
 4.201000e+1	2.569000e-23
 4.202000e+1	2.567600e-23
 4.203000e+1	2.566200e-23
 4.204000e+1	2.564800e-23
 4.205000e+1	2.563500e-23
 4.206000e+1	2.562100e-23
 4.207000e+1	2.560700e-23
 4.208000e+1	2.559400e-23
 4.209000e+1	2.558000e-23
 4.210000e+1	2.556600e-23
 4.211000e+1	2.555200e-23
 4.212000e+1	2.553900e-23
 4.213000e+1	2.552500e-23
 4.214000e+1	2.551200e-23
 4.215000e+1	2.549800e-23
 4.216000e+1	2.548400e-23
 4.217000e+1	2.547100e-23
 4.218000e+1	2.545700e-23
 4.219000e+1	2.544300e-23
 4.220000e+1	2.543000e-23
 4.221000e+1	2.541600e-23
 4.222000e+1	2.540300e-23
 4.223000e+1	2.538900e-23
 4.224000e+1	2.537600e-23
 4.225000e+1	2.536200e-23
 4.226000e+1	2.534900e-23
 4.227000e+1	2.533500e-23
 4.228000e+1	2.532200e-23
 4.229000e+1	2.530800e-23
 4.230000e+1	2.529500e-23
 4.231000e+1	2.528100e-23
 4.232000e+1	2.526800e-23
 4.233000e+1	2.525400e-23
 4.234000e+1	2.524100e-23
 4.235000e+1	2.522800e-23
 4.236000e+1	2.521400e-23
 4.237000e+1	2.520100e-23
 4.238000e+1	2.518700e-23
 4.239000e+1	2.517400e-23
 4.240000e+1	2.516100e-23
 4.241000e+1	2.514700e-23
 4.242000e+1	2.513400e-23
 4.243000e+1	2.512100e-23
 4.244000e+1	2.510700e-23
 4.245000e+1	2.509400e-23
 4.246000e+1	2.508100e-23
 4.247000e+1	2.506700e-23
 4.248000e+1	2.505400e-23
 4.249000e+1	2.504100e-23
 4.250000e+1	2.502800e-23
 4.251000e+1	2.501400e-23
 4.252000e+1	2.500100e-23
 4.253000e+1	2.498800e-23
 4.254000e+1	2.497500e-23
 4.255000e+1	2.496100e-23
 4.256000e+1	2.494800e-23
 4.257000e+1	2.493500e-23
 4.258000e+1	2.492200e-23
 4.259000e+1	2.490900e-23
 4.260000e+1	2.489600e-23
 4.261000e+1	2.488200e-23
 4.262000e+1	2.486900e-23
 4.263000e+1	2.485600e-23
 4.264000e+1	2.484300e-23
 4.265000e+1	2.483000e-23
 4.266000e+1	2.481700e-23
 4.267000e+1	2.480400e-23
 4.268000e+1	2.479100e-23
 4.269000e+1	2.477800e-23
 4.270000e+1	2.476500e-23
 4.271000e+1	2.475200e-23
 4.272000e+1	2.473900e-23
 4.273000e+1	2.472600e-23
 4.274000e+1	2.471300e-23
 4.275000e+1	2.470000e-23
 4.276000e+1	2.468700e-23
 4.277000e+1	2.467400e-23
 4.278000e+1	2.466100e-23
 4.279000e+1	2.464800e-23
 4.280000e+1	2.463500e-23
 4.281000e+1	2.462200e-23
 4.282000e+1	2.460900e-23
 4.283000e+1	2.459600e-23
 4.284000e+1	2.458300e-23
 4.285000e+1	2.457000e-23
 4.286000e+1	2.455700e-23
 4.287000e+1	2.454400e-23
 4.288000e+1	2.453100e-23
 4.289000e+1	2.451900e-23
 4.290000e+1	2.450600e-23
 4.291000e+1	2.449300e-23
 4.292000e+1	2.448000e-23
 4.293000e+1	2.446700e-23
 4.294000e+1	2.445500e-23
 4.295000e+1	2.444200e-23
 4.296000e+1	2.442900e-23
 4.297000e+1	2.441600e-23
 4.298000e+1	2.440300e-23
 4.299000e+1	2.439100e-23
 4.300000e+1	2.437800e-23
 4.301000e+1	2.436500e-23
 4.302000e+1	2.435200e-23
 4.303000e+1	2.434000e-23
 4.304000e+1	2.432700e-23
 4.305000e+1	2.431400e-23
 4.306000e+1	2.430200e-23
 4.307000e+1	2.428900e-23
 4.308000e+1	2.427600e-23
 4.309000e+1	2.426400e-23
 4.310000e+1	2.425100e-23
 4.311000e+1	2.423800e-23
 4.312000e+1	2.422600e-23
 4.313000e+1	2.421300e-23
 4.314000e+1	2.420000e-23
 4.315000e+1	2.418800e-23
 4.316000e+1	2.417500e-23
 4.317000e+1	2.416300e-23
 4.318000e+1	2.415000e-23
 4.319000e+1	2.413800e-23
 4.320000e+1	2.412500e-23
 4.321000e+1	2.411200e-23
 4.322000e+1	2.410000e-23
 4.323000e+1	2.408700e-23
 4.324000e+1	2.407500e-23
 4.325000e+1	2.406200e-23
 4.326000e+1	2.405000e-23
 4.327000e+1	2.403700e-23
 4.328000e+1	2.402500e-23
 4.329000e+1	2.401200e-23
 4.330000e+1	2.400000e-23
 4.331000e+1	2.398800e-23
 4.332000e+1	2.397500e-23
 4.333000e+1	2.396300e-23
 4.334000e+1	2.395000e-23
 4.335000e+1	2.393800e-23
 4.336000e+1	2.392500e-23
 4.337000e+1	2.391300e-23
 4.338000e+1	2.390100e-23
 4.339000e+1	2.388800e-23
 4.340000e+1	2.387600e-23
 4.341000e+1	2.386400e-23
 4.342000e+1	2.385100e-23
 4.343000e+1	2.383900e-23
 4.344000e+1	2.382700e-23
 4.345000e+1	2.381400e-23
 4.346000e+1	2.380200e-23
 4.347000e+1	2.379000e-23
 4.348000e+1	2.377700e-23
 4.349000e+1	2.376500e-23
 4.350000e+1	2.375300e-23
 4.351000e+1	2.374100e-23
 4.352000e+1	2.372800e-23
 4.353000e+1	2.371600e-23
 4.354000e+1	2.370400e-23
 4.355000e+1	2.369200e-23
 4.356000e+1	2.368000e-23
 4.357000e+1	2.366700e-23
 4.358000e+1	2.365500e-23
 4.359000e+1	2.364300e-23
 4.360000e+1	2.363100e-23
 4.361000e+1	2.361900e-23
 4.362000e+1	2.360700e-23
 4.363000e+1	2.359400e-23
 4.364000e+1	2.358200e-23
 4.365000e+1	2.357000e-23
 4.366000e+1	2.355800e-23
 4.367000e+1	2.354600e-23
 4.368000e+1	2.353400e-23
 4.369000e+1	2.352200e-23
 4.370000e+1	2.351000e-23
 4.371000e+1	2.349800e-23
 4.372000e+1	2.348600e-23
 4.373000e+1	2.347300e-23
 4.374000e+1	2.346100e-23
 4.375000e+1	2.344900e-23
 4.376000e+1	2.343700e-23
 4.377000e+1	2.342500e-23
 4.378000e+1	2.341300e-23
 4.379000e+1	2.340100e-23
 4.380000e+1	2.338900e-23
 4.381000e+1	2.337700e-23
 4.382000e+1	2.336500e-23
 4.383000e+1	2.335300e-23
 4.384000e+1	2.334200e-23
 4.385000e+1	2.333000e-23
 4.386000e+1	2.331800e-23
 4.387000e+1	2.330600e-23
 4.388000e+1	2.329400e-23
 4.389000e+1	2.328200e-23
 4.390000e+1	2.327000e-23
 4.391000e+1	2.325800e-23
 4.392000e+1	2.324600e-23
 4.393000e+1	2.323400e-23
 4.394000e+1	2.322300e-23
 4.395000e+1	2.321100e-23
 4.396000e+1	2.319900e-23
 4.397000e+1	2.318700e-23
 4.398000e+1	2.317500e-23
 4.399000e+1	2.316300e-23
 4.400000e+1	2.315200e-23
 4.401000e+1	2.314000e-23
 4.402000e+1	2.312800e-23
 4.403000e+1	2.311600e-23
 4.404000e+1	2.310400e-23
 4.405000e+1	2.309300e-23
 4.406000e+1	2.308100e-23
 4.407000e+1	2.306900e-23
 4.408000e+1	2.305700e-23
 4.409000e+1	2.304600e-23
 4.410000e+1	2.303400e-23
 4.411000e+1	2.302200e-23
 4.412000e+1	2.301100e-23
 4.413000e+1	2.299900e-23
 4.414000e+1	2.298700e-23
 4.415000e+1	2.297600e-23
 4.416000e+1	2.296400e-23
 4.417000e+1	2.295200e-23
 4.418000e+1	2.294100e-23
 4.419000e+1	2.292900e-23
 4.420000e+1	2.291700e-23
 4.421000e+1	2.290600e-23
 4.422000e+1	2.289400e-23
 4.423000e+1	2.288300e-23
 4.424000e+1	2.287100e-23
 4.425000e+1	2.285900e-23
 4.426000e+1	2.284800e-23
 4.427000e+1	2.283600e-23
 4.428000e+1	2.282500e-23
 4.429000e+1	2.281300e-23
 4.430000e+1	2.280200e-23
 4.431000e+1	2.279000e-23
 4.432000e+1	2.277900e-23
 4.433000e+1	2.276700e-23
 4.434000e+1	2.275600e-23
 4.435000e+1	2.274400e-23
 4.436000e+1	2.273300e-23
 4.437000e+1	2.272100e-23
 4.438000e+1	2.271000e-23
 4.439000e+1	2.269800e-23
 4.440000e+1	2.268700e-23
 4.441000e+1	2.267500e-23
 4.442000e+1	2.266400e-23
 4.443000e+1	2.265200e-23
 4.444000e+1	2.264100e-23
 4.445000e+1	2.263000e-23
 4.446000e+1	2.261800e-23
 4.447000e+1	2.260700e-23
 4.448000e+1	2.259500e-23
 4.449000e+1	2.258400e-23
 4.450000e+1	2.257300e-23
 4.451000e+1	2.256100e-23
 4.452000e+1	2.255000e-23
 4.453000e+1	2.253900e-23
 4.454000e+1	2.252700e-23
 4.455000e+1	2.251600e-23
 4.456000e+1	2.250500e-23
 4.457000e+1	2.249300e-23
 4.458000e+1	2.248200e-23
 4.459000e+1	2.247100e-23
 4.460000e+1	2.245900e-23
 4.461000e+1	2.244800e-23
 4.462000e+1	2.243700e-23
 4.463000e+1	2.242600e-23
 4.464000e+1	2.241400e-23
 4.465000e+1	2.240300e-23
 4.466000e+1	2.239200e-23
 4.467000e+1	2.238100e-23
 4.468000e+1	2.237000e-23
 4.469000e+1	2.235800e-23
 4.470000e+1	2.234700e-23
 4.471000e+1	2.233600e-23
 4.472000e+1	2.232500e-23
 4.473000e+1	2.231400e-23
 4.474000e+1	2.230200e-23
 4.475000e+1	2.229100e-23
 4.476000e+1	2.228000e-23
 4.477000e+1	2.226900e-23
 4.478000e+1	2.225800e-23
 4.479000e+1	2.224700e-23
 4.480000e+1	2.223600e-23
 4.481000e+1	2.222400e-23
 4.482000e+1	2.221300e-23
 4.483000e+1	2.220200e-23
 4.484000e+1	2.219100e-23
 4.485000e+1	2.218000e-23
 4.486000e+1	2.216900e-23
 4.487000e+1	2.215800e-23
 4.488000e+1	2.214700e-23
 4.489000e+1	2.213600e-23
 4.490000e+1	2.212500e-23
 4.491000e+1	2.211400e-23
 4.492000e+1	2.210300e-23
 4.493000e+1	2.209200e-23
 4.494000e+1	2.208100e-23
 4.495000e+1	2.207000e-23
 4.496000e+1	2.205900e-23
 4.497000e+1	2.204800e-23
 4.498000e+1	2.203700e-23
 4.499000e+1	2.202600e-23
 4.500000e+1	2.201500e-23
 4.501000e+1	2.200400e-23
 4.502000e+1	2.199300e-23
 4.503000e+1	2.198200e-23
 4.504000e+1	2.197100e-23
 4.505000e+1	2.196000e-23
 4.506000e+1	2.194900e-23
 4.507000e+1	2.193900e-23
 4.508000e+1	2.192800e-23
 4.509000e+1	2.191700e-23
 4.510000e+1	2.190600e-23
 4.511000e+1	2.189500e-23
 4.512000e+1	2.188400e-23
 4.513000e+1	2.187300e-23
 4.514000e+1	2.186300e-23
 4.515000e+1	2.185200e-23
 4.516000e+1	2.184100e-23
 4.517000e+1	2.183000e-23
 4.518000e+1	2.181900e-23
 4.519000e+1	2.180900e-23
 4.520000e+1	2.179800e-23
 4.521000e+1	2.178700e-23
 4.522000e+1	2.177600e-23
 4.523000e+1	2.176500e-23
 4.524000e+1	2.175500e-23
 4.525000e+1	2.174400e-23
 4.526000e+1	2.173300e-23
 4.527000e+1	2.172200e-23
 4.528000e+1	2.171200e-23
 4.529000e+1	2.170100e-23
 4.530000e+1	2.169000e-23
 4.531000e+1	2.168000e-23
 4.532000e+1	2.166900e-23
 4.533000e+1	2.165800e-23
 4.534000e+1	2.164700e-23
 4.535000e+1	2.163700e-23
 4.536000e+1	2.162600e-23
 4.537000e+1	2.161600e-23
 4.538000e+1	2.160500e-23
 4.539000e+1	2.159400e-23
 4.540000e+1	2.158400e-23
 4.541000e+1	2.157300e-23
 4.542000e+1	2.156200e-23
 4.543000e+1	2.155200e-23
 4.544000e+1	2.154100e-23
 4.545000e+1	2.153100e-23
 4.546000e+1	2.152000e-23
 4.547000e+1	2.150900e-23
 4.548000e+1	2.149900e-23
 4.549000e+1	2.148800e-23
 4.550000e+1	2.147800e-23
 4.551000e+1	2.146700e-23
 4.552000e+1	2.145700e-23
 4.553000e+1	2.144600e-23
 4.554000e+1	2.143600e-23
 4.555000e+1	2.142500e-23
 4.556000e+1	2.141500e-23
 4.557000e+1	2.140400e-23
 4.558000e+1	2.139400e-23
 4.559000e+1	2.138300e-23
 4.560000e+1	2.137300e-23
 4.561000e+1	2.136200e-23
 4.562000e+1	2.135200e-23
 4.563000e+1	2.134100e-23
 4.564000e+1	2.133100e-23
 4.565000e+1	2.132000e-23
 4.566000e+1	2.131000e-23
 4.567000e+1	2.129900e-23
 4.568000e+1	2.128900e-23
 4.569000e+1	2.127900e-23
 4.570000e+1	2.126800e-23
 4.571000e+1	2.125800e-23
 4.572000e+1	2.124700e-23
 4.573000e+1	2.123700e-23
 4.574000e+1	2.122700e-23
 4.575000e+1	2.121600e-23
 4.576000e+1	2.120600e-23
 4.577000e+1	2.119600e-23
 4.578000e+1	2.118500e-23
 4.579000e+1	2.117500e-23
 4.580000e+1	2.116500e-23
 4.581000e+1	2.115400e-23
 4.582000e+1	2.114400e-23
 4.583000e+1	2.113400e-23
 4.584000e+1	2.112300e-23
 4.585000e+1	2.111300e-23
 4.586000e+1	2.110300e-23
 4.587000e+1	2.109300e-23
 4.588000e+1	2.108200e-23
 4.589000e+1	2.107200e-23
 4.590000e+1	2.106200e-23
 4.591000e+1	2.105200e-23
 4.592000e+1	2.104100e-23
 4.593000e+1	2.103100e-23
 4.594000e+1	2.102100e-23
 4.595000e+1	2.101100e-23
 4.596000e+1	2.100000e-23
 4.597000e+1	2.099000e-23
 4.598000e+1	2.098000e-23
 4.599000e+1	2.097000e-23
 4.600000e+1	2.096000e-23
 4.601000e+1	2.095000e-23
 4.602000e+1	2.093900e-23
 4.603000e+1	2.092900e-23
 4.604000e+1	2.091900e-23
 4.605000e+1	2.090900e-23
 4.606000e+1	2.089900e-23
 4.607000e+1	2.088900e-23
 4.608000e+1	2.087900e-23
 4.609000e+1	2.086800e-23
 4.610000e+1	2.085800e-23
 4.611000e+1	2.084800e-23
 4.612000e+1	2.083800e-23
 4.613000e+1	2.082800e-23
 4.614000e+1	2.081800e-23
 4.615000e+1	2.080800e-23
 4.616000e+1	2.079800e-23
 4.617000e+1	2.078800e-23
 4.618000e+1	2.077800e-23
 4.619000e+1	2.076800e-23
 4.620000e+1	2.075800e-23
 4.621000e+1	2.074800e-23
 4.622000e+1	2.073800e-23
 4.623000e+1	2.072800e-23
 4.624000e+1	2.071800e-23
 4.625000e+1	2.070800e-23
 4.626000e+1	2.069800e-23
 4.627000e+1	2.068800e-23
 4.628000e+1	2.067800e-23
 4.629000e+1	2.066800e-23
 4.630000e+1	2.065800e-23
 4.631000e+1	2.064800e-23
 4.632000e+1	2.063800e-23
 4.633000e+1	2.062800e-23
 4.634000e+1	2.061800e-23
 4.635000e+1	2.060800e-23
 4.636000e+1	2.059800e-23
 4.637000e+1	2.058800e-23
 4.638000e+1	2.057800e-23
 4.639000e+1	2.056800e-23
 4.640000e+1	2.055900e-23
 4.641000e+1	2.054900e-23
 4.642000e+1	2.053900e-23
 4.643000e+1	2.052900e-23
 4.644000e+1	2.051900e-23
 4.645000e+1	2.050900e-23
 4.646000e+1	2.049900e-23
 4.647000e+1	2.049000e-23
 4.648000e+1	2.048000e-23
 4.649000e+1	2.047000e-23
 4.650000e+1	2.046000e-23
 4.651000e+1	2.045000e-23
 4.652000e+1	2.044100e-23
 4.653000e+1	2.043100e-23
 4.654000e+1	2.042100e-23
 4.655000e+1	2.041100e-23
 4.656000e+1	2.040100e-23
 4.657000e+1	2.039200e-23
 4.658000e+1	2.038200e-23
 4.659000e+1	2.037200e-23
 4.660000e+1	2.036200e-23
 4.661000e+1	2.035300e-23
 4.662000e+1	2.034300e-23
 4.663000e+1	2.033300e-23
 4.664000e+1	2.032300e-23
 4.665000e+1	2.031400e-23
 4.666000e+1	2.030400e-23
 4.667000e+1	2.029400e-23
 4.668000e+1	2.028500e-23
 4.669000e+1	2.027500e-23
 4.670000e+1	2.026500e-23
 4.671000e+1	2.025600e-23
 4.672000e+1	2.024600e-23
 4.673000e+1	2.023600e-23
 4.674000e+1	2.022700e-23
 4.675000e+1	2.021700e-23
 4.676000e+1	2.020700e-23
 4.677000e+1	2.019800e-23
 4.678000e+1	2.018800e-23
 4.679000e+1	2.017800e-23
 4.680000e+1	2.016900e-23
 4.681000e+1	2.015900e-23
 4.682000e+1	2.015000e-23
 4.683000e+1	2.014000e-23
 4.684000e+1	2.013000e-23
 4.685000e+1	2.012100e-23
 4.686000e+1	2.011100e-23
 4.687000e+1	2.010200e-23
 4.688000e+1	2.009200e-23
 4.689000e+1	2.008300e-23
 4.690000e+1	2.007300e-23
 4.691000e+1	2.006400e-23
 4.692000e+1	2.005400e-23
 4.693000e+1	2.004500e-23
 4.694000e+1	2.003500e-23
 4.695000e+1	2.002600e-23
 4.696000e+1	2.001600e-23
 4.697000e+1	2.000700e-23
 4.698000e+1	1.999700e-23
 4.699000e+1	1.998800e-23
 4.700000e+1	1.997800e-23
 4.701000e+1	1.996900e-23
 4.702000e+1	1.995900e-23
 4.703000e+1	1.995000e-23
 4.704000e+1	1.994000e-23
 4.705000e+1	1.993100e-23
 4.706000e+1	1.992100e-23
 4.707000e+1	1.991200e-23
 4.708000e+1	1.990300e-23
 4.709000e+1	1.989300e-23
 4.710000e+1	1.988400e-23
 4.711000e+1	1.987400e-23
 4.712000e+1	1.986500e-23
 4.713000e+1	1.985600e-23
 4.714000e+1	1.984600e-23
 4.715000e+1	1.983700e-23
 4.716000e+1	1.982700e-23
 4.717000e+1	1.981800e-23
 4.718000e+1	1.980900e-23
 4.719000e+1	1.979900e-23
 4.720000e+1	1.979000e-23
 4.721000e+1	1.978100e-23
 4.722000e+1	1.977100e-23
 4.723000e+1	1.976200e-23
 4.724000e+1	1.975300e-23
 4.725000e+1	1.974300e-23
 4.726000e+1	1.973400e-23
 4.727000e+1	1.972500e-23
 4.728000e+1	1.971600e-23
 4.729000e+1	1.970600e-23
 4.730000e+1	1.969700e-23
 4.731000e+1	1.968800e-23
 4.732000e+1	1.967800e-23
 4.733000e+1	1.966900e-23
 4.734000e+1	1.966000e-23
 4.735000e+1	1.965100e-23
 4.736000e+1	1.964100e-23
 4.737000e+1	1.963200e-23
 4.738000e+1	1.962300e-23
 4.739000e+1	1.961400e-23
 4.740000e+1	1.960500e-23
 4.741000e+1	1.959500e-23
 4.742000e+1	1.958600e-23
 4.743000e+1	1.957700e-23
 4.744000e+1	1.956800e-23
 4.745000e+1	1.955900e-23
 4.746000e+1	1.954900e-23
 4.747000e+1	1.954000e-23
 4.748000e+1	1.953100e-23
 4.749000e+1	1.952200e-23
 4.750000e+1	1.951300e-23
 4.751000e+1	1.950400e-23
 4.752000e+1	1.949500e-23
 4.753000e+1	1.948500e-23
 4.754000e+1	1.947600e-23
 4.755000e+1	1.946700e-23
 4.756000e+1	1.945800e-23
 4.757000e+1	1.944900e-23
 4.758000e+1	1.944000e-23
 4.759000e+1	1.943100e-23
 4.760000e+1	1.942200e-23
 4.761000e+1	1.941300e-23
 4.762000e+1	1.940400e-23
 4.763000e+1	1.939400e-23
 4.764000e+1	1.938500e-23
 4.765000e+1	1.937600e-23
 4.766000e+1	1.936700e-23
 4.767000e+1	1.935800e-23
 4.768000e+1	1.934900e-23
 4.769000e+1	1.934000e-23
 4.770000e+1	1.933100e-23
 4.771000e+1	1.932200e-23
 4.772000e+1	1.931300e-23
 4.773000e+1	1.930400e-23
 4.774000e+1	1.929500e-23
 4.775000e+1	1.928600e-23
 4.776000e+1	1.927700e-23
 4.777000e+1	1.926800e-23
 4.778000e+1	1.925900e-23
 4.779000e+1	1.925000e-23
 4.780000e+1	1.924100e-23
 4.781000e+1	1.923200e-23
 4.782000e+1	1.922300e-23
 4.783000e+1	1.921500e-23
 4.784000e+1	1.920600e-23
 4.785000e+1	1.919700e-23
 4.786000e+1	1.918800e-23
 4.787000e+1	1.917900e-23
 4.788000e+1	1.917000e-23
 4.789000e+1	1.916100e-23
 4.790000e+1	1.915200e-23
 4.791000e+1	1.914300e-23
 4.792000e+1	1.913400e-23
 4.793000e+1	1.912500e-23
 4.794000e+1	1.911700e-23
 4.795000e+1	1.910800e-23
 4.796000e+1	1.909900e-23
 4.797000e+1	1.909000e-23
 4.798000e+1	1.908100e-23
 4.799000e+1	1.907200e-23
 4.800000e+1	1.906400e-23
 4.801000e+1	1.905500e-23
 4.802000e+1	1.904600e-23
 4.803000e+1	1.903700e-23
 4.804000e+1	1.902800e-23
 4.805000e+1	1.901900e-23
 4.806000e+1	1.901100e-23
 4.807000e+1	1.900200e-23
 4.808000e+1	1.899300e-23
 4.809000e+1	1.898400e-23
 4.810000e+1	1.897600e-23
 4.811000e+1	1.896700e-23
 4.812000e+1	1.895800e-23
 4.813000e+1	1.894900e-23
 4.814000e+1	1.894100e-23
 4.815000e+1	1.893200e-23
 4.816000e+1	1.892300e-23
 4.817000e+1	1.891400e-23
 4.818000e+1	1.890600e-23
 4.819000e+1	1.889700e-23
 4.820000e+1	1.888800e-23
 4.821000e+1	1.887900e-23
 4.822000e+1	1.887100e-23
 4.823000e+1	1.886200e-23
 4.824000e+1	1.885300e-23
 4.825000e+1	1.884500e-23
 4.826000e+1	1.883600e-23
 4.827000e+1	1.882700e-23
 4.828000e+1	1.881900e-23
 4.829000e+1	1.881000e-23
 4.830000e+1	1.880100e-23
 4.831000e+1	1.879300e-23
 4.832000e+1	1.878400e-23
 4.833000e+1	1.877500e-23
 4.834000e+1	1.876700e-23
 4.835000e+1	1.875800e-23
 4.836000e+1	1.875000e-23
 4.837000e+1	1.874100e-23
 4.838000e+1	1.873200e-23
 4.839000e+1	1.872400e-23
 4.840000e+1	1.871500e-23
 4.841000e+1	1.870700e-23
 4.842000e+1	1.869800e-23
 4.843000e+1	1.868900e-23
 4.844000e+1	1.868100e-23
 4.845000e+1	1.867200e-23
 4.846000e+1	1.866400e-23
 4.847000e+1	1.865500e-23
 4.848000e+1	1.864700e-23
 4.849000e+1	1.863800e-23
 4.850000e+1	1.863000e-23
 4.851000e+1	1.862100e-23
 4.852000e+1	1.861200e-23
 4.853000e+1	1.860400e-23
 4.854000e+1	1.859500e-23
 4.855000e+1	1.858700e-23
 4.856000e+1	1.857800e-23
 4.857000e+1	1.857000e-23
 4.858000e+1	1.856100e-23
 4.859000e+1	1.855300e-23
 4.860000e+1	1.854400e-23
 4.861000e+1	1.853600e-23
 4.862000e+1	1.852800e-23
 4.863000e+1	1.851900e-23
 4.864000e+1	1.851100e-23
 4.865000e+1	1.850200e-23
 4.866000e+1	1.849400e-23
 4.867000e+1	1.848500e-23
 4.868000e+1	1.847700e-23
 4.869000e+1	1.846800e-23
 4.870000e+1	1.846000e-23
 4.871000e+1	1.845200e-23
 4.872000e+1	1.844300e-23
 4.873000e+1	1.843500e-23
 4.874000e+1	1.842600e-23
 4.875000e+1	1.841800e-23
 4.876000e+1	1.841000e-23
 4.877000e+1	1.840100e-23
 4.878000e+1	1.839300e-23
 4.879000e+1	1.838500e-23
 4.880000e+1	1.837600e-23
 4.881000e+1	1.836800e-23
 4.882000e+1	1.835900e-23
 4.883000e+1	1.835100e-23
 4.884000e+1	1.834300e-23
 4.885000e+1	1.833400e-23
 4.886000e+1	1.832600e-23
 4.887000e+1	1.831800e-23
 4.888000e+1	1.830900e-23
 4.889000e+1	1.830100e-23
 4.890000e+1	1.829300e-23
 4.891000e+1	1.828500e-23
 4.892000e+1	1.827600e-23
 4.893000e+1	1.826800e-23
 4.894000e+1	1.826000e-23
 4.895000e+1	1.825100e-23
 4.896000e+1	1.824300e-23
 4.897000e+1	1.823500e-23
 4.898000e+1	1.822700e-23
 4.899000e+1	1.821800e-23
 4.900000e+1	1.821000e-23
 4.901000e+1	1.820200e-23
 4.902000e+1	1.819400e-23
 4.903000e+1	1.818500e-23
 4.904000e+1	1.817700e-23
 4.905000e+1	1.816900e-23
 4.906000e+1	1.816100e-23
 4.907000e+1	1.815200e-23
 4.908000e+1	1.814400e-23
 4.909000e+1	1.813600e-23
 4.910000e+1	1.812800e-23
 4.911000e+1	1.812000e-23
 4.912000e+1	1.811200e-23
 4.913000e+1	1.810300e-23
 4.914000e+1	1.809500e-23
 4.915000e+1	1.808700e-23
 4.916000e+1	1.807900e-23
 4.917000e+1	1.807100e-23
 4.918000e+1	1.806300e-23
 4.919000e+1	1.805400e-23
 4.920000e+1	1.804600e-23
 4.921000e+1	1.803800e-23
 4.922000e+1	1.803000e-23
 4.923000e+1	1.802200e-23
 4.924000e+1	1.801400e-23
 4.925000e+1	1.800600e-23
 4.926000e+1	1.799800e-23
 4.927000e+1	1.798900e-23
 4.928000e+1	1.798100e-23
 4.929000e+1	1.797300e-23
 4.930000e+1	1.796500e-23
 4.931000e+1	1.795700e-23
 4.932000e+1	1.794900e-23
 4.933000e+1	1.794100e-23
 4.934000e+1	1.793300e-23
 4.935000e+1	1.792500e-23
 4.936000e+1	1.791700e-23
 4.937000e+1	1.790900e-23
 4.938000e+1	1.790100e-23
 4.939000e+1	1.789300e-23
 4.940000e+1	1.788500e-23
 4.941000e+1	1.787700e-23
 4.942000e+1	1.786900e-23
 4.943000e+1	1.786100e-23
 4.944000e+1	1.785300e-23
 4.945000e+1	1.784500e-23
 4.946000e+1	1.783700e-23
 4.947000e+1	1.782900e-23
 4.948000e+1	1.782100e-23
 4.949000e+1	1.781300e-23
 4.950000e+1	1.780500e-23
 4.951000e+1	1.779700e-23
 4.952000e+1	1.778900e-23
 4.953000e+1	1.778100e-23
 4.954000e+1	1.777300e-23
 4.955000e+1	1.776500e-23
 4.956000e+1	1.775700e-23
 4.957000e+1	1.774900e-23
 4.958000e+1	1.774100e-23
 4.959000e+1	1.773300e-23
 4.960000e+1	1.772500e-23
 4.961000e+1	1.771700e-23
 4.962000e+1	1.770900e-23
 4.963000e+1	1.770100e-23
 4.964000e+1	1.769300e-23
 4.965000e+1	1.768600e-23
 4.966000e+1	1.767800e-23
 4.967000e+1	1.767000e-23
 4.968000e+1	1.766200e-23
 4.969000e+1	1.765400e-23
 4.970000e+1	1.764600e-23
 4.971000e+1	1.763800e-23
 4.972000e+1	1.763000e-23
 4.973000e+1	1.762300e-23
 4.974000e+1	1.761500e-23
 4.975000e+1	1.760700e-23
 4.976000e+1	1.759900e-23
 4.977000e+1	1.759100e-23
 4.978000e+1	1.758300e-23
 4.979000e+1	1.757600e-23
 4.980000e+1	1.756800e-23
 4.981000e+1	1.756000e-23
 4.982000e+1	1.755200e-23
 4.983000e+1	1.754400e-23
 4.984000e+1	1.753700e-23
 4.985000e+1	1.752900e-23
 4.986000e+1	1.752100e-23
 4.987000e+1	1.751300e-23
 4.988000e+1	1.750500e-23
 4.989000e+1	1.749800e-23
 4.990000e+1	1.749000e-23
 4.991000e+1	1.748200e-23
 4.992000e+1	1.747400e-23
 4.993000e+1	1.746700e-23
 4.994000e+1	1.745900e-23
 4.995000e+1	1.745100e-23
 4.996000e+1	1.744300e-23
 4.997000e+1	1.743600e-23
 4.998000e+1	1.742800e-23
 4.999000e+1	1.742000e-23
 5.000000e+1	1.741200e-23
-----------------------------
xxxxxxxxxxxxxxxxxxxxxxxxxxxxxxxxxxxxxxxxxxxxxxxxxxxxxxxxxxxxxxxxxxxxxxxxxxxxxxxxxxxxxxxxxxxxxxxxxxxxxxxxxxxxxxxxxxxxxxxx