NDIME= 2
NELEM= 18835
5 3946 4984 4647 0
5 4116 9125 4118 1
5 3743 3851 3797 2
5 5357 9006 5356 3
5 8649 8770 4923 4
5 5462 8692 5323 5
5 682 8971 5972 6
5 3795 4532 4518 7
5 5291 9563 5342 8
5 5972 8971 5095 9
5 5521 5815 5520 10
5 4655 4710 4464 11
5 3722 4500 3911 12
5 5572 9363 8353 13
5 3813 4547 3814 14
5 4696 9710 3686 15
5 3859 4695 3751 16
5 5323 9020 5462 17
5 4677 8776 5882 18
5 3831 4605 3929 19
5 3813 4549 4547 20
5 5293 5338 5337 21
5 8236 8784 8237 22
5 5735 5827 4662 23
5 8438 8439 4715 24
5 5521 6148 5815 25
5 902 6049 5658 26
5 8496 8497 4158 27
5 6200 6201 5098 28
5 3794 8816 3336 29
5 5844 5849 5848 30
5 8825 8909 5081 31
5 5336 8863 5296 32
5 4482 5735 4662 33
5 5824 7114 2021 34
5 3726 8660 4569 35
5 8712 8966 8140 36
5 4500 4683 3911 37
5 3913 8768 3861 38
5 4545 5818 3759 39
5 5124 6059 3126 40
5 3422 4491 3420 41
5 3290 8216 4712 42
5 5324 7131 5980 43
5 4162 4606 4160 44
5 8195 9031 4577 45
5 5896 9068 5156 46
5 6137 8966 8712 47
5 5125 8994 3395 48
5 4605 4934 3929 49
5 3621 5029 3620 50
5 3896 3897 3387 51
5 2079 6161 2015 52
5 3752 8867 3860 53
5 8775 8914 3818 54
5 3899 8601 3811 55
5 5611 8502 4696 56
5 5806 8939 4695 57
5 3896 9271 3897 58
5 5742 5760 5746 59
5 4142 4148 4143 60
5 3704 8934 5662 61
5 3766 5217 3793 62
5 5989 8935 903 63
5 8283 8345 8214 64
5 2021 6147 5824 65
5 8857 8897 5015 66
5 3609 9239 5206 67
5 5076 7094 3031 68
5 3393 3742 3391 69
5 5271 5336 5296 70
5 4485 4690 3924 71
5 3369 8832 4517 72
5 3912 5056 4645 73
5 5830 8657 3826 74
5 4665 4671 3896 75
5 3490 5780 4975 76
5 3946 4647 3469 77
5 3895 4654 3671 78
5 3424 5720 5718 79
5 5048 8345 8283 80
5 3846 5080 5064 81
5 5883 5991 882 82
5 5780 9047 4975 83
5 5837 9095 8639 84
5 5759 5892 830 85
5 4559 5864 5593 86
5 5682 9643 6133 87
5 4599 4600 3946 88
5 3490 4974 3422 89
5 5673 8451 3907 90
5 4803 9409 4808 91
5 4648 4649 3895 92
5 3717 5106 3715 93
5 6205 8600 7172 94
5 5293 5339 5338 95
5 3895 8893 4654 96
5 4505 5548 5547 97
5 4486 4639 4485 98
5 4632 8951 3795 99
5 8655 9153 946 100
5 5682 6133 5407 101
5 3417 3772 3415 102
5 4625 5616 4626 103
5 8181 9603 4517 104
5 3404 8816 3803 105
5 462 8628 813 106
5 5561 6183 696 107
5 3403 5027 3369 108
5 6179 8436 6180 109
5 882 8850 5883 110
5 5537 8546 2360 111
5 5384 9169 3726 112
5 5505 9226 3886 113
5 738 8909 8825 114
5 893 5610 5608 115
5 6243 9151 8170 116
5 5027 8832 3369 117
5 5603 9150 8466 118
5 5084 9442 3780 119
5 4571 4572 3445 120
5 3795 4518 3796 121
5 8778 8825 5081 122
5 5557 5946 2359 123
5 4707 8778 5081 124
5 3758 5160 5159 125
5 3837 4930 3835 126
5 4493 4526 3757 127
5 5217 5218 3793 128
5 5577 5784 2433 129
5 5394 5811 5398 130
5 5428 5812 5432 131
5 5605 9150 5603 132
5 4634 9718 9533 133
5 813 8628 5821 134
5 5704 5705 3816 135
5 4945 4946 3807 136
5 735 5816 5223 137
5 690 5815 5490 138
5 662 5817 5364 139
5 4514 8804 5796 140
5 5532 5533 3805 141
5 4118 4149 4121 142
5 3819 4603 3937 143
5 59 6183 58 144
5 3694 8678 5902 145
5 5591 8591 5329 146
5 889 8593 8258 147
5 696 6182 5561 148
5 3329 4632 3795 149
5 3862 3913 3861 150
5 7172 8600 2383 151
5 5137 9679 3778 152
5 7090 9420 4959 153
5 7089 7090 4959 154
5 2365 5875 2296 155
5 5662 9568 3704 156
5 2433 5695 5577 157
5 721 8405 5522 158
5 3687 5068 3885 159
5 3705 9423 3912 160
5 5705 9729 3816 161
5 5470 8981 293 162
5 5318 8983 339 163
5 4803 4808 4801 164
5 673 6064 5620 165
5 3798 8767 3744 166
5 912 8615 5802 167
5 3912 4645 3705 168
5 5957 8217 828 169
5 3872 5091 4541 170
5 5302 5321 5309 171
5 4551 8393 5915 172
5 3775 5137 3778 173
5 8258 8593 5869 174
5 5076 9688 7094 175
5 120 8190 119 176
5 3811 8601 4497 177
5 4804 4807 4803 178
5 3701 5184 3699 179
5 5689 9587 3351 180
5 4526 5212 3757 181
5 5678 5808 707 182
5 3377 9391 3850 183
5 5682 9120 4950 184
5 3809 6078 5641 185
5 5037 8755 2941 186
5 5563 8303 697 187
5 6080 8948 7148 188
5 4635 8496 4158 189
5 8608 8985 4688 190
5 5458 8587 5457 191
5 3031 9335 5076 192
5 5555 8224 880 193
5 5593 8851 4559 194
5 5774 8660 5511 195
5 3021 8997 5859 196
5 8503 8633 5249 197
5 5980 7131 1934 198
5 5439 5692 5440 199
5 5298 5320 5300 200
5 3750 3846 3483 201
5 3907 8451 4983 202
5 2064 5597 2139 203
5 5322 5808 5678 204
5 4978 4981 4980 205
5 7148 8833 6080 206
5 2014 6161 5687 207
5 4997 8529 5791 208
5 6073 8751 8538 209
5 4923 8770 7780 210
5 5802 8802 912 211
5 8236 8783 5113 212
5 3351 9221 5689 213
5 903 8945 5989 214
5 4603 8543 8243 215
5 5098 6201 5020 216
5 3837 9098 4931 217
5 685 8256 5643 218
5 4142 4143 4137 219
5 3407 9613 4978 220
5 3621 9686 5029 221
5 828 8218 5957 222
5 4625 6063 5616 223
5 5522 8405 5523 224
5 3177 6008 3179 225
5 5795 8831 4993 226
5 4572 5986 3445 227
5 5456 8912 5813 228
5 2360 8642 5537 229
5 3851 9088 3797 230
5 9142 9165 8261 231
5 8840 9075 3804 232
5 4696 8515 5611 233
5 2015 6161 2014 234
5 4923 7780 5958 235
5 5952 5953 5236 236
5 5395 5521 5520 237
5 5522 5523 5501 238
5 5524 5576 5240 239
5 3766 9142 5217 240
5 4502 4682 4501 241
5 3772 5116 3415 242
5 3610 9239 3609 243
5 3731 4564 3733 244
5 4123 9151 6243 245
5 3369 4517 3335 246
5 3808 4945 3807 247
5 3321 4655 4464 248
5 3395 5082 3393 249
5 4713 5079 3493 250
5 5348 5349 721 251
5 5488 5686 816 252
5 5474 5476 824 253
5 5503 5692 5439 254
5 3403 5939 5027 255
5 3742 8196 5672 256
5 5199 5201 3385 257
5 4543 9625 3760 258
5 6002 9073 3826 259
5 4513 6059 5124 260
5 3385 8613 5199 261
5 5217 5219 5218 262
5 326 5447 5388 263
5 373 5816 735 264
5 300 5498 682 265
5 464 5348 721 266
5 414 5474 824 267
5 391 5464 689 268
5 384 5416 728 269
5 456 5817 662 270
5 4 5446 822 271
5 423 5488 816 272
5 5462 5678 329 273
5 389 5443 814 274
5 409 5497 705 275
5 310 5350 758 276
5 421 5815 690 277
5 332 5503 5439 278
5 3831 3929 3368 279
5 4596 8775 3818 280
5 7094 9688 8489 281
5 4654 8847 8391 282
5 3743 3797 3744 283
5 5906 8693 3855 284
5 6294 9265 5586 285
5 8678 9699 4474 286
5 3812 8876 3900 287
5 3417 3773 3772 288
5 5557 8936 3739 289
5 4585 4624 4623 290
5 3843 5928 3840 291
5 5483 5598 692 292
5 5395 5520 661 293
5 5401 5519 5403 294
5 5499 5522 5501 295
5 724 5508 5506 296
5 5392 5811 5394 297
5 818 5812 5428 298
5 5238 5524 5240 299
5 3886 8871 5505 300
5 4949 9519 4919 301
5 3807 9361 3488 302
5 5651 8327 773 303
5 5849 5850 5848 304
5 3867 5726 3868 305
5 2820 5656 3323 306
5 5103 8452 7184 307
5 5145 5146 4525 308
5 4484 9294 5903 309
5 5903 9294 5691 310
5 3490 4975 4974 311
5 3839 9098 3837 312
5 4517 8183 8182 313
5 3846 5064 3483 314
5 4950 9643 5682 315
5 4712 8215 4927 316
5 3797 4625 3798 317
5 4919 9519 5686 318
5 6126 9117 1854 319
5 3407 4978 3006 320
5 5601 8289 918 321
5 5468 8469 427 322
5 806 8186 8173 323
5 7184 9337 5103 324
5 8173 8186 5525 325
5 4501 9733 3467 326
5 4802 4803 4801 327
5 697 8859 5563 328
5 8834 9728 5320 329
5 6241 9079 6243 330
5 3757 9709 3756 331
5 849 8337 8197 332
5 8197 8337 8019 333
5 5958 7780 2501 334
5 8165 8171 5516 335
5 3773 3818 3772 336
5 5516 8171 5515 337
5 5029 5031 5030 338
5 7281 8193 3869 339
5 4662 5675 3942 340
5 7179 8816 3794 341
5 754 8347 8340 342
5 5661 8840 3804 343
5 5106 6188 3715 344
5 8760 9429 5141 345
5 8340 8347 5540 346
5 4627 8767 3798 347
5 6148 8555 3915 348
5 5271 9364 5336 349
5 3331 9731 4715 350
5 5722 5723 5720 351
5 4464 8216 3290 352
5 847 8365 8362 353
5 3826 8657 6002 354
5 8362 8365 8063 355
5 4493 4527 4526 356
5 719 8379 8372 357
5 4537 4614 4490 358
5 8372 8379 5065 359
5 5696 6106 3763 360
5 7132 8748 5278 361
5 3861 8768 4602 362
5 5530 5532 3805 363
5 9142 9707 4570 364
5 5704 5706 5705 365
5 5112 5113 3727 366
5 856 8388 8384 367
5 3736 9288 4553 368
5 3386 3896 3387 369
5 4686 8237 3817 370
5 8384 8388 5556 371
5 806 8173 5515 372
5 5515 8171 806 373
5 5329 8896 5591 374
5 749 8397 8394 375
5 8394 8397 5559 376
5 6133 9643 4576 377
5 855 8402 8399 378
5 4135 4142 4137 379
5 8399 8402 6675 380
5 4927 8212 3845 381
5 3850 5019 5018 382
5 3282 8849 5086 383
5 3872 4541 3874 384
5 3693 8841 3691 385
5 763 8413 8407 386
5 4649 4936 3895 387
5 8407 8413 6672 388
5 5249 9596 8503 389
5 4143 5694 4145 390
5 3694 5902 5684 391
5 830 8494 5759 392
5 4526 5213 5212 393
5 851 8422 8420 394
5 8420 8422 7963 395
5 3402 5680 2432 396
5 849 8197 5525 397
5 5525 8186 849 398
5 8347 8356 5540 399
5 5540 8356 5539 400
5 3486 9006 5357 401
5 1854 8920 6126 402
5 770 8450 8444 403
5 3739 5946 5557 404
5 8444 8450 6650 405
5 5220 9142 8261 406
5 5443 5923 814 407
5 860 8461 8454 408
5 8454 8461 7221 409
5 4523 8735 5193 410
5 3812 3899 3811 411
5 5079 9571 3493 412
5 8538 8751 891 413
5 826 8467 8464 414
5 8464 8467 5071 415
5 7131 8748 7132 416
5 5925 8890 3001 417
5 4677 9655 8776 418
5 3755 9537 8677 419
5 5674 8779 8506 420
5 8503 9014 8633 421
5 5692 8623 5440 422
5 3422 8990 4491 423
5 5670 6176 5177 424
5 767 8483 8478 425
5 8478 8483 8110 426
5 754 8340 8019 427
5 8019 8337 754 428
5 5302 5309 5304 429
5 3389 9032 4577 430
5 873 8491 8487 431
5 8487 8491 6666 432
5 5462 9020 5678 433
5 3753 8959 3882 434
5 5344 9064 6981 435
5 761 8505 8500 436
5 8500 8505 6902 437
5 5619 6133 4576 438
5 3696 9539 3819 439
5 8379 8382 5065 440
5 5065 8382 5622 441
5 864 8514 8512 442
5 8512 8514 7233 443
5 4532 5595 4518 444
5 3736 9669 3457 445
5 5554 8972 4621 446
5 747 8523 8518 447
5 8518 8523 6523 448
5 8165 9067 836 449
5 6066 6067 5143 450
5 5608 5913 893 451
5 8740 8749 8390 452
5 863 8528 8526 453
5 8526 8528 5618 454
5 5590 6147 2326 455
5 4491 4976 3420 456
5 8517 9526 8944 457
5 5170 9172 8631 458
5 720 8541 8536 459
5 8536 8541 6533 460
5 5586 8459 6294 461
5 847 8362 5539 462
5 5539 8356 847 463
5 2326 9510 5590 464
5 5334 8877 5270 465
5 4671 4673 3896 466
5 3819 3937 3820 467
5 3940 4950 3881 468
5 862 8545 8544 469
5 8544 8545 5647 470
5 5178 6066 5078 471
5 4585 4623 4622 472
5 3719 3887 3717 473
5 6171 6172 1678 474
5 249 6154 248 475
5 8238 8259 8235 476
5 753 8558 8552 477
5 5760 8925 5746 478
5 8552 8558 6970 479
5 5928 5930 3839 480
5 3751 8939 3722 481
5 3735 4949 4919 482
5 2933 8357 6090 483
5 872 8563 8561 484
5 8561 8563 6489 485
5 4936 8893 3895 486
5 8415 8452 4563 487
5 5871 8916 3683 488
5 4978 4980 4979 489
5 765 8572 8565 490
5 8565 8572 6490 491
5 4541 5088 4542 492
5 6981 9249 5344 493
5 719 8372 8063 494
5 8063 8365 719 495
5 3735 4919 4918 496
5 5706 5786 5705 497
5 4544 4646 4543 498
5 871 8577 8575 499
5 6180 8436 890 500
5 8575 8577 5663 501
5 5944 7280 2039 502
5 3741 8968 5035 503
5 5823 9352 715 504
5 740 8831 5795 505
5 837 8901 8609 506
5 775 8583 8579 507
5 8240 8819 884 508
5 8579 8583 6366 509
5 4957 5077 4955 510
5 672 8602 5524 511
5 3859 5001 4695 512
5 827 8607 8603 513
5 8603 8607 7545 514
5 5208 5209 2965 515
5 4527 9336 4526 516
5 866 8614 8610 517
5 8610 8614 7832 518
5 8415 9017 6775 519
5 5497 6038 705 520
5 4551 5915 5083 521
5 3893 4664 3928 522
5 3148 3693 3691 523
5 4956 4957 4955 524
5 774 8619 8616 525
5 8616 8619 6551 526
5 5885 8571 739 527
5 917 8490 6012 528
5 3321 4464 3290 529
5 4518 4718 4519 530
5 5791 8529 729 531
5 5468 8970 8469 532
5 876 8626 8622 533
5 3882 3940 3881 534
5 8622 8626 6548 535
5 4563 8452 5103 536
5 5721 5722 5720 537
5 856 8384 5622 538
5 5622 8382 856 539
5 8609 8901 5683 540
5 5523 9393 6006 541
5 6067 8663 5143 542
5 4569 8660 5774 543
5 739 8571 320 544
5 764 8632 8630 545
5 8630 8632 7652 546
5 8944 9526 5535 547
5 3867 8961 5726 548
5 899 8874 6088 549
5 5343 9563 5291 550
5 4571 4687 4572 551
5 3331 9663 3485 552
5 4597 4598 3736 553
5 869 8641 8636 554
5 8636 8641 8016 555
5 4547 4988 4548 556
5 5587 8569 5507 557
5 6008 6077 3179 558
5 3474 9660 3893 559
5 8885 9256 6196 560
5 750 8652 8647 561
5 3940 9643 4950 562
5 8647 8652 6714 563
5 5801 8724 8715 564
5 3360 8163 5949 565
5 868 8661 8656 566
5 8656 8661 7746 567
5 8377 8760 5141 568
5 749 8394 5556 569
5 5556 8388 749 570
5 5193 8383 4523 571
5 9131 9383 6072 572
5 4974 8990 3422 573
5 805 8670 8666 574
5 4126 4141 4128 575
5 8666 8670 5698 576
5 4689 8608 4688 577
5 5113 8785 3727 578
5 3780 9442 3782 579
5 5389 9120 432 580
5 2999 3751 3722 581
5 4162 4685 4606 582
5 834 8680 8674 583
5 8674 8680 7911 584
5 5160 5161 5159 585
5 5826 8668 5275 586
5 3748 8336 6112 587
5 875 8688 8683 588
5 8683 8688 7914 589
5 3800 3946 3469 590
5 3803 8816 7180 591
5 4622 8911 2906 592
5 8467 8474 5071 593
5 5071 8474 5667 594
5 2966 5208 2965 595
5 5612 5974 5461 596
5 855 8399 5559 597
5 5559 8397 855 598
5 918 9225 5601 599
5 3729 9087 3731 600
5 5510 5774 5511 601
5 4687 4688 4572 602
5 790 9010 5681 603
5 3778 4494 3780 604
5 8599 9299 3913 605
5 4160 9533 4157 606
5 3837 4931 4930 607
5 8506 8779 908 608
5 3926 4485 3924 609
5 5665 8635 5666 610
5 5093 9408 8199 611
5 4505 5547 5546 612
5 3860 8867 3908 613
5 689 8897 8857 614
5 8298 9034 5758 615
5 724 8885 5508 616
5 5586 8858 8459 617
5 763 8407 6675 618
5 6675 8402 763 619
5 715 8325 5823 620
5 5029 5099 5031 621
5 4491 5551 4976 622
5 3750 3847 3846 623
5 5598 8904 692 624
5 8777 8861 5328 625
5 3879 5166 5010 626
5 449 5414 450 627
5 338 5318 339 628
5 292 5470 293 629
5 434 5408 435 630
5 5519 9108 5403 631
5 3897 5038 4554 632
5 6066 8419 5078 633
5 5496 8857 6078 634
5 3879 5010 5009 635
5 5464 8897 689 636
5 5174 8191 6040 637
5 5524 8602 5576 638
5 3900 8876 4481 639
5 6012 8490 5700 640
5 3811 9660 3474 641
5 5082 9038 3393 642
5 5665 8856 8635 643
5 5068 5619 3885 644
5 3397 5125 3395 645
5 4514 9705 3437 646
5 5660 8713 3484 647
5 3824 3895 3671 648
5 3420 9513 3403 649
5 3797 4641 4625 650
5 8353 9363 4596 651
5 851 8420 6672 652
5 6672 8413 851 653
5 4552 9614 5822 654
5 5134 9383 9131 655
5 6088 8874 5758 656
5 5177 9273 5670 657
5 3771 5192 3823 658
5 432 9120 736 659
5 3900 3941 3899 660
5 3861 9690 3464 661
5 4149 5052 4121 662
5 1592 6704 1607 663
5 4975 8224 5555 664
5 5066 5983 5067 665
5 902 9021 6049 666
5 4577 9032 8195 667
5 3752 3859 3751 668
5 770 8444 7963 669
5 7963 8422 770 670
5 5976 6278 1161 671
5 5124 8804 4513 672
5 3860 3906 3859 673
5 5321 5322 5309 674
5 8237 8784 3817 675
5 3844 9650 3410 676
5 3881 9512 3753 677
5 5180 6095 4153 678
5 5267 5316 5269 679
5 3347 3769 3346 680
5 5876 5977 3461 681
5 3005 4587 3743 682
5 3722 3911 3880 683
5 5672 8195 3742 684
5 5192 5793 3823 685
5 8617 9033 4972 686
5 5758 9034 5737 687
5 8459 8858 2127 688
5 3709 9737 5059 689
5 8665 9628 5048 690
5 5350 9398 758 691
5 8819 9102 8738 692
5 860 8454 6650 693
5 6650 8450 860 694
5 6243 9079 4123 695
5 8528 8532 5618 696
5 5618 8532 5617 697
5 4662 8743 5675 698
5 946 9153 948 699
5 5544 8891 4701 700
5 4807 5022 4803 701
5 3843 5929 5928 702
5 5178 9136 703 703
5 3347 9694 3769 704
5 6062 8889 5380 705
5 4957 5157 5077 706
5 5837 8639 3014 707
5 5572 8353 5573 708
5 5291 5342 5289 709
5 8156 8829 2799 710
5 4705 7630 7281 711
5 3457 9669 3729 712
5 4161 4162 4160 713
5 4518 9741 4718 714
5 5996 7263 839 715
5 4554 5901 4679 716
5 3927 9717 3864 717
5 8283 8346 5048 718
5 3691 8841 4474 719
5 3771 3823 3701 720
5 2439 9713 5069 721
5 3875 9074 3463 722
5 2218 5693 2216 723
5 4927 8215 8209 724
5 5337 9243 5283 725
5 4513 4514 3437 726
5 507 9240 8757 727
5 5737 9034 5735 728
5 826 8464 7221 729
5 7221 8461 826 730
5 4916 6029 5576 731
5 5206 6141 3609 732
5 5915 8393 5467 733
5 2464 5733 2974 734
5 5796 8805 4514 735
5 3926 4486 4485 736
5 5498 8790 682 737
5 5735 9034 5827 738
5 5548 5549 5547 739
5 2939 5037 2941 740
5 5447 9380 5388 741
5 5306 6016 5315 742
5 5144 5145 4525 743
5 4145 4951 4147 744
5 940 6084 5962 745
5 5286 9313 5293 746
5 5416 8631 728 747
5 8545 8548 5647 748
5 5773 5906 4530 749
5 5647 8548 5646 750
5 4614 5066 4490 751
5 8238 8239 779 752
5 709 8778 8403 753
5 5776 5810 4568 754
5 4537 4615 4614 755
5 5446 8695 822 756
5 5870 5871 3683 757
5 5037 8555 5676 758
5 5940 5941 5027 759
5 4598 4698 3736 760
5 3671 9163 3672 761
5 3463 9074 5075 762
5 2925 5872 5870 763
5 767 8478 5667 764
5 5667 8474 767 765
5 3700 3701 3699 766
5 3815 9644 3764 767
5 913 6044 5933 768
5 3827 5891 5876 769
5 4954 4955 4806 770
5 880 8225 5555 771
5 5015 8897 5014 772
5 3424 5721 5720 773
5 4639 4669 4485 774
5 4594 5735 4482 775
5 3000 5384 3726 776
5 3893 5142 4664 777
5 3929 5094 3368 778
5 4612 9132 5897 779
5 3732 9075 3730 780
5 3741 5035 5034 781
5 5516 9067 8165 782
5 5414 9284 450 783
5 5865 9065 5154 784
5 5210 8953 3920 785
5 3290 4712 3288 786
5 4135 5017 4142 787
5 3686 9602 3105 788
5 5643 8498 685 789
5 3334 3815 3764 790
5 3014 5875 2365 791
5 2180 6087 5600 792
5 5813 8912 2770 793
5 29 8164 28 794
5 3897 4554 3898 795
5 3464 9690 3879 796
5 931 8762 8635 797
5 3377 5018 2424 798
5 5316 5826 5800 799
5 873 8487 8110 800
5 8110 8483 873 801
5 2359 5558 5557 802
5 6028 8154 5860 803
5 5944 8193 7280 804
5 2296 5875 2298 805
5 3726 9169 8660 806
5 706 8608 5915 807
5 3847 3886 3846 808
5 5826 9162 8668 809
5 3738 9452 2938 810
5 9097 9328 5873 811
5 5180 9266 6095 812
5 5727 5729 905 813
5 8757 9240 6055 814
5 5051 5893 5651 815
5 5720 5723 5719 816
5 4559 9610 5864 817
5 8239 8240 779 818
5 5080 8676 5064 819
5 8635 8762 5666 820
5 3135 5124 3126 821
5 2890 9458 3931 822
5 791 8190 120 823
5 5109 9256 8885 824
5 5833 5834 5832 825
5 3288 3845 3286 826
5 5504 9226 5505 827
5 761 8500 6666 828
5 6666 8491 761 829
5 8631 9172 728 830
5 4576 6117 5619 831
5 3694 5684 3695 832
5 5174 6040 5172 833
5 3763 6187 5696 834
5 3443 9391 3377 835
5 5533 8974 3805 836
5 3288 9689 3845 837
5 5649 9597 8754 838
5 8633 9464 5249 839
5 3699 9598 3666 840
5 4641 9668 4625 841
5 4517 8182 8181 842
5 5184 8979 3699 843
5 1678 6193 6171 844
5 5600 8423 2180 845
5 4802 4804 4803 846
5 3850 5021 5019 847
5 5681 9010 5023 848
5 8583 8595 6366 849
5 3467 4502 4501 850
5 6366 8595 6583 851
5 5656 9312 3323 852
5 3914 9703 3739 853
5 8439 8440 4715 854
5 5978 8978 3888 855
5 6972 8770 3439 856
5 8244 8346 699 857
5 6006 9393 8841 858
5 4584 9632 3450 859
5 3726 9661 3002 860
5 4625 9668 6063 861
5 293 8981 668 862
5 339 8983 744 863
5 4547 4548 3814 864
5 864 8512 6902 865
5 6902 8505 864 866
5 4640 9102 8819 867
5 3941 5127 3899 868
5 925 5856 5699 869
5 5788 8569 4507 870
5 680 6003 6001 871
5 5797 8796 2925 872
5 5113 8784 8236 873
5 5890 8516 5342 874
5 8214 9278 8283 875
5 5507 8569 5788 876
5 4541 4542 3874 877
5 5339 5340 5338 878
5 4529 5186 4636 879
5 8754 9597 3776 880
5 4975 5555 4974 881
5 3319 9702 3690 882
5 3397 9623 5125 883
5 2890 9479 5176 884
5 5205 9352 5823 885
5 3078 9460 3714 886
5 5566 9092 4535 887
5 5833 6197 5834 888
5 6427 8956 521 889
5 802 5948 5828 890
5 3440 8689 8646 891
5 5589 9065 5865 892
5 5249 9464 5247 893
5 4603 5658 3937 894
5 3756 9631 3358 895
5 4563 9017 8415 896
5 3840 5928 3839 897
5 5468 9288 8970 898
5 3450 9632 4585 899
5 747 8518 7233 900
5 7233 8514 747 901
5 5010 5681 5023 902
5 5939 5940 5027 903
5 5495 8857 5496 904
5 3021 5859 3020 905
5 521 9062 6427 906
5 5968 6129 939 907
5 4170 9033 8617 908
5 58 6183 932 909
5 696 6183 59 910
5 4166 5014 4164 911
5 5186 5526 4636 912
5 3822 9635 3867 913
5 3439 8946 6972 914
5 5723 6073 5719 915
5 4655 4986 4710 916
5 3474 3928 2914 917
5 8543 9295 8243 918
5 4153 9227 5180 919
5 4700 9705 8805 920
5 5744 5760 5742 921
5 4665 4672 4671 922
5 3000 3726 3002 923
5 4307 8937 5926 924
5 5652 8921 8786 925
5 2820 5657 5656 926
5 342 5867 710 927
5 5408 9374 435 928
5 3391 9032 3389 929
5 5532 5534 5533 930
5 694 6028 5674 931
5 863 8526 6523 932
5 5926 9107 4307 933
5 6523 8523 863 934
5 4599 4601 4600 935
5 5416 8800 8631 936
5 8786 8921 670 937
5 3683 9731 3331 938
5 3342 4597 3457 939
5 4685 9148 4606 940
5 1161 6278 6256 941
5 3359 3757 3756 942
5 4507 8568 5788 943
5 3760 4544 4543 944
5 4682 5042 4501 945
5 4526 9336 5538 946
5 4535 9037 5566 947
5 3760 9625 3759 948
5 3284 9329 5047 949
5 3465 3861 3464 950
5 813 8690 5348 951
5 3918 3927 3864 952
5 2941 3902 2943 953
5 3868 9578 3871 954
5 3769 9735 3346 955
5 8212 8213 3845 956
5 4143 9405 5694 957
5 5581 5784 5578 958
5 3386 4665 3896 959
5 4626 5616 4629 960
5 4529 4636 4527 961
5 3737 9504 3454 962
5 8715 8724 8714 963
5 3329 3795 3013 964
5 5808 6074 707 965
5 3338 3888 3340 966
5 4710 4711 4464 967
5 3467 9733 3468 968
5 5461 9469 5612 969
5 4690 8681 3924 970
5 4698 9288 3736 971
5 8608 8862 5915 972
5 3774 9384 3775 973
5 4982 8766 7125 974
5 5564 9635 3822 975
5 3797 9088 4641 976
5 3446 8587 5458 977
5 6188 9181 4533 978
5 839 9339 5996 979
5 8914 8967 4631 980
5 5687 8341 2014 981
5 3782 4551 3784 982
5 4984 5155 4647 983
5 3775 3778 3777 984
5 5535 8782 5534 985
5 3181 6077 3184 986
5 341 5867 342 987
5 720 8536 5617 988
5 5617 8532 720 989
5 5773 8800 5416 990
5 3709 5059 3706 991
5 2439 5069 2441 992
5 3868 3871 3870 993
5 3696 3819 3697 994
5 4157 9718 4158 995
5 4588 5536 3851 996
5 3666 9598 3698 997
5 8690 8756 5348 998
5 4649 5527 4937 999
5 5678 9020 5322 1000
5 3410 9306 3844 1001
5 8323 8964 8899 1002
5 3284 9628 3806 1003
5 4945 5677 4946 1004
5 900 8315 5644 1005
5 6023 9045 5702 1006
5 2139 5597 2359 1007
5 2451 5819 2500 1008
5 5092 9246 3864 1009
5 7197 8881 5326 1010
5 4120 9610 4114 1011
5 4500 5805 4683 1012
5 3788 5801 5195 1013
5 3461 5977 5126 1014
5 5527 9556 4937 1015
5 862 8544 6533 1016
5 6533 8541 862 1017
5 5466 9260 323 1018
5 5473 9261 335 1019
5 4164 9448 4162 1020
5 5326 9168 7197 1021
5 3410 9650 3741 1022
5 3393 9038 3742 1023
5 8852 9016 3095 1024
5 4648 4650 4649 1025
5 8910 8977 5958 1026
5 4650 5527 4649 1027
5 792 6175 6174 1028
5 4611 5645 3829 1029
5 5458 8954 3446 1030
5 844 8903 8463 1031
5 5152 9065 8815 1032
5 5620 8737 673 1033
5 4525 9570 4524 1034
5 3748 9075 8336 1035
5 3800 4599 3946 1036
5 5673 8465 4542 1037
5 4796 7514 5936 1038
5 703 9536 5178 1039
5 5815 6148 5490 1040
5 1354 8977 8910 1041
5 5708 5717 5716 1042
5 5844 9182 5849 1043
5 3801 9429 3278 1044
5 5708 5716 5706 1045
5 3805 9646 3327 1046
5 9533 9718 4157 1047
5 3104 3686 3105 1048
5 3864 9717 5092 1049
5 4949 9129 5803 1050
5 8670 8671 5698 1051
5 5698 8671 5697 1052
5 5521 8555 6148 1053
5 2941 8755 3902 1054
5 4503 9342 3468 1055
5 753 8552 5646 1056
5 5646 8548 753 1057
5 3284 3806 3282 1058
5 5651 8919 8327 1059
5 4601 4985 4600 1060
5 4672 5040 4671 1061
5 8909 9405 5081 1062
5 5052 5885 5054 1063
5 3461 9623 3397 1064
5 4621 6077 6008 1065
5 5309 5345 5304 1066
5 119 8190 929 1067
5 909 8919 5671 1068
5 5576 8602 4916 1069
5 3445 9222 3443 1070
5 3012 3760 3759 1071
5 3019 9568 3724 1072
5 5681 8284 790 1073
5 8887 9198 6180 1074
5 5536 9443 8695 1075
5 872 8561 6970 1076
5 6970 8558 872 1077
5 5886 6153 911 1078
5 4549 9658 4547 1079
5 8199 8711 5093 1080
5 5018 8883 2424 1081
5 3931 9692 3930 1082
5 5787 9483 8302 1083
5 3280 9608 3801 1084
5 3729 3731 3730 1085
5 4116 4118 4117 1086
5 3787 9708 3314 1087
5 3359 3756 3358 1088
5 5736 5737 5735 1089
5 8590 8777 5328 1090
5 3826 9711 3017 1091
5 3850 5018 3377 1092
5 2064 9372 5597 1093
5 5954 8564 4945 1094
5 4159 4160 4157 1095
5 4488 9503 4486 1096
5 8782 9609 5534 1097
5 5842 8191 5174 1098
5 5427 8975 5426 1099
5 3619 3621 3620 1100
5 4499 9646 8974 1101
5 4157 4158 3102 1102
5 5017 9449 4142 1103
5 3488 9361 3489 1104
5 4142 4470 4148 1105
5 3829 5192 3771 1106
5 3467 3468 3028 1107
5 3001 8890 6062 1108
5 5307 8654 5305 1109
5 4990 4991 3849 1110
5 765 8565 6489 1111
5 6489 8563 765 1112
5 3429 8997 3021 1113
5 5916 9579 5453 1114
5 3464 5009 2935 1115
5 3923 9435 3920 1116
5 5825 8360 4520 1117
5 3493 9655 3825 1118
5 3716 3717 3715 1119
5 3349 9587 5133 1120
5 5222 6106 5696 1121
5 5259 5832 5256 1122
5 945 6134 942 1123
5 4981 5620 4980 1124
5 5190 8473 759 1125
5 3810 3811 3474 1126
5 3824 4648 3895 1127
5 3105 9602 3687 1128
5 3671 3672 2950 1129
5 5889 9136 5157 1130
5 3477 9594 3330 1131
5 5957 9080 5955 1132
5 5170 8631 5146 1133
5 5293 5337 5286 1134
5 8189 9418 8276 1135
5 3906 9476 3859 1136
5 3470 9068 5896 1137
5 3784 5083 3786 1138
5 5843 9615 3325 1139
5 3711 9656 2916 1140
5 3469 3470 2948 1141
5 871 8575 6490 1142
5 3869 8830 7281 1143
5 6490 8572 871 1144
5 5748 5749 5744 1145
5 8975 9178 5426 1146
5 3453 8484 5879 1147
5 3066 9030 5904 1148
5 1694 9407 5981 1149
5 4553 9669 3736 1150
5 5254 9471 8714 1151
5 5578 5784 5577 1152
5 4606 9148 5923 1153
5 9233 9392 8328 1154
5 4145 5694 4951 1155
5 9255 9525 5793 1156
5 7281 8830 4705 1157
5 4670 7114 5824 1158
5 4163 4164 4162 1159
5 8771 9439 5335 1160
5 3493 9571 4676 1161
5 5897 9132 6082 1162
5 4518 4519 3796 1163
5 5849 5991 5850 1164
5 3825 9640 3326 1165
5 2890 3931 3930 1166
5 4587 4588 3851 1167
5 660 8686 5677 1168
5 703 9136 5889 1169
5 3713 9712 3712 1170
5 775 8579 5663 1171
5 5663 8577 775 1172
5 8218 8366 8207 1173
5 5477 9470 8753 1174
5 3330 9594 3679 1175
5 3666 3698 3311 1176
5 4502 5575 4682 1177
5 3694 9699 8678 1178
5 4457 8115 6118 1179
5 5680 9670 2432 1180
5 5051 5186 4529 1181
5 3334 9675 3815 1182
5 4580 9631 6035 1183
5 4569 9661 3726 1184
5 5981 9197 1694 1185
5 3366 3813 3367 1186
5 3354 8719 6052 1187
5 4618 4619 4611 1188
5 3719 4613 3887 1189
5 8917 9705 4700 1190
5 3490 5781 5780 1191
5 6095 9266 3495 1192
5 8441 9269 8866 1193
5 2805 5953 5952 1194
5 3280 3801 3278 1195
5 5056 5058 4645 1196
5 788 5874 5805 1197
5 784 9198 8887 1198
5 3753 9512 3737 1199
5 5804 5907 4633 1200
5 3672 8391 5857 1201
5 2411 7225 2274 1202
5 5411 8749 8740 1203
5 2608 8865 8349 1204
5 9320 9431 5531 1205
5 8714 9471 5613 1206
5 564 5960 845 1207
5 4605 5100 4934 1208
5 827 8603 6583 1209
5 6583 8595 827 1210
5 3437 9705 4538 1211
5 4646 5216 4543 1212
5 893 6192 5610 1213
5 3813 3814 3367 1214
5 810 8136 6085 1215
5 2931 5820 3677 1216
5 4919 5985 4918 1217
5 3928 8709 2914 1218
5 6181 9463 8854 1219
5 3797 3798 3744 1220
5 5463 8985 8608 1221
5 3313 9396 3787 1222
5 4614 5860 5066 1223
5 3313 3787 3314 1224
5 3349 5133 3347 1225
5 4713 6128 5079 1226
5 3402 9208 5680 1227
5 4695 8939 3751 1228
5 8660 9169 5599 1229
5 8336 9075 8840 1230
5 5936 7514 2023 1231
5 3698 9649 5596 1232
5 5413 8556 5922 1233
5 4118 4121 4119 1234
5 3712 9460 3078 1235
5 8242 9295 8974 1236
5 5650 8172 3164 1237
5 5125 8556 5877 1238
5 5060 9737 3709 1239
5 3882 8959 5514 1240
5 5029 5030 3620 1241
5 3855 8902 5906 1242
5 3887 5106 3717 1243
5 5137 9321 5914 1244
5 2846 9180 6041 1245
5 3838 3839 3837 1246
5 5396 5905 5393 1247
5 866 8610 7545 1248
5 7545 8607 866 1249
5 841 8757 7528 1250
5 4114 9610 4116 1251
5 3461 9037 5876 1252
5 4614 6028 5860 1253
5 779 8259 8238 1254
5 3833 9214 3831 1255
5 5335 9439 5334 1256
5 6702 6704 5333 1257
5 8753 9470 5442 1258
5 5733 5734 2974 1259
5 323 9260 6093 1260
5 335 9261 6092 1261
5 5686 9630 4919 1262
5 8788 8839 5772 1263
5 8730 9024 6749 1264
5 3493 3825 3326 1265
5 3912 5057 5056 1266
5 3755 9620 9537 1267
5 3012 3759 3011 1268
5 808 6093 5449 1269
5 726 6094 943 1270
5 665 8191 5842 1271
5 820 6091 5352 1272
5 727 6092 5257 1273
5 3366 9567 3813 1274
5 5192 9255 5793 1275
5 5710 5717 5708 1276
5 5145 5170 5146 1277
5 5754 5761 5755 1278
5 5006 8341 5687 1279
5 8524 8650 2148 1280
5 5006 8650 8524 1281
5 4482 4662 3942 1282
5 911 6154 249 1283
5 248 6154 693 1284
5 5864 9404 5543 1285
5 5292 9697 5281 1286
5 8131 8598 718 1287
5 774 8616 7832 1288
5 7832 8614 774 1289
5 151 6151 150 1290
5 5476 5906 5773 1291
5 4649 4937 4936 1292
5 5871 9097 8485 1293
5 784 9556 9198 1294
5 3907 4983 3906 1295
5 668 9219 8663 1296
5 792 9035 6175 1297
5 3836 3837 3835 1298
5 3765 9707 3009 1299
5 4583 4584 3450 1300
5 3702 3771 3701 1301
5 5799 9730 9074 1302
5 4600 9111 3946 1303
5 5588 8798 804 1304
5 3913 9246 8599 1305
5 3764 9644 3817 1306
5 6090 8357 4681 1307
5 3687 9350 5068 1308
5 6157 7792 1625 1309
5 3008 9706 3765 1310
5 5901 6220 693 1311
5 5910 6152 922 1312
5 5844 5848 5847 1313
5 876 8622 6551 1314
5 6551 8619 876 1315
5 2917 3711 2916 1316
5 5237 8914 8775 1317
5 4624 5828 4623 1318
5 4639 8507 4669 1319
5 3370 8816 3404 1320
5 3733 9561 3735 1321
5 812 8392 5518 1322
5 5986 9365 4573 1323
5 8237 8238 8235 1324
5 5040 6174 4671 1325
5 8212 8214 8213 1326
5 5333 9009 5332 1327
5 4621 9218 6077 1328
5 5893 8919 5651 1329
5 3457 3729 3458 1330
5 3920 9435 5210 1331
5 5160 5700 5161 1332
5 5476 5773 824 1333
5 828 8366 8218 1334
5 4626 4629 4628 1335
5 5174 8932 5842 1336
5 4695 8935 5806 1337
5 5553 6029 4916 1338
5 5240 5576 5242 1339
5 5987 9365 5986 1340
5 8815 9065 5571 1341
5 5674 8506 694 1342
5 5006 8524 8341 1343
5 4124 9696 4126 1344
5 5945 9288 5468 1345
5 5761 5794 5755 1346
5 4568 9224 8773 1347
5 3272 3789 3010 1348
5 764 8630 6548 1349
5 6548 8626 764 1350
5 8854 9463 5251 1351
5 2151 9582 6127 1352
5 5710 5840 5717 1353
5 6116 6594 743 1354
5 4955 9611 4806 1355
5 7569 8806 5110 1356
5 3758 5159 5158 1357
5 4567 9724 4566 1358
5 5905 8755 5676 1359
5 3790 9614 3307 1360
5 3019 3724 2799 1361
5 5574 9016 8852 1362
5 3705 3707 2912 1363
5 4615 6028 4614 1364
5 3739 9703 3738 1365
5 5338 8621 5337 1366
5 759 9553 5190 1367
5 4683 4684 3911 1368
5 3363 6134 945 1369
5 3486 5733 2464 1370
5 4801 4809 4112 1371
5 8099 8955 8637 1372
5 6096 8877 5334 1373
5 923 8348 5874 1374
5 869 8636 7652 1375
5 7652 8632 869 1376
5 8209 8211 4927 1377
5 3871 3872 3870 1378
5 3469 9068 3470 1379
5 6153 6154 911 1380
5 4594 5736 5735 1381
5 3758 9387 5160 1382
5 6099 8707 2444 1383
5 5068 6013 5619 1384
5 4958 4960 4957 1385
5 5782 5971 3878 1386
5 5545 8967 8914 1387
5 2824 3683 3331 1388
5 3922 3924 3923 1389
5 4575 4576 3940 1390
5 5749 5760 5744 1391
5 3795 3796 3013 1392
5 3871 8940 3872 1393
5 5333 6703 6702 1394
5 5785 7500 2419 1395
5 8412 9097 5873 1396
5 3008 3765 3009 1397
5 771 8492 8135 1398
5 5640 8389 852 1399
5 3742 9032 3391 1400
5 4534 9491 5841 1401
5 8695 9088 5536 1402
5 5010 5023 5011 1403
5 5726 9578 3868 1404
5 750 8647 8016 1405
5 4664 6057 5169 1406
5 8016 8641 750 1407
5 4118 5988 4149 1408
5 6981 9064 5311 1409
5 4712 9689 3288 1410
5 2925 6144 5797 1411
5 3336 8816 3370 1412
5 5922 8556 5126 1413
5 746 8331 5827 1414
5 5791 8629 4997 1415
5 5873 9146 8412 1416
5 8239 8819 8240 1417
5 5820 9401 3677 1418
5 926 8764 8640 1419
5 6189 6190 6182 1420
5 4664 5169 5168 1421
5 3858 9687 8855 1422
5 5955 9080 3844 1423
5 5814 7224 2275 1424
5 4934 4935 3929 1425
5 4513 8804 4514 1426
5 4126 8817 4141 1427
5 5270 8877 5268 1428
5 3687 3885 3884 1429
5 4541 5090 5088 1430
5 7125 9291 4982 1431
5 3842 3843 3840 1432
5 7528 9474 841 1433
5 5699 9213 925 1434
5 3483 9537 3481 1435
5 5298 9576 5320 1436
5 5176 9458 2890 1437
5 4149 5053 5052 1438
5 4993 8629 5795 1439
5 5576 6029 5242 1440
5 5267 9162 5316 1441
5 3453 3477 3330 1442
5 1825 6704 1592 1443
5 1607 6704 6702 1444
5 5781 5782 3878 1445
5 5757 5761 5754 1446
5 868 8656 6714 1447
5 5929 5934 5928 1448
5 6714 8652 868 1449
5 5110 9281 9188 1450
5 6134 6200 4952 1451
5 4568 8773 5776 1452
5 3358 9631 3758 1453
5 4554 4679 4678 1454
5 5879 8484 5936 1455
5 713 9133 5769 1456
5 8423 8989 7352 1457
5 5993 9281 5110 1458
5 8375 9119 3935 1459
5 5252 9394 370 1460
5 5133 9694 3347 1461
5 3777 6020 3774 1462
5 3410 3741 3740 1463
5 5575 5886 4682 1464
5 5805 5989 788 1465
5 4530 8800 5773 1466
5 3942 5675 3941 1467
5 5729 9066 8870 1468
5 4158 8497 5863 1469
5 5357 5733 3486 1470
5 8648 8879 8829 1471
5 5259 5833 5832 1472
5 3922 3923 3920 1473
5 5693 6195 2216 1474
5 3822 3867 3866 1475
5 3439 8770 8649 1476
5 4550 5070 4549 1477
5 5685 8882 716 1478
5 5658 8721 902 1479
5 2806 3790 3307 1480
5 8288 8426 4497 1481
5 9054 9515 5054 1482
5 3778 3780 3779 1483
5 6001 9216 680 1484
5 4983 5563 3906 1485
5 5786 5787 5705 1486
5 4121 9681 4124 1487
5 805 8666 7746 1488
5 7746 8661 805 1489
5 3327 9646 3696 1490
5 3595 6142 4236 1491
5 5817 8510 5364 1492
5 5816 8511 5223 1493
5 5067 9641 5066 1494
5 3457 4597 3736 1495
5 3463 5075 4578 1496
5 4128 6060 4130 1497
5 8961 9635 5565 1498
5 5244 8905 5920 1499
5 6101 8143 870 1500
5 3677 9384 3774 1501
5 5679 8915 1265 1502
5 4718 4719 4519 1503
5 2421 6952 5880 1504
5 3282 5086 3280 1505
5 6211 8922 8807 1506
5 4547 5699 4988 1507
5 5457 9579 5458 1508
5 3911 5072 3880 1509
5 3164 8948 5650 1510
5 831 8906 8875 1511
5 4494 5084 3780 1512
5 5769 9044 713 1513
5 5019 5098 5020 1514
5 5269 9364 5271 1515
5 5722 5724 5723 1516
5 5871 9328 9097 1517
5 5671 9110 909 1518
5 3872 8940 5091 1519
5 1854 9117 6124 1520
5 5694 9405 8909 1521
5 2275 7225 5814 1522
5 829 8839 8788 1523
5 673 9465 6064 1524
5 5283 9243 5281 1525
5 4927 9689 4712 1526
5 8403 8778 4707 1527
5 9074 9377 5799 1528
5 834 8674 5697 1529
5 5697 8671 834 1530
5 3894 9211 5888 1531
5 4571 5854 4687 1532
5 2079 9296 6161 1533
5 903 8935 8179 1534
5 874 8339 8137 1535
5 3706 9423 3705 1536
5 4931 6033 4930 1537
5 3325 9615 5844 1538
5 5755 5892 5752 1539
5 5813 8861 8777 1540
5 5928 5934 5930 1541
5 5407 6133 5408 1542
5 8131 9676 8598 1543
5 5588 9482 8798 1544
5 3488 3808 3807 1545
5 4644 6024 5148 1546
5 6127 8620 2151 1547
5 2280 5861 2805 1548
5 4686 8238 8237 1549
5 8502 8503 4697 1550
5 4162 9448 4685 1551
5 5896 9061 3470 1552
5 3005 3743 3372 1553
5 4930 9137 3835 1554
5 3104 4696 3686 1555
5 8646 9473 3440 1556
5 875 8683 7911 1557
5 7911 8680 875 1558
5 2931 3677 2932 1559
5 3743 3744 3372 1560
5 5423 9262 8481 1561
5 6010 6157 6156 1562
5 5054 9681 5052 1563
5 5047 9628 3284 1564
5 5712 5840 5710 1565
5 3893 3928 3474 1566
5 3465 3862 3861 1567
5 4159 8965 4161 1568
5 913 9053 6044 1569
5 5419 5974 5612 1570
5 3342 8978 4597 1571
5 5670 9273 5406 1572
5 341 9740 5867 1573
5 6083 9233 901 1574
5 4114 4116 4115 1575
5 5453 9579 5457 1576
5 6099 9057 5778 1577
5 1265 9276 5679 1578
5 6875 8653 5308 1579
5 5110 9188 7569 1580
5 4135 9522 5017 1581
5 4486 8588 4639 1582
5 4960 5157 4957 1583
5 3817 9644 4686 1584
5 6099 9592 9057 1585
5 8306 9445 5115 1586
5 8425 8893 4936 1587
5 5749 5809 5760 1588
5 7914 8688 938 1589
5 4551 5083 3784 1590
5 3845 9689 4927 1591
5 61 6189 60 1592
5 3101 5863 3610 1593
5 5111 5984 5053 1594
5 5797 9730 5798 1595
5 3459 3461 3397 1596
5 4544 4660 4646 1597
5 5593 5864 5471 1598
5 694 8154 6028 1599
5 4992 4993 4991 1600
5 5754 5755 5752 1601
5 4919 9630 8900 1602
5 5669 8951 8837 1603
5 2962 9637 2463 1604
5 4565 9486 5688 1605
5 5934 6044 798 1606
5 8276 9418 8278 1607
5 3079 3712 3078 1608
5 5291 9002 5343 1609
5 3854 9738 4524 1610
5 8139 8533 853 1611
5 5748 5750 5749 1612
5 5279 5280 5277 1613
5 5867 6138 710 1614
5 7280 8193 7281 1615
5 3731 3733 3732 1616
5 5863 8497 3610 1617
5 3450 4622 2906 1618
5 2999 3722 2966 1619
5 8245 8346 8244 1620
5 202 6192 201 1621
5 5214 6037 6036 1622
5 6020 9335 3031 1623
5 3727 9701 2902 1624
5 3307 9614 3791 1625
5 4936 8892 8425 1626
5 8462 8747 5209 1627
5 8682 9249 2672 1628
5 2938 3739 3738 1629
5 716 9606 5685 1630
5 3731 9693 4564 1631
5 8059 8146 8125 1632
5 8321 9556 784 1633
5 2913 3706 3705 1634
5 5239 5903 5691 1635
5 5320 9728 5300 1636
5 4524 9570 3854 1637
5 5088 5089 4542 1638
5 3482 3483 3481 1639
5 8899 8964 8182 1640
5 6043 8628 461 1641
5 8771 8838 1638 1642
5 3148 3691 3149 1643
5 3885 6117 4579 1644
5 3389 9702 3319 1645
5 6132 8434 6131 1646
5 4629 5012 4630 1647
5 3718 3719 3717 1648
5 3436 3443 3377 1649
5 4986 5802 4710 1650
5 865 6686 6685 1651
5 8866 9269 4716 1652
5 8974 9646 3805 1653
5 3692 9699 3694 1654
5 3806 8849 3282 1655
5 8973 9086 5964 1656
5 940 9200 6084 1657
5 4740 5703 2801 1658
5 901 9233 8328 1659
5 8242 8974 8424 1660
5 5664 8924 2330 1661
5 4990 4992 4991 1662
5 3788 9542 5801 1663
5 6124 9081 1854 1664
5 3386 3387 3324 1665
5 5862 6208 4167 1666
5 5555 8498 4974 1667
5 4972 8907 8617 1668
5 8663 9219 5143 1669
5 3415 8864 3413 1670
5 905 8822 5727 1671
5 3818 4631 3772 1672
5 5469 5470 292 1673
5 5412 5414 449 1674
5 5221 5235 375 1675
5 5407 5408 434 1676
5 5250 5251 472 1677
5 5255 5318 338 1678
5 5417 5612 475 1679
5 5404 5405 305 1680
5 5390 5391 440 1681
5 5359 5361 318 1682
5 941 4952 399 1683
5 5246 5247 437 1684
5 5484 5485 469 1685
5 5441 5442 411 1686
5 5509 5613 367 1687
5 5459 5615 446 1688
5 3484 8637 5660 1689
5 5841 9491 5248 1690
5 736 9120 5682 1691
5 6118 8707 6099 1692
5 4528 4529 4527 1693
5 2901 3727 2902 1694
5 2901 5112 3727 1695
5 8542 8984 8809 1696
5 2383 8600 6276 1697
5 659 6034 6033 1698
5 4642 8144 8127 1699
5 165 8225 164 1700
5 5501 6006 5502 1701
5 3002 9661 3827 1702
5 5800 8758 5316 1703
5 5019 5020 5018 1704
5 4807 5143 5022 1705
5 3395 8994 5082 1706
5 5779 7245 2410 1707
5 2933 6090 3436 1708
5 699 8346 8283 1709
5 4165 4166 4164 1710
5 801 9173 9090 1711
5 8597 8745 5377 1712
5 4625 4626 3798 1713
5 3007 3407 3006 1714
5 4800 4802 4801 1715
5 5935 5936 2023 1716
5 4245 8659 6141 1717
5 5271 5296 5295 1718
5 3705 9212 3707 1719
5 2359 5597 5558 1720
5 5308 8654 6875 1721
5 5112 8784 5113 1722
5 4928 8742 6105 1723
5 5707 5708 5706 1724
5 5408 6133 6013 1725
5 6013 6133 5619 1726
5 2902 9701 3728 1727
5 5729 5730 905 1728
5 4660 4661 4646 1729
5 8164 9716 28 1730
5 3933 8886 8564 1731
5 3866 8193 3865 1732
5 2821 3676 2822 1733
5 2893 5596 2754 1734
5 3066 5904 3110 1735
5 4671 6174 4673 1736
5 3184 6077 3194 1737
5 3179 6077 3181 1738
5 2950 9713 2439 1739
5 2672 8838 8682 1740
5 3902 9459 2943 1741
5 3327 3696 3328 1742
5 5086 9608 3280 1743
5 3901 8605 3289 1744
5 3424 9030 3066 1745
5 3832 3833 3831 1746
5 5306 5315 5314 1747
5 807 8606 8122 1748
5 5808 8834 6074 1749
5 5872 9328 5870 1750
5 4504 9723 4505 1751
5 5759 8494 5809 1752
5 3444 3445 3443 1753
5 5439 5440 681 1754
5 5392 5393 661 1755
5 5504 5505 740 1756
5 706 5915 5467 1757
5 5401 5402 712 1758
5 5493 5588 804 1759
5 5506 5507 825 1760
5 818 5427 5426 1761
5 5589 5865 663 1762
5 5499 5500 704 1763
5 816 5803 5465 1764
5 5465 5947 664 1765
5 5495 5496 5494 1766
5 5238 5239 732 1767
5 671 5774 5510 1768
5 5491 5492 717 1769
5 5487 5512 725 1770
5 5510 5511 5483 1771
5 5388 5591 742 1772
5 2965 5819 2451 1773
5 3887 5107 5106 1774
5 3421 3422 3420 1775
5 3454 3753 3737 1776
5 5800 5826 5473 1777
5 6131 8434 669 1778
5 3423 3490 3422 1779
5 5750 5759 5749 1780
5 2360 5917 2341 1781
5 3766 9707 9142 1782
5 5393 5905 5395 1783
5 3278 9429 5140 1784
5 5157 6089 5889 1785
5 5752 5892 5750 1786
5 2945 8689 3440 1787
5 4684 5074 5073 1788
5 5715 5840 5712 1789
5 917 8164 29 1790
5 5099 5959 5031 1791
5 9321 9597 5914 1792
5 3774 6020 3883 1793
5 4456 6099 5778 1794
5 5853 8126 809 1795
5 5819 6149 2500 1796
5 3331 3485 3434 1797
5 3773 4596 3818 1798
5 8404 8580 2894 1799
5 3488 3489 2829 1800
5 2799 8829 2787 1801
5 4988 5028 4548 1802
5 6010 7792 6157 1803
5 8331 8743 5827 1804
5 6987 8789 5179 1805
5 5209 8747 5819 1806
5 8976 9192 4357 1807
5 5641 6081 3809 1808
5 2925 5870 2723 1809
5 9090 9173 5730 1810
5 8288 8601 5127 1811
5 3034 9265 6294 1812
5 2782 5693 2218 1813
5 5298 5300 5299 1814
5 5954 8791 8564 1815
5 4517 9603 3335 1816
5 6704 9009 5333 1817
5 4664 5168 3928 1818
5 8302 8738 5787 1819
5 5050 5051 4529 1820
5 5956 8217 5957 1821
5 8492 9560 8135 1822
5 4470 4707 4148 1823
5 5918 8840 5661 1824
5 3353 3354 3351 1825
5 5611 8515 5693 1826
5 5677 8886 660 1827
5 3034 8915 5679 1828
5 8775 8799 730 1829
5 5665 9122 791 1830
5 2330 9385 5664 1831
5 8132 8133 7430 1832
5 5009 8813 2935 1833
5 1382 6119 1860 1834
5 1860 6119 5942 1835
5 5048 9628 8345 1836
5 4661 8947 5894 1837
5 3794 9024 8730 1838
5 4618 4620 4619 1839
5 5214 6036 6035 1840
5 691 9525 9255 1841
5 3812 3900 3899 1842
5 4804 8419 4807 1843
5 3835 9714 3834 1844
5 4121 4124 4122 1845
5 3390 3391 3389 1846
5 8640 8764 6022 1847
5 5311 9424 6981 1848
5 6135 6136 840 1849
5 8136 9304 6085 1850
5 5983 8727 5067 1851
5 5166 5681 5010 1852
5 5850 5852 5851 1853
5 659 6151 6034 1854
5 5339 6138 5340 1855
5 5888 9084 3894 1856
5 6118 8115 1153 1857
5 4568 9724 9224 1858
5 8775 9363 8799 1859
5 5792 9018 2364 1860
5 3759 9189 3011 1861
5 8932 9629 5842 1862
5 852 9496 5640 1863
5 4686 9644 8818 1864
5 5709 5710 5708 1865
5 3012 8383 3760 1866
5 5700 8490 716 1867
5 3867 3868 3866 1868
5 3327 5530 3805 1869
5 8357 8810 4681 1870
5 5870 9328 5871 1871
5 5812 8798 5432 1872
5 5811 8799 5398 1873
5 4613 5821 3887 1874
5 5419 5612 5417 1875
5 5390 6082 5391 1876
5 5359 5541 5361 1877
5 5676 8755 5037 1878
5 5352 6091 5358 1879
5 5449 6093 5453 1880
5 943 6094 3761 1881
5 5257 6092 5275 1882
5 3888 9256 5978 1883
5 5019 8392 5098 1884
5 4490 9641 4488 1885
5 5038 5901 4554 1886
5 5500 8917 8551 1887
5 4143 4145 4144 1888
5 4717 8985 5807 1889
5 5742 5746 5740 1890
5 4800 4801 4112 1891
5 5818 9189 3759 1892
5 4978 4979 3006 1893
5 5157 9136 5077 1894
5 6073 8538 5719 1895
5 5821 8690 813 1896
5 2916 9656 3754 1897
5 5951 9012 5769 1898
5 5803 9519 4949 1899
5 4474 9699 3691 1900
5 2913 3705 2912 1901
5 3326 9640 5843 1902
5 3326 5843 3325 1903
5 4558 9501 8408 1904
5 4520 8360 3796 1905
5 2781 3446 2908 1906
5 3001 5384 3000 1907
5 4886 8116 6193 1908
5 6190 9235 8987 1909
5 9182 9615 5846 1910
5 4718 6097 4719 1911
5 5054 9515 8817 1912
5 916 5983 5860 1913
5 2796 9202 2374 1914
5 5714 5715 5712 1915
5 4672 8443 5857 1916
5 3924 8681 3923 1917
5 5031 5796 5030 1918
5 4456 5778 3487 1919
5 5508 8885 6196 1920
5 3828 3829 3771 1921
5 5380 9388 6062 1922
5 3937 9381 3820 1923
5 6193 8116 6171 1924
5 791 8856 5665 1925
5 8439 8870 4506 1926
5 5998 8566 3791 1927
5 4542 8465 3874 1928
5 5894 8947 5445 1929
5 4913 8167 5049 1930
5 5783 9494 8855 1931
5 5694 8909 4951 1932
5 4654 9447 8847 1933
5 5717 9233 5716 1934
5 4564 9129 3733 1935
5 3352 6155 3353 1936
5 5083 9416 3786 1937
5 3414 3415 3413 1938
5 5902 8678 5349 1939
5 3760 8383 5193 1940
5 4139 5912 4153 1941
5 3864 9246 3862 1942
5 5591 8896 8692 1943
5 9012 9044 5769 1944
5 8199 9408 8710 1945
5 3404 3420 3403 1946
5 4954 4956 4955 1947
5 3735 9561 4949 1948
5 6063 9141 5616 1949
5 5471 5864 5543 1950
5 3011 6056 3486 1951
5 5494 8686 660 1952
5 5933 6045 913 1953
5 5286 5337 5283 1954
5 3753 3882 3881 1955
5 3005 8954 4587 1956
5 5746 6088 5740 1957
5 3714 8597 8380 1958
5 2949 3469 2948 1959
5 5042 9348 4501 1960
5 5901 9094 4679 1961
5 5409 9527 344 1962
5 4688 4717 4572 1963
5 5931 5933 5929 1964
5 4141 6060 4128 1965
5 5807 9524 4717 1966
5 5794 9133 713 1967
5 6276 8933 2383 1968
5 716 8882 5700 1969
5 5460 8195 5672 1970
5 5300 9728 5302 1971
5 3320 3389 3319 1972
5 8715 8725 5801 1973
5 5219 5608 5218 1974
5 4532 5668 5595 1975
5 4676 9655 3493 1976
5 6179 9627 8436 1977
5 5377 9430 8597 1978
5 5986 9222 3445 1979
5 5492 5670 717 1980
5 5239 5691 732 1981
5 664 5947 5945 1982
5 3499 3671 2950 1983
5 3855 8693 8547 1984
5 3826 8911 5830 1985
5 4934 6027 4935 1986
5 5967 5968 936 1987
5 5070 9403 6021 1988
5 5653 9639 3023 1989
5 5679 9265 3034 1990
5 3017 9711 3463 1991
5 9091 9258 2878 1992
5 3006 4979 2919 1993
5 5889 6089 823 1994
5 5596 9478 2754 1995
5 4497 8601 8288 1996
5 5070 5567 4549 1997
5 2823 7225 2411 1998
5 2274 7225 2275 1999
5 5774 9055 4569 2000
5 5492 6176 5670 2001
5 4506 8440 8439 2002
5 5188 9706 3008 2003
5 5057 6046 5056 2004
5 3842 9426 5932 2005
5 3009 9707 3766 2006
5 6594 9327 743 2007
5 4576 9643 3940 2008
5 4620 4913 4619 2009
5 3900 3942 3941 2010
5 370 9394 815 2011
5 3796 8360 3013 2012
5 938 9204 7914 2013
5 3914 8936 5985 2014
5 5548 5727 5549 2015
5 6010 6156 6155 2016
5 8865 9011 6156 2017
5 4621 6008 5554 2018
5 1362 8570 1380 2019
5 5305 8654 5308 2020
5 5217 5220 5219 2021
5 4740 5855 5703 2022
5 8380 8594 5375 2023
5 8988 9737 5062 2024
5 2359 5946 2314 2025
5 4166 5015 5014 2026
5 8749 9413 8390 2027
5 4666 5674 4615 2028
5 6069 9724 4568 2029
5 4715 9663 3331 2030
5 5228 5231 5230 2031
5 5369 5378 5372 2032
5 5142 6057 4664 2033
5 8302 9483 687 2034
5 6129 9289 939 2035
5 6104 9258 9091 2036
5 850 8479 7874 2037
5 4156 4157 3102 2038
5 3808 5954 4945 2039
5 3342 3457 3456 2040
5 8637 8955 5952 2041
5 5357 8812 5733 2042
5 3768 9143 8855 2043
5 4598 5108 4698 2044
5 5907 5908 4633 2045
5 3823 5184 3701 2046
5 4669 9149 5561 2047
5 6057 9292 5169 2048
5 1908 8335 1910 2049
5 4979 9215 2919 2050
5 5509 5691 5614 2051
5 5469 5593 5471 2052
5 5222 5696 5221 2053
5 5256 5832 5255 2054
5 5246 5841 5248 2055
5 942 6134 941 2056
5 5404 5670 5406 2057
5 5413 5922 5412 2058
5 5460 5672 5459 2059
5 8928 9408 3927 2060
5 5402 8676 712 2061
5 5127 9355 8288 2062
5 5960 6058 845 2063
5 3025 5653 3023 2064
5 2945 3440 2947 2065
5 4585 4622 3450 2066
5 3852 7107 5950 2067
5 2905 3474 2914 2068
5 5075 9730 5797 2069
5 3029 3467 3028 2070
5 5088 5665 5089 2071
5 5874 9135 923 2072
5 6141 8659 6142 2073
5 5794 9415 5755 2074
5 8807 8922 5005 2075
5 3346 9735 3770 2076
5 8987 9235 5211 2077
5 6009 6155 3352 2078
5 3879 5009 3464 2079
5 4984 5911 5155 2080
5 5711 5712 5710 2081
5 4148 9405 4143 2082
5 8195 9032 3742 2083
5 5038 9271 8752 2084
5 5887 8449 769 2085
5 3278 5140 3272 2086
5 5161 5163 5162 2087
5 4598 5978 5109 2088
5 9350 9602 4534 2089
5 802 9127 5948 2090
5 908 8779 5838 2091
5 3023 9639 3429 2092
5 3441 3442 3329 2093
5 5864 9610 4120 2094
5 6200 9128 4952 2095
5 3052 3464 2935 2096
5 8232 9415 5794 2097
5 2754 3402 2432 2098
5 9387 9631 4580 2099
5 3810 3812 3811 2100
5 372 5816 373 2101
5 291 5469 292 2102
5 398 941 399 2103
5 448 5412 449 2104
5 6 5416 384 2105
5 299 5498 300 2106
5 439 5390 440 2107
5 410 5441 411 2108
5 413 5474 414 2109
5 325 5447 326 2110
5 374 5221 375 2111
5 322 5466 323 2112
5 337 5255 338 2113
5 304 5404 305 2114
5 474 5417 475 2115
5 436 5246 437 2116
5 471 5250 472 2117
5 463 5348 464 2118
5 457 5362 458 2119
5 426 5468 427 2120
5 422 5488 423 2121
5 343 5409 344 2122
5 455 5817 456 2123
5 431 5389 432 2124
5 433 5407 434 2125
5 352 5446 4 2126
5 468 5484 469 2127
5 317 5359 318 2128
5 408 5497 409 2129
5 390 5464 391 2130
5 388 5443 389 2131
5 420 5815 421 2132
5 366 5509 367 2133
5 309 5350 310 2134
5 328 5462 329 2135
5 331 5503 332 2136
5 369 5252 370 2137
5 8 5459 446 2138
5 334 5473 335 2139
5 460 6043 461 2140
5 4457 6118 4456 2141
5 6015 6143 5194 2142
5 2806 9509 8562 2143
5 3017 3463 3462 2144
5 5213 5214 5212 2145
5 53 8154 52 2146
5 3768 9687 3767 2147
5 3830 3831 3368 2148
5 5219 5913 5608 2149
5 3887 5821 5107 2150
5 5561 9149 6183 2151
5 3941 5128 5127 2152
5 5440 9371 5800 2153
5 3481 9620 3408 2154
5 5574 8924 4463 2155
5 5067 8727 8588 2156
5 9190 9245 23 2157
5 5077 5078 4955 2158
5 2949 3800 3469 2159
5 5297 9577 5298 2160
5 3843 5931 5929 2161
5 6190 8987 6182 2162
5 1976 9168 6080 2163
5 5496 8686 5494 2164
5 2463 9637 2931 2165
5 5979 9507 8735 2166
5 4533 8797 6188 2167
5 4629 5013 5012 2168
5 3010 5188 3008 2169
5 922 6151 151 2170
5 150 6151 659 2171
5 3029 6150 3467 2172
5 4526 5538 5213 2173
5 5891 9254 5977 2174
5 5126 9623 3461 2175
5 5690 9192 8976 2176
5 5324 8748 7131 2177
5 5281 9697 5280 2178
5 5327 9704 5328 2179
5 5951 8839 829 2180
5 4473 8609 5683 2181
5 5051 6014 5893 2182
5 3370 3403 3369 2183
5 3764 5881 2800 2184
5 8912 9242 3446 2185
5 4937 9556 8286 2186
5 2925 8796 5872 2187
5 4606 8576 4160 2188
5 6914 9734 6031 2189
5 5001 8179 4695 2190
5 5376 8890 5925 2191
5 3722 3880 2966 2192
5 773 9518 5651 2193
5 5854 8699 4687 2194
5 2933 3377 2424 2195
5 8307 9445 8306 2196
5 3204 3368 3366 2197
5 3766 3793 3792 2198
5 6132 8435 8434 2199
5 7094 8489 2410 2200
5 5023 5601 5024 2201
5 8596 9184 3078 2202
5 5349 8756 5902 2203
5 8417 9344 678 2204
5 5148 9565 4644 2205
5 705 5914 5441 2206
5 8339 9438 8137 2207
5 8696 8812 5357 2208
5 3392 3393 3391 2209
5 4616 4666 4615 2210
5 9129 9535 5803 2211
5 3780 3782 3781 2212
5 3790 8470 5822 2213
5 5959 9616 5031 2214
5 3314 9708 3788 2215
5 3011 9189 6056 2216
5 6256 8509 1161 2217
5 5920 9040 5244 2218
5 3888 8978 3340 2219
5 4962 6089 4960 2220
5 2819 5530 3327 2221
5 5567 9344 8417 2222
5 5800 9371 8758 2223
5 8875 8906 6047 2224
5 5994 5997 3745 2225
5 5918 9046 8840 2226
5 8588 8727 8314 2227
5 5262 8668 5267 2228
5 3432 5862 4167 2229
5 5279 5281 5280 2230
5 819 9043 8471 2231
5 6032 9011 8865 2232
5 8139 9599 8533 2233
5 3499 3824 3671 2234
5 5500 8551 704 2235
5 8286 9556 8321 2236
5 5985 8900 8759 2237
5 5971 8542 2179 2238
5 226 8240 225 2239
5 4687 4689 4688 2240
5 4683 8348 4684 2241
5 5644 9492 900 2242
5 3819 3820 3697 2243
5 3930 9692 3932 2244
5 5530 8944 5532 2245
5 5985 8759 3914 2246
5 3338 9543 3888 2247
5 5310 8623 5692 2248
5 4491 5643 5551 2249
5 6021 6022 5070 2250
5 3319 8481 2803 2251
5 8581 8704 815 2252
5 8314 8507 4639 2253
5 5031 9616 8827 2254
5 8837 8951 4632 2255
5 6767 8962 6122 2256
5 8392 9700 5518 2257
5 5600 8989 8423 2258
5 5891 5977 5876 2259
5 5063 9543 3337 2260
5 8715 9294 9063 2261
5 3416 3417 3415 2262
5 5140 8929 3272 2263
5 2775 3385 2777 2264
5 5782 8542 5971 2265
5 5332 8654 5307 2266
5 5944 8780 5005 2267
5 3001 6062 5384 2268
5 3437 4663 3131 2269
5 3619 3620 3135 2270
5 5513 6043 725 2271
5 681 5800 5473 2272
5 825 5788 5389 2273
5 3813 4550 4549 2274
5 2938 9452 2939 2275
5 5879 9194 3453 2276
5 3412 3413 3355 2277
5 3918 8953 3927 2278
5 5289 9313 5286 2279
5 4558 9708 9501 2280
5 5966 5967 936 2281
5 5328 9179 8590 2282
5 9165 9166 8700 2283
5 5526 9245 9190 2284
5 5533 8726 8424 2285
5 5649 8754 8753 2286
5 5420 6158 5419 2287
5 55 8166 54 2288
5 3199 6008 3177 2289
5 892 6000 5948 2290
5 8125 9370 8059 2291
5 4961 4962 4960 2292
5 6108 6109 1917 2293
5 8494 8993 5809 2294
5 3794 8730 7179 2295
5 2800 5881 2367 2296
5 6177 8609 4473 2297
5 6110 8335 1908 2298
5 4487 4488 4486 2299
5 5040 9332 6174 2300
5 8780 8807 5005 2301
5 8517 8944 5531 2302
5 3902 8755 5905 2303
5 3845 9329 3286 2304
5 2914 3410 3378 2305
5 5323 8692 5346 2306
5 5484 8551 5486 2307
5 3023 3429 3021 2308
5 5296 9577 5297 2309
5 3785 8489 3783 2310
5 2298 5875 5701 2311
5 8908 9420 7090 2312
5 8134 8333 766 2313
5 3809 9115 6078 2314
5 3093 6115 6113 2315
5 5369 8510 5378 2316
5 5228 8511 5231 2317
5 5917 8867 3752 2318
5 5713 5714 5712 2319
5 5937 6250 1746 2320
5 3272 8929 3789 2321
5 4566 5356 4567 2322
5 6101 9301 8143 2323
5 1380 6119 1382 2324
5 6142 6244 4236 2325
5 5464 9148 8898 2326
5 2023 6219 5935 2327
5 3676 9479 2822 2328
5 333 5439 681 2329
5 324 6093 808 2330
5 453 5483 692 2331
5 752 6091 307 2332
5 758 5894 311 2333
5 804 5812 346 2334
5 362 8167 672 2335
5 3 5984 734 2336
5 729 5571 354 2337
5 740 5795 383 2338
5 712 5921 380 2339
5 703 5889 297 2340
5 661 5520 419 2341
5 353 5791 729 2342
5 313 5445 738 2343
5 302 5972 5491 2344
5 345 5493 804 2345
5 692 5731 454 2346
5 349 5426 819 2347
5 711 5924 442 2348
5 741 5545 445 2349
5 6040 8191 386 2350
5 379 5401 712 2351
5 689 5495 392 2352
5 7 5545 5237 2353
5 415 5237 730 2354
5 706 5467 406 2355
5 365 5238 732 2356
5 404 5807 5463 2357
5 356 5589 663 2358
5 364 5524 5238 2359
5 730 5811 416 2360
5 816 5465 424 2361
5 467 5499 704 2362
5 382 5504 740 2363
5 407 5467 817 2364
5 466 5522 5499 2365
5 673 5519 377 2366
5 818 5426 348 2367
5 672 5524 363 2368
5 378 5519 5401 2369
5 393 5495 5494 2370
5 402 5518 722 2371
5 397 6094 726 2372
5 394 5494 660 2373
5 682 5972 301 2374
5 728 6040 385 2375
5 405 5463 706 2376
5 671 5510 451 2377
5 381 5921 5504 2378
5 660 5655 395 2379
5 722 5807 403 2380
5 418 5392 661 2381
5 425 5465 664 2382
5 387 8191 665 2383
5 812 5518 401 2384
5 721 5522 465 2385
5 430 5506 825 2386
5 724 5506 429 2387
5 417 5811 5392 2388
5 303 5491 717 2389
5 336 6092 727 2390
5 459 5487 725 2391
5 5655 6094 396 2392
5 298 5889 823 2393
5 330 5678 707 2394
5 347 5812 818 2395
5 5571 5589 355 2396
5 5 5795 5791 2397
5 452 5510 5483 2398
5 312 5894 5445 2399
5 308 6091 820 2400
5 815 5728 371 2401
5 327 5388 742 2402
5 3666 3700 3699 2403
5 3816 9675 3334 2404
5 2790 5544 2789 2405
5 6011 8129 768 2406
5 5362 9595 458 2407
5 5340 6138 5867 2408
5 3920 8953 3918 2409
5 884 8819 8738 2410
5 5531 8888 8517 2411
5 5077 5178 5078 2412
5 5860 8154 916 2413
5 5729 8870 5730 2414
5 5551 5552 4976 2415
5 7092 9638 5831 2416
5 5750 5892 5759 2417
5 7125 8766 8090 2418
5 4611 9636 5645 2419
5 6097 6098 677 2420
5 8917 9651 4538 2421
5 8578 9427 5141 2422
5 8391 9163 4654 2423
5 3767 9687 3621 2424
5 8462 8720 6199 2425
5 922 6152 6151 2426
5 5064 9537 3483 2427
5 5549 5550 5547 2428
5 3806 9628 8665 2429
5 2337 6100 2338 2430
5 3847 8871 3886 2431
5 5591 8692 742 2432
5 4536 4537 4490 2433
5 3789 9193 3010 2434
5 4681 8810 4932 2435
5 2580 5861 2280 2436
5 8606 9667 8122 2437
5 4669 5561 4690 2438
5 5445 8371 738 2439
5 4135 4137 4136 2440
5 8503 9596 4697 2441
5 3897 9271 5038 2442
5 2821 4566 3676 2443
5 673 8737 5519 2444
5 6748 8605 3901 2445
5 4489 4490 4488 2446
5 4524 5144 4525 2447
5 3099 5863 3101 2448
5 461 8628 462 2449
5 3609 6142 3595 2450
5 3724 8156 2799 2451
5 6060 8582 4130 2452
5 8256 9440 5643 2453
5 1625 8349 6157 2454
5 6070 8378 3350 2455
5 4566 9724 3676 2456
5 3834 9714 3833 2457
5 5010 5011 5009 2458
5 3770 8502 5611 2459
5 8481 9263 2803 2460
5 4492 8385 5909 2461
5 2824 5870 3683 2462
5 3336 3369 3335 2463
5 5805 5874 4683 2464
5 9182 9548 5992 2465
5 3856 6208 5862 2466
5 4463 4571 3445 2467
5 3829 5645 5192 2468
5 3886 5080 3846 2469
5 3064 3424 3066 2470
5 5023 5024 5011 2471
5 2906 8911 3017 2472
5 901 9333 6083 2473
5 3130 3437 3131 2474
5 6123 6125 4133 2475
5 8472 9202 2796 2476
5 5467 8393 817 2477
5 933 6189 61 2478
5 5880 6952 4703 2479
5 5962 8625 940 2480
5 5142 9659 8426 2481
5 3733 3735 3734 2482
5 1906 6110 1908 2483
5 5687 6161 6159 2484
5 4538 9705 8917 2485
5 3865 8193 5944 2486
5 5395 5676 5521 2487
5 5523 6006 5501 2488
5 5078 9611 4955 2489
5 939 8624 5968 2490
5 5155 5156 4647 2491
5 4159 4161 4160 2492
5 3804 9174 5661 2493
5 5722 5949 5725 2494
5 4682 8763 5042 2495
5 5936 8484 4796 2496
5 5052 9681 4121 2497
5 4578 6144 6140 2498
5 5850 5883 5852 2499
5 428 8469 724 2500
5 5077 9136 5178 2501
5 922 8187 5910 2502
5 3432 9738 3853 2503
5 5542 8582 6060 2504
5 819 8471 350 2505
5 351 8471 821 2506
5 6986 8789 6987 2507
5 3010 9193 5188 2508
5 6115 8567 8560 2509
5 5802 8964 698 2510
5 5045 8184 5973 2511
5 5107 8628 6043 2512
5 680 6004 6003 2513
5 5877 8994 5125 2514
5 6098 9741 9419 2515
5 4971 6130 5096 2516
5 4639 8588 8314 2517
5 8855 9494 3858 2518
5 3749 3750 3483 2519
5 3329 9322 4632 2520
5 6193 7999 4885 2521
5 794 6192 202 2522
5 201 6192 893 2523
5 60 6189 696 2524
5 5861 5953 2805 2525
5 3679 9210 5245 2526
5 5716 5786 5706 2527
5 6201 9516 5020 2528
5 5740 6088 5738 2529
5 3698 5596 3311 2530
5 5695 8933 6276 2531
5 5674 6028 4615 2532
5 854 8448 8141 2533
5 2783 3347 3346 2534
5 5827 8743 4662 2535
5 5900 8403 4470 2536
5 861 8138 8076 2537
5 8181 8182 4986 2538
5 3448 8480 6972 2539
5 8349 8865 6157 2540
5 3351 9587 3349 2541
5 4991 9727 3849 2542
5 5717 9392 9233 2543
5 4588 5916 5536 2544
5 5857 8443 3672 2545
5 698 8802 5802 2546
5 5321 5808 5322 2547
5 4505 5546 4504 2548
5 4505 9066 5548 2549
5 3691 9699 3692 2550
5 4971 5095 4969 2551
5 4492 4493 3757 2552
5 3677 3774 2932 2553
5 4956 4958 4957 2554
5 2999 3752 3751 2555
5 3722 8939 4500 2556
5 5894 8685 4661 2557
5 3093 6209 6115 2558
5 5718 5719 5714 2559
5 8243 8721 4603 2560
5 1746 6251 5937 2561
5 865 9354 6686 2562
5 3322 3335 3321 2563
5 5784 8580 8404 2564
5 5342 9563 5890 2565
5 3355 8719 3354 2566
5 2341 5917 2452 2567
5 4623 5830 4622 2568
5 5315 9704 5327 2569
5 3130 4513 3437 2570
5 911 8174 5886 2571
5 3752 3860 3859 2572
5 685 8225 165 2573
5 164 8225 880 2574
5 4520 9426 5825 2575
5 5453 9260 5916 2576
5 8648 8829 5431 2577
5 6073 8963 679 2578
5 5723 8963 6073 2579
5 737 8956 6426 2580
5 6074 8834 5320 2581
5 5714 8538 5715 2582
5 8805 9705 4514 2583
5 5703 5704 3816 2584
5 5736 5738 5737 2585
5 3442 9322 3329 2586
5 3819 8543 4603 2587
5 6128 8162 3792 2588
5 3946 9111 4984 2589
5 3286 9329 3284 2590
5 4132 4135 4134 2591
5 5145 8679 5171 2592
5 8486 8645 7462 2593
5 9052 9105 8231 2594
5 5766 5951 5764 2595
5 8855 9687 3768 2596
5 5658 5659 3937 2597
5 3897 3898 3387 2598
5 6126 8620 6127 2599
5 1897 6111 1901 2600
5 844 5966 655 2601
5 5841 9350 4534 2602
5 6041 9605 2846 2603
5 5012 5102 5101 2604
5 722 8540 5987 2605
5 1694 9521 9407 2606
5 3823 5185 5184 2607
5 8878 9121 741 2608
5 6120 6123 4133 2609
5 5947 8499 5945 2610
5 3449 3450 2906 2611
5 5757 5762 5761 2612
5 6113 6251 3093 2613
5 3827 9495 5891 2614
5 5335 8838 8771 2615
5 3860 3907 3906 2616
5 4696 8502 4697 2617
5 5544 9061 8891 2618
5 5766 8839 5951 2619
5 3454 9504 3337 2620
5 5984 8571 5053 2621
5 4564 8499 5947 2622
5 2435 8185 2434 2623
5 4718 9741 6098 2624
5 5126 9368 5922 2625
5 4586 8741 5777 2626
5 8809 8984 3803 2627
5 5209 5819 2965 2628
5 5322 5323 5309 2629
5 4667 4668 4666 2630
5 5831 9736 7092 2631
5 5801 8725 5195 2632
5 5532 5535 5534 2633
5 3325 5847 3058 2634
5 4644 6025 6024 2635
5 5051 5651 5186 2636
5 6109 6110 1917 2637
5 251 8174 250 2638
5 5692 8820 5310 2639
5 3855 8547 5482 2640
5 723 8664 5250 2641
5 8560 8567 1368 2642
5 5264 8877 5265 2643
5 8498 8990 4974 2644
5 4650 5528 5527 2645
5 4573 9391 9222 2646
5 4500 5806 5805 2647
5 2364 9018 6461 2648
5 5850 5851 5848 2649
5 8460 8638 6164 2650
5 1380 8570 6119 2651
5 4133 6125 4131 2652
5 564 845 563 2653
5 654 844 655 2654
5 6017 6019 3883 2655
5 5155 5644 5156 2656
5 5776 8872 5405 2657
5 7245 8732 2140 2658
5 5795 8629 5791 2659
5 2819 9320 5530 2660
5 4691 8378 6070 2661
5 5964 9086 6058 2662
5 4985 5652 4600 2663
5 4804 9611 8419 2664
5 8179 8249 903 2665
5 2320 8684 8550 2666
5 2428 5837 3014 2667
5 758 8685 5894 2668
5 1917 6111 6108 2669
5 4131 6125 4140 2670
5 3935 8785 8375 2671
5 6060 9199 5542 2672
5 5115 8521 8306 2673
5 5798 9206 8409 2674
5 5797 6144 4578 2675
5 5549 5898 5550 2676
5 5161 5162 5159 2677
5 5423 6158 5420 2678
5 9348 9733 4501 2679
5 3804 9075 3732 2680
5 3334 3764 2800 2681
5 2410 8489 5779 2682
5 9679 9698 6038 2683
5 6080 8833 1976 2684
5 3291 3321 3290 2685
5 4646 8685 5216 2686
5 3695 7569 3692 2687
5 4710 8615 4711 2688
5 4629 4630 4628 2689
5 3802 6031 6030 2690
5 5840 9392 5717 2691
5 4605 5884 5100 2692
5 2441 3386 3324 2693
5 5300 5302 5301 2694
5 4610 4611 3829 2695
5 4644 8121 6025 2696
5 4678 8687 4680 2697
5 3827 5876 4535 2698
5 3446 8954 2908 2699
5 3882 4575 3940 2700
5 4124 4126 4125 2701
5 2213 6195 2211 2702
5 4919 8900 5985 2703
5 5671 8919 5893 2704
5 4684 8348 5074 2705
5 5850 5991 5883 2706
5 5058 5671 5147 2707
5 8424 8974 5533 2708
5 357 8803 358 2709
5 814 9148 5464 2710
5 3052 3465 3464 2711
5 668 8663 294 2712
5 5140 9429 8760 2713
5 5620 5621 4980 2714
5 5021 8392 5019 2715
5 8145 8477 755 2716
5 937 5962 5961 2717
5 3337 3338 3115 2718
5 5518 8540 722 2719
5 5541 8634 5361 2720
5 4669 4690 4485 2721
5 3470 9061 5544 2722
5 5591 9380 8591 2723
5 5771 5772 5768 2724
5 5169 5955 5168 2725
5 5992 9548 8986 2726
5 5195 9194 5879 2727
5 2754 9478 3402 2728
5 4577 9702 3389 2729
5 6035 6036 4580 2730
5 5699 5856 4988 2731
5 3691 3692 3149 2732
5 3079 3713 3712 2733
5 2314 5946 2403 2734
5 5032 5033 4613 2735
5 8386 9521 1694 2736
5 5852 5869 5868 2737
5 2787 3343 2575 2738
5 4672 5041 5040 2739
5 2840 6232 6231 2740
5 5226 9247 8584 2741
5 9206 9730 5799 2742
5 5802 8615 4710 2743
5 5814 7225 5517 2744
5 5949 8527 3360 2745
5 4701 9085 5544 2746
5 5113 8783 8375 2747
5 5882 9257 4677 2748
5 4601 5039 4985 2749
5 5106 9145 6188 2750
5 6188 9145 5513 2751
5 5547 5642 5546 2752
5 4114 9373 8943 2753
5 5145 5171 5170 2754
5 5340 5341 5338 2755
5 8167 9642 5049 2756
5 8175 9702 4577 2757
5 3463 9711 3875 2758
5 8213 8345 5047 2759
5 6122 9498 6767 2760
5 5972 9454 5491 2761
5 5738 5758 5737 2762
5 5388 9380 5591 2763
5 4996 4997 4994 2764
5 4684 5073 5072 2765
5 3353 3355 3354 2766
5 8170 9582 2151 2767
5 5287 5289 5286 2768
5 2437 3329 3013 2769
5 3408 9620 3407 2770
5 6125 9117 6126 2771
5 6136 7913 935 2772
5 4541 5091 5090 2773
5 6220 9480 693 2774
5 3741 5034 3740 2775
5 1917 6110 1906 2776
5 6105 6146 4928 2777
5 698 8964 8323 2778
5 5695 9272 8933 2779
5 3485 9723 4504 2780
5 5751 5752 5750 2781
5 4585 9445 4624 2782
5 5042 9250 8255 2783
5 3842 5932 3843 2784
5 3708 3709 3706 2785
5 5581 8580 5784 2786
5 153 8187 152 2787
5 4120 9404 5864 2788
5 4473 5061 3709 2789
5 4554 4678 3898 2790
5 5149 5150 4998 2791
5 5977 9368 5126 2792
5 3743 4587 3851 2793
5 4604 9714 9137 2794
5 708 9374 9241 2795
5 6234 6236 3971 2796
5 5982 6173 6163 2797
5 800 6050 6049 2798
5 5158 9167 2773 2799
5 8776 9655 4676 2800
5 5852 5868 5851 2801
5 2820 6075 5657 2802
5 5788 8568 5389 2803
5 4145 4147 4146 2804
5 3775 3777 3774 2805
5 5590 9510 5825 2806
5 5137 9698 9679 2807
5 711 8765 6071 2808
5 7874 9529 850 2809
5 656 5966 936 2810
5 5722 5725 5724 2811
5 4935 6021 5094 2812
5 835 8354 5973 2813
5 4960 6089 5157 2814
5 8170 9151 4531 2815
5 5937 6251 6113 2816
5 9073 9711 3826 2817
5 2921 3006 2919 2818
5 5619 6117 3885 2819
5 3665 3666 3311 2820
5 6112 8336 8335 2821
5 845 9086 5683 2822
5 5460 9031 8195 2823
5 3696 3697 3328 2824
5 7901 8128 859 2825
5 7015 7568 3903 2826
5 5982 6163 6162 2827
5 3883 6020 6017 2828
5 821 9141 6063 2829
5 5866 8803 663 2830
5 52 8154 694 2831
5 916 8154 53 2832
5 4602 9690 3861 2833
5 5997 8073 3745 2834
5 2433 9272 5695 2835
5 5169 5956 5955 2836
5 1161 9574 5976 2837
5 5066 9641 4490 2838
5 5421 6181 5425 2839
5 4583 6265 6068 2840
5 3307 6024 3306 2841
5 5268 8877 5264 2842
5 3353 6155 3411 2843
5 6207 8159 6208 2844
5 2419 8876 5785 2845
5 4116 4117 4115 2846
5 2840 6231 2841 2847
5 5784 8404 2433 2848
5 6039 8148 2278 2849
5 3704 9568 3019 2850
5 1901 6111 1917 2851
5 6068 8781 4583 2852
5 5945 8499 4553 2853
5 5198 5202 5200 2854
5 4963 4964 4962 2855
5 5929 6044 5934 2856
5 6067 9536 295 2857
5 8546 8867 2360 2858
5 5463 8608 706 2859
5 5151 5152 5150 2860
5 895 9096 8950 2861
5 5753 5754 5752 2862
5 8895 9113 8257 2863
5 5356 9223 4567 2864
5 320 8571 321 2865
5 3791 8566 5148 2866
5 2295 6236 2375 2867
5 4597 5978 4598 2868
5 5838 9072 908 2869
5 5058 5147 4645 2870
5 3880 5208 2966 2871
5 5085 5187 4668 2872
5 3708 6552 6177 2873
5 316 8778 709 2874
5 3126 6059 3123 2875
5 5912 9227 4153 2876
5 8291 8493 4602 2877
5 1732 8513 8363 2878
5 4156 4159 4157 2879
5 5965 9379 8220 2880
5 3466 6146 6105 2881
5 3775 9321 5137 2882
5 6179 6180 5528 2883
5 1910 8335 2118 2884
5 769 9514 5887 2885
5 5094 8884 3368 2886
5 3859 9476 5001 2887
5 6136 9318 840 2888
5 5436 9482 8390 2889
5 8390 9482 5588 2890
5 3832 8927 3834 2891
5 4959 9420 8930 2892
5 2718 9196 5839 2893
5 149 8192 148 2894
5 2367 5881 2368 2895
5 4962 8826 6089 2896
5 3354 9221 3351 2897
5 5761 9133 5794 2898
5 3289 3290 3288 2899
5 779 8240 226 2900
5 225 8240 884 2901
5 2073 9311 5839 2902
5 6037 9417 745 2903
5 6048 8350 3107 2904
5 3107 8350 8342 2905
5 4570 9165 9142 2906
5 3678 5777 5568 2907
5 8709 9306 3410 2908
5 5602 5606 5604 2909
5 4978 8667 4981 2910
5 5718 9030 3424 2911
5 8206 8842 8344 2912
5 5828 5829 4623 2913
5 2905 3810 3474 2914
5 9254 9368 5977 2915
5 5764 5769 5762 2916
5 2770 8861 5813 2917
5 5884 5910 5100 2918
5 2841 6231 2844 2919
5 2804 3319 2803 2920
5 5777 8860 4586 2921
5 344 9527 5493 2922
5 6235 8369 8177 2923
5 4604 9137 6152 2924
5 3204 3366 3203 2925
5 5187 5838 4668 2926
5 6042 6271 2479 2927
5 3394 3395 3393 2928
5 3855 5482 3853 2929
5 6773 6775 3409 2930
5 4619 9636 4611 2931
5 4697 9710 4696 2932
5 5614 9294 8715 2933
5 5194 9684 6015 2934
5 3335 9603 3321 2935
5 5860 5983 5066 2936
5 5179 9678 6987 2937
5 738 8825 314 2938
5 796 8166 55 2939
5 54 8166 916 2940
5 5273 6079 5326 2941
5 5847 9732 3058 2942
5 8255 9348 5042 2943
5 5163 5197 5164 2944
5 2783 3346 2782 2945
5 3848 3849 3847 2946
5 4547 9658 5699 2947
5 5163 5164 5162 2948
5 5658 6049 5659 2949
5 655 5966 656 2950
5 3194 9310 9104 2951
5 2821 8696 4566 2952
5 4111 4114 4113 2953
5 5856 9234 787 2954
5 6426 9386 737 2955
5 2939 2941 2940 2956
5 5974 8175 5461 2957
5 4712 8216 8215 2958
5 2490 6075 2746 2959
5 2039 8780 5944 2960
5 5538 5927 5213 2961
5 6234 8369 6235 2962
5 8426 9309 5142 2963
5 5822 9614 3790 2964
5 6775 9017 3409 2965
5 3782 3784 3783 2966
5 8818 9675 4640 2967
5 6126 8920 8620 2968
5 708 9241 5841 2969
5 5806 5989 5805 2970
5 3060 3360 3062 2971
5 7180 8809 3803 2972
5 5061 9089 3709 2973
5 2840 6236 6232 2974
5 5160 6012 5700 2975
5 8427 9206 5799 2976
5 7430 9248 8132 2977
5 5897 9014 4612 2978
5 3287 3288 3286 2979
5 5209 8720 8462 2980
5 3869 8193 3866 2981
5 5116 8864 3415 2982
5 2824 3331 2995 2983
5 4142 9449 4470 2984
5 2822 9479 2890 2985
5 8695 9443 822 2986
5 3000 3002 2766 2987
5 3730 9075 3748 2988
5 5716 9233 6083 2989
5 2935 3033 2510 2990
5 4992 4994 4993 2991
5 926 8640 6027 2992
5 3104 3105 3103 2993
5 6053 9240 838 2994
5 3715 9712 3713 2995
5 1678 7999 6193 2996
5 4886 6193 4885 2997
5 3694 3695 3692 2998
5 5716 6083 5786 2999
5 5304 9303 5306 3000
5 762 8123 6818 3001
5 3352 8378 6009 3002
5 5075 5797 4578 3003
5 4497 9660 3811 3004
5 2781 8912 3446 3005
5 5136 8358 8142 3006
5 3350 8378 3352 3007
5 4951 8909 8371 3008
5 3358 5158 2773 3009
5 3687 9602 9350 3010
5 800 6051 6050 3011
5 3487 3488 2829 3012
5 5171 5172 5170 3013
5 444 8878 741 3014
5 5924 8878 443 3015
5 3468 9733 4503 3016
5 3933 9451 8886 3017
5 5290 5291 5289 3018
5 3485 4504 3434 3019
5 5012 5101 4630 3020
5 2844 6231 6228 3021
5 4149 5111 5053 3022
5 5053 5885 5052 3023
5 2772 3358 2773 3024
5 4665 8443 4672 3025
5 8698 8736 4170 3026
5 8710 9408 8928 3027
5 3744 8767 3745 3028
5 3330 5245 3171 3029
5 5873 9328 9060 3030
5 804 8798 5812 3031
5 730 8799 5811 3032
5 6051 9497 910 3033
5 6271 6920 2479 3034
5 2938 2939 2886 3035
5 5902 8756 5033 3036
5 3713 3716 3715 3037
5 892 6001 6000 3038
5 2819 3327 2747 3039
5 5684 5902 5033 3040
5 5620 6064 5621 3041
5 8211 8212 4927 3042
5 5738 6088 5758 3043
5 713 9414 5794 3044
5 5316 9364 5269 3045
5 5349 8405 721 3046
5 8677 9340 3755 3047
5 3729 3730 3458 3048
5 8134 9353 8333 3049
5 5914 9698 5137 3050
5 2479 6272 6042 3051
5 3679 5245 3330 3052
5 2844 6228 6227 3053
5 4161 4163 4162 3054
5 5686 9519 816 3055
5 4655 8181 4986 3056
5 5344 9249 8682 3057
5 5150 8529 4998 3058
5 3849 8871 3847 3059
5 815 8704 5728 3060
5 692 8705 5731 3061
5 3795 8951 4532 3062
5 8736 9033 4170 3063
5 6031 9345 6914 3064
5 8342 8350 6111 3065
5 5608 5609 5218 3066
5 8130 8395 4947 3067
5 3433 9738 3432 3068
5 3413 8719 3355 3069
5 5485 9462 469 3070
5 5612 9469 475 3071
5 5247 9464 437 3072
5 5405 9461 305 3073
5 5235 9465 375 3074
5 5442 9470 411 3075
5 5391 9466 440 3076
5 4952 9467 399 3077
5 5615 9468 446 3078
5 5251 9463 472 3079
5 5613 9471 367 3080
5 4988 9231 5028 3081
5 8967 9121 5117 3082
5 8315 8694 5644 3083
5 5178 6067 6066 3084
5 5419 6158 5974 3085
5 5849 5992 5991 3086
5 340 9134 341 3087
5 2802 8908 7090 3088
5 2746 6075 2820 3089
5 5756 5757 5754 3090
5 776 9292 6057 3091
5 3875 9711 9073 3092
5 4987 8509 6256 3093
5 5130 6071 5132 3094
5 3114 3337 3115 3095
5 5016 6103 3675 3096
5 7148 8948 3164 3097
5 3778 9679 4494 3098
5 6208 8159 4167 3099
5 3306 6024 3663 3100
5 3620 5124 3135 3101
5 8140 9048 8712 3102
5 5378 5379 5372 3103
5 5231 5232 5230 3104
5 4666 8779 5674 3105
5 5561 5562 4690 3106
5 9442 9559 8393 3107
5 705 9698 5914 3108
5 3170 3330 3171 3109
5 9444 9538 8983 3110
5 5575 6153 5886 3111
5 5031 8827 5796 3112
5 4980 5943 4979 3113
5 5458 9579 4588 3114
5 6139 8155 2327 3115
5 8504 9078 4545 3116
5 5803 9535 5465 3117
5 5465 9535 5947 3118
5 4806 9611 4804 3119
5 5214 6035 5212 3120
5 3763 9008 6187 3121
5 3457 3458 3456 3122
5 3285 3286 3284 3123
5 5933 6044 5929 3124
5 8325 8811 5823 3125
5 6070 8168 4691 3126
5 8448 9411 8141 3127
5 5119 5122 5121 3128
5 8004 9062 857 3129
5 2216 6195 2213 3130
5 2211 6195 2378 3131
5 1235 6272 1237 3132
5 360 9642 361 3133
5 4807 6066 5143 3134
5 5074 5114 5073 3135
5 250 8174 911 3136
5 778 8174 251 3137
5 4660 5560 4661 3138
5 5874 8348 4683 3139
5 5597 5661 5558 3140
5 3852 8418 7107 3141
5 6087 9508 2436 3142
5 5320 8820 6074 3143
5 4631 5117 5116 3144
5 8508 9739 5654 3145
5 5719 8538 5714 3146
5 5201 9509 3385 3147
5 3692 7569 3903 3148
5 5440 5800 681 3149
5 5506 5508 5507 3150
5 5393 5395 661 3151
5 5401 5403 5402 3152
5 5512 5513 725 3153
5 671 5775 5774 3154
5 5511 5598 5483 3155
5 5392 5394 5393 3156
5 5507 5788 825 3157
5 818 5428 5427 3158
5 5238 5240 5239 3159
5 5499 5501 5500 3160
5 5865 5866 663 3161
5 4717 5986 4572 3162
5 1323 6209 1327 3163
5 5513 9145 6043 3164
5 5214 9417 6037 3165
5 9058 9697 5313 3166
5 5759 5809 5749 3167
5 8676 9378 712 3168
5 6086 6920 6271 3169
5 809 9217 5853 3170
5 4631 5116 3772 3171
5 1329 6251 1332 3172
5 2820 3323 2819 3173
5 3077 3078 3075 3174
5 5844 9615 9182 3175
5 6165 6173 6168 3176
5 8497 9673 3610 3177
5 3440 5777 2947 3178
5 295 9536 296 3179
5 3107 8359 6048 3180
5 6195 8515 2378 3181
5 358 9525 359 3182
5 3782 9442 4551 3183
5 8759 8900 5489 3184
5 6811 8482 8476 3185
5 4707 5081 4148 3186
5 676 8627 5898 3187
5 5734 6247 2974 3188
5 5597 9372 5918 3189
5 5967 5969 5968 3190
5 2844 6227 2845 3191
5 4471 8554 8549 3192
5 469 9462 470 3193
5 375 9465 376 3194
5 305 9461 306 3195
5 437 9464 438 3196
5 411 9470 412 3197
5 475 9469 476 3198
5 446 9468 447 3199
5 399 9467 400 3200
5 440 9466 441 3201
5 472 9463 473 3202
5 367 9471 368 3203
5 5770 5771 5768 3204
5 5839 9196 2073 3205
5 5765 5766 5764 3206
5 8765 9131 6072 3207
5 5701 9337 2298 3208
5 6131 8774 5772 3209
5 2906 3017 2497 3210
5 3052 8618 3465 3211
5 8685 9398 5216 3212
5 3971 8369 6234 3213
5 4540 5954 5004 3214
5 6172 9685 1678 3215
5 6163 6173 6165 3216
5 5767 5768 5766 3217
5 5226 9562 9247 3218
5 9392 9551 781 3219
5 2608 9345 8865 3220
5 3925 3926 3924 3221
5 3458 8658 3456 3222
5 8327 8919 909 3223
5 6033 6034 4930 3224
5 5436 8390 5592 3225
5 6140 6144 4193 3226
5 8870 9066 4506 3227
5 693 9094 5901 3228
5 8163 9275 5949 3229
5 5845 9640 9106 3230
5 2463 2931 2462 3231
5 5982 6162 5325 3232
5 1931 9046 5918 3233
5 3818 8914 4631 3234
5 8743 9547 5675 3235
5 4965 4967 4964 3236
5 5102 5702 5101 3237
5 5079 6128 3792 3238
5 6037 9716 8164 3239
5 8214 8345 8213 3240
5 5496 9531 8686 3241
5 8564 8886 5677 3242
5 4532 5669 5668 3243
5 1897 8342 6111 3244
5 6972 8946 3448 3245
5 5204 9645 8270 3246
5 5016 6104 6103 3247
5 5285 5286 5283 3248
5 4503 9733 9348 3249
5 5641 6078 5015 3250
5 4620 4914 4913 3251
5 4913 5049 4619 3252
5 5548 5729 5727 3253
5 2767 3000 2766 3254
5 5202 9645 5204 3255
5 916 8166 5983 3256
5 3123 6059 3125 3257
5 3459 9037 3461 3258
5 3971 6236 2295 3259
5 2375 6236 2840 3260
5 8556 9623 5126 3261
5 8549 8554 6218 3262
5 4504 8792 3434 3263
5 4598 5109 5108 3264
5 152 8187 922 3265
5 803 8187 153 3266
5 910 9410 6051 3267
5 5825 9510 8360 3268
5 5755 9415 5892 3269
5 4951 9347 4147 3270
5 4118 4119 4117 3271
5 5665 5666 5089 3272
5 5561 6182 5562 3273
5 42 8921 5919 3274
5 5057 6047 6046 3275
5 5250 5783 5251 3276
5 5509 5614 5613 3277
5 5221 5696 5235 3278
5 5469 5471 5470 3279
5 5441 5649 5442 3280
5 5255 5832 5318 3281
5 5484 5486 5485 3282
5 5404 5406 5405 3283
5 5246 5248 5247 3284
5 941 6134 4952 3285
5 5412 5922 5414 3286
5 5459 5672 5615 3287
5 5091 8188 5090 3288
5 6089 8826 823 3289
5 3693 9505 6006 3290
5 2845 6227 2848 3291
5 5925 8941 5926 3292
5 8665 9069 3806 3293
5 8465 9406 3908 3294
5 3941 5675 5128 3295
5 8551 8917 4700 3296
5 3489 9361 3809 3297
5 3690 8481 3319 3298
5 4629 5616 5013 3299
5 815 9394 8581 3300
5 6065 8873 4536 3301
5 3433 8744 4524 3302
5 3908 8546 8465 3303
5 5601 5602 5024 3304
5 3862 9246 3913 3305
5 5608 5610 5609 3306
5 5741 5742 5740 3307
5 5552 5940 5939 3308
5 3410 3740 3378 3309
5 6125 6126 4140 3310
5 1729 6219 1727 3311
5 5798 9730 9206 3312
5 5878 9134 744 3313
5 5671 5893 5147 3314
5 8145 9421 8477 3315
5 5366 8510 5369 3316
5 9104 9310 5055 3317
5 1330 6920 6086 3318
5 5225 8511 5228 3319
5 3758 9631 9387 3320
5 8442 8447 7981 3321
5 2917 9215 3711 3322
5 3489 6081 5831 3323
5 5153 5154 5152 3324
5 5763 5764 5762 3325
5 3735 4918 4461 3326
5 8774 8788 5772 3327
5 2801 3334 2800 3328
5 3788 5195 3799 3329
5 5237 8775 730 3330
5 8245 8665 8346 3331
5 4540 8791 5954 3332
5 2849 3020 2847 3333
5 5421 5425 5424 3334
5 3133 3148 3147 3335
5 5828 8958 802 3336
5 3283 3284 3282 3337
5 5831 9638 3489 3338
5 2570 6026 2571 3339
5 6114 6203 6202 3340
5 8330 9682 8986 3341
5 4193 6204 6140 3342
5 5315 5327 5314 3343
5 2766 6100 2337 3344
5 3700 3702 3701 3345
5 5866 9600 8979 3346
5 3901 8645 8486 3347
5 8220 9456 5965 3348
5 1661 8169 1663 3349
5 8502 9114 8503 3350
5 6207 6208 6206 3351
5 2772 3359 3358 3352
5 8501 8535 5657 3353
5 2933 3436 3377 3354
5 6047 8843 6046 3355
5 3863 9003 3917 3356
5 3901 8486 6748 3357
5 4670 8927 7114 3358
5 3764 9124 5881 3359
5 3499 6015 3824 3360
5 148 8192 915 3361
5 659 8192 149 3362
5 3348 3349 3347 3363
5 3759 9625 4545 3364
5 565 5960 564 3365
5 5099 8814 8664 3366
5 6232 6236 6234 3367
5 5883 8850 786 3368
5 4686 8239 8238 3369
5 5880 8698 2421 3370
5 6037 8164 6036 3371
5 450 9284 671 3372
5 6068 6265 4079 3373
5 3852 8959 3753 3374
5 5607 8521 6184 3375
5 3619 8728 3767 3376
5 3289 8605 3291 3377
5 2441 5069 3386 3378
5 8166 8727 5983 3379
5 4996 4998 4997 3380
5 840 6137 6135 3381
5 5779 8732 7245 3382
5 1746 8570 1362 3383
5 4134 6120 4133 3384
5 4711 8216 4464 3385
5 3687 3884 3105 3386
5 5330 8638 8460 3387
5 4570 9166 9165 3388
5 1860 9734 6914 3389
5 6240 9079 6241 3390
5 8180 8370 1330 3391
5 5306 9303 6016 3392
5 5038 6220 5901 3393
5 8276 9022 8189 3394
5 5072 5207 3880 3395
5 4158 9718 4635 3396
5 4550 9403 5070 3397
5 6245 7311 4237 3398
5 5202 5203 5200 3399
5 5828 5948 5829 3400
5 760 8332 6686 3401
5 5611 5693 2782 3402
5 2806 8562 3790 3403
5 4658 6202 3447 3404
5 5676 8555 5521 3405
5 5395 5905 5676 3406
5 9113 9287 785 3407
5 8392 9677 5098 3408
5 5924 9015 5123 3409
5 6086 8180 1330 3410
5 3320 8808 3390 3411
5 5785 8643 7500 3412
5 2428 3014 2365 3413
5 5296 5297 5295 3414
5 6241 6242 2027 3415
5 3739 8936 3914 3416
5 3281 3282 3280 3417
5 5228 5230 5229 3418
5 2905 8643 3810 3419
5 3449 4583 3450 3420
5 5369 5372 5370 3421
5 8869 9377 9074 3422
5 4132 9522 4135 3423
5 5036 8965 6966 3424
5 9342 9343 3468 3425
5 3361 8151 3710 3426
5 5688 9487 4565 3427
5 2848 6227 6224 3428
5 6246 8535 8501 3429
5 3943 8364 3283 3430
5 5739 5740 5738 3431
5 8969 9642 360 3432
5 4971 5096 5095 3433
5 1659 6242 1661 3434
5 5909 8949 4492 3435
5 5340 5347 5341 3436
5 4970 4971 4969 3437
5 6242 8169 1661 3438
5 5366 5369 5368 3439
5 5225 5228 5227 3440
5 3907 9406 5673 3441
5 6042 8400 4704 3442
5 947 3363 945 3443
5 2940 8381 6277 3444
5 6225 8370 8180 3445
5 4545 9575 8504 3446
5 3823 5793 5185 3447
5 6104 9091 2338 3448
5 5542 9199 5541 3449
5 5962 5963 5961 3450
5 3007 3408 3407 3451
5 4680 8687 6150 3452
5 4545 9078 5818 3453
5 8363 8513 4704 3454
5 3175 3199 3177 3455
5 4968 4969 4967 3456
5 1237 6272 2479 3457
5 1248 6272 1235 3458
5 8247 8665 8245 3459
5 5202 5204 5203 3460
5 710 6138 5410 3461
5 8742 9523 6105 3462
5 5840 9551 9392 3463
5 5836 6197 5833 3464
5 4713 8161 6128 3465
5 6109 6112 6110 3466
5 5683 8901 845 3467
5 950 8793 951 3468
5 5918 9372 1931 3469
5 8675 9093 5197 3470
5 4969 8971 4967 3471
5 8550 8684 5971 3472
5 1321 6209 1323 3473
5 1327 6209 3093 3474
5 4985 5919 5652 3475
5 6178 6179 5528 3476
5 2848 6224 6223 3477
5 3619 3767 3621 3478
5 6098 9023 677 3479
5 1332 6251 1746 3480
5 3093 6251 1329 3481
5 3001 8941 5925 3482
5 729 8815 5571 3483
5 5100 9004 4934 3484
5 2822 2890 2889 3485
5 5898 5899 5550 3486
5 3343 6026 2575 3487
5 5151 5153 5152 3488
5 4699 5641 4166 3489
5 3675 6103 3460 3490
5 3802 6032 6031 3491
5 6080 9168 6079 3492
5 4535 9092 6100 3493
5 8718 8973 5965 3494
5 3708 6177 4473 3495
5 896 9674 6175 3496
5 8127 9118 4642 3497
5 2437 3441 3329 3498
5 6019 8401 3883 3499
5 1904 8361 6244 3500
5 8986 9682 5992 3501
5 3059 3325 3058 3502
5 5771 6131 5772 3503
5 6035 9631 3756 3504
5 5383 8380 5375 3505
5 3872 3874 3873 3506
5 5552 5939 4976 3507
5 787 9231 5856 3508
5 5497 9029 6038 3509
5 6038 9029 4494 3510
5 4704 8400 8363 3511
5 3366 3367 3203 3512
5 6033 8192 659 3513
5 9132 9694 5134 3514
5 6239 6241 2027 3515
5 4717 5987 5986 3516
5 4718 6098 6097 3517
5 829 9012 5951 3518
5 817 9559 5497 3519
5 4456 6118 6099 3520
5 653 6005 654 3521
5 2921 3007 3006 3522
5 8872 9461 5405 3523
5 1254 8457 8455 3524
5 2027 6242 1659 3525
5 4617 4618 4611 3526
5 2490 8343 6075 3527
5 2021 9591 6147 3528
5 5823 9590 5205 3529
5 3338 3340 3339 3530
5 6027 8640 4935 3531
5 6261 8155 6139 3532
5 2430 5837 2428 3533
5 4861 8072 6149 3534
5 6149 8072 2500 3535
5 4703 6952 6754 3536
5 6152 9137 6034 3537
5 3719 5895 5032 3538
5 3791 9071 5998 3539
5 5956 5957 5955 3540
5 2941 2943 2942 3541
5 3468 5653 3028 3542
5 4958 4961 4960 3543
5 6107 6108 4472 3544
5 5325 6162 5284 3545
5 656 936 657 3546
5 566 937 565 3547
5 5273 5274 5266 3548
5 6143 8084 3498 3549
5 2449 6143 3498 3550
5 9290 9387 4580 3551
5 6112 8658 3748 3552
5 5969 6129 5968 3553
5 2027 6285 6239 3554
5 1727 6219 2023 3555
5 2350 6219 1729 3556
5 2804 3320 3319 3557
5 2452 2999 2966 3558
5 7568 8387 3903 3559
5 2179 8550 5971 3560
5 2423 8396 2937 3561
5 6055 9240 6053 3562
5 3475 8355 4460 3563
5 8124 8194 5139 3564
5 5606 5607 5604 3565
5 1996 6934 6266 3566
5 6155 6156 3411 3567
5 5764 5951 5769 3568
5 3721 8716 8712 3569
5 3363 6200 6134 3570
5 4114 4115 4113 3571
5 5857 5858 5041 3572
5 6114 6202 4658 3573
5 5280 9695 5277 3574
5 5839 9362 2718 3575
5 1922 6207 1924 3576
5 8426 9659 4497 3577
5 3090 9081 6124 3578
5 5149 5151 5150 3579
5 5163 5685 5197 3580
5 5197 5198 5164 3581
5 8941 9107 5926 3582
5 6049 6050 5659 3583
5 711 9015 5924 3584
5 6262 8151 3361 3585
5 3331 3434 2995 3586
5 816 9519 5803 3587
5 3033 6068 2510 3588
5 685 8498 8225 3589
5 8225 8498 5555 3590
5 6159 6160 3925 3591
5 3412 3414 3413 3592
5 5821 8628 5107 3593
5 2125 6207 6206 3594
5 8982 9219 8981 3595
5 5080 9226 5921 3596
5 9147 9525 358 3597
5 3838 3840 3839 3598
5 6244 8361 6245 3599
5 8860 9473 5573 3600
5 4507 9511 8568 3601
5 6178 8673 3728 3602
5 3206 7311 6245 3603
5 2723 5870 2824 3604
5 8212 8787 8214 3605
5 5888 9211 2120 3606
5 897 8868 8823 3607
5 3776 9401 8754 3608
5 2939 2940 2886 3609
5 3327 3328 2747 3610
5 4236 6245 4237 3611
5 3878 8746 5781 3612
5 3690 9702 8175 3613
5 5171 5173 5172 3614
5 5980 8991 5981 3615
5 5148 6024 3307 3616
5 2914 8709 3410 3617
5 6095 8931 4920 3618
5 4149 5988 5111 3619
5 8555 9100 3915 3620
5 952 9153 9152 3621
5 8184 9400 5973 3622
5 6001 6002 6000 3623
5 4126 4128 4127 3624
5 9087 9669 4553 3625
5 6064 6187 5621 3626
5 8950 9096 5908 3627
5 5059 9737 8988 3628
5 4138 6120 4134 3629
5 3894 8414 7236 3630
5 689 8857 5495 3631
5 6128 8161 2273 3632
5 786 9499 5883 3633
5 1932 7083 6218 3634
5 8970 9288 4698 3635
5 6265 6266 4079 3636
5 3114 3454 3337 3637
5 5844 5847 3325 3638
5 2255 6261 2866 3639
5 4805 4806 4804 3640
5 1663 8169 2151 3641
5 722 9524 5807 3642
5 5085 5896 5187 3643
5 3447 6202 2946 3644
5 3170 3453 3330 3645
5 3710 8151 5516 3646
5 2848 6223 2849 3647
5 5825 9426 3842 3648
5 6071 6072 5132 3649
5 6047 8906 8843 3650
5 6141 6142 3609 3651
5 3496 6186 6185 3652
5 867 6594 6248 3653
5 5084 9559 9442 3654
5 6215 6216 3232 3655
5 1314 6252 1276 3656
5 6239 6285 6238 3657
5 6217 6218 4795 3658
5 6024 6025 3663 3659
5 1924 6207 2125 3660
5 3323 9431 9320 3661
5 3754 9229 8584 3662
5 5785 8876 3812 3663
5 5117 5119 5118 3664
5 5122 5123 5121 3665
5 6266 6934 4079 3666
5 3455 6107 4472 3667
5 3077 3079 3078 3668
5 5597 5918 5661 3669
5 4161 8965 5036 3670
5 5962 6084 5963 3671
5 3108 6263 6238 3672
5 5240 5241 5239 3673
5 5394 5396 5393 3674
5 5508 5587 5507 3675
5 5511 5599 5598 3676
5 5428 5429 5427 3677
5 5501 5502 5500 3678
5 8692 8896 5346 3679
5 2772 8385 3359 3680
5 5302 5304 5303 3681
5 3017 3462 2497 3682
5 5691 9294 5614 3683
5 9055 9254 5891 3684
5 2125 6206 2277 3685
5 6216 6252 3232 3686
5 458 9595 5487 3687
5 3463 4578 3462 3688
5 6243 8170 8169 3689
5 4166 5641 5015 3690
5 2931 2932 2462 3691
5 9001 9404 8943 3692
5 2421 8698 4170 3693
5 929 8190 8188 3694
5 5272 6079 5273 3695
5 1948 6255 1949 3696
5 5998 5999 5039 3697
5 2501 8910 5958 3698
5 4864 7803 6277 3699
5 3173 5920 3175 3700
5 5285 5287 5286 3701
5 6138 8516 5410 3702
5 2767 3001 3000 3703
5 3939 9457 6176 3704
5 4714 8160 7505 3705
5 5984 9506 734 3706
5 4135 4136 4134 3707
5 6218 7083 4795 3708
5 3279 3280 3278 3709
5 4470 8403 4707 3710
5 3758 5158 3358 3711
5 2127 8858 5975 3712
5 6151 6152 6034 3713
5 6246 8176 6216 3714
5 5772 8839 5768 3715
5 3791 5148 3307 3716
5 5471 5472 5470 3717
5 5248 5249 5247 3718
5 5832 5834 5318 3719
5 5441 5914 5649 3720
5 5406 5776 5405 3721
5 5922 6061 5414 3722
5 2866 6261 3098 3723
5 5838 8779 4668 3724
5 6215 8119 6214 3725
5 3078 9184 3075 3726
5 4613 8690 5821 3727
5 4642 9070 8144 3728
5 670 8957 5911 3729
5 6006 9505 5502 3730
5 5610 5882 5609 3731
5 4136 5912 4139 3732
5 6126 6127 4140 3733
5 3489 9638 2829 3734
5 4537 4616 4615 3735
5 3709 9089 5060 3736
5 2849 3021 3020 3737
5 7463 8364 3943 3738
5 4714 8161 4713 3739
5 3148 3149 3147 3740
5 3113 6217 4795 3741
5 8531 8553 7127 3742
5 5881 9124 5112 3743
5 5968 8624 936 3744
5 8551 9446 5486 3745
5 5777 8741 5568 3746
5 1824 8176 6246 3747
5 6082 9131 5391 3748
5 5799 9377 8427 3749
5 3778 3779 3777 3750
5 3059 3326 3325 3751
5 3232 8119 6215 3752
5 4472 8350 6048 3753
5 6057 8398 776 3754
5 6162 6163 5288 3755
5 6274 8158 8150 3756
5 2777 9509 2806 3757
5 5497 9559 9029 3758
5 5438 9002 5291 3759
5 5948 6000 5829 3760
5 6241 6243 6242 3761
5 3496 7535 6186 3762
5 6044 9053 798 3763
5 9342 9648 5654 3764
5 2903 6262 3361 3765
5 3836 3838 3837 3766
5 3312 3313 2756 3767
5 6197 9058 5313 3768
5 933 6190 6189 3769
5 3943 8152 7463 3770
5 5347 5878 5341 3771
5 5340 5867 5347 3772
5 5845 9105 9052 3773
5 6238 6285 3108 3774
5 6266 8157 1996 3775
5 6174 6175 4673 3776
5 5715 9551 5840 3777
5 2364 9051 5792 3778
5 3232 6252 1314 3779
5 1276 6252 1308 3780
5 5204 5205 5203 3781
5 6146 8468 7864 3782
5 2798 8357 2933 3783
5 2890 3475 2889 3784
5 1922 8159 6207 3785
5 8979 9664 5866 3786
5 890 8887 6180 3787
5 7114 8927 2278 3788
5 6277 7803 2885 3789
5 5700 8882 5161 3790
5 6249 8160 4714 3791
5 2904 6262 2903 3792
5 5892 9415 830 3793
5 5771 6132 6131 3794
5 8476 8482 5734 3795
5 2745 6255 1948 3796
5 1949 6255 1984 3797
5 5859 8952 3020 3798
5 6052 9382 3354 3799
5 8507 9149 4669 3800
5 3056 6249 3059 3801
5 739 9054 5885 3802
5 5187 9359 8694 3803
5 5035 8842 5970 3804
5 4961 4963 4962 3805
5 696 6189 6182 3806
5 2255 8155 6261 3807
5 5450 8589 5448 3808
5 5365 8594 5363 3809
5 6107 6109 6108 3810
5 6238 6263 6237 3811
5 5922 9368 6061 3812
5 2273 8162 6128 3813
5 5323 5346 5345 3814
5 5119 5121 5120 3815
5 5418 6181 5421 3816
5 315 8825 8778 3817
5 2438 3011 2464 3818
5 5563 9389 8303 3819
5 4935 8640 6021 3820
5 1755 6273 6254 3821
5 660 8886 5655 3822
5 6111 8350 6108 3823
5 6159 6161 6160 3824
5 4703 8355 3475 3825
5 6148 9349 5490 3826
5 6254 8158 6274 3827
5 5173 5174 5172 3828
5 6254 6274 1755 3829
5 6149 8178 4861 3830
5 6001 6003 6002 3831
5 6025 8447 8442 3832
5 2721 6214 1975 3833
5 8076 9334 861 3834
5 2849 6223 3022 3835
5 4151 6198 6122 3836
5 6265 8338 6266 3837
5 5919 9622 42 3838
5 6212 6215 6214 3839
5 5123 5129 5121 3840
5 5508 6196 5587 3841
5 5241 5903 5239 3842
5 5394 5397 5396 3843
5 5428 5430 5429 3844
5 5240 5242 5241 3845
5 1650 6264 1653 3846
5 3054 6249 3056 3847
5 3311 5596 2893 3848
5 5513 9181 6188 3849
5 5743 5744 5742 3850
5 6075 8501 5657 3851
5 3440 8860 5777 3852
5 5406 5810 5776 3853
5 5471 5543 5472 3854
5 3666 8766 3700 3855
5 4109 6237 4108 3856
5 6263 8153 4108 3857
5 3277 3278 3272 3858
5 8931 9019 4920 3859
5 5361 9545 318 3860
5 2921 8525 3007 3861
5 8150 8158 3938 3862
5 8516 9049 5342 3863
5 6163 6164 5288 3864
5 6237 6263 4108 3865
5 2724 6214 2721 3866
5 7505 8161 4714 3867
5 3312 3484 3313 3868
5 3313 3314 2756 3869
5 6204 7133 1969 3870
5 4193 7133 6204 3871
5 933 6191 6190 3872
5 4512 8731 8701 3873
5 6254 6273 6253 3874
5 6214 8119 1975 3875
5 2463 3856 2962 3876
5 8468 8513 7864 3877
5 6264 8153 6263 3878
5 1652 6264 1650 3879
5 1653 6264 3108 3880
5 6223 6224 6222 3881
5 8471 9043 5013 3882
5 4150 6198 4151 3883
5 3279 3281 3280 3884
5 5877 9316 5082 3885
5 1937 6273 1753 3886
5 3011 3486 2464 3887
5 2438 3012 3011 3888
5 6221 6223 6222 3889
5 3728 8673 5194 3890
5 836 6102 6005 3891
5 5339 8516 6138 3892
5 3478 6221 3947 3893
5 6300 6758 4769 3894
5 5123 5130 5129 3895
5 3462 8416 2497 3896
5 5394 5398 5397 3897
5 5428 5432 5430 3898
5 2868 9177 8959 3899
5 6274 6275 1755 3900
5 6221 6222 3947 3901
5 2715 6253 2713 3902
5 6253 6273 2713 3903
5 8147 8150 4070 3904
5 5553 8905 6029 3905
5 1753 6273 1755 3906
5 2713 6273 1937 3907
5 3277 3279 3278 3908
5 6212 6214 2724 3909
5 3746 6205 3891 3910
5 6163 6165 6164 3911
5 3281 3283 3282 3912
5 5948 9127 892 3913
5 5153 5688 5154 3914
5 2306 6758 6300 3915
5 5285 6162 5288 3916
5 6224 6225 6222 3917
5 3024 6221 3478 3918
5 6211 6255 2745 3919
5 3279 8334 3281 3920
5 4152 6210 5026 3921
5 1969 8149 6204 3922
5 6015 8084 6143 3923
5 2902 6143 2449 3924
5 6244 6245 4236 3925
5 5927 9432 745 3926
5 4358 7387 6247 3927
5 6247 7387 2974 3928
5 1617 6275 1595 3929
5 1755 6275 1617 3930
5 5570 6250 4657 3931
5 6165 6166 6164 3932
5 1655 6285 1657 3933
5 6224 6226 6225 3934
5 6258 8115 6270 3935
5 3948 6259 3479 3936
5 3108 6285 1655 3937
5 1657 6285 2027 3938
5 4808 4809 4801 3939
5 4657 6250 4656 3940
5 3337 9543 3338 3941
5 6247 8118 4358 3942
5 6165 6167 6166 3943
5 962 6257 2447 3944
5 6257 8115 6258 3945
5 6274 8150 8147 3946
5 3479 6259 3026 3947
5 6275 8117 1595 3948
5 6224 6227 6226 3949
5 6270 8115 4457 3950
5 6257 6258 2447 3951
5 4522 6278 5579 3952
5 960 6257 962 3953
5 5579 6278 5976 3954
5 4511 6278 4522 3955
5 6256 6278 4511 3956
5 4509 6256 4511 3957
5 6165 6168 6167 3958
5 6167 6169 6166 3959
5 6227 6228 6226 3960
5 3027 6259 3466 3961
5 2989 8114 8113 3962
5 6258 6267 2447 3963
5 3108 6264 6263 3964
5 6267 6286 2447 3965
5 3949 6286 6267 3966
5 6169 6170 6166 3967
5 6168 6171 6167 3968
5 6228 6229 6226 3969
5 6258 6268 6267 3970
5 3945 6271 6042 3971
5 8113 8114 6270 3972
5 6168 6172 6171 3973
5 6228 6230 6229 3974
5 3944 6271 3945 3975
5 6258 6270 6268 3976
5 6228 6231 6230 3977
5 4521 6276 4510 3978
5 2447 6286 964 3979
5 6231 6232 6230 3980
5 4720 6512 6283 3981
5 6287 8094 4908 3982
5 4720 6283 4721 3983
5 8088 8092 6284 3984
5 3514 8088 6284 3985
5 6280 6822 3080 3986
5 6279 6280 3080 3987
5 1197 6596 1199 3988
5 3080 6558 6279 3989
5 1210 8082 7897 3990
5 6558 7897 6279 3991
5 1210 7897 6558 3992
5 4078 8094 6287 3993
5 6281 6282 2964 3994
5 3514 6284 6283 3995
5 970 6286 3949 3996
5 2498 7378 6411 3997
5 6283 6284 4721 3998
5 1207 6600 6288 3999
5 6280 7378 6822 4000
5 6232 6233 6230 4001
5 4448 8092 8088 4002
5 8091 8096 4449 4003
5 1193 7531 1195 4004
5 6596 8082 1210 4005
5 6293 6599 2697 4006
5 3498 8084 4720 4007
5 1199 6596 1210 4008
5 2964 6596 1197 4009
5 2964 7531 6281 4010
5 6290 8029 1206 4011
5 6411 7378 6280 4012
5 1184 6290 1206 4013
5 1189 6762 1191 4014
5 1207 6762 6600 4015
5 6288 7531 1207 4016
5 1216 7378 1220 4017
5 1206 8029 6292 4018
5 4720 8084 6512 4019
5 2697 7033 6293 4020
5 6599 6762 2697 4021
5 1756 6290 1184 4022
5 1756 6291 6289 4023
5 6289 6290 1756 4024
5 7040 8098 4909 4025
5 6282 6596 2964 4026
5 1185 7033 1187 4027
5 6292 7033 1206 4028
5 966 6286 970 4029
5 1176 8081 1178 4030
5 1207 7531 1193 4031
5 1195 7531 2964 4032
5 4908 8094 6411 4033
5 3952 7042 6291 4034
5 1163 6302 1171 4035
5 3952 8079 7391 4036
5 2697 6762 1189 4037
5 1191 6762 1207 4038
5 6822 7378 1216 4039
5 1220 7378 2498 4040
5 6291 7042 6289 4041
5 6291 8079 3952 4042
5 6293 7033 6292 4043
5 6600 6762 6599 4044
5 6281 7531 6288 4045
5 3034 6294 1151 4046
5 1187 7033 2697 4047
5 1206 7033 1185 4048
5 6232 6234 6233 4049
5 6296 6301 6295 4050
5 1180 6957 1182 4051
5 6301 6302 1163 4052
5 1171 6302 1176 4053
5 6302 8081 1176 4054
5 6298 8079 2492 4055
5 6295 6301 2450 4056
5 6287 8093 4078 4057
5 2450 6297 6295 4058
5 1151 6294 967 4059
5 7391 8079 6298 4060
5 2450 6299 6297 4061
5 1756 6957 6291 4062
5 6296 6302 6301 4063
5 2492 6957 1180 4064
5 1182 6957 1756 4065
5 1178 8081 2492 4066
5 971 6450 6299 4067
5 4450 8089 8087 4068
5 6234 6235 6233 4069
5 7040 8096 8091 4070
5 6411 8094 2498 4071
5 2492 8079 6957 4072
5 6299 6450 6297 4073
5 8087 8089 7650 4074
5 971 6299 968 4075
5 2492 8081 6298 4076
5 969 6299 2450 4077
5 974 6303 1710 4078
5 6306 6307 4081 4079
5 3956 6307 6306 4080
5 3956 7442 6307 4081
5 3958 8040 7654 4082
5 6304 6343 3954 4083
5 4367 6343 6304 4084
5 6304 7654 4367 4085
5 7654 8040 4367 4086
5 1030 6313 1028 4087
5 4081 6542 6306 4088
5 6303 6386 1710 4089
5 6305 6314 1129 4090
5 6308 6389 3267 4091
5 6343 7442 3956 4092
5 1152 6301 1163 4093
5 3267 6389 3035 4094
5 3954 6343 3956 4095
5 972 6303 974 4096
5 1028 6313 1129 4097
5 1129 6313 6305 4098
5 1835 6810 1955 4099
5 6349 7315 6314 4100
5 6310 6542 4081 4101
5 6309 6312 2968 4102
5 8077 8078 2155 4103
5 3518 6542 6310 4104
5 2155 7074 6316 4105
5 6316 7074 6315 4106
5 4731 6312 6309 4107
5 6927 7315 6349 4108
5 6314 7616 6349 4109
5 6348 6927 6349 4110
5 6315 7074 2662 4111
5 3268 6927 6348 4112
5 6310 6346 3518 4113
5 6348 6682 3268 4114
5 3268 6682 3267 4115
5 2662 7608 6315 4116
5 3518 6346 2967 4117
5 3267 6682 6308 4118
5 6305 7616 6314 4119
5 6632 8078 8077 4120
5 2968 6340 6309 4121
5 1777 7171 1779 4122
5 3035 6389 3041 4123
5 6316 8077 2155 4124
5 2156 6573 6317 4125
5 6389 6631 3041 4126
5 6322 6946 3039 4127
5 3039 7414 6322 4128
5 6573 7073 6321 4129
5 4727 8040 3958 4130
5 2156 7073 6573 4131
5 2967 6346 3039 4132
5 3041 6631 3962 4133
5 6321 7073 2684 4134
5 1030 8050 6313 4135
5 4752 6946 6322 4136
5 6958 8031 2045 4137
5 6346 7414 3039 4138
5 6628 7660 2684 4139
5 3955 6632 6631 4140
5 2684 7660 6321 4141
5 1979 6369 1258 4142
5 1955 6810 3955 4143
5 3955 6810 6632 4144
5 2042 6394 2041 4145
5 6336 6652 3003 4146
5 1818 6810 1835 4147
5 2765 6652 6318 4148
5 4381 6412 6325 4149
5 4731 6777 6312 4150
5 6327 6539 6397 4151
5 6318 6652 6336 4152
5 6313 8050 4727 4153
5 2041 6394 6324 4154
5 6327 6397 3685 4155
5 6319 6369 1979 4156
5 1258 6369 1256 4157
5 1530 6335 4750 4158
5 6328 7660 6628 4159
5 6325 6412 4733 4160
5 6328 6628 2160 4161
5 6314 6998 1129 4162
5 6324 6395 2041 4163
5 6985 7155 7010 4164
5 6373 7358 3969 4165
5 2045 6394 2042 4166
5 2226 6506 6355 4167
5 2160 6614 6328 4168
5 3535 6602 3961 4169
5 6525 6526 2281 4170
5 2356 8020 7969 4171
5 6870 7825 4096 4172
5 4727 8050 8040 4173
5 4021 7945 4023 4174
5 1779 7171 2662 4175
5 6477 7720 3562 4176
5 6371 6373 3969 4177
5 7969 8020 6320 4178
5 6330 6398 2494 4179
5 6846 8015 6844 4180
5 6542 6777 6306 4181
5 2156 7171 1777 4182
5 3051 7440 6333 4183
5 2160 7551 6614 4184
5 7171 7608 2662 4185
5 6333 7440 6355 4186
5 3357 6425 6377 4187
5 2045 8031 6394 4188
5 6317 7171 2156 4189
5 6355 7440 2226 4190
5 7900 7932 4901 4191
5 3649 6476 4439 4192
5 4744 6447 6350 4193
5 1513 7289 6354 4194
5 7098 7613 2461 4195
5 6353 7289 4096 4196
5 6397 6539 4737 4197
5 4835 7220 6651 4198
5 7499 7763 4742 4199
5 6354 7289 6353 4200
5 2494 6399 6330 4201
5 1472 6680 1470 4202
5 6312 6777 6542 4203
5 7183 7929 4168 4204
5 6329 7834 4737 4205
5 6614 7551 6352 4206
5 7256 7525 6527 4207
5 6339 7067 1451 4208
5 4096 7825 6353 4209
5 1464 6403 1519 4210
5 1458 7016 1456 4211
5 6338 6339 1451 4212
5 4737 7834 6397 4213
5 4652 6363 3419 4214
5 6961 6993 3540 4215
5 6318 7820 2765 4216
5 6476 7720 6477 4217
5 6325 6453 4381 4218
5 7883 8068 6917 4219
5 1519 6403 6341 4220
5 7098 7950 7613 4221
5 3968 6360 4741 4222
5 3542 7421 6464 4223
5 6360 7053 4741 4224
5 3357 6377 3689 4225
5 1451 6370 6338 4226
5 3087 7655 7597 4227
5 1470 6680 1526 4228
5 6335 6602 4750 4229
5 2038 6395 2037 4230
5 7967 8048 2083 4231
5 6331 6398 4013 4232
5 1526 6680 6679 4233
5 6334 6602 3536 4234
5 3967 7539 7507 4235
5 2304 6340 2484 4236
5 6332 6993 6961 4237
5 6396 6681 4041 4238
5 1466 6403 1464 4239
5 6326 6453 6325 4240
5 6332 6961 3628 4241
5 7321 7990 4865 4242
5 7597 7655 4741 4243
5 1802 6359 1804 4244
5 6309 8072 4861 4245
5 6352 7551 2709 4246
5 6368 6780 2482 4247
5 4652 6364 6363 4248
5 6339 7068 7067 4249
5 6396 7757 7456 4250
5 2281 6855 6525 4251
5 4016 7932 7900 4252
5 6470 6615 1977 4253
5 6356 6358 1816 4254
5 1816 7075 6356 4255
5 3969 6992 6371 4256
5 6527 7501 7256 4257
5 6464 7421 6373 4258
5 6476 6477 4439 4259
5 2484 6340 2968 4260
5 4013 6377 6331 4261
5 7256 7501 2357 4262
5 6398 7628 2494 4263
5 3556 6475 6404 4264
5 7196 7704 4194 4265
5 4205 6994 6993 4266
5 2041 6395 2038 4267
5 1979 7724 6319 4268
5 7159 7883 2356 4269
5 1435 7161 6383 4270
5 6526 7526 2281 4271
5 7635 7696 3966 4272
5 6651 7220 6647 4273
5 4733 6412 6363 4274
5 6336 7975 6337 4275
5 3049 6425 3357 4276
5 5636 7820 5637 4277
5 6329 7655 3087 4278
5 3087 7834 6329 4279
5 4205 7010 6994 4280
5 2226 6780 6506 4281
5 2663 7759 6871 4282
5 7966 7978 6367 4283
5 4743 6447 4744 4284
5 6383 7161 6381 4285
5 6345 6387 2585 4286
5 7838 7877 2486 4287
5 3275 7868 7535 4288
5 4738 7898 7539 4289
5 2991 6475 3556 4290
5 3536 7842 6334 4291
5 6774 7047 4168 4292
5 6381 7161 2606 4293
5 6373 7421 7358 4294
5 2355 6497 6496 4295
5 6320 8034 6369 4296
5 5136 6400 4068 4297
5 4385 7789 6847 4298
5 6358 6359 1816 4299
5 4030 6402 4029 4300
5 6326 7763 6453 4301
5 6469 6615 6470 4302
5 3689 6377 4013 4303
5 6651 7221 4835 4304
5 6946 8005 4086 4305
5 2749 6399 2334 4306
5 6985 7010 4205 4307
5 4266 7580 4268 4308
5 7535 7868 6186 4309
5 7578 7921 3256 4310
5 3522 6777 3520 4311
5 1091 7926 6944 4312
5 6380 6381 2606 4313
5 3968 6362 6360 4314
5 7053 7597 4741 4315
5 3628 7321 6332 4316
5 6314 7315 6998 4317
5 3551 6938 6361 4318
5 6342 7952 7696 4319
5 3961 6602 6335 4320
5 2357 7501 6385 4321
5 2972 6402 6351 4322
5 6402 6727 4029 4323
5 6441 7432 2716 4324
5 1530 7852 6335 4325
5 3084 6362 3968 4326
5 4168 7929 6774 4327
5 3536 6602 3535 4328
5 7188 7856 4048 4329
5 2606 7005 6380 4330
5 4743 6941 6378 4331
5 4029 6727 6417 4332
5 2356 7969 7159 4333
5 6351 6402 4030 4334
5 4652 6366 6364 4335
5 7010 7155 3145 4336
5 6772 7047 6774 4337
5 1087 7928 7588 4338
5 2225 7763 7499 4339
5 4194 7704 6405 4340
5 6378 6447 4743 4341
5 4858 7992 7813 4342
5 2334 6399 2494 4343
5 6379 6941 3550 4344
5 6538 6589 6357 4345
5 1816 6359 1802 4346
5 6469 6719 6615 4347
5 6527 7526 6526 4348
5 7510 8055 2784 4349
5 2784 7978 7966 4350
5 2133 6473 6471 4351
5 4041 7757 6396 4352
5 1508 6370 1445 4353
5 6429 6440 4762 4354
5 6354 7539 1513 4355
5 3685 7945 6327 4356
5 2971 7188 3533 4357
5 6942 7880 6379 4358
5 7708 7735 1545 4359
5 4608 8015 6846 4360
5 4442 6781 6435 4361
5 6341 7165 1519 4362
5 8020 8034 6320 4363
5 3556 6476 3649 4364
5 2482 7908 6368 4365
5 6335 7852 4745 4366
5 1413 7519 1415 4367
5 7613 7950 7011 4368
5 7525 7526 6527 4369
5 4029 6417 3976 4370
5 6407 6561 4097 4371
5 3540 7982 2850 4372
5 3145 7011 7010 4373
5 8005 8031 4086 4374
5 7456 7757 6470 4375
5 6395 6396 2037 4376
5 4745 7735 7708 4377
5 2271 6855 2175 4378
5 2404 7814 7765 4379
5 3145 7613 7011 4380
5 2526 7886 2524 4381
5 6363 6412 3419 4382
5 6428 6439 2854 4383
5 1415 6595 1417 4384
5 3974 6420 4749 4385
5 7522 7587 7323 4386
5 4017 7195 4019 4387
5 2670 7163 6543 4388
5 6409 6937 4346 4389
5 6356 7075 6357 4390
5 1445 6370 1451 4391
5 6385 7028 2357 4392
5 2585 7017 6345 4393
5 6679 7696 1526 4394
5 1456 7016 1496 4395
5 6543 7163 6383 4396
5 1863 7662 6886 4397
5 6647 7220 2909 4398
5 4745 7852 7735 4399
5 7967 8023 6521 4400
5 2708 7987 4860 4401
5 3558 7935 6991 4402
5 1269 6499 2355 4403
5 7856 8012 6387 4404
5 1267 6499 1269 4405
5 3308 7918 7907 4406
5 4902 7900 4901 4407
5 2585 7016 1458 4408
5 7050 7865 7564 4409
5 4068 6400 4069 4410
5 6420 6953 4749 4411
5 2711 7742 7419 4412
5 3976 6420 3974 4413
5 3084 6442 6362 4414
5 6417 6420 3976 4415
5 4762 6439 6429 4416
5 2922 7282 6903 4417
5 3275 7765 6344 4418
5 2204 7339 2097 4419
5 6376 6436 3972 4420
5 6395 6681 6396 4421
5 6760 7908 2482 4422
5 3600 8002 7988 4423
5 6375 7341 7121 4424
5 6506 6780 6368 4425
5 1562 6635 2018 4426
5 7765 7814 6344 4427
5 1032 8050 1030 4428
5 1415 7519 6595 4429
5 1709 6780 1839 4430
5 4582 7232 6904 4431
5 6388 7432 6441 4432
5 6361 6938 4746 4433
5 6886 7662 6885 4434
5 6871 7759 6390 4435
5 6471 6473 6467 4436
5 6331 7628 6398 4437
5 6351 7188 2972 4438
5 6378 6941 6379 4439
5 6383 7163 1435 4440
5 6347 7945 4574 4441
5 6357 7075 6538 4442
5 6408 7739 7690 4443
5 4749 6953 6887 4444
5 1347 8009 1351 4445
5 1808 6589 6538 4446
5 7973 8007 4869 4447
5 2594 7825 6870 4448
5 6496 6540 2355 4449
5 1582 6871 6390 4450
5 6459 6897 3088 4451
5 7988 8002 6358 4452
5 4752 8005 6946 4453
5 4902 7901 7900 4454
5 2827 6636 3015 4455
5 2355 6499 6497 4456
5 3545 8007 7973 4457
5 4061 6561 6407 4458
5 6374 7341 6375 4459
5 2018 6635 6401 4460
5 2607 7252 6514 4461
5 6521 8023 4437 4462
5 973 6450 971 4463
5 6406 6796 2059 4464
5 6388 6502 2246 4465
5 2246 7432 6388 4466
5 6393 6508 2976 4467
5 6472 6634 6474 4468
5 1719 7047 6772 4469
5 6578 7028 6385 4470
5 6393 7173 6887 4471
5 7024 7814 2404 4472
5 6344 7868 3275 4473
5 4747 7881 7805 4474
5 3318 6436 4453 4475
5 4191 7321 7100 4476
5 6887 7173 4749 4477
5 4046 7165 4047 4478
5 7279 7880 6942 4479
5 6904 7232 6903 4480
5 4738 7539 3967 4481
5 6543 8037 8006 4482
5 4836 7760 7596 4483
5 1719 6772 6770 4484
5 7419 7742 6424 4485
5 7678 7922 3594 4486
5 4843 8043 8038 4487
5 6903 7282 6900 4488
5 3987 6508 6393 4489
5 6680 7898 4738 4490
5 1614 7176 1616 4491
5 4889 8047 7958 4492
5 4873 7724 6823 4493
5 6432 7667 1869 4494
5 6458 6459 3088 4495
5 2976 7173 6393 4496
5 6462 7474 4408 4497
5 3550 6942 6379 4498
5 6656 7609 7279 4499
5 4754 7855 6947 4500
5 4022 6552 2811 4501
5 3972 6436 3318 4502
5 2610 7341 6374 4503
5 2959 7998 2763 4504
5 8053 8058 2891 4505
5 4014 6398 6330 4506
5 6327 7945 4021 4507
5 4740 7988 7872 4508
5 6371 6992 6370 4509
5 7507 7539 6354 4510
5 6361 7472 3551 4511
5 6645 6647 2909 4512
5 6421 7578 3256 4513
5 6429 6439 6428 4514
5 6410 7642 3094 4515
5 1136 6695 2480 4516
5 3374 6532 6413 4517
5 6993 6994 3540 4518
5 6342 7696 7635 4519
5 3989 6508 3987 4520
5 6619 7471 4098 4521
5 6390 6947 1582 4522
5 6404 6476 3556 4523
5 2709 7580 6352 4524
5 3032 7750 3451 4525
5 1462 7017 1460 4526
5 2927 7804 2692 4527
5 4735 7724 7464 4528
5 1731 7627 2028 4529
5 4439 8041 8013 4530
5 2531 7375 2528 4531
5 6409 6938 6937 4532
5 6706 7042 3516 4533
5 6445 7374 6444 4534
5 6668 6681 3960 4535
5 3374 6413 3373 4536
5 4308 7871 7774 4537
5 4086 8031 6958 4538
5 3520 6777 4731 4539
5 6944 7926 6495 4540
5 7617 7847 3575 4541
5 8013 8041 1609 4542
5 4385 6847 6429 4543
5 1508 6371 6370 4544
5 2734 7439 2731 4545
5 6438 7072 3144 4546
5 4475 6601 4476 4547
5 6408 7690 4377 4548
5 7279 7609 7278 4549
5 6823 7724 1979 4550
5 6415 6738 2659 4551
5 1506 6595 6391 4552
5 4372 7697 6386 4553
5 4213 7467 6442 4554
5 3559 7935 3558 4555
5 3989 6509 6508 4556
5 2304 7894 6340 4557
5 2404 7889 7024 4558
5 7619 7728 1196 4559
5 6405 7176 4194 4560
5 4765 7642 6410 4561
5 6387 8012 7016 4562
5 4759 7301 6457 4563
5 7517 7591 4391 4564
5 6415 6752 6416 4565
5 1792 7316 1794 4566
5 2030 7867 7386 4567
5 3503 6928 3505 4568
5 6457 7301 2511 4569
5 6384 6541 2719 4570
5 6467 6473 6468 4571
5 3003 7975 6336 4572
5 7809 7839 6556 4573
5 3964 6992 3531 4574
5 4277 7072 6438 4575
5 7224 7715 7219 4576
5 6563 6715 2539 4577
5 3562 7970 6477 4578
5 6442 7467 6362 4579
5 6472 6474 6471 4580
5 1808 7393 6589 4581
5 8064 8071 4025 4582
5 4250 7608 4252 4583
5 4546 6518 6517 4584
5 6592 6905 6761 4585
5 3260 7527 6580 4586
5 6352 7580 4266 4587
5 8038 8043 4783 4588
5 7317 7565 4777 4589
5 6847 7789 1351 4590
5 1869 6948 6432 4591
5 6739 7385 1953 4592
5 3088 7181 6458 4593
5 3989 6586 6509 4594
5 1564 6635 1562 4595
5 3951 6600 6599 4596
5 7738 7870 6557 4597
5 6688 7648 7401 4598
5 6473 6719 6469 4599
5 3966 7696 6679 4600
5 6306 6777 3522 4601
5 7953 7991 6884 4602
5 6444 7374 2542 4603
5 7005 7195 6380 4604
5 3984 6776 6437 4605
5 1417 6595 1506 4606
5 6925 7707 2542 4607
5 3308 6463 2778 4608
5 6438 7292 6892 4609
5 6432 6948 6433 4610
5 1198 7619 1196 4611
5 4048 7856 6387 4612
5 6410 7373 6770 4613
5 6814 6818 6816 4614
5 2097 7339 2096 4615
5 3274 7350 3299 4616
5 1608 6478 6419 4617
5 6453 7763 2225 4618
5 6502 6658 4850 4619
5 6359 7685 1804 4620
5 6676 6678 6677 4621
5 6424 8022 7578 4622
5 6465 6467 3588 4623
5 6374 7704 2610 4624
5 6770 7373 1719 4625
5 3016 6636 2827 4626
5 2716 7885 6441 4627
5 3365 6414 4557 4628
5 7788 7808 7175 4629
5 6458 7181 6460 4630
5 7037 7639 2655 4631
5 6498 7844 7588 4632
5 2972 7188 2971 4633
5 4023 7945 6347 4634
5 6766 7895 7756 4635
5 6763 6838 1095 4636
5 2765 7820 6855 4637
5 4013 6398 4014 4638
5 2610 7704 7196 4639
5 3533 7188 4048 4640
5 3539 6468 3973 4641
5 4015 6684 3905 4642
5 6501 7893 7756 4643
5 6540 7888 7611 4644
5 4080 7474 6462 4645
5 6592 6761 6537 4646
5 2659 6752 6415 4647
5 7212 7663 3568 4648
5 6991 7877 7838 4649
5 1491 7243 6587 4650
5 1977 7456 6470 4651
5 6431 6561 4061 4652
5 6391 7195 1506 4653
5 2883 6418 2287 4654
5 7255 7418 2656 4655
5 4746 6938 6409 4656
5 2719 6940 6384 4657
5 2553 6837 2556 4658
5 1994 7361 1995 4659
5 4080 7331 6711 4660
5 1825 7460 6876 4661
5 4058 7811 4469 4662
5 7841 7943 4591 4663
5 2737 7436 6716 4664
5 2765 6855 2271 4665
5 7193 7631 7194 4666
5 6386 7697 1710 4667
5 2175 6855 2281 4668
5 5637 7820 6318 4669
5 6403 7952 6342 4670
5 3515 7040 7039 4671
5 4332 6454 4904 4672
5 2810 6781 4442 4673
5 6419 6443 1608 4674
5 6401 6892 2018 4675
5 3951 6599 6598 4676
5 6631 6632 3962 4677
5 6324 6681 6395 4678
5 6479 6481 4653 4679
5 6711 7474 4080 4680
5 7903 7909 1126 4681
5 2237 6621 6455 4682
5 4750 6602 6334 4683
5 1044 6734 1048 4684
5 7578 8022 4416 4685
5 2870 6645 2704 4686
5 2017 7980 7955 4687
5 4443 8052 8032 4688
5 7821 7891 7335 4689
5 7693 7907 4097 4690
5 3237 6645 2870 4691
5 6903 7232 2922 4692
5 2934 6576 3491 4693
5 6525 7820 5636 4694
5 7385 7401 1953 4695
5 6892 7292 2018 4696
5 2926 7919 7860 4697
5 2542 7707 6444 4698
5 6177 6552 4022 4699
5 4097 7907 6407 4700
5 3094 7373 6410 4701
5 6809 6913 4239 4702
5 2665 7929 7183 4703
5 6446 7508 2221 4704
5 6912 7885 2716 4705
5 6380 7195 4017 4706
5 6617 7829 4382 4707
5 1869 7519 1413 4708
5 6528 6566 1622 4709
5 6514 7252 4173 4710
5 6906 7397 2468 4711
5 3144 7292 6438 4712
5 7690 7739 4042 4713
5 2985 6421 3256 4714
5 6948 7160 6433 4715
5 2854 6712 6428 4716
5 6426 6427 4467 4717
5 6630 7189 6535 4718
5 2355 6540 1271 4719
5 2059 7176 6406 4720
5 2864 6619 4098 4721
5 4574 7945 3685 4722
5 6954 7866 7824 4723
5 7812 7848 981 4724
5 6688 7401 7385 4725
5 2900 6812 2899 4726
5 2907 7337 3003 4727
5 2930 6479 2928 4728
5 4019 7195 6391 4729
5 7721 7791 6610 4730
5 3243 6555 3251 4731
5 4179 7586 4176 4732
5 6406 7208 6796 4733
5 1547 6955 6505 4734
5 4092 7600 7115 4735
5 6367 7958 2348 4736
5 2348 7966 6367 4737
5 2591 6544 2593 4738
5 7990 8000 4866 4739
5 7860 7919 7152 4740
5 1839 6780 2226 4741
5 6513 6539 4020 4742
5 6442 7207 4213 4743
5 4779 8046 7842 4744
5 6345 7165 4046 4745
5 2593 6544 2936 4746
5 6451 6824 2683 4747
5 7061 7563 1787 4748
5 7375 7886 2526 4749
5 6436 6437 4453 4750
5 6502 7793 2246 4751
5 3241 6555 3243 4752
5 4546 6517 4031 4753
5 3223 6611 3219 4754
5 6447 6448 6350 4755
5 6591 7397 6906 4756
5 1472 7898 6680 4757
5 3561 7700 4786 4758
5 2706 7331 4080 4759
5 3972 7805 6376 4760
5 6606 6607 6605 4761
5 6409 7759 2663 4762
5 2779 6576 2934 4763
5 7414 7543 6323 4764
5 6499 7844 6498 4765
5 1588 7460 1590 4766
5 1291 6590 3067 4767
5 4760 7637 7393 4768
5 7118 7543 1050 4769
5 1310 7212 3568 4770
5 2225 7362 6453 4771
5 3506 7659 3504 4772
5 4268 7580 6446 4773
5 4330 6454 4332 4774
5 6496 6497 6493 4775
5 6562 6715 6563 4776
5 4465 6426 4467 4777
5 6319 7724 4735 4778
5 6545 6549 6546 4779
5 4476 6601 4479 4780
5 6467 6468 3588 4781
5 2732 6712 2854 4782
5 8006 8037 6464 4783
5 1969 7133 1841 4784
5 6434 7998 2959 4785
5 6377 6425 4739 4786
5 7588 7928 6498 4787
5 6556 7839 6555 4788
5 7813 7992 7140 4789
5 7621 7623 3081 4790
5 7412 7796 7555 4791
5 6580 7527 6737 4792
5 1038 6630 6460 4793
5 6460 7181 1038 4794
5 1271 6540 1273 4795
5 2482 6780 1709 4796
5 8032 8052 2481 4797
5 7470 7473 3587 4798
5 3960 6681 6324 4799
5 6468 6469 3973 4800
5 7471 7875 4098 4801
5 4866 8000 6339 4802
5 7253 7653 6735 4803
5 1048 6734 6574 4804
5 1967 7823 7807 4805
5 2109 7095 2174 4806
5 6585 6711 2502 4807
5 3205 6990 2858 4808
5 4020 6539 6327 4809
5 4377 7022 6658 4810
5 6963 7547 6504 4811
5 7596 7760 6921 4812
5 1038 7189 6630 4813
5 2811 6552 2762 4814
5 2982 6812 2900 4815
5 6938 7541 6937 4816
5 6101 6601 4475 4817
5 6814 6816 6813 4818
5 2352 7584 6609 4819
5 2788 7028 6578 4820
5 3571 6554 4103 4821
5 6330 7932 4016 4822
5 4826 6593 6116 4823
5 6752 7386 6416 4824
5 6994 7982 3540 4825
5 2234 6621 2237 4826
5 3159 7719 7475 4827
5 4428 6713 4426 4828
5 4213 7207 1167 4829
5 3588 6468 3539 4830
5 7324 7561 2008 4831
5 2269 7752 6694 4832
5 6431 7144 6561 4833
5 6738 7384 2659 4834
5 4852 7775 7728 4835
5 3682 7917 7429 4836
5 6435 6781 2407 4837
5 4436 8039 8025 4838
5 7573 7624 4085 4839
5 2778 6463 2776 4840
5 6524 6526 6525 4841
5 6846 8016 4608 4842
5 6450 7731 6297 4843
5 7383 7881 4747 4844
5 1519 7017 1462 4845
5 4834 7817 7220 4846
5 6248 6594 6593 4847
5 7826 7879 1833 4848
5 2287 6418 2289 4849
5 4186 7042 6706 4850
5 4188 7684 6582 4851
5 3015 6636 3721 4852
5 7480 7697 4242 4853
5 6506 7410 6355 4854
5 2197 6539 6513 4855
5 4047 7165 6341 4856
5 2694 7695 7363 4857
5 6521 8048 7967 4858
5 6900 7282 2915 4859
5 7979 7986 6883 4860
5 7302 7576 2351 4861
5 7081 7743 7082 4862
5 4103 7603 4841 4863
5 3373 6413 4101 4864
5 4374 6408 4377 4865
5 2170 6737 2228 4866
5 2858 6990 4763 4867
5 6453 7362 4381 4868
5 2731 7439 2733 4869
5 4002 6795 4004 4870
5 4856 7639 7037 4871
5 1104 6708 1107 4872
5 1557 6478 1559 4873
5 3984 6437 6436 4874
5 3297 6431 4061 4875
5 6332 7321 4191 4876
5 4786 7700 7363 4877
5 7231 7368 1224 4878
5 1547 6505 6503 4879
5 2080 6461 2079 4880
5 3430 6545 2958 4881
5 4607 6713 4428 4882
5 4755 6838 6763 4883
5 2552 7340 6531 4884
5 2600 7587 7522 4885
5 6572 7943 7841 4886
5 3531 6992 3969 4887
5 6796 7208 6795 4888
5 2232 7445 2230 4889
5 4850 6658 3559 4890
5 4370 7715 7224 4891
5 7429 7917 7430 4892
5 3379 6975 4032 4893
5 1616 7176 2059 4894
5 6519 7695 2694 4895
5 3628 7990 7321 4896
5 4377 7690 7022 4897
5 7159 8068 7883 4898
5 6620 7413 7287 4899
5 7211 7563 7061 4900
5 2528 7375 2526 4901
5 6338 6992 3964 4902
5 7194 7631 4378 4903
5 4865 7990 4866 4904
5 7100 7321 4865 4905
5 7491 7795 6744 4906
5 6574 6659 1048 4907
5 1397 6584 1395 4908
5 4194 7176 1614 4909
5 2486 7877 7423 4910
5 7374 7375 2531 4911
5 3214 6687 3624 4912
5 6618 7970 3562 4913
5 3983 6430 4035 4914
5 7538 7716 4299 4915
5 4401 7761 4402 4916
5 6604 6606 6605 4917
5 6799 7254 6801 4918
5 2398 6890 6889 4919
5 6890 7301 4759 4920
5 7360 7505 7466 4921
5 6553 6578 5625 4922
5 6585 7474 6711 4923
5 1519 7165 7017 4924
5 6443 7612 1608 4925
5 2238 7793 2236 4926
5 2530 6570 2533 4927
5 6567 7646 7530 4928
5 6844 8015 2959 4929
5 6842 7600 4092 4930
5 4171 7663 7212 4931
5 6947 7855 1582 4932
5 6619 7893 6501 4933
5 1042 6734 1044 4934
5 3254 6941 3382 4935
5 4204 6633 3292 4936
5 1679 7996 7989 4937
5 2788 6578 6553 4938
5 4183 7725 7452 4939
5 2786 6577 2980 4940
5 2398 6889 6888 4941
5 3563 7422 4291 4942
5 4785 7839 7809 4943
5 4810 7060 6723 4944
5 6827 7817 4834 4945
5 6801 7254 1734 4946
5 4274 7866 6954 4947
5 6609 7584 6608 4948
5 6510 6511 4419 4949
5 6406 7176 6405 4950
5 3505 6928 3951 4951
5 4788 7591 7517 4952
5 1460 7017 2585 4953
5 6554 7603 4103 4954
5 1103 6708 1104 4955
5 3273 7626 2460 4956
5 2930 6480 6479 4957
5 3551 7541 6938 4958
5 5105 6553 5625 4959
5 5887 6684 4015 4960
5 2133 6719 6473 4961
5 2242 7432 2240 4962
5 2574 6637 2807 4963
5 2644 7472 2646 4964
5 4034 6554 3571 4965
5 4826 7736 7583 4966
5 6445 7375 7374 4967
5 7583 7736 6716 4968
5 6366 6583 6364 4969
5 4850 7793 6502 4970
5 6350 6448 4556 4971
5 6503 6584 1547 4972
5 6433 7160 6956 4973
5 6443 6913 6809 4974
5 7354 7382 6613 4975
5 3237 6646 6645 4976
5 4298 7350 3274 4977
5 6698 6959 4057 4978
5 6740 7027 7026 4979
5 4350 6940 6445 4980
5 6370 6992 6338 4981
5 6956 7314 6433 4982
5 1947 7976 7964 4983
5 3376 6532 3374 4984
5 6612 6746 3557 4985
5 2302 7229 2029 4986
5 3381 6757 3250 4987
5 7347 7842 3536 4988
5 4256 6573 6321 4989
5 4819 6659 6574 4990
5 6587 7243 6509 4991
5 7072 7418 7255 4992
5 1204 7322 3228 4993
5 4041 6681 6668 4994
5 7392 7478 4314 4995
5 7629 7781 7480 4996
5 4556 6448 3364 4997
5 4181 7749 4788 4998
5 6582 6802 4383 4999
5 6872 7460 1588 5000
5 3663 7918 3308 5001
5 6881 6885 4204 5002
5 4416 7921 7578 5003
5 7693 7760 4836 5004
5 6600 6928 6288 5005
5 6884 7991 6886 5006
5 1869 7667 7519 5007
5 2028 7627 2830 5008
5 3364 6448 2808 5009
5 3388 7962 7930 5010
5 2692 7804 2694 5011
5 1796 6538 1798 5012
5 6439 6577 2854 5013
5 7322 7522 7323 5014
5 6612 6809 4239 5015
5 7363 7695 4786 5016
5 6656 7279 6942 5017
5 7858 7954 7633 5018
5 4446 6697 6696 5019
5 1559 6478 1608 5020
5 2922 7625 2639 5021
5 4065 7150 5135 5022
5 4210 6693 4380 5023
5 2795 6700 3682 5024
5 4890 7465 3662 5025
5 4280 7320 7283 5026
5 6429 6847 6440 5027
5 6387 7016 2585 5028
5 2012 7048 2013 5029
5 4032 6975 5698 5030
5 6904 7233 4582 5031
5 7003 7065 6785 5032
5 2537 7436 2540 5033
5 3550 6941 3254 5034
5 4028 6738 6415 5035
5 3501 7039 4724 5036
5 4860 7987 6622 5037
5 4876 8030 8021 5038
5 2483 6958 2128 5039
5 2381 7510 2784 5040
5 7739 7876 2480 5041
5 4335 7158 4333 5042
5 6809 7612 6443 5043
5 1798 7075 1800 5044
5 2159 6862 6753 5045
5 7530 7646 2631 5046
5 2983 7899 3577 5047
5 3224 6604 3223 5048
5 3516 7042 3952 5049
5 3616 7658 4755 5050
5 4033 6821 6512 5051
5 7752 7822 4380 5052
5 4838 7081 7079 5053
5 4867 7948 7947 5054
5 6723 7060 1056 5055
5 1059 6862 2159 5056
5 6751 7316 1792 5057
5 2094 7526 1950 5058
5 2862 7361 1994 5059
5 2269 7821 2019 5060
5 2197 6513 2117 5061
5 5909 7339 2204 5062
5 2358 6923 2443 5063
5 2489 6765 2487 5064
5 2599 7314 6956 5065
5 2656 7418 6730 5066
5 2729 6712 2732 5067
5 4926 6562 3890 5068
5 6357 6589 6588 5069
5 7265 7498 6520 5070
5 2582 6782 2303 5071
5 2502 6603 6585 5072
5 2552 6837 2553 5073
5 2735 6577 2786 5074
5 4760 6751 3053 5075
5 3425 6676 3295 5076
5 3345 7741 4466 5077
5 6761 6905 4270 5078
5 4762 7968 4761 5079
5 4877 7410 6506 5080
5 6323 7543 7118 5081
5 6463 7907 7693 5082
5 6511 7576 7302 5083
5 6855 7820 6525 5084
5 7048 7865 7050 5085
5 2683 6824 1371 5086
5 1752 6950 6949 5087
5 1953 7384 6739 5088
5 6898 6900 2915 5089
5 6590 6591 3067 5090
5 6792 6794 4043 5091
5 7085 7768 7762 5092
5 6471 6474 2133 5093
5 2690 6696 4057 5094
5 6812 6813 2899 5095
5 3963 7689 6329 5096
5 4939 4942 4941 5097
5 6524 6525 5636 5098
5 6364 6583 6365 5099
5 6459 7722 6897 5100
5 7451 7459 6825 5101
5 1744 7870 7738 5102
5 2960 6881 3263 5103
5 7698 7806 2060 5104
5 3509 6598 3953 5105
5 3207 7229 2302 5106
5 7807 7823 6492 5107
5 6529 7257 2351 5108
5 6812 6814 6813 5109
5 6634 7800 1272 5110
5 3089 7315 7309 5111
5 4175 7684 4188 5112
5 7481 7490 4823 5113
5 6687 7648 6688 5114
5 2013 7048 2077 5115
5 2958 6545 2956 5116
5 6694 7821 2269 5117
5 4007 7796 7412 5118
5 6369 8034 1256 5119
5 6572 7841 4056 5120
5 1933 7547 6963 5121
5 2569 6637 2574 5122
5 6536 7742 2711 5123
5 6856 7512 7054 5124
5 2928 6479 3418 5125
5 6766 6863 1076 5126
5 2262 6890 2398 5127
5 3151 7319 4810 5128
5 6297 7731 4829 5129
5 6716 7436 6715 5130
5 7266 7498 7265 5131
5 2088 6959 6698 5132
5 2107 7585 2406 5133
5 4314 7478 7000 5134
5 1122 7573 4085 5135
5 2095 6703 2178 5136
5 3263 6881 4204 5137
5 1040 7773 1042 5138
5 4788 7749 6640 5139
5 2532 6570 2530 5140
5 5632 6524 5636 5141
5 1547 6584 1397 5142
5 1776 7178 6750 5143
5 2134 7265 6520 5144
5 3528 6765 2489 5145
5 2768 6700 2795 5146
5 2834 6668 3040 5147
5 3615 7614 3639 5148
5 6311 7543 7414 5149
5 3299 7350 4881 5150
5 6598 6599 6293 5151
5 1403 7004 2605 5152
5 2008 7561 2010 5153
5 2352 7656 7584 5154
5 6605 6611 3223 5155
5 3430 6549 6545 5156
5 3950 6928 3503 5157
5 4917 7263 3892 5158
5 3953 6598 6293 5159
5 7206 7575 4189 5160
5 4291 7422 6869 5161
5 6889 6890 4759 5162
5 4770 6566 6528 5163
5 6739 7384 6738 5164
5 3587 7473 3588 5165
5 7393 7637 4748 5166
5 4203 7312 6943 5167
5 1172 6760 1707 5168
5 6791 6964 4090 5169
5 6361 7805 7472 5170
5 6888 7093 2398 5171
5 6460 7542 4271 5172
5 6610 7791 6609 5173
5 6540 7611 1273 5174
5 2478 6725 2473 5175
5 4879 7908 7799 5176
5 981 6491 977 5177
5 2511 7572 6457 5178
5 3222 7408 4366 5179
5 6597 7653 7253 5180
5 1995 7361 1998 5181
5 2260 6890 2262 5182
5 6620 6659 4819 5183
5 2518 6778 2544 5184
5 3084 7579 6442 5185
5 7017 7165 6345 5186
5 1762 6616 1833 5187
5 4847 7740 7676 5188
5 3892 7263 5008 5189
5 4334 6454 4330 5190
5 5627 6578 6385 5191
5 1587 6872 1588 5192
5 3405 6522 3406 5193
5 4063 7150 4065 5194
5 2595 7829 6617 5195
5 6564 6730 4104 5196
5 6955 7025 6505 5197
5 6590 7397 6591 5198
5 6785 7004 7003 5199
5 1518 7852 1530 5200
5 3905 6684 3904 5201
5 6758 6797 4769 5202
5 2443 6923 3271 5203
5 2826 6806 2573 5204
5 2749 7863 6399 5205
5 3295 6676 3293 5206
5 6493 6494 3641 5207
5 4255 6954 4253 5208
5 4282 7473 7470 5209
5 1997 6934 1996 5210
5 2458 7329 3526 5211
5 6892 7495 4276 5212
5 4277 7418 7072 5213
5 7664 7854 4368 5214
5 4770 7566 6565 5215
5 2149 6461 2080 5216
5 7779 7840 4399 5217
5 2556 6837 2725 5218
5 4056 6851 6572 5219
5 3053 6751 1807 5220
5 2228 6737 2231 5221
5 2817 6544 2591 5222
5 2688 6629 2990 5223
5 4328 7464 4326 5224
5 4926 6715 6562 5225
5 1771 6628 2684 5226
5 1826 7643 2267 5227
5 2384 7095 2109 5228
5 2505 7800 7713 5229
5 2516 6778 2518 5230
5 6742 7369 3213 5231
5 4085 7624 6641 5232
5 4220 6908 6626 5233
5 6656 7598 6655 5234
5 2467 7053 2465 5235
5 6621 7847 7617 5236
5 7063 7689 7677 5237
5 4791 7563 7211 5238
5 7247 7782 7764 5239
5 6567 7530 4336 5240
5 990 6733 1144 5241
5 3504 6725 2478 5242
5 4812 7116 3153 5243
5 7054 7512 4273 5244
5 4313 7113 6786 5245
5 4829 7731 4827 5246
5 7079 7392 4838 5247
5 6613 6746 6612 5248
5 6694 7752 6693 5249
5 1288 6590 1291 5250
5 1367 7524 1631 5251
5 1405 7004 1403 5252
5 6786 7113 1502 5253
5 1683 6767 1700 5254
5 3116 7379 3118 5255
5 3292 6633 3294 5256
5 6315 7608 4250 5257
5 6419 7642 4765 5258
5 4776 7729 7726 5259
5 6358 8002 6359 5260
5 1052 6659 6620 5261
5 6620 7287 1052 5262
5 1741 6702 1951 5263
5 6538 7075 1798 5264
5 1951 6703 2095 5265
5 6702 6703 1951 5266
5 6895 7631 2682 5267
5 3452 6806 2826 5268
5 4051 7750 3032 5269
5 3159 7453 7058 5270
5 6687 6688 3624 5271
5 4043 6795 4002 5272
5 6790 6791 4090 5273
5 4091 6965 6799 5274
5 6537 7062 6592 5275
5 7079 7478 7392 5276
5 3951 6928 6600 5277
5 4043 6964 6792 5278
5 4772 7227 7187 5279
5 6701 7707 6925 5280
5 1813 6689 2349 5281
5 1832 6800 1966 5282
5 6795 7208 4004 5283
5 4082 6581 6580 5284
5 2493 6959 2103 5285
5 3605 6802 6582 5286
5 6357 6588 3970 5287
5 6446 7580 7508 5288
5 2573 7710 2557 5289
5 2984 7560 7355 5290
5 4104 6729 6564 5291
5 7476 7550 1501 5292
5 1622 6566 1596 5293
5 3451 7750 4977 5294
5 6474 6634 1277 5295
5 4382 7829 6627 5296
5 8021 8030 6865 5297
5 6996 7544 3425 5298
5 2132 7440 2339 5299
5 6765 7424 2487 5300
5 2832 6782 2582 5301
5 7287 7413 6723 5302
5 7472 7805 3972 5303
5 1146 7502 1157 5304
5 1186 7222 1183 5305
5 2911 6696 2690 5306
5 4176 7586 4174 5307
5 6351 7856 7188 5308
5 6561 7144 1812 5309
5 2077 7640 2078 5310
5 6695 7739 2480 5311
5 6942 7598 6656 5312
5 3993 6586 3990 5313
5 2611 7260 1543 5314
5 2630 7595 2634 5315
5 6838 7926 1091 5316
5 1150 7837 2270 5317
5 2576 6720 2523 5318
5 3581 7483 3584 5319
5 6627 6908 4382 5320
5 6635 7855 4754 5321
5 1603 7815 7371 5322
5 2465 7053 3044 5323
5 2545 7157 2527 5324
5 2760 6960 2930 5325
5 3250 6757 3248 5326
5 1466 7952 6403 5327
5 1633 6793 1635 5328
5 1827 6618 2089 5329
5 2605 7004 6784 5330
5 6784 7025 2605 5331
5 6511 7302 3269 5332
5 6582 7684 4772 5333
5 7751 7802 7217 5334
5 6455 6456 2243 5335
5 2301 6821 2440 5336
5 2527 7157 2529 5337
5 4772 7187 3085 5338
5 6623 6848 1745 5339
5 2281 7526 2094 5340
5 2174 7095 6199 5341
5 1118 7641 1116 5342
5 1124 7252 2607 5343
5 1336 6638 1338 5344
5 7000 7536 4314 5345
5 6856 7054 2609 5346
5 3642 7783 4856 5347
5 6629 7093 6888 5348
5 7649 7702 6732 5349
5 1228 6917 1221 5350
5 1369 6825 1312 5351
5 2737 7736 6756 5352
5 2980 6577 4024 5353
5 3190 7041 3176 5354
5 3197 6829 3643 5355
5 4340 7784 7748 5356
5 1966 6800 2067 5357
5 7774 7871 6587 5358
5 1208 7322 1204 5359
5 1613 6872 1587 5360
5 2416 6781 2810 5361
5 4010 6912 2457 5362
5 2808 6448 2809 5363
5 1958 7317 4777 5364
5 2926 7439 2734 5365
5 4462 6636 3016 5366
5 6593 6594 6116 5367
5 1776 6750 1774 5368
5 1801 6752 1799 5369
5 1803 7386 1801 5370
5 2448 7431 2124 5371
5 3635 7105 2385 5372
5 4092 7115 2621 5373
5 7386 7867 6416 5374
5 6983 7697 7480 5375
5 7273 7490 7481 5376
5 978 6983 2673 5377
5 6572 6851 2924 5378
5 4263 6534 4261 5379
5 6954 7824 4275 5380
5 4437 8023 6699 5381
5 1134 6695 1136 5382
5 1525 7217 2658 5383
5 2030 7386 1803 5384
5 1999 7516 2002 5385
5 6730 7334 2656 5386
5 4764 7659 3506 5387
5 7424 7670 1054 5388
5 4083 7566 4770 5389
5 4197 6896 6835 5390
5 6755 6756 4825 5391
5 3076 7357 3073 5392
5 4305 6693 4210 5393
5 6801 7666 7277 5394
5 1144 7559 7487 5395
5 6425 7973 4869 5396
5 6740 7283 7027 5397
5 4057 6959 2493 5398
5 2540 7436 2737 5399
5 6716 7736 2737 5400
5 2929 6412 4381 5401
5 4092 7177 6842 5402
5 2171 7028 2335 5403
5 2979 6754 2744 5404
5 3233 7143 6431 5405
5 3615 3639 3617 5406
5 6565 6566 4770 5407
5 7419 7909 7903 5408
5 2567 6717 2572 5409
5 1325 6965 1326 5410
5 1715 6560 6559 5411
5 2993 6718 3625 5412
5 3990 6586 3989 5413
5 4402 7761 6744 5414
5 8028 8054 4444 5415
5 2321 6828 2323 5416
5 4408 7884 6462 5417
5 6876 7460 6873 5418
5 1952 6623 1745 5419
5 2609 7054 6535 5420
5 6591 6592 3067 5421
5 6661 6898 6660 5422
5 6857 7795 7491 5423
5 1712 7191 3166 5424
5 6492 7823 3209 5425
5 6531 7811 4058 5426
5 1945 7278 1750 5427
5 2581 7567 7417 5428
5 2599 7425 6571 5429
5 7944 7957 4421 5430
5 1765 7551 1767 5431
5 7408 7835 4366 5432
5 4638 6755 4825 5433
5 6588 6589 4748 5434
5 1954 7351 7008 5435
5 2856 6929 2918 5436
5 7905 7906 4410 5437
5 6792 6964 6791 5438
5 6842 7177 2648 5439
5 3963 6329 4737 5440
5 6832 7589 1233 5441
5 6833 6896 1577 5442
5 1618 6565 1754 5443
5 4725 6280 6279 5444
5 6974 7457 4771 5445
5 6480 6707 6483 5446
5 6697 6698 4057 5447
5 4421 6709 6708 5448
5 6564 7334 6730 5449
5 6893 7716 7538 5450
5 1823 6615 1721 5451
5 3425 6678 6676 5452
5 6625 7828 7816 5453
5 1728 7019 1814 5454
5 1815 6689 1813 5455
5 3176 7041 3174 5456
5 3193 7125 7124 5457
5 4724 7039 4909 5458
5 6733 7559 1144 5459
5 1957 6891 1936 5460
5 6507 6570 2532 5461
5 4199 7111 6728 5462
5 1548 6736 1550 5463
5 1800 7075 1816 5464
5 2504 7347 2978 5465
5 2586 7896 7555 5466
5 4257 6710 4274 5467
5 4264 6614 6352 5468
5 6701 6925 6805 5469
5 6932 7699 6931 5470
5 988 6733 990 5471
5 1143 6865 1113 5472
5 6615 6719 1721 5473
5 1872 6931 2657 5474
5 2486 7423 6787 5475
5 2682 7631 7193 5476
5 3045 6668 2834 5477
5 6835 6896 6833 5478
5 1557 7515 6478 5479
5 2646 7472 3972 5480
5 4421 7957 6709 5481
5 7425 7620 6571 5482
5 6653 7020 7019 5483
5 6936 7406 7009 5484
5 1218 6515 2136 5485
5 6917 7325 1221 5486
5 7048 7050 2077 5487
5 2440 6821 4033 5488
5 6701 6805 3068 5489
5 6472 7800 6634 5490
5 1335 7128 1173 5491
5 1339 6787 1337 5492
5 3178 6705 3190 5493
5 3383 6669 3246 5494
5 6991 7838 3558 5495
5 7283 7320 3592 5496
5 7108 7446 7109 5497
5 7044 7940 7931 5498
5 6520 7492 2134 5499
5 3890 6562 3681 5500
5 4888 8044 8042 5501
5 6969 6970 6488 5502
5 6586 6587 6509 5503
5 6665 6898 6661 5504
5 2301 2440 2439 5505
5 7989 7996 4868 5506
5 8066 8070 7673 5507
5 1504 6729 1515 5508
5 2138 2340 2129 5509
5 2129 7894 2304 5510
5 7676 7740 2402 5511
5 6936 6937 3050 5512
5 3639 7614 4863 5513
5 7770 7979 6883 5514
5 7924 7976 7402 5515
5 1116 7641 6536 5516
5 1365 6719 2133 5517
5 1508 6372 6371 5518
5 1984 1985 1978 5519
5 4771 7457 2006 5520
5 2039 2040 2038 5521
5 4082 6737 2170 5522
5 2523 6720 2525 5523
5 6744 7795 4402 5524
5 6322 7414 6323 5525
5 6424 7578 6421 5526
5 976 6983 978 5527
5 1129 6998 1026 5528
5 7032 7512 1045 5529
5 2487 7424 1058 5530
5 4421 6708 1103 5531
5 1106 7045 2502 5532
5 1114 6536 2711 5533
5 1133 7518 2668 5534
5 4399 7468 1135 5535
5 1140 1146 1145 5536
5 1157 7502 4075 5537
5 1167 7207 1158 5538
5 1159 6760 1172 5539
5 1173 7128 1160 5540
5 1264 7142 1166 5541
5 4211 4213 1167 5542
5 1302 1335 1173 5543
5 1274 6634 1272 5544
5 1337 6787 4105 5545
5 1338 6638 1342 5546
5 1348 2501 1350 5547
5 1355 6922 3632 5548
5 1357 7579 3084 5549
5 1443 7801 1508 5550
5 7031 7291 1497 5551
5 1539 7217 1525 5552
5 1550 6736 2649 5553
5 1590 7460 1825 5554
5 1707 1709 1708 5555
5 1709 1839 1838 5556
5 1735 6687 3214 5557
5 7401 7648 1791 5558
5 1827 6918 6618 5559
5 1870 6931 1872 5560
5 1982 7085 2660 5561
5 2089 6618 2354 5562
5 2357 7028 2171 5563
5 2231 2232 2230 5564
5 2230 7445 3255 5565
5 2239 6455 2243 5566
5 2243 7223 2241 5567
5 2716 7432 2242 5568
5 3044 4010 2457 5569
5 2524 7886 2719 5570
5 2558 6893 2555 5571
5 2597 2984 2983 5572
5 2667 7190 6690 5573
5 2859 6798 3072 5574
5 3073 7357 2860 5575
5 3611 4059 2862 5576
5 7219 7715 3083 5577
5 3215 6742 3213 5578
5 3219 6611 3217 5579
5 4186 6706 3225 5580
5 3255 4850 3559 5581
5 4419 6511 3269 5582
5 3526 7329 4307 5583
5 3600 7988 4740 5584
5 4824 7275 3601 5585
5 3639 3640 3617 5586
5 3640 6493 3641 5587
5 4379 4394 3640 5588
5 4045 6500 3645 5589
5 3647 7485 4842 5590
5 4203 6943 3994 5591
5 6362 7467 4011 5592
5 4089 7761 7572 5593
5 6417 6727 4155 5594
5 7349 7477 4169 5595
5 4189 7575 7260 5596
5 4206 7372 4208 5597
5 4274 6954 4255 5598
5 4280 7283 6740 5599
5 6869 7390 4291 5600
5 4337 6567 4336 5601
5 4754 6947 4339 5602
5 4378 7771 7194 5603
5 6331 6377 4739 5604
5 4810 7319 7060 5605
5 4817 6624 4818 5606
5 7355 7560 4844 5607
5 6368 7908 4879 5608
5 4896 7537 4893 5609
5 7045 7046 6603 5610
5 6626 6908 6627 5611
5 7110 7559 6733 5612
5 1298 1356 1355 5613
5 1351 7789 7723 5614
5 1360 1723 1722 5615
5 2456 6513 4020 5616
5 2496 3449 2906 5617
5 2682 7548 6895 5618
5 2733 3576 3575 5619
5 2762 2913 2912 5620
5 4021 4022 2811 5621
5 3356 3725 2982 5622
5 7022 7935 3559 5623
5 4090 6964 3998 5624
5 4045 7471 6619 5625
5 4067 7150 4063 5626
5 5135 5136 4068 5627
5 4082 7647 6581 5628
5 4090 6943 6790 5629
5 7360 7466 4171 5630
5 4252 7608 6317 5631
5 4374 4377 4376 5632
5 4838 7743 7081 5633
5 7143 7144 6431 5634
5 6493 6497 6494 5635
5 7139 7822 7752 5636
5 1366 6579 1703 5637
5 6396 7456 2037 5638
5 2502 7045 6603 5639
5 4061 6407 4840 5640
5 4369 7691 6304 5641
5 6468 6473 6469 5642
5 6742 7656 7369 5643
5 6783 7025 6784 5644
5 1309 6474 1277 5645
5 1351 8009 6847 5646
5 1794 7316 1808 5647
5 2323 6828 2417 5648
5 2750 6893 2558 5649
5 4734 6996 3303 5650
5 4607 6714 6713 5651
5 6718 7875 7471 5652
5 6689 7230 2349 5653
5 2649 6736 6691 5654
5 3118 7379 4246 5655
5 7705 7758 4833 5656
5 6696 6697 4057 5657
5 4897 7863 7540 5658
5 6557 7870 6556 5659
5 2560 6722 2750 5660
5 980 983 982 5661
5 986 987 985 5662
5 985 6897 1037 5663
5 1130 7618 7389 5664
5 1285 2352 1283 5665
5 3067 7062 1294 5666
5 1846 7326 2123 5667
5 2236 7445 2232 5668
5 2240 7432 2246 5669
5 3218 3220 3219 5670
5 3220 6706 3221 5671
5 3221 3516 3224 5672
5 3226 3513 3225 5673
5 6794 6795 4043 5674
5 4760 7316 6751 5675
5 6825 7459 1312 5676
5 4389 6982 6843 5677
5 7716 7766 4424 5678
5 4592 5617 4590 5679
5 6943 7312 6790 5680
5 1042 7773 6734 5681
5 1307 1313 1312 5682
5 2406 7585 3259 5683
5 2936 6544 6517 5684
5 6794 7238 6796 5685
5 1188 6639 1186 5686
5 7316 7393 1808 5687
5 6535 7189 2609 5688
5 6604 6605 3223 5689
5 3501 4723 4722 5690
5 4390 7775 4852 5691
5 6783 7582 7025 5692
5 2351 7576 6529 5693
5 6571 7314 2599 5694
5 7070 7379 3116 5695
5 1000 7327 6857 5696
5 1050 7543 6861 5697
5 1086 6864 1089 5698
5 1108 7045 1106 5699
5 1750 7278 2683 5700
5 1769 6628 1771 5701
5 1799 2659 1797 5702
5 2108 7087 2035 5703
5 6531 6837 2552 5704
5 3150 7486 7426 5705
5 4091 6799 6798 5706
5 7957 7983 6709 5707
5 987 6897 985 5708
5 2196 6721 2504 5709
5 2368 2901 2449 5710
5 2414 2904 2903 5711
5 2828 6741 4077 5712
5 7206 7306 3162 5713
5 3225 6706 3220 5714
5 4261 4273 4259 5715
5 4339 6947 4342 5716
5 7274 7435 4833 5717
5 6707 6724 6483 5718
5 7643 7644 6924 5719
5 1515 6729 3580 5720
5 4086 6958 2483 5721
5 1313 6560 1370 5722
5 1842 6921 1722 5723
5 2634 7595 7009 5724
5 4100 7136 2815 5725
5 4581 6522 3405 5726
5 4784 7216 3572 5727
5 4188 6582 4383 5728
5 6365 6996 4734 5729
5 6624 6625 4818 5730
5 6480 6481 6479 5731
5 7058 7453 6745 5732
5 1695 6949 2514 5733
5 2589 6507 2532 5734
5 3241 3243 3242 5735
5 4589 6532 3376 5736
5 4331 7464 4328 5737
5 4939 4941 4940 5738
5 7756 7895 6501 5739
5 4906 7158 4335 5740
5 4342 6947 6390 5741
5 6504 7547 6584 5742
5 1138 7491 6745 5743
5 6639 7222 1186 5744
5 1234 7129 1249 5745
5 3189 7443 6982 5746
5 4177 6831 4178 5747
5 3957 6861 6311 5748
5 4351 6940 4350 5749
5 1113 6865 1115 5750
5 1183 7222 1181 5751
5 1326 6965 4091 5752
5 2409 7469 1629 5753
5 1992 6879 2579 5754
5 2289 2293 2291 5755
5 3515 7039 2896 5756
5 3362 6449 3276 5757
5 4911 6776 3667 5758
5 4248 7313 4247 5759
5 1019 6880 1016 5760
5 1263 7332 1333 5761
5 2078 7640 2081 5762
5 2621 7115 2624 5763
5 1677 7376 1681 5764
5 2474 2477 2476 5765
5 2895 2896 2477 5766
5 2845 2846 2843 5767
5 6728 7111 4775 5768
5 6422 6424 6421 5769
5 7259 7298 6804 5770
5 1201 1202 1200 5771
5 1219 6820 2600 5772
5 1936 6891 1935 5773
5 2268 4171 2266 5774
5 7232 7625 2922 5775
5 4376 6502 6388 5776
5 6646 6647 6645 5777
5 3083 6788 1706 5778
5 3684 7570 5002 5779
5 1182 1184 1183 5780
5 1998 7516 1999 5781
5 3068 6805 2548 5782
5 4346 7759 6409 5783
5 6982 7443 6843 5784
5 1528 6850 1520 5785
5 1757 6537 1759 5786
5 3659 6521 4437 5787
5 7466 7663 4171 5788
5 4483 7790 4100 5789
5 4332 4335 4333 5790
5 7771 7851 7194 5791
5 4075 4211 1167 5792
5 2696 6967 1704 5793
5 1787 1789 1788 5794
5 2123 2367 2124 5795
5 2678 7273 2702 5796
5 2930 6960 6707 5797
5 3418 6479 4653 5798
5 3509 3953 3511 5799
5 3512 4027 3510 5800
5 6641 7518 4085 5801
5 7353 7507 4780 5802
5 6530 7262 6657 5803
5 7723 7789 6581 5804
5 6606 7848 7812 5805
5 1704 6967 1819 5806
5 1982 2660 1994 5807
5 2134 7492 7065 5808
5 2322 7534 2869 5809
5 2579 6879 4095 5810
5 7106 7270 3096 5811
5 4218 6908 4220 5812
5 4262 6614 4264 5813
5 4368 6458 4271 5814
5 4479 5853 5043 5815
5 4768 7492 4767 5816
5 6753 6862 6569 5817
5 1096 7634 1095 5818
5 2667 7026 1475 5819
5 2221 6761 6446 5820
5 3596 7431 2448 5821
5 7111 7244 2649 5822
5 4076 6808 6807 5823
5 4479 6601 5853 5824
5 4747 7805 6361 5825
5 1622 7394 6528 5826
5 1865 6797 6758 5827
5 2123 7326 2369 5828
5 2195 6721 2196 5829
5 3426 7681 3264 5830
5 4792 6768 3986 5831
5 6804 7186 4094 5832
5 4094 7259 6804 5833
5 7733 7845 4405 5834
5 4867 7947 6384 5835
5 2683 7609 6451 5836
5 2729 2732 2731 5837
5 6727 6935 4155 5838
5 4479 5043 4480 5839
5 4725 6411 6280 5840
5 1095 6838 1092 5841
5 6570 7645 2533 5842
5 7611 7888 3209 5843
5 4350 6445 6444 5844
5 7003 7004 1405 5845
5 1713 7191 1712 5846
5 3637 6604 3224 5847
5 4333 4736 4735 5848
5 6764 6824 4773 5849
5 6613 7382 6746 5850
5 6692 7398 7348 5851
5 3557 6809 6612 5852
5 2159 2487 1058 5853
5 1079 6735 1077 5854
5 1506 7195 7005 5855
5 2388 7329 2458 5856
5 2425 7741 3345 5857
5 4101 6413 5647 5858
5 4374 4375 4373 5859
5 1543 7260 1544 5860
5 3233 3297 3296 5861
5 978 980 979 5862
5 994 7396 7284 5863
5 1286 6590 1288 5864
5 4076 6807 2469 5865
5 7009 7406 2634 5866
5 2924 6851 2636 5867
5 3066 3109 3065 5868
5 4001 7771 4378 5869
5 7097 7098 6019 5870
5 1203 1204 1202 5871
5 1236 6917 1228 5872
5 1261 3085 1252 5873
5 1814 7019 4323 5874
5 2300 2301 2029 5875
5 6811 7149 2157 5876
5 2417 6828 6827 5877
5 2485 6946 4086 5878
5 2597 2983 2598 5879
5 2743 3574 3573 5880
5 6283 6512 2963 5881
5 3188 6705 3180 5882
5 3181 3183 3182 5883
5 3186 3187 3185 5884
5 3198 3656 3197 5885
5 3498 4720 3596 5886
5 4411 7023 3603 5887
5 7444 7533 4220 5888
5 7124 7125 4451 5889
5 4787 6724 6707 5890
5 1180 1182 1181 5891
5 6764 6910 1251 5892
5 2046 6958 2045 5893
5 2092 7256 2357 5894
5 2460 7626 2887 5895
5 3418 4653 4651 5896
5 4101 5647 5646 5897
5 1239 1240 1238 5898
5 1244 1245 1240 5899
5 1249 1300 1299 5900
5 1757 7062 6537 5901
5 3196 7590 3172 5902
5 3382 6941 4743 5903
5 5622 6350 4556 5904
5 4908 6411 4725 5905
5 6644 7623 7621 5906
5 6710 7512 7032 5907
5 6553 7741 2788 5908
5 6768 7021 6769 5909
5 7726 7729 7027 5910
5 1047 6861 1046 5911
5 1054 7670 7118 5912
5 1529 7145 1533 5913
5 1794 1808 1796 5914
5 2153 7428 2884 5915
5 4475 4476 3452 5916
5 4084 7787 7700 5917
5 6710 7032 4274 5918
5 6769 7446 7108 5919
5 2864 4098 1085 5920
5 1160 7128 3081 5921
5 1295 7319 3151 5922
5 1360 7063 1723 5923
5 1629 7469 1606 5924
5 2227 2486 2169 5925
5 2261 6966 2259 5926
5 2597 7560 2984 5927
5 2840 2841 2797 5928
5 2898 7304 3668 5929
5 3056 3058 3057 5930
5 7564 7865 3231 5931
5 6669 6670 3384 5932
5 3428 7971 7925 5933
5 4753 6765 3528 5934
5 4069 4443 4432 5935
5 4254 6573 4256 5936
5 4259 6710 4257 5937
5 4281 6569 6568 5938
5 4333 7158 4736 5939
5 4440 6434 4441 5940
5 6401 7495 6892 5941
5 7204 7206 7203 5942
5 2035 7087 2326 5943
5 4045 6619 6501 5944
5 6799 6801 4099 5945
5 6730 7494 4104 5946
5 6559 6560 4784 5947
5 6724 7695 6519 5948
5 1244 1330 1246 5949
5 1303 1304 1258 5950
5 2104 2285 2284 5951
5 2206 6811 2157 5952
5 2548 6805 2541 5953
5 3476 4462 3016 5954
5 3070 6701 3068 5955
5 4084 7700 3561 5956
5 4276 7495 3586 5957
5 4069 6400 4515 5958
5 6530 7257 6529 5959
5 6657 6951 6530 5960
5 1372 1974 1751 5961
5 1615 7755 3137 5962
5 1618 6566 6565 5963
5 1726 7019 1728 5964
5 3244 3384 3242 5965
5 6745 7453 1138 5966
5 3228 6854 1202 5967
5 1205 1209 1208 5968
5 2479 6920 1239 5969
5 1313 7216 6560 5970
5 4357 6638 1336 5971
5 2725 4050 3032 5972
5 2726 7527 3260 5973
5 3259 3265 2888 5974
5 3180 6705 3178 5975
5 3248 6757 3383 5976
5 3472 7753 3720 5977
5 3504 7659 6725 5978
5 4192 7559 7110 5979
5 6665 6899 6898 5980
5 7021 7248 6769 5981
5 7323 7587 7452 5982
5 2047 7149 2049 5983
5 6796 7238 2059 5984
5 2289 6418 2293 5985
5 3251 7605 3245 5986
5 6935 7123 4155 5987
5 4233 6888 4235 5988
5 6579 7018 4870 5989
5 1002 6857 1138 5990
5 1016 6880 1014 5991
5 1029 1030 1028 5992
5 1036 6860 1035 5993
5 1318 7142 1264 5994
5 1534 6759 1786 5995
5 2657 6878 1874 5996
5 1891 1894 1892 5997
5 1904 6849 1902 5998
5 2578 2873 1915 5999
5 1930 7156 2595 6000
5 2139 2359 2314 6001
5 2282 2868 2867 6002
5 2650 2652 2651 6003
5 3153 7116 3152 6004
5 4434 6449 3362 6005
5 3564 7422 3563 6006
5 4242 4372 3606 6007
5 4205 6993 4049 6008
5 6859 7309 4789 6009
5 7083 7154 4795 6010
5 6736 7398 6692 6011
5 7454 7618 1130 6012
5 2844 2845 2843 6013
5 6998 7315 3089 6014
5 3247 7448 3249 6015
5 4279 4301 4278 6016
5 4362 6617 4382 6017
5 7340 7811 6531 6018
5 6884 6886 6882 6019
5 1631 7524 2741 6020
5 2476 7554 3502 6021
5 3644 6843 3195 6022
5 4591 4592 4590 6023
5 4823 7274 4833 6024
5 6968 6969 6488 6025
5 6879 7354 6613 6026
5 6669 6673 6670 6027
5 2498 7129 1227 6028
5 1230 7227 1241 6029
5 1239 6920 1244 6030
5 1306 6910 3555 6031
5 1360 1722 1356 6032
5 1735 3214 3213 6033
5 1774 6750 1986 6034
5 1790 1791 1788 6035
5 1805 6807 2030 6036
5 2036 7086 2154 6037
5 2128 6958 2046 6038
5 2174 2437 2426 6039
5 2207 6939 2224 6040
5 3047 3523 2384 6041
5 7278 7609 2683 6042
5 2809 6378 4403 6043
5 2985 3256 3231 6044
5 3271 6923 4414 6045
5 4731 4861 3519 6046
5 3580 4104 3582 6047
5 4858 4859 4028 6048
5 4175 4188 4177 6049
5 6674 6757 4562 6050
5 6336 6337 5639 6051
5 1097 7940 7044 6052
5 1115 3082 1117 6053
5 1147 1159 1148 6054
5 2503 7138 1177 6055
5 1178 1180 1179 6056
5 1202 6854 1200 6057
5 1242 1250 1243 6058
5 1707 6760 2482 6059
5 3166 3167 1714 6060
5 2016 7627 1731 6061
5 2071 7257 6951 6062
5 2339 7440 3051 6063
5 2593 2936 2827 6064
5 2706 2708 2707 6065
5 2712 3658 2738 6066
5 2903 3361 3276 6067
5 2991 7925 6475 6068
5 7335 7891 3163 6069
5 3179 3181 3180 6070
5 3187 3192 3191 6071
5 3192 3197 3195 6072
5 3656 6829 3197 6073
5 3657 4413 3656 6074
5 1234 1249 1248 6075
5 3239 7686 3646 6076
5 3243 3251 3245 6077
5 3660 4325 3659 6078
5 6772 6774 6773 6079
5 1774 1986 1772 6080
5 1779 2662 1781 6081
5 1783 2155 1785 6082
5 1986 6749 6748 6083
5 2581 2582 2303 6084
5 2772 2773 2332 6085
5 3523 7095 2384 6086
5 2456 2811 2762 6087
5 2583 2831 2582 6088
5 6740 7026 2667 6089
5 4846 6782 2832 6090
5 3297 3304 3296 6091
5 3646 7686 6557 6092
5 4416 6514 4173 6093
5 6905 7664 4270 6094
5 2236 7793 7445 6095
5 6691 7111 2649 6096
5 3507 6598 3509 6097
5 4330 4332 4331 6098
5 4756 6419 4765 6099
5 4787 7695 6724 6100
5 4792 7021 6768 6101
5 6857 7491 1138 6102
5 1470 1526 1468 6103
5 1481 4096 1478 6104
5 1509 7341 2610 6105
5 1747 7239 1619 6106
5 7948 7965 1691 6107
5 2358 2442 2272 6108
5 2293 6418 3971 6109
5 3551 7472 2644 6110
5 3109 3970 3065 6111
5 3136 7498 7266 6112
5 3218 3219 3217 6113
5 4356 6281 3950 6114
5 6630 7542 6460 6115
5 997 6856 2609 6116
5 1005 7059 2506 6117
5 1267 7844 6499 6118
5 1364 1720 1365 6119
5 1635 6793 2058 6120
5 1822 1948 1823 6121
5 6930 6931 1870 6122
5 2239 2243 2241 6123
5 2248 7404 4106 6124
5 2308 7427 4347 6125
5 2396 7096 7034 6126
5 2746 2747 2745 6127
5 7540 7863 2749 6128
5 3310 3311 2893 6129
5 2951 6844 2959 6130
5 3005 3371 3004 6131
5 4198 7029 3564 6132
5 3892 5007 3704 6133
5 6289 7042 4186 6134
5 4278 7355 4844 6135
5 4282 7470 4281 6136
5 7036 7437 4313 6137
5 7943 7956 4592 6138
5 7234 7275 4824 6139
5 7284 7396 4853 6140
5 6326 8045 7763 6141
5 6480 6483 6482 6142
5 7025 7582 6505 6143
5 7102 7107 7002 6144
5 7601 7665 7147 6145
5 7330 7680 7428 6146
5 3088 6897 987 6147
5 988 990 989 6148
5 4231 6733 988 6149
5 7234 7454 1011 6150
5 1034 6919 1027 6151
5 1031 1033 1032 6152
5 1035 6860 3091 6153
5 1142 6766 1076 6154
5 1290 1292 1289 6155
5 1317 6933 1368 6156
5 1320 7120 3234 6157
5 1323 1324 1322 6158
5 1328 6965 1325 6159
5 1500 6729 1504 6160
5 1516 7013 1522 6161
5 1531 7070 3116 6162
5 1702 6848 1811 6163
5 3117 6779 1733 6164
5 1874 6878 1876 6165
5 1885 1886 1884 6166
5 1892 3107 1890 6167
5 7078 7080 1896 6168
5 1903 7083 1899 6169
5 1901 1906 1905 6170
5 1928 7155 6985 6171
5 1931 1964 1963 6172
5 1988 3112 3111 6173
5 2054 6987 2282 6174
5 2064 2135 2063 6175
5 2110 2176 2076 6176
5 2111 7428 2153 6177
5 2162 7101 2387 6178
5 2861 4087 2251 6179
5 2252 2256 2254 6180
5 2258 2260 2259 6181
5 2427 6966 2261 6182
5 2267 7643 2358 6183
5 2387 7099 2837 6184
5 2403 2885 2401 6185
5 2445 6741 2828 6186
5 2652 6926 2654 6187
5 2785 6819 2926 6188
5 2990 6629 3608 6189
5 3662 7465 2998 6190
5 3055 7637 4760 6191
5 4870 7018 3086 6192
5 4191 4793 3106 6193
5 3123 3124 3121 6194
5 3129 7426 3128 6195
5 3543 3544 3201 6196
5 3356 7754 3725 6197
5 4562 6757 3381 6198
5 3603 7023 3661 6199
5 3638 4827 3637 6200
5 7727 7783 3642 6201
5 5181 5183 3983 6202
5 4018 6382 6381 6203
5 6743 6744 4089 6204
5 6916 7269 4106 6205
5 4189 7306 7206 6206
5 4221 6908 4218 6207
5 4229 4839 4837 6208
5 4242 7697 4372 6209
5 6317 6573 4254 6210
5 4273 6710 4259 6211
5 6328 6614 4262 6212
5 4398 6693 4305 6213
5 4313 7437 7113 6214
5 4365 7251 7250 6215
5 4767 7492 6520 6216
5 4819 4820 4817 6217
5 4858 7927 4859 6218
5 4893 4894 4892 6219
5 4894 4900 4897 6220
5 6575 7533 7444 6221
5 7065 7492 6785 6222
5 6875 6876 6873 6223
5 7309 7315 6927 6224
5 6968 7790 6969 6225
5 7072 7255 7071 6226
5 7493 7819 7153 6227
5 1046 6861 3957 6228
5 1257 1258 1256 6229
5 1291 3067 1294 6230
5 1310 3568 1293 6231
5 1294 7062 1311 6232
5 1386 2608 1388 6233
5 1389 2674 1387 6234
5 1404 7160 1406 6235
5 1423 1429 1428 6236
5 1425 7065 7003 6237
5 1432 1485 1431 6238
5 1439 1440 1438 6239
5 1446 1448 1447 6240
5 1495 1503 1494 6241
5 1497 7381 7031 6242
5 3136 7266 1511 6243
5 1575 6833 1577 6244
5 2059 7238 1624 6245
5 2672 6980 1634 6246
5 6747 7461 1770 6247
5 6759 6840 1786 6248
5 1837 7166 2198 6249
5 2057 7294 7109 6250
5 7109 7446 2057 6251
5 2058 6793 6792 6252
5 2065 6657 2315 6253
5 2158 6939 2207 6254
5 2171 2335 2172 6255
5 2705 7139 2172 6256
5 2802 7090 2190 6257
5 2476 2478 2473 6258
5 6721 7347 2504 6259
5 2557 7710 2559 6260
5 2605 7025 6955 6261
5 2688 7093 6629 6262
5 2741 4708 2742 6263
5 3004 7337 2907 6264
5 3371 4495 3004 6265
5 3064 3066 3065 6266
5 3083 7601 6788 6267
5 3119 3127 3117 6268
5 3146 4053 3150 6269
5 7058 7719 3159 6270
5 3503 3505 3504 6271
5 3520 4731 3519 6272
5 3956 6306 3522 6273
5 3580 6729 4104 6274
5 4881 6997 4038 6275
5 6835 7043 4197 6276
5 4198 7259 7029 6277
5 7426 7486 4285 6278
5 7390 7488 4292 6279
5 4977 6101 4475 6280
5 4756 6913 6443 6281
5 6783 6784 4768 6282
5 4811 4813 4812 6283
5 4932 6973 4933 6284
5 1090 1093 1092 6285
5 2502 6711 1105 6286
5 1306 1374 1307 6287
5 2712 2738 1334 6288
5 1765 1767 1766 6289
5 1777 1779 1778 6290
5 2090 7178 1778 6291
5 1783 1785 1784 6292
5 2031 2032 2022 6293
5 2032 2034 2033 6294
5 2036 2108 2035 6295
5 2137 7257 2071 6296
5 2425 2825 2717 6297
5 2456 4020 2811 6298
5 6754 6952 2744 6299
5 3037 3038 2832 6300
5 3044 4011 4010 6301
5 3044 6360 4011 6302
5 3297 3305 3304 6303
5 3604 7459 7451 6304
5 3670 6667 6662 6305
5 7677 7689 3963 6306
5 3984 6436 6376 6307
5 5104 6426 4465 6308
5 4728 6631 6389 6309
5 6308 7513 4790 6310
5 4790 7565 7317 6311
5 4877 6506 6368 6312
5 5045 5973 5046 6313
5 5105 5625 5624 6314
5 6385 7501 5629 6315
5 5630 6524 5632 6316
5 6329 7689 7655 6317
5 1701 6918 1827 6318
5 2286 2420 2284 6319
5 2888 2891 2407 6320
5 2643 7282 2641 6321
5 3611 6622 4060 6322
5 3904 6684 5594 6323
5 6580 6737 4082 6324
5 4905 4906 4335 6325
5 2416 2808 2577 6326
5 3904 5594 5196 6327
5 7452 7725 7323 6328
5 998 7327 1000 6329
5 1001 1045 999 6330
5 1025 1034 1027 6331
5 1035 1278 1032 6332
5 1267 1269 1268 6333
5 1271 1273 1272 6334
5 1273 1275 1274 6335
5 1275 1314 1276 6336
5 1378 1739 1377 6337
5 1522 1523 1518 6338
5 1569 7244 4199 6339
5 1681 7376 6767 6340
5 1841 7133 1840 6341
5 1840 2720 1975 6342
5 1915 1916 1914 6343
5 1920 1921 1919 6344
5 1963 7156 1930 6345
5 2062 2310 1963 6346
5 2005 7324 2008 6347
5 2052 3106 2050 6348
5 6986 6987 2056 6349
5 2212 2214 2213 6350
5 2308 4282 4281 6351
5 2403 2886 2885 6352
5 2490 2746 2745 6353
5 2491 2496 2495 6354
5 2514 6949 4354 6355
5 3089 7309 6859 6356
5 3113 4795 3111 6357
5 3293 6676 3426 6358
5 4094 7186 3569 6359
5 4247 4824 3601 6360
5 4823 4833 3622 6361
5 4394 6493 3640 6362
5 4866 6338 3964 6363
5 4047 6341 4315 6364
5 4185 7103 7102 6365
5 4238 7270 7106 6366
5 4251 7313 4248 6367
5 4279 4302 4301 6368
5 4291 7390 4292 6369
5 4396 6466 6465 6370
5 7008 7351 4845 6371
5 4897 7540 4892 6372
5 2293 3971 2295 6373
5 2759 6660 2645 6374
5 7706 7882 2705 6375
5 4841 7603 7448 6376
5 2300 6821 2301 6377
5 2522 6541 2520 6378
5 2550 7504 3069 6379
5 2645 2915 2643 6380
5 2841 2843 2842 6381
5 2910 3471 2911 6382
5 3725 6812 2982 6383
5 7964 7976 6633 6384
5 1282 2468 1284 6385
5 1338 1342 1340 6386
5 1344 1346 1345 6387
5 1977 6615 1823 6388
5 2193 7091 2389 6389
5 2390 6721 2195 6390
5 2293 2294 2291 6391
5 2645 6660 2915 6392
5 2691 7205 2679 6393
5 3583 7483 3581 6394
5 4311 6831 4177 6395
5 4199 7244 7111 6396
5 4427 4428 4426 6397
5 4893 7537 4894 6398
5 4947 4948 4943 6399
5 6304 7691 7654 6400
5 1216 1220 1217 6401
5 1220 1227 1221 6402
5 1249 7129 4078 6403
5 2963 6821 2300 6404
5 2371 6652 2765 6405
5 2830 4449 3514 6406
5 3175 3176 3174 6407
5 6547 7511 3431 6408
5 4338 6401 4754 6409
5 6995 7802 7751 6410
5 2740 4421 1103 6411
5 1195 2964 1197 6412
5 1200 6854 1224 6413
5 1205 1208 1204 6414
5 1211 1214 1213 6415
5 1298 1357 1356 6416
5 2071 6951 2068 6417
5 2205 2456 2435 6418
5 2241 7223 2244 6419
5 4190 7205 2691 6420
5 2773 2775 2774 6421
5 6968 7804 2927 6422
5 3264 7681 2961 6423
5 3261 6718 2993 6424
5 3015 3680 3071 6425
5 4822 6802 3605 6426
5 4444 4854 4334 6427
5 4755 6763 4410 6428
5 6365 7544 6996 6429
5 7645 7827 6563 6430
5 1759 6537 2221 6431
5 1771 1772 1770 6432
5 1818 1834 1817 6433
5 4739 4869 3086 6434
5 3202 3204 3203 6435
5 3955 6631 4728 6436
5 4178 4180 4179 6437
5 4729 6348 4730 6438
5 6756 7736 4825 6439
5 5008 5994 5007 6440
5 6485 6519 6487 6441
5 1298 1355 1297 6442
5 1633 7238 6793 6443
5 1689 7336 1691 6444
5 2285 7450 2883 6445
5 2376 2377 2319 6446
5 3003 6652 2780 6447
5 3953 6292 4052 6448
5 4025 8071 4446 6449
5 1059 2159 1058 6450
5 1063 6568 1061 6451
5 1072 1141 1076 6452
5 1077 6735 3200 6453
5 1083 2864 1085 6454
5 1090 1091 1088 6455
5 1092 6838 1091 6456
5 1101 2740 1103 6457
5 1106 2502 1105 6458
5 1119 1147 1123 6459
5 1146 1157 1156 6460
5 1532 7070 1531 6461
5 1627 1826 1626 6462
5 1745 6848 1702 6463
5 1838 2878 1708 6464
5 1809 6807 1805 6465
5 1839 2226 2132 6466
5 1968 1969 1841 6467
5 2172 7139 2093 6468
5 2337 2338 2114 6469
5 2170 2227 2169 6470
5 2193 2389 2195 6471
5 2474 2476 2473 6472
5 2488 2834 2489 6473
5 2681 2692 2691 6474
5 2887 4884 4883 6475
5 2993 3625 2994 6476
5 3216 3217 3215 6477
5 3259 3266 3265 6478
5 3566 7030 3570 6479
5 3616 4755 4410 6480
5 3640 3641 3617 6481
5 3645 6500 4417 6482
5 6469 6470 3973 6483
5 3994 6943 3996 6484
5 4859 6738 4028 6485
5 4217 4219 4218 6486
5 6404 6475 4433 6487
5 6679 6680 4738 6488
5 6322 6323 4753 6489
5 4834 7220 4835 6490
5 4928 6146 4929 6491
5 7190 7291 6690 6492
5 6732 7702 6731 6493
5 6828 7817 6827 6494
5 1026 6998 1024 6495
5 1050 6861 1047 6496
5 1149 1150 1142 6497
5 1144 7487 7396 6498
5 6782 7416 2303 6499
5 2654 6926 3268 6500
5 3054 3056 3055 6501
5 4446 6696 3654 6502
5 4088 6743 4089 6503
5 4272 6535 6534 6504
5 7358 7421 4798 6505
5 6607 6608 6605 6506
5 1476 7289 1513 6507
5 1573 1575 1574 6508
5 2200 7184 2026 6509
5 2116 7170 2142 6510
5 2293 2295 2294 6511
5 3162 7306 2626 6512
5 3667 6776 3315 6513
5 3623 4589 3376 6514
5 3569 7186 6907 6515
5 3570 7030 4243 6516
5 3649 4439 4044 6517
5 7043 7167 4197 6518
5 6885 7964 4204 6519
5 6691 6736 6692 6520
5 1508 7801 6372 6521
5 3557 6746 1565 6522
5 1696 6949 1695 6523
5 1743 6879 1992 6524
5 2103 6959 2086 6525
5 2129 2304 2128 6526
5 2465 3044 2457 6527
5 2484 2967 2485 6528
5 2781 2908 2907 6529
5 3997 6894 4308 6530
5 6451 6452 4034 6531
5 4211 6803 4213 6532
5 1226 1230 1229 6533
5 1370 1713 1712 6534
5 1726 1728 1727 6535
5 6653 7019 1726 6536
5 1867 6758 2306 6537
5 1950 7526 7525 6538
5 2058 6791 6789 6539
5 2521 6683 2576 6540
5 2536 6925 2542 6541
5 2680 2681 2679 6542
5 4020 4021 2811 6543
5 2855 6929 2856 6544
5 6528 7787 4084 6545
5 6801 7277 4099 6546
5 7145 7372 4206 6547
5 1253 1306 1262 6548
5 2311 7135 2219 6549
5 2230 3255 2229 6550
5 2539 7436 2537 6551
5 2539 7645 6563 6552
5 2760 2930 2928 6553
5 3134 7366 3634 6554
5 3361 3710 3362 6555
5 4468 4702 4051 6556
5 4083 4770 4084 6557
5 4101 5646 4483 6558
5 6649 6650 6648 6559
5 1175 7138 1260 6560
5 1649 7249 1737 6561
5 2002 2004 2003 6562
5 2078 2081 2080 6563
5 2406 2888 2407 6564
5 2460 2887 2752 6565
5 2509 6974 3052 6566
5 2641 2922 2639 6567
5 3189 6640 3182 6568
5 3259 4862 3266 6569
5 3612 6622 3611 6570
5 4014 4015 3905 6571
5 4302 4303 4301 6572
5 6585 6603 4303 6573
5 4938 4939 4516 6574
5 4939 4940 4516 6575
5 4773 6824 6451 6576
5 4903 5000 4899 6577
5 6318 6336 5639 6578
5 7584 7656 6742 6579
5 2710 6639 1188 6580
5 1193 1195 1194 6581
5 1210 6558 1201 6582
5 1214 6515 1218 6583
5 1306 3555 1374 6584
5 1682 6984 1684 6585
5 6963 7568 1933 6586
5 2301 2302 2029 6587
5 3182 3188 3180 6588
5 3186 3193 3187 6589
5 7041 7701 3196 6590
5 5630 5632 5631 6591
5 6550 6551 6549 6592
5 1417 1506 1419 6593
5 1433 1491 1428 6594
5 1435 7163 1436 6595
5 1604 2664 1437 6596
5 1439 1441 1440 6597
5 1447 7066 1444 6598
5 1454 7069 1452 6599
5 7539 7898 1513 6600
5 1520 6850 3136 6601
5 1593 1594 1546 6602
5 2191 7091 2193 6603
5 2593 2827 2771 6604
5 2704 6645 2909 6605
5 2725 3032 2826 6606
5 3438 3476 3016 6607
5 3049 3357 3356 6608
5 3681 4036 3071 6609
5 3133 3147 3146 6610
5 3584 7346 3579 6611
5 3608 6629 4233 6612
5 3625 4045 3645 6613
5 3986 6768 3988 6614
5 3998 6964 4000 6615
5 4045 6501 6500 6616
5 4426 6713 4609 6617
5 4773 6910 6764 6618
5 7381 7407 7031 6619
5 1002 1003 1001 6620
5 1006 1007 1005 6621
5 1008 1009 1007 6622
5 2695 6858 1023 6623
5 1027 1028 1026 6624
5 1051 7118 1050 6625
5 1057 1058 1055 6626
5 1061 6862 1059 6627
5 1067 2308 1066 6628
5 1111 1143 1113 6629
5 1159 1172 1160 6630
5 4200 6760 1159 6631
5 1316 6933 1317 6632
5 1337 4105 1335 6633
5 1350 1353 1352 6634
5 1870 1872 1871 6635
5 1874 1876 1875 6636
5 1882 2166 1880 6637
5 1884 7082 1882 6638
5 1886 7080 1884 6639
5 1897 1900 1896 6640
5 1898 1902 1899 6641
5 1901 1905 1900 6642
5 1905 6999 2666 6643
5 1910 1911 1909 6644
5 1988 3111 1918 6645
5 1928 6985 1938 6646
5 1988 7218 3589 6647
5 2066 6657 2065 6648
5 2068 6951 2066 6649
5 2081 2459 2317 6650
5 2107 2406 2203 6651
5 2161 2316 2137 6652
5 2212 6988 2214 6653
5 4087 6839 2251 6654
5 2256 6839 2511 6655
5 2315 2736 2399 6656
5 2687 6741 2445 6657
5 7240 7241 2661 6658
5 3260 4026 2728 6659
5 4708 7797 2742 6660
5 2835 3045 2834 6661
5 3046 3538 3045 6662
5 3063 6588 4748 6663
5 4037 6701 3070 6664
5 3101 3610 3609 6665
5 3114 3115 3113 6666
5 3124 7310 3121 6667
5 3618 3619 3135 6668
5 6641 6642 3205 6669
5 3239 3646 3241 6670
5 3910 4434 3362 6671
5 3602 7365 4249 6672
5 4072 4073 3648 6673
5 3960 6324 4732 6674
5 4053 6962 6504 6675
5 4074 4422 4073 6676
5 4196 6358 6356 6677
5 4237 7377 4238 6678
5 4250 4251 4248 6679
5 5065 5622 4556 6680
5 4560 5559 4562 6681
5 4693 7192 6945 6682
5 4777 7565 7417 6683
5 7417 7567 4777 6684
5 4793 7100 7099 6685
5 7099 7101 4793 6686
5 4816 6620 4819 6687
5 5632 5635 5634 6688
5 1126 7046 7045 6689
5 1559 1560 1558 6690
5 4038 6997 4040 6691
5 1182 1756 1184 6692
5 1191 1192 1190 6693
5 1205 6822 1209 6694
5 1209 6822 1216 6695
5 1227 1234 1228 6696
5 4174 6820 1229 6697
5 1251 6910 1253 6698
5 1311 1627 1626 6699
5 1406 1407 1405 6700
5 1410 7006 1408 6701
5 1597 6911 1610 6702
5 1634 6980 1632 6703
5 2023 7514 1725 6704
5 1780 7552 2090 6705
5 1800 1801 1799 6706
5 2044 2100 2046 6707
5 2138 2341 2340 6708
5 2138 2360 2341 6709
5 2244 2245 2242 6710
5 2354 6618 3562 6711
5 2363 2789 2362 6712
5 2369 2801 2800 6713
5 2385 7105 3048 6714
5 2484 2485 2483 6715
5 2733 3575 2730 6716
5 2775 2777 2776 6717
5 2856 2917 2916 6718
5 2859 6800 6798 6719
5 2914 3378 2904 6720
5 2956 6545 3431 6721
5 3049 3356 2982 6722
5 6937 7541 3050 6723
5 3128 7426 4285 6724
5 4054 7486 3150 6725
5 6726 7134 3165 6726
5 3198 4451 3657 6727
5 7322 7323 3228 6728
5 3294 6633 4430 6729
5 4733 4734 3303 6730
5 3305 4907 3304 6731
5 3382 4561 4560 6732
5 3598 4336 3597 6733
5 3975 7174 3977 6734
5 4011 7467 4012 6735
5 6626 7444 4220 6736
5 4288 6783 4768 6737
5 4390 4391 4389 6738
5 4391 7591 6982 6739
5 4399 7606 7468 6740
5 4674 6135 4462 6741
5 4756 6443 6419 6742
5 6640 7591 4788 6743
5 5637 5638 5635 6744
5 7131 7132 7130 6745
5 1169 1297 1168 6746
5 1184 1206 1185 6747
5 1203 6558 3080 6748
5 1231 1242 1232 6749
5 1250 6764 1251 6750
5 1712 1714 1369 6751
5 1564 7855 6635 6752
5 3166 7191 4796 6753
5 3175 3177 3176 6754
5 3198 7124 4451 6755
5 3254 3381 3250 6756
5 3303 6996 3301 6757
5 7763 8045 4742 6758
5 6560 7216 4784 6759
5 1140 7502 1146 6760
5 1359 1731 1730 6761
5 1821 7524 1367 6762
5 1583 7146 1609 6763
5 1731 2028 1845 6764
5 3632 4097 1812 6765
5 2006 7457 2003 6766
5 2309 2584 2012 6767
5 2335 2788 2379 6768
5 6660 6898 2915 6769
5 2969 7387 4358 6770
5 3603 3661 2998 6771
5 3255 3559 3558 6772
5 3889 3890 3681 6773
5 3953 6293 6292 6774
5 7590 7592 4284 6775
5 1762 1833 1760 6776
5 1780 2090 1778 6777
5 2869 2870 2704 6778
5 3379 4031 2817 6779
5 3048 3520 3519 6780
5 3576 7843 3575 6781
5 4380 7822 4404 6782
5 4894 4897 4892 6783
5 1805 2030 1803 6784
5 6807 6808 2030 6785
5 2369 7326 3600 6786
5 2744 6952 2373 6787
5 2538 6925 2536 6788
5 2628 7595 2630 6789
5 6840 6841 2648 6790
5 2760 2928 2761 6791
5 7305 7399 2897 6792
5 2980 4024 3545 6793
5 3961 6335 4745 6794
5 980 982 979 6795
5 983 984 982 6796
5 985 1037 984 6797
5 986 4231 988 6798
5 989 3088 987 6799
5 990 1144 992 6800
5 995 7189 993 6801
5 999 6856 997 6802
5 1002 1138 1004 6803
5 1006 3159 1008 6804
5 1017 1023 1018 6805
5 1021 6859 1019 6806
5 1037 1282 1281 6807
5 1049 1052 1051 6808
5 1053 1056 1055 6809
5 1057 1060 1059 6810
5 1062 1064 1063 6811
5 1111 1113 1112 6812
5 1113 1115 1114 6813
5 1117 1119 1118 6814
5 1124 2607 1121 6815
5 1159 1160 1148 6816
5 1284 1286 1285 6817
5 1286 1288 1287 6818
5 1336 1338 1337 6819
5 1380 1381 1379 6820
5 1406 7160 1409 6821
5 1419 7005 1421 6822
5 1475 7026 1477 6823
5 1484 1548 1488 6824
5 2656 7334 1488 6825
5 1492 1493 1489 6826
5 1497 7291 7190 6827
5 1548 1550 1549 6828
5 1556 7071 1553 6829
5 1569 1570 1568 6830
5 1571 1572 1570 6831
5 1741 1951 1950 6832
5 1872 1873 1871 6833
5 1876 1877 1875 6834
5 1876 6878 2247 6835
5 1883 1885 1884 6836
5 7080 7082 1884 6837
5 2248 4106 1888 6838
5 1898 1899 1895 6839
5 1903 7154 7083 6840
5 1930 2595 1911 6841
5 2873 7084 1915 6842
5 1926 7155 1925 6843
5 1928 1938 1929 6844
5 2053 7103 1939 6845
5 2051 2055 2054 6846
5 7049 7101 2055 6847
5 2064 2139 2135 6848
5 2139 2314 2313 6849
5 2208 7241 2209 6850
5 2217 2307 2219 6851
5 2252 6839 2256 6852
5 2256 2511 2258 6853
5 2259 2327 2257 6854
5 2277 2463 2462 6855
5 2647 7734 7489 6856
5 2654 3035 2653 6857
5 2736 7262 3262 6858
5 2852 7307 7303 6859
5 2868 5950 2867 6860
5 3035 3041 3036 6861
5 3040 3529 3528 6862
5 3041 3962 3042 6863
5 3099 3101 3100 6864
5 3599 7106 3100 6865
5 3119 7310 3127 6866
5 3122 3123 3121 6867
5 4093 7310 3124 6868
5 3141 3565 3142 6869
5 3531 3969 3161 6870
5 3220 3221 3219 6871
5 3221 3224 3223 6872
5 3516 3517 3224 6873
5 3513 4186 3225 6874
5 3425 7544 6678 6875
5 3505 3951 3507 6876
5 3960 4732 3529 6877
5 5183 6430 3983 6878
5 4074 6511 6510 6879
5 4280 6690 4214 6880
5 7602 7679 4244 6881
5 4253 4275 4251 6882
5 4257 4274 4255 6883
5 4258 7660 4260 6884
5 4435 4436 4434 6885
5 6324 6394 4732 6886
5 4819 6574 4820 6887
5 6663 6666 6665 6888
5 6726 7201 7134 6889
5 6926 7309 6927 6890
5 7416 7737 7086 6891
5 976 978 977 6892
5 1140 1145 1139 6893
5 1406 1408 1407 6894
5 1409 1410 1408 6895
5 1418 7193 1490 6896
5 1424 6977 1426 6897
5 1431 2134 1427 6898
5 1444 7066 1442 6899
5 1469 7381 1497 6900
5 1479 1481 1478 6901
5 1484 1487 1483 6902
5 1487 1492 1489 6903
5 1492 1500 1493 6904
5 1500 1504 1501 6905
5 1514 7013 1516 6906
5 1553 7071 1551 6907
5 1555 1556 1553 6908
5 1554 1569 1568 6909
5 1558 7292 3144 6910
5 1565 1566 1564 6911
5 1709 1838 1708 6912
5 2247 2248 1888 6913
5 1972 7085 1982 6914
5 1995 1996 1983 6915
5 2199 7172 2201 6916
5 2201 2383 2297 6917
5 6657 7262 2315 6918
5 2345 7034 2343 6919
5 2373 6952 2421 6920
5 2454 2850 2453 6921
5 2454 7035 2881 6922
5 2496 2906 2497 6923
5 2733 4062 3576 6924
5 2742 7680 7330 6925
5 2828 3487 2829 6926
5 2851 3540 2850 6927
5 2871 7038 2872 6928
5 2877 7052 7036 6929
5 2881 4187 3626 6930
5 2977 3546 2975 6931
5 2978 7347 3536 6932
5 3042 3601 3036 6933
5 3142 6907 3139 6934
5 3152 3229 3154 6935
5 3229 4359 3230 6936
5 4769 6797 3494 6937
5 3570 4094 3569 6938
5 4281 7470 6569 6939
5 4360 4847 4359 6940
5 4817 4818 4815 6941
5 4895 4898 4896 6942
5 7096 7097 6018 6943
5 6569 7333 6753 6944
5 6626 6627 6625 6945
5 7349 7484 6834 6946
5 7030 7291 7031 6947
5 1100 2706 1099 6948
5 1496 7069 1454 6949
5 1471 1473 1472 6950
5 1534 1786 1543 6951
5 1548 7398 6736 6952
5 1596 6566 1618 6953
5 1724 1836 1600 6954
5 1620 1748 1747 6955
5 4197 7167 1620 6956
5 1643 2057 1645 6957
5 1645 6877 1647 6958
5 1648 7148 1646 6959
5 1647 7249 1649 6960
5 1737 7249 3160 6961
5 1991 7399 1742 6962
5 1748 1857 1856 6963
5 2469 6807 1809 6964
5 1858 1859 1857 6965
5 1859 1990 1989 6966
5 2601 7123 1940 6967
5 2001 2507 2000 6968
5 2005 2006 2003 6969
5 2026 7184 2025 6970
5 2157 7149 2047 6971
5 2101 2138 2129 6972
5 2116 2141 2140 6973
5 2304 2483 2128 6974
5 2142 7170 4184 6975
5 2143 2145 2144 6976
5 2145 2147 2146 6977
5 2190 7090 2188 6978
5 2196 2373 2372 6979
5 2201 7172 2383 6980
5 2306 2386 2305 6981
5 2344 7088 3156 6982
5 2366 2428 2365 6983
5 2368 2449 2448 6984
5 2504 2744 2373 6985
5 2389 7091 3210 6986
5 3157 7051 2394 6987
5 2901 2902 2449 6988
5 2452 2966 2965 6989
5 2967 3039 2485 6990
5 4189 7260 2611 6991
5 2614 2615 2613 6992
5 2622 7532 6836 6993
5 2640 2641 2639 6994
5 2644 2645 2643 6995
5 6841 6842 2648 6996
5 2676 2678 2677 6997
5 2676 7273 2678 6998
5 2679 7205 2677 6999
5 2978 2979 2744 7000
5 2892 2893 2754 7001
5 3309 3310 2893 7002
5 2895 3515 2896 7003
5 2930 6707 6480 7004
5 3069 7504 4297 7005
5 3563 4172 3157 7006
5 3158 4198 3564 7007
5 3534 6726 3165 7008
5 3541 4733 3303 7009
5 3622 3623 3376 7010
5 3951 6598 3507 7011
5 4027 7409 3510 7012
5 3533 4048 4046 7013
5 3985 6887 3548 7014
5 3549 3986 3985 7015
5 3582 7494 3585 7016
5 4452 4911 3667 7017
5 6281 6288 3950 7018
5 4000 4043 4002 7019
5 4302 6585 4303 7020
5 4344 4345 4343 7021
5 6969 7790 4483 7022
5 4750 6334 4751 7023
5 4780 4781 4779 7024
5 6899 6900 6898 7025
5 1251 1253 1252 7026
5 1374 7216 1307 7027
5 1323 1325 1324 7028
5 6584 7547 1395 7029
5 1400 7425 2599 7030
5 1804 1806 1805 7031
5 1806 1810 1809 7032
5 2757 6689 1815 7033
5 1965 7153 1831 7034
5 1851 7297 7199 7035
5 1934 7131 7130 7036
5 2130 7123 6935 7037
5 6935 7200 2130 7038
5 2165 7493 7153 7039
5 2196 2504 2373 7040
5 2306 2438 2386 7041
5 2414 2903 2413 7042
5 2425 3345 2825 7043
5 2504 2978 2744 7044
5 2567 2568 2565 7045
5 2567 2569 2568 7046
5 2574 2768 2575 7047
5 2591 2592 2589 7048
5 2593 2771 2592 7049
5 2603 6953 6420 7050
5 2604 4774 2972 7051
5 2632 4056 3208 7052
5 2636 6851 2633 7053
5 6690 6740 2667 7054
5 2700 6988 4798 7055
5 2768 2795 2787 7056
5 3979 3980 2794 7057
5 2953 2955 2954 7058
5 3018 3703 3019 7059
5 7076 7226 3155 7060
5 7021 7168 3160 7061
5 3315 6776 3984 7062
5 3380 6975 3379 7063
5 3501 4724 4723 7064
5 3512 4858 4028 7065
5 3543 4017 3544 7066
5 3703 3892 3704 7067
5 4040 4351 4350 7068
5 4423 4868 4298 7069
5 4637 6685 4468 7070
5 6685 6686 4702 7071
5 4909 6287 4908 7072
5 5008 5996 5995 7073
5 5633 6524 5630 7074
5 6726 7370 7201 7075
5 1750 2683 1371 7076
5 1751 7794 1946 7077
5 1835 1935 1834 7078
5 1958 1959 1957 7079
5 2034 2035 2033 7080
5 2112 2321 2113 7081
5 2642 3551 2644 7082
5 3270 6881 2960 7083
5 3294 4430 3300 7084
5 3959 6305 4727 7085
5 6486 6489 6484 7086
5 1246 1247 1245 7087
5 1538 1587 1539 7088
5 1587 1588 1539 7089
5 1590 1825 1592 7090
5 1612 7196 4194 7091
5 1624 1632 1623 7092
5 1632 6980 2024 7093
5 2406 2407 2203 7094
5 2276 2412 2411 7095
5 2592 6507 2589 7096
5 2638 3050 2640 7097
5 2729 2731 2730 7098
5 3405 3406 2924 7099
5 4099 7277 3074 7100
5 7066 7213 4794 7101
5 5182 5190 5181 7102
5 6320 6369 6319 7103
5 6451 7609 6452 7104
5 1134 1135 1132 7105
5 1230 1241 1229 7106
5 3572 7216 1374 7107
5 4284 6825 1714 7108
5 6853 6971 1821 7109
5 2237 2238 2236 7110
5 2237 6455 2239 7111
5 2416 2810 2808 7112
5 3401 4458 3723 7113
5 4025 4446 3654 7114
5 4013 4014 3905 7115
5 3996 4090 3998 7116
5 6728 7261 4199 7117
5 4306 4397 4305 7118
5 6894 6895 4308 7119
5 4330 4331 4328 7120
5 6802 7523 4383 7121
5 4592 5618 5617 7122
5 7464 7724 4873 7123
5 4891 4893 4892 7124
5 5105 5624 5623 7125
5 1303 6826 1373 7126
5 1752 6949 1696 7127
5 2112 2113 1944 7128
5 2292 2414 2413 7129
5 2366 2429 2428 7130
5 4778 6721 2390 7131
5 7201 7370 2391 7132
5 2429 2431 2430 7133
5 2753 2892 2754 7134
5 3196 7592 7590 7135
5 3249 7448 3253 7136
5 3266 3660 3659 7137
5 4063 4064 3576 7138
5 3681 6562 4036 7139
5 4925 4926 3890 7140
5 7030 7031 4243 7141
5 4264 4265 4263 7142
5 4266 4267 4265 7143
5 4341 6567 4337 7144
5 4342 6390 4344 7145
5 4782 6353 4783 7146
5 7513 7565 4790 7147
5 7717 7744 4851 7148
5 7475 7719 6932 7149
5 1020 4240 1022 7150
5 1027 6919 1029 7151
5 1029 2671 1031 7152
5 1033 1039 1036 7153
5 1041 6860 1036 7154
5 1046 1266 1043 7155
5 1044 1048 1047 7156
5 1048 6659 1049 7157
5 1068 1070 1069 7158
5 1263 1264 1166 7159
5 1319 1321 1320 7160
5 1580 1582 1566 7161
5 1567 7382 1581 7162
5 4199 7261 1571 7163
5 1621 2663 1585 7164
5 1896 7080 1886 7165
5 1899 7083 1932 7166
5 1901 1917 1906 7167
5 1913 1914 1903 7168
5 1909 2060 1907 7169
5 1924 1925 1923 7170
5 2491 2495 1980 7171
5 2060 7000 6999 7172
5 2494 7628 2152 7173
5 2378 3103 2210 7174
5 2231 2233 2232 7175
5 2387 7101 7099 7176
5 2578 4245 2874 7177
5 3673 4512 2596 7178
5 2699 7345 7258 7179
5 7344 7496 2852 7180
5 3680 3681 3071 7181
5 4018 7308 6382 7182
5 6517 6544 4031 7183
5 4219 4221 4218 7184
5 4222 4362 4221 7185
5 4223 4295 4225 7186
5 4226 4314 4224 7187
5 4225 7057 4227 7188
5 4229 6909 4839 7189
5 7311 7377 4237 7190
5 7023 7814 7024 7191
5 1367 1630 1366 7192
5 1529 1533 1532 7193
5 1563 7612 3557 7194
5 1628 1743 1742 7195
5 2408 2409 1629 7196
5 1743 1992 1991 7197
5 2525 2545 2527 7198
5 4476 4477 3452 7199
5 4342 4343 4341 7200
5 989 7181 3088 7201
5 1154 1155 1145 7202
5 1154 3233 1155 7203
5 1158 1168 1156 7204
5 1193 1194 1192 7205
5 1288 1291 1290 7206
5 3568 7210 1293 7207
5 1544 1593 1546 7208
5 1639 6789 2675 7209
5 4363 7063 1711 7210
5 1731 1845 1730 7211
5 6779 6850 1733 7212
5 1799 6752 2659 7213
5 1819 1861 1820 7214
5 2028 2029 1845 7215
5 1851 7199 1849 7216
5 1954 2470 2469 7217
5 1981 2491 1980 7218
5 2049 3524 2714 7219
5 3086 7018 2076 7220
5 2188 7089 2186 7221
5 3554 6811 2206 7222
5 2579 2580 2280 7223
5 2358 2443 2442 7224
5 2373 2421 2372 7225
5 2470 2472 2471 7226
5 4354 6778 2516 7227
5 4155 7123 2601 7228
5 2602 6953 2603 7229
5 2604 7200 4774 7230
5 2641 7282 2922 7231
5 7085 7762 2660 7232
5 2732 2734 2731 7233
5 2732 2735 2734 7234
5 2810 3365 3364 7235
5 2918 2919 2917 7236
5 3406 6572 2924 7237
5 2960 2961 2958 7238
5 2971 3533 3165 7239
5 3072 6798 4099 7240
5 6860 7442 3091 7241
5 3118 3120 3119 7242
5 4928 4929 3207 7243
5 3210 3212 3211 7244
5 3212 3966 3965 7245
5 3249 3252 3250 7246
5 3294 3295 3293 7247
5 3430 6550 6549 7248
5 3653 4877 4876 7249
5 3653 7410 4877 7250
5 5071 5667 3723 7251
5 3965 6679 4738 7252
5 6355 7410 3978 7253
5 3999 6894 3997 7254
5 4235 4352 4234 7255
5 4353 4400 4352 7256
5 4469 4637 4468 7257
5 4469 7811 6755 7258
5 4774 6935 6727 7259
5 6480 6482 6481 7260
5 6874 6875 6873 7261
5 1201 6558 1203 7262
5 1204 3228 1202 7263
5 3167 4284 1714 7264
5 1725 7514 1717 7265
5 2525 6720 2545 7266
5 2628 2630 2629 7267
5 2632 6851 4056 7268
5 3166 4796 3168 7269
5 3177 3178 3176 7270
5 6648 6651 6647 7271
5 6770 6772 6771 7272
5 7204 7575 7206 7273
5 1190 2710 1188 7274
5 1727 2023 1725 7275
5 2336 2705 2172 7276
5 2354 2381 2333 7277
5 2748 2749 2334 7278
5 2361 2415 2371 7279
5 3177 3179 3178 7280
5 3418 4651 3419 7281
5 3584 7599 7346 7282
5 4389 6843 3644 7283
5 4431 6830 6829 7284
5 4468 6685 4702 7285
5 1340 7647 1341 7286
5 1342 1343 1340 7287
5 1721 6719 1365 7288
5 7696 7952 1526 7289
5 2074 2075 1749 7290
5 1761 1762 1760 7291
5 1949 1977 1823 7292
5 2106 7278 1945 7293
5 1958 4777 1960 7294
5 2075 2110 2076 7295
5 2087 2103 2086 7296
5 2171 2172 2093 7297
5 2096 2331 2098 7298
5 6537 6761 2221 7299
5 2565 2566 2563 7300
5 2583 2836 2831 7301
5 2694 7804 6519 7302
5 2818 3379 2817 7303
5 3038 4846 2832 7304
5 3567 4729 2836 7305
5 3118 3119 3117 7306
5 4208 4209 4207 7307
5 4466 5104 4465 7308
5 4728 6308 4790 7309
5 6348 6349 4730 7310
5 7813 7927 4858 7311
5 6423 7909 6422 7312
5 1661 1663 1662 7313
5 2418 2758 2325 7314
5 2637 2923 2636 7315
5 2681 2927 2692 7316
5 2810 3364 2808 7317
5 3418 3419 2929 7318
5 3050 7406 6936 7319
5 3247 3248 3246 7320
5 4297 4298 3274 7321
5 3382 4560 3381 7322
5 6378 6379 4403 7323
5 5627 6385 5629 7324
5 1290 7210 1292 7325
5 1294 1310 1293 7326
5 1516 1518 1517 7327
5 1536 1537 1532 7328
5 1650 1651 1648 7329
5 1653 1654 1651 7330
5 1655 1656 1654 7331
5 1657 1658 1656 7332
5 1656 7197 1976 7333
5 1671 1672 1670 7334
5 1797 7384 1795 7335
5 1804 7685 1806 7336
5 1830 1850 1849 7337
5 2119 4108 1848 7338
5 1852 1940 1853 7339
5 2164 2601 1940 7340
5 1941 2130 2122 7341
5 2186 2436 2184 7342
5 2187 2391 2189 7343
5 2408 7304 2898 7344
5 2567 2572 2569 7345
5 2603 6417 4155 7346
5 6789 6790 2675 7347
5 2845 2847 2846 7348
5 2910 3473 3471 7349
5 6592 7062 3067 7350
5 3214 3215 3213 7351
5 4751 4843 3227 7352
5 3646 6555 3241 7353
5 3271 4414 3277 7354
5 4202 6726 3534 7355
5 3598 4338 4337 7356
5 3965 4738 3967 7357
5 4048 6345 4046 7358
5 6936 7009 4345 7359
5 4478 7836 4477 7360
5 4856 7783 7639 7361
5 6916 7270 7269 7362
5 1081 1164 1079 7363
5 1087 7588 1084 7364
5 1094 1097 1096 7365
5 1149 1165 1150 7366
5 1267 1268 1164 7367
5 2655 7332 1165 7368
5 1271 1272 1270 7369
5 1273 1274 1272 7370
5 1275 1276 1274 7371
5 1308 1364 1309 7372
5 1362 1380 1379 7373
5 1559 1608 1561 7374
5 1565 6746 1567 7375
5 1570 7373 3094 7376
5 1740 1967 1841 7377
5 2005 2008 2007 7378
5 2008 2010 2009 7379
5 2081 2317 2082 7380
5 2198 7166 6973 7381
5 2354 2382 2381 7382
5 2546 2547 2541 7383
5 2557 2558 2555 7384
5 6617 7698 2595 7385
5 2642 2644 2643 7386
5 2722 2723 2721 7387
5 2854 6577 2735 7388
5 3669 3670 2759 7389
5 2835 7333 3046 7390
5 2861 4309 4088 7391
5 2960 3263 2961 7392
5 3577 6421 2985 7393
5 3005 3372 3371 7394
5 3569 6907 3142 7395
5 3401 4834 4458 7396
5 3588 7473 6465 7397
5 3638 4829 4827 7398
5 3670 6661 6660 7399
5 3673 4706 4512 7400
5 4196 6356 3970 7401
5 4058 4468 4051 7402
5 4089 7572 4087 7403
5 4726 6289 4186 7404
5 4215 4217 4216 7405
5 4223 6976 4295 7406
5 4225 4226 4224 7407
5 4227 4228 4226 7408
5 4227 7057 4349 7409
5 4265 4272 4263 7410
5 4264 6352 4266 7411
5 4299 4423 4298 7412
5 4393 7058 4310 7413
5 4310 6745 6743 7414
5 4396 6465 4348 7415
5 4379 6492 4394 7416
5 4747 6361 4746 7417
5 7258 7345 4821 7418
5 7338 7343 7269 7419
5 1461 7182 1507 7420
5 1463 1464 1462 7421
5 1475 1476 1474 7422
5 1484 7398 1548 7423
5 1488 7334 1487 7424
5 1504 1514 1505 7425
5 1534 1543 1535 7426
5 1575 1577 1576 7427
5 2265 6833 1575 7428
5 1577 1579 1578 7429
5 1620 1747 1619 7430
5 1748 1856 1747 7431
5 2025 2665 1836 7432
5 1837 2198 2026 7433
5 1857 7077 1856 7434
5 1856 3095 2353 7435
5 1859 1989 1857 7436
5 1858 2871 2061 7437
5 2104 2283 2103 7438
5 2116 2140 2115 7439
5 2143 2144 2141 7440
5 2145 2146 2144 7441
5 2147 2342 2146 7442
5 2146 7094 2410 7443
5 2147 7088 2344 7444
5 2203 2416 2202 7445
5 2361 2371 2271 7446
5 2295 2375 2374 7447
5 2344 3156 2394 7448
5 3156 3158 3157 7449
5 4172 7051 3157 7450
5 3158 3564 3563 7451
5 4932 4933 3877 7452
5 3975 3976 3974 7453
5 3982 5181 3983 7454
5 4244 7029 4102 7455
5 4292 7052 4172 7456
5 4780 7507 4782 7457
5 4894 4944 4900 7458
5 5008 7263 5996 7459
5 6834 7477 7349 7460
5 6901 6903 6900 7461
5 7055 7088 7056 7462
5 7056 7298 7055 7463
5 1561 1563 1562 7464
5 1844 7219 3083 7465
5 2289 2291 2290 7466
5 2329 2760 2328 7467
5 2590 2591 2589 7468
5 2741 4709 4708 7469
5 3318 3669 2759 7470
5 6449 7857 3276 7471
5 3302 3303 3301 7472
5 3365 4557 4555 7473
5 3961 4070 3537 7474
5 3668 7304 4455 7475
5 3669 6667 3670 7476
5 4453 4912 3669 7477
5 5045 5046 5044 7478
5 1240 2356 1238 7479
5 1372 1750 1371 7480
5 1422 2682 1420 7481
5 1429 1435 1434 7482
5 1436 1439 1438 7483
5 4794 7267 1440 7484
5 1441 1443 1442 7485
5 1511 7266 1494 7486
5 1509 1510 1499 7487
5 1504 1515 1514 7488
5 1538 1539 1525 7489
5 1540 7146 1583 7490
5 1563 1565 1564 7491
5 1590 1592 1591 7492
5 1611 6788 1598 7493
5 1612 4194 1614 7494
5 1615 3137 1613 7495
5 1616 2059 1624 7496
5 1632 2024 1623 7497
5 1636 2672 1634 7498
5 1635 2058 1637 7499
5 4283 7198 1690 7500
5 1701 1827 1745 7501
5 1819 1820 1705 7502
5 1716 1744 1718 7503
5 1754 6565 2048 7504
5 1819 6967 2020 7505
5 1861 1862 1820 7506
5 1865 6758 1867 7507
5 1992 2579 2280 7508
5 2048 7566 2158 7509
5 2058 6792 6791 7510
5 2164 7076 3155 7511
5 2276 2411 2274 7512
5 2417 2418 2325 7513
5 2349 7230 2755 7514
5 2408 2898 2409 7515
5 2412 2803 2411 7516
5 2519 6683 2521 7517
5 2530 2533 2531 7518
5 2737 6756 2546 7519
5 2612 2614 2613 7520
5 2614 2616 2615 7521
5 2619 7177 4092 7522
5 2620 6836 2623 7523
5 2630 2632 2629 7524
5 2633 6851 2632 7525
5 2634 2635 2633 7526
5 2975 2976 2664 7527
5 2689 7441 6654 7528
5 2702 2816 2815 7529
5 2857 6939 4083 7530
5 2898 3667 3315 7531
5 2957 2958 2956 7532
5 3069 3070 3068 7533
5 3605 4772 3085 7534
5 3146 6962 4053 7535
5 3401 3723 3399 7536
5 3495 4523 3494 7537
5 4523 4769 3494 7538
5 4765 4766 3553 7539
5 3961 4745 4070 7540
5 3987 6393 3985 7541
5 3994 3995 3993 7542
5 3996 3997 3995 7543
5 3998 3999 3997 7544
5 4000 4001 3999 7545
5 6505 7582 4054 7546
5 4071 6529 4072 7547
5 4110 4799 4112 7548
5 4338 4339 4337 7549
5 4342 4344 4343 7550
5 4346 6937 6936 7551
5 6949 6950 4354 7552
5 4767 4797 4355 7553
5 4638 4825 4643 7554
5 6410 6770 4766 7555
5 6785 7492 4768 7556
5 4823 7490 7274 7557
5 5633 6527 6526 7558
5 6311 6346 6310 7559
5 6962 6963 6504 7560
5 6793 6794 6792 7561
5 1122 1124 1121 7562
5 1128 1131 1127 7563
5 1133 2668 1137 7564
5 3081 7328 1148 7565
5 1226 1231 1230 7566
5 1312 7459 1262 7567
5 1329 1332 1331 7568
5 3555 3571 1374 7569
5 1394 7744 7717 7570
5 1728 1814 1813 7571
5 1999 2000 1997 7572
5 2217 2218 2216 7573
5 2219 2220 2218 7574
5 2316 7302 2351 7575
5 2509 2935 2510 7576
5 2668 3205 2858 7577
5 2853 3542 2973 7578
5 3629 3630 2880 7579
5 2991 3556 2992 7580
5 3294 3300 3295 7581
5 3379 4032 4031 7582
5 4317 7192 3629 7583
5 4374 4376 4375 7584
5 4693 4694 4692 7585
5 6965 7254 6799 7586
5 1171 1175 1174 7587
5 1178 1179 1177 7588
5 7147 7665 1603 7589
5 1646 7148 3164 7590
5 1698 1752 1696 7591
5 1822 2490 1948 7592
5 4170 7300 2372 7593
5 2552 2553 2551 7594
5 2553 2555 2554 7595
5 3703 3704 3019 7596
5 4325 6521 3659 7597
5 3661 7023 4888 7598
5 4322 4412 4411 7599
5 4828 6606 6604 7600
5 4889 4891 4890 7601
5 7294 7312 7109 7602
5 1189 1191 1190 7603
5 1191 1193 1192 7604
5 1233 7589 1192 7605
5 1201 1203 1202 7606
5 1203 1205 1204 7607
5 3080 6822 1205 7608
5 1209 1212 1211 7609
5 1219 2600 1215 7610
5 1220 1221 1217 7611
5 1234 1235 1228 7612
5 1232 7227 1230 7613
5 1249 4078 1300 7614
5 1253 6910 1306 7615
5 1370 1712 1369 7616
5 1370 6560 1715 7617
5 1718 1725 1717 7618
5 1726 1727 1725 7619
5 1944 2757 1815 7620
5 1955 1993 1956 7621
5 1961 2278 1959 7622
5 2031 2303 2032 7623
5 2035 2326 2033 7624
5 2174 2426 2108 7625
5 2362 2364 2149 7626
5 2224 6939 2857 7627
5 2289 2290 2288 7628
5 2437 3013 2426 7629
5 2574 2807 2768 7630
5 2822 2889 2715 7631
5 2830 3514 2963 7632
5 3472 3654 2911 7633
5 3037 3958 3038 7634
5 3187 7124 3192 7635
5 3643 3644 3195 7636
5 3198 3657 3656 7637
5 3245 7605 3247 7638
5 6670 6671 3384 7639
5 4294 4784 3572 7640
5 3604 4822 3605 7641
5 3643 6829 4387 7642
5 4386 4388 3644 7643
5 4770 6528 4084 7644
5 4329 4330 4328 7645
5 4390 4392 4391 7646
5 4785 6559 4784 7647
5 5630 5631 5628 7648
5 5629 7501 5633 7649
5 6832 7798 7589 7650
5 1244 1246 1245 7651
5 1730 1732 1358 7652
5 1359 2016 1731 7653
5 1416 6866 1414 7654
5 1420 7193 1418 7655
5 1432 1486 1485 7656
5 1453 1502 1455 7657
5 1459 7182 1461 7658
5 1465 2698 1467 7659
5 7193 7194 1490 7660
5 1495 7342 1503 7661
5 1507 6868 6867 7662
5 1520 3136 1511 7663
5 1584 1603 1541 7664
5 1579 1600 1578 7665
5 1594 1596 1595 7666
5 1865 1867 1866 7667
5 2198 2199 2026 7668
5 2087 2104 2103 7669
5 2298 7184 2200 7670
5 2207 2222 2206 7671
5 2891 6435 2407 7672
5 2431 2753 2432 7673
5 2441 3324 3207 7674
5 2529 2532 2530 7675
5 2541 6805 2538 7676
5 2559 2561 2560 7677
5 2579 4095 2855 7678
5 2856 2916 2580 7679
5 2627 2647 2628 7680
5 2951 2959 2763 7681
5 2809 6448 6447 7682
5 2839 4780 4779 7683
5 2905 2914 2904 7684
5 3537 3938 2979 7685
5 3591 3592 3143 7686
5 3158 7055 4198 7687
5 3230 3642 3636 7688
5 3547 4195 3975 7689
5 3580 3582 3581 7690
5 3649 4044 3650 7691
5 4004 4005 4003 7692
5 4178 4181 4180 7693
5 4181 4788 4182 7694
5 6831 7749 4181 7695
5 4184 7170 7137 7696
5 7137 7186 4184 7697
5 4277 6438 4276 7698
5 4297 4299 4298 7699
5 4338 4754 4339 7700
5 6691 6692 4776 7701
5 6909 7769 7732 7702
5 1710 6983 976 7703
5 2673 7380 980 7704
5 983 985 984 7705
5 988 989 987 7706
5 990 991 989 7707
5 992 993 991 7708
5 994 995 993 7709
5 993 7189 1038 7710
5 996 997 995 7711
5 998 999 997 7712
5 1000 1001 999 7713
5 1010 1011 1009 7714
5 1012 1013 1011 7715
5 1014 2650 1013 7716
5 1018 1019 1016 7717
5 1017 1870 1023 7718
5 1020 1021 1019 7719
5 1022 1024 1021 7720
5 1024 6998 3089 7721
5 1025 7215 1034 7722
5 1029 6919 2671 7723
5 1031 1032 1030 7724
5 1033 1035 1032 7725
5 1035 3091 1278 7726
5 1049 6659 1052 7727
5 1053 1054 1051 7728
5 1085 6864 1086 7729
5 6944 7928 1087 7730
5 1157 1167 1158 7731
5 1157 4075 1167 7732
5 1295 2876 2875 7733
5 1380 1382 1381 7734
5 1382 1384 1383 7735
5 1860 6914 1384 7736
5 1933 7014 1391 7737
5 2594 6870 1489 7738
5 6564 6729 1500 7739
5 1533 4206 1542 7740
5 3084 3968 1711 7741
5 6559 7447 1715 7742
5 2096 2098 1842 7743
5 1876 1888 1877 7744
5 1881 1893 1883 7745
5 1883 6915 1885 7746
5 1885 7122 1887 7747
5 1887 1891 1890 7748
5 1894 1898 1895 7749
5 1902 1913 1903 7750
5 1906 1907 1905 7751
5 1908 1909 1907 7752
5 1912 1930 1911 7753
5 1913 1915 1914 7754
5 1918 7154 1914 7755
5 1915 7084 1916 7756
5 1916 1920 1919 7757
5 1920 1922 1921 7758
5 1922 1924 1923 7759
5 1927 7001 1923 7760
5 1924 1926 1925 7761
5 1925 7155 1928 7762
5 2125 2126 1926 7763
5 1929 4185 1927 7764
5 1939 7103 1929 7765
5 1931 1963 1930 7766
5 1938 2052 2050 7767
5 2051 2053 1939 7768
5 1964 2062 1963 7769
5 1987 2019 1973 7770
5 2743 3573 2004 7771
5 2051 7049 2055 7772
5 2052 4049 3106 7773
5 2054 2282 2053 7774
5 2056 6987 2054 7775
5 2055 7101 2162 7776
5 2163 6986 2056 7777
5 2063 2312 2062 7778
5 2176 3086 2076 7779
5 2277 2461 2126 7780
5 2162 2387 2208 7781
5 2209 2210 2163 7782
5 7082 7743 2166 7783
5 2177 2271 2175 7784
5 2211 2378 2210 7785
5 2249 2250 2248 7786
5 2251 2252 2250 7787
5 2252 2254 2253 7788
5 2865 7404 2253 7789
5 2256 2257 2254 7790
5 2258 2259 2257 7791
5 2260 2261 2259 7792
5 2259 6966 2327 7793
5 2262 2263 2261 7794
5 2264 2299 2263 7795
5 2374 2419 2294 7796
5 2415 2780 2371 7797
5 2387 2837 2661 7798
5 2403 2938 2886 7799
5 2445 2828 2446 7800
5 2543 6683 2519 7801
5 2533 2534 2531 7802
5 2535 2539 2537 7803
5 2550 3069 3068 7804
5 2578 6849 4245 7805
5 2652 2654 2653 7806
5 2654 3267 3035 7807
5 4746 6409 2663 7808
5 2837 3531 3161 7809
5 2841 2844 2843 7810
5 3096 6916 2865 7811
5 2866 3098 3097 7812
5 7102 7103 2867 7813
5 2874 3432 2873 7814
5 3151 3152 2876 7815
5 2934 3491 3332 7816
5 2936 3438 3016 7817
5 3606 6989 2988 7818
5 3271 3272 3010 7819
5 3055 4760 3053 7820
5 3060 3061 3057 7821
5 3091 6343 4367 7822
5 3100 7106 3097 7823
5 3098 3102 3099 7824
5 3595 3599 3100 7825
5 4793 7049 3106 7826
5 3112 3113 3111 7827
5 3127 6779 3117 7828
5 3120 3122 3121 7829
5 3122 3126 3123 7830
5 3128 4093 3124 7831
5 3125 3130 3129 7832
5 3222 3225 3220 7833
5 3309 4447 3664 7834
5 3532 3964 3531 7835
5 4236 4237 3599 7836
5 3602 4247 3601 7837
5 3608 4232 4192 7838
5 4865 4866 3964 7839
5 4018 6381 6380 7840
5 4049 6332 4191 7841
5 4065 5135 4068 7842
5 4185 7002 7001 7843
5 4206 4208 4207 7844
5 4249 6316 6315 7845
5 4252 4253 4251 7846
5 4254 4255 4253 7847
5 4253 6954 4275 7848
5 4820 6624 4817 7849
5 4866 6339 6338 7850
5 5632 5634 5631 7851
5 6382 6383 6381 7852
5 1581 7382 1605 7853
5 2178 7299 2177 7854
5 2382 3979 2794 7855
5 6806 7710 2573 7856
5 3015 3721 3680 7857
5 3661 4887 3662 7858
5 4346 6936 4345 7859
5 4638 4642 4637 7860
5 1197 1198 1196 7861
5 1655 1657 1656 7862
5 1934 7130 1662 7863
5 1671 1673 1672 7864
5 1677 1680 1679 7865
5 1827 2089 1952 7866
5 1830 7296 1850 7867
5 2368 2448 2124 7868
5 2193 2194 2192 7869
5 2224 2328 2223 7870
5 2603 6420 6417 7871
5 2616 2617 2615 7872
5 2619 4092 2621 7873
5 2622 6836 2620 7874
5 2624 2631 2627 7875
5 2857 3561 3560 7876
5 2896 3501 3500 7877
5 3530 4882 2970 7878
5 3604 3605 3085 7879
5 3315 3984 3316 7880
5 3505 3506 3504 7881
5 3509 3510 3508 7882
5 4388 4389 3644 7883
5 3986 3987 3985 7884
5 4339 4341 4337 7885
5 4392 7517 4391 7886
5 7164 7671 7636 7887
5 1128 1133 1132 7888
5 1133 1137 1134 7889
5 2668 2858 1137 7890
5 1200 1224 1198 7891
5 1249 1299 1248 7892
5 1253 1262 1261 7893
5 1384 1385 1383 7894
5 1388 1389 1387 7895
5 1389 7014 2674 7896
5 1392 1393 1391 7897
5 1394 1395 1393 7898
5 1396 1397 1395 7899
5 1398 1399 1397 7900
5 1424 1426 1425 7901
5 1426 1430 1427 7902
5 1430 1432 1431 7903
5 7162 7243 1433 7904
5 1521 7145 1529 7905
5 1533 1542 1536 7906
5 1618 1754 1753 7907
5 1624 7238 1633 7908
5 1631 1749 1630 7909
5 1665 1666 1664 7910
5 1683 1700 1686 7911
5 1744 6653 1718 7912
5 2076 7018 1749 7913
5 1765 1766 1764 7914
5 1798 1799 1797 7915
5 1862 1865 1864 7916
5 1867 2306 2305 7917
5 1943 2112 1944 7918
5 2347 6623 1952 7919
5 1966 2067 2066 7920
5 1995 1998 1997 7921
5 6565 7566 2048 7922
5 2070 2073 2072 7923
5 2130 7200 2131 7924
5 2316 2351 2137 7925
5 2154 3635 2385 7926
5 2183 7134 2185 7927
5 2207 2224 2223 7928
5 2420 7441 2284 7929
5 2996 3269 2405 7930
5 2440 2950 2439 7931
5 2458 3526 2997 7932
5 2812 3399 2813 7933
5 3043 3087 2833 7934
5 2863 3611 2862 7935
5 2953 2954 2952 7936
5 2953 7678 3594 7937
5 3048 3521 3520 7938
5 3120 3121 3119 7939
5 3183 3189 3182 7940
5 3182 6640 3188 7941
5 3197 3643 3195 7942
5 3318 4453 3669 7943
5 3345 4465 3427 7944
5 4413 4431 3656 7945
5 4924 4925 3890 7946
5 3977 4241 4030 7947
5 3988 3991 3990 7948
5 4757 4758 4008 7949
5 4071 6530 6529 7950
5 7203 7205 4190 7951
5 4210 4380 4209 7952
5 4441 4608 4607 7953
5 7199 7297 4799 7954
5 6496 7888 6540 7955
5 6570 7827 7645 7956
5 1209 1211 1208 7957
5 1214 1218 1215 7958
5 1220 2498 1227 7959
5 1227 7129 1234 7960
5 1695 2514 2513 7961
5 1814 1943 1815 7962
5 2177 2361 2271 7963
5 2755 2756 2350 7964
5 2764 2951 2763 7965
5 3190 7672 7523 7966
5 3246 6669 3244 7967
5 3345 4466 4465 7968
5 3357 3689 3688 7969
5 3568 7663 7211 7970
5 3983 4035 3981 7971
5 4466 7741 6553 7972
5 4785 7809 6559 7973
5 6778 7922 7678 7974
5 1707 1708 1301 7975
5 2501 6852 1350 7976
5 1390 1392 1391 7977
5 1392 1394 1393 7978
5 1396 1398 1397 7979
5 1398 1400 1399 7980
5 6956 7160 1404 7981
5 7146 8013 1609 7982
5 1695 2513 1692 7983
5 1862 1863 1820 7984
5 2173 2347 1952 7985
5 2067 2859 2069 7986
5 2070 2071 2068 7987
5 2072 2137 2071 7988
5 2412 2804 2803 7989
5 2518 2543 2519 7990
5 4107 7162 2664 7991
5 4285 4286 4093 7992
5 4326 4873 4325 7993
5 4725 6279 4723 7994
5 6248 6593 4925 7995
5 5626 5640 5624 7996
5 7925 7971 6475 7997
5 1311 7062 1757 7998
5 1341 4082 2170 7999
5 1663 1665 1664 8000
5 1665 1667 1666 8001
5 1681 6767 1683 8002
5 1737 1829 1738 8003
5 1764 6616 1762 8004
5 1768 1855 1766 8005
5 1767 2160 1769 8006
5 1795 1953 1793 8007
5 3160 7168 1829 8008
5 1941 7123 2130 8009
5 1960 7567 1962 8010
5 2007 2148 2006 8011
5 2092 2093 2019 8012
5 2034 7086 2036 8013
5 2036 2154 2109 8014
5 2082 2149 2080 8015
5 2093 7139 2269 8016
5 2131 2180 2122 8017
5 2131 7200 2182 8018
5 2182 2604 2392 8019
5 2187 2188 2186 8020
5 2188 7090 7089 8021
5 2192 2802 2190 8022
5 2223 2225 2222 8023
5 2228 2231 2230 8024
5 2726 2727 2235 8025
5 2703 6828 2321 8026
5 2440 3499 2950 8027
5 3498 3596 2448 8028
5 2459 3273 2460 8029
5 2472 2473 2471 8030
5 2689 2690 2493 8031
5 2690 4057 2493 8032
5 2519 2521 2520 8033
5 2719 6541 2522 8034
5 2564 2565 2563 8035
5 2602 2603 2601 8036
5 2604 2972 2971 8037
5 2617 2676 2626 8038
5 2619 2621 2620 8039
5 2634 7406 2635 8040
5 2722 2925 2723 8041
5 2860 7357 7356 8042
5 2908 3005 3004 8043
5 4774 6402 2972 8044
5 3661 3662 2998 8045
5 3236 3238 3237 8046
5 3243 3245 3244 8047
5 3245 3246 3244 8048
5 4316 4361 3273 8049
5 4442 6414 3365 8050
5 3521 3522 3520 8051
5 3549 4792 3986 8052
5 3552 4756 3553 8053
5 4198 7298 7259 8054
5 4733 6363 4734 8055
5 4774 7200 6935 8056
5 7211 7663 4791 8057
5 996 1280 998 8058
5 1013 7234 1011 8059
5 1012 1015 1014 8060
5 6897 7722 1037 8061
5 1282 1284 1283 8062
5 1329 1331 1328 8063
5 1386 6914 2608 8064
5 1514 1516 1505 8065
5 1555 7515 1557 8066
5 1877 1879 1878 8067
5 6915 7122 1885 8068
5 1887 1890 1889 8069
5 1900 7078 1896 8070
5 1907 6999 1905 8071
5 1910 2118 1912 8072
5 4185 7001 1927 8073
5 1964 2064 2063 8074
5 2162 2208 2163 8075
5 2214 2699 2215 8076
5 2250 7404 2248 8077
5 2252 2253 2250 8078
5 2263 2427 2261 8079
5 2377 2457 2319 8080
5 2896 3500 2477 8081
5 2644 2646 2645 8082
5 2853 2973 2701 8083
5 2735 2785 2734 8084
5 3018 3019 2799 8085
5 2866 3097 3096 8086
5 2928 3418 2929 8087
5 2981 3049 2982 8088
5 3130 3131 3129 8089
5 3252 3254 3250 8090
5 3685 6397 3333 8091
5 3502 3950 3503 8092
5 4169 7477 6728 8093
5 4249 6315 4250 8094
5 4256 6321 4258 8095
5 4292 7488 7437 8096
5 4735 7464 4331 8097
5 6868 7679 7602 8098
5 7002 7218 7001 8099
5 1095 7634 6763 8100
5 1524 1525 1510 8101
5 1538 7196 1612 8102
5 1592 1607 1599 8103
5 1621 4746 2663 8104
5 1987 7256 2092 8105
5 2093 2269 2019 8106
5 2101 2129 2128 8107
5 2283 2689 2493 8108
5 7816 7828 2310 8109
5 2341 2451 2340 8110
5 2484 2968 2967 8111
5 2544 2763 2543 8112
5 2791 2792 2790 8113
5 2792 2949 2948 8114
5 2968 6312 3518 8115
5 3365 4555 3364 8116
5 3371 4496 4495 8117
5 6546 6547 3431 8118
5 4006 7208 4009 8119
5 4038 4039 4037 8120
5 6374 6375 4758 8121
5 6622 7906 4860 8122
5 6372 6464 6373 8123
5 7843 7912 6456 8124
5 7713 7800 6472 8125
5 7246 7853 7727 8126
5 7555 7896 7412 8127
5 1273 7611 1275 8128
5 1276 1308 1277 8129
5 1377 3232 1314 8130
5 1400 1402 1401 8131
5 1402 1404 1403 8132
5 1411 6948 1869 8133
5 1414 6866 2586 8134
5 1421 7005 2606 8135
5 1423 1428 1422 8136
5 1427 7065 1425 8137
5 1426 2017 1430 8138
5 1429 1433 1428 8139
5 1432 7121 1486 8140
5 1436 1437 1434 8141
5 1443 1508 1445 8142
5 1453 1454 1452 8143
5 1457 1458 1456 8144
5 1457 7112 2686 8145
5 1459 1460 1458 8146
5 1461 1462 1460 8147
5 1465 1466 1464 8148
5 1467 1468 1466 8149
5 1469 1470 1468 8150
5 1473 1474 1472 8151
5 1477 7026 1480 8152
5 1481 6870 4096 8153
5 1503 1511 1494 8154
5 1498 1509 1499 8155
5 1515 3578 1514 8156
5 1522 1534 1523 8157
5 1579 1601 1600 8158
5 1602 1619 1601 8159
5 1601 7293 1724 8160
5 1701 1702 1611 8161
5 1720 1822 1721 8162
5 1822 1823 1721 8163
5 1724 7166 1837 8164
5 1942 2167 2102 8165
5 1949 1978 1977 8166
5 1949 1984 1978 8167
5 1985 2038 2037 8168
5 1990 2115 1989 8169
5 1989 7185 7077 8170
5 2584 7048 2012 8171
5 2013 2015 2014 8172
5 2013 2077 2015 8173
5 2040 2042 2041 8174
5 2043 2044 2042 8175
5 2044 2046 2045 8176
5 2100 2101 2046 8177
5 2065 2315 2165 8178
5 2082 2150 2149 8179
5 2141 7245 2140 8180
5 2167 2276 2274 8181
5 2335 2336 2172 8182
5 2296 2298 2200 8183
5 2292 2413 2290 8184
5 2343 3030 2342 8185
5 2395 2396 2345 8186
5 2397 2453 2396 8187
5 2898 3315 2409 8188
5 2429 2433 2431 8189
5 2485 4086 2483 8190
5 3039 6946 2485 8191
5 2668 7518 6641 8192
5 2723 2824 2724 8193
5 2746 2820 2819 8194
5 2753 2894 2892 8195
5 2882 6961 2851 8196
5 2872 3140 3139 8197
5 2952 3435 2951 8198
5 2977 7267 7104 8199
5 3030 6017 3031 8200
5 3137 7755 6874 8201
5 6907 7137 3138 8202
5 3140 3143 3141 8203
5 6643 6990 3205 8204
5 3575 7843 7617 8205
5 3591 3593 3592 8206
5 4169 4775 3593 8207
5 3957 6310 4081 8208
5 3977 4029 3976 8209
5 3977 7174 4241 8210
5 4044 4872 4871 8211
5 6503 6505 4054 8212
5 4187 4313 4312 8213
5 4233 4234 4232 8214
5 4241 7359 7290 8215
5 4280 6740 6690 8216
5 4288 4767 4355 8217
5 7756 7893 4289 8218
5 4394 6496 6493 8219
5 4589 6533 6532 8220
5 6784 6785 4768 8221
5 4775 6691 4776 8222
5 4789 6880 6859 8223
5 4813 4814 4812 8224
5 4815 7247 4814 8225
5 4847 7694 7271 8226
5 7271 7740 4847 8227
5 6018 6019 6017 8228
5 6466 6472 6471 8229
5 6816 6817 6813 8230
5 6845 6846 6844 8231
5 7182 7390 6869 8232
5 7615 7769 6909 8233
5 6991 7935 6990 8234
5 7748 7784 7600 8235
5 974 1710 976 8236
5 978 2673 980 8237
5 983 986 985 8238
5 986 988 987 8239
5 1038 7181 991 8240
5 992 994 993 8241
5 994 996 995 8242
5 998 1000 999 8243
5 1045 6856 999 8244
5 1002 1004 1003 8245
5 1006 1008 1007 8246
5 1008 1010 1009 8247
5 1010 1012 1011 8248
5 7475 7506 1010 8249
5 1012 1014 1013 8250
5 2651 7234 1013 8251
5 1015 1016 1014 8252
5 1017 1018 1016 8253
5 1017 6930 1870 8254
5 1018 1020 1019 8255
5 6859 6880 1019 8256
5 4240 7215 1022 8257
5 1871 2695 1023 8258
5 1025 1027 1026 8259
5 1029 1031 1030 8260
5 1033 1036 1035 8261
5 1039 1040 1036 8262
5 1039 7286 4215 8263
5 1040 1042 1041 8264
5 1279 7773 1040 8265
5 1042 1044 1043 8266
5 1266 7546 1043 8267
5 1044 1047 1046 8268
5 1045 7285 7032 8269
5 1048 1049 1047 8270
5 1049 1051 1050 8271
5 1052 1053 1051 8272
5 1053 1055 1054 8273
5 1056 1057 1055 8274
5 1062 1063 1061 8275
5 1064 1065 1063 8276
5 1065 1067 1066 8277
5 4281 6568 1066 8278
5 1068 1069 1067 8279
5 1067 7427 2308 8280
5 1068 7288 4230 8281
5 1070 1071 1069 8282
5 1072 1073 1071 8283
5 1073 1075 1074 8284
5 1076 6863 1073 8285
5 1075 1078 1077 8286
5 1078 1080 1079 8287
5 4289 7388 1078 8288
5 1164 6735 1079 8289
5 1080 1082 1081 8290
5 1083 1084 1082 8291
5 1085 1086 1084 8292
5 4098 6864 1085 8293
5 1086 1088 1087 8294
5 1089 1090 1088 8295
5 1090 1092 1091 8296
5 1093 1094 1092 8297
5 1094 1096 1095 8298
5 1097 1098 1096 8299
5 1101 1102 1100 8300
5 1103 1104 1102 8301
5 1104 1106 1105 8302
5 6711 7331 1105 8303
5 1107 1108 1106 8304
5 1109 1110 1108 8305
5 1111 1112 1110 8306
5 1113 1114 1112 8307
5 1115 1116 1114 8308
5 1117 1118 1116 8309
5 1120 1122 1121 8310
5 1122 1125 1124 8311
5 1125 1128 1127 8312
5 4085 7518 1125 8313
5 1128 1132 1131 8314
5 1133 1134 1132 8315
5 2858 4042 1137 8316
5 1149 2655 1165 8317
5 1165 7332 1263 8318
5 1263 1333 1316 8319
5 1270 2505 1268 8320
5 1269 2355 1271 8321
5 1276 1277 1274 8322
5 1275 1315 1314 8323
5 1308 1309 1277 8324
5 1282 1283 1281 8325
5 1295 3151 2876 8326
5 1364 1365 1309 8327
5 1319 1320 1318 8328
5 1321 1322 1320 8329
5 1325 1326 1324 8330
5 1327 3093 1329 8331
5 1361 1734 1331 8332
5 1332 1746 1362 8333
5 1333 3258 2596 8334
5 2738 4173 1334 8335
5 1720 1721 1365 8336
5 1378 1740 1739 8337
5 3209 7823 1378 8338
5 1383 2120 1381 8339
5 1391 7014 1389 8340
5 1527 7620 7425 8341
5 1533 7145 4206 8342
5 1552 1553 1551 8343
5 1554 1555 1553 8344
5 3144 7071 1556 8345
5 1567 1581 1580 8346
5 1749 7018 1630 8347
5 1683 1685 1682 8348
5 1740 1841 1840 8349
5 2075 2076 1749 8350
5 1948 1949 1823 8351
5 1826 7644 7643 8352
5 4091 6800 1832 8353
5 1967 1968 1841 8354
5 1872 2657 1874 8355
5 1877 1878 1875 8356
5 1879 1880 1878 8357
5 1881 1882 1880 8358
5 1883 1884 1882 8359
5 1882 7082 2166 8360
5 1887 1889 1886 8361
5 1887 7122 1891 8362
5 1889 1897 1896 8363
5 1891 3206 1894 8364
5 1899 1932 1895 8365
5 1897 1901 1900 8366
5 2666 7078 1900 8367
5 1902 6849 1913 8368
5 1914 7154 1903 8369
5 1906 1908 1907 8370
5 2060 6999 1907 8371
5 1908 1910 1909 8372
5 1910 1912 1911 8373
5 1912 1931 1930 8374
5 1913 2578 1915 8375
5 1916 1918 1914 8376
5 1916 7084 1920 8377
5 1919 1988 1918 8378
5 1923 7001 1921 8379
5 1925 1927 1923 8380
5 1924 2125 1926 8381
5 3145 7155 1926 8382
5 1928 1929 1927 8383
5 1938 1939 1929 8384
5 1929 7103 4185 8385
5 1933 7568 7014 8386
5 1938 6985 2052 8387
5 2050 2051 1939 8388
5 2310 7156 1963 8389
5 1964 2063 2062 8390
5 1968 1970 1969 8391
5 1971 1972 1970 8392
5 1998 1999 1997 8393
5 1999 2001 2000 8394
5 2002 7516 2743 8395
5 2004 2005 2003 8396
5 2005 2007 2006 8397
5 2008 2009 2007 8398
5 2010 2011 2009 8399
5 2012 2013 2011 8400
5 3106 7049 2050 8401
5 2051 2054 2053 8402
5 2052 4205 4049 8403
5 2055 2056 2054 8404
5 2162 2163 2056 8405
5 2078 2080 2079 8406
5 2081 2082 2080 8407
5 2081 7640 2459 8408
5 2125 2277 2126 8409
5 2139 2313 2135 8410
5 2351 7257 2137 8411
5 2334 2494 2152 8412
5 2153 2884 2748 8413
5 2158 2207 2206 8414
5 2159 6753 2488 8415
5 2161 2388 2316 8416
5 2208 2209 2163 8417
5 2486 6787 2169 8418
5 2170 2228 2227 8419
5 2176 4739 3086 8420
5 2661 7241 2208 8421
5 2209 2211 2210 8422
5 3103 6986 2210 8423
5 2212 2213 2211 8424
5 2214 2215 2213 8425
5 2699 7258 2215 8426
5 2217 2219 2218 8427
5 2307 2311 2219 8428
5 2233 2234 2232 8429
5 2235 6621 2234 8430
5 2234 2237 2236 8431
5 2237 2239 2238 8432
5 2247 2249 2248 8433
5 2249 2251 2250 8434
5 2253 7404 2250 8435
5 2251 6839 2252 8436
5 2255 2865 2253 8437
5 2256 2258 2257 8438
5 2260 2262 2261 8439
5 2262 2264 2263 8440
5 2264 2346 2299 8441
5 2398 7093 2264 8442
5 2265 6834 6833 8443
5 2277 2462 2461 8444
5 2446 7092 2299 8445
5 2307 7258 4821 8446
5 2308 4347 4282 8447
5 2393 2400 2311 8448
5 2314 2401 2313 8449
5 2315 7262 2736 8450
5 2460 2752 2317 8451
5 2346 2687 2445 8452
5 2400 2879 2499 8453
5 2852 7303 2400 8454
5 2443 3271 3010 8455
5 2459 4316 3273 8456
5 2466 2779 2467 8457
5 2779 2833 2467 8458
5 2488 2835 2834 8459
5 3040 3528 2489 8460
5 2510 4079 2508 8461
5 2556 2557 2555 8462
5 2578 2874 2873 8463
5 4512 6933 2596 8464
5 2985 3231 2598 8465
5 2650 4789 2652 8466
5 3035 3036 2653 8467
5 2655 7639 7332 8468
5 3161 7240 2661 8469
5 2688 2988 2687 8470
5 2701 7345 2699 8471
5 2700 4798 2853 8472
5 2973 3201 2701 8473
5 2720 4193 2722 8474
5 2723 2724 2721 8475
5 2824 2995 2724 8476
5 2726 2728 2727 8477
5 2729 2730 2727 8478
5 2735 2786 2785 8479
5 2743 4855 3574 8480
5 2887 4438 2752 8481
5 2814 6576 2779 8482
5 2835 3046 3045 8483
5 6753 7333 2835 8484
5 2837 3532 3531 8485
5 2863 3613 3612 8486
5 2866 3096 2865 8487
5 5950 7102 2867 8488
5 4167 7084 2873 8489
5 2874 3433 3432 8490
5 2879 3629 2880 8491
5 2884 3603 2998 8492
5 3040 6668 3960 8493
5 4041 6668 3045 8494
5 3046 3539 3538 8495
5 3054 3055 3053 8496
5 3056 3057 3055 8497
5 3058 3060 3057 8498
5 3062 3064 3063 8499
5 3970 6588 3065 8500
5 3097 7106 3096 8501
5 3096 7270 6916 8502
5 3098 4156 3102 8503
5 4795 7154 3111 8504
5 3112 3114 3113 8505
5 3121 7310 3119 8506
5 3122 3134 3126 8507
5 3125 3128 3124 8508
5 3134 3618 3135 8509
5 3151 3153 3152 8510
5 4810 4811 3153 8511
5 7122 7311 3206 8512
5 3218 3222 3220 8513
5 3221 3223 3219 8514
5 3258 7250 3673 8515
5 4364 4365 3258 8516
5 3260 4384 4026 8517
5 4880 7626 3273 8518
5 3310 3665 3311 8519
5 3978 7410 3527 8520
5 3532 4865 3964 8521
5 7099 7100 3532 8522
5 3587 3588 3539 8523
5 3543 7308 4018 8524
5 4017 4019 3544 8525
5 3557 7612 6809 8526
5 4278 4844 3573 8527
5 3581 3584 3579 8528
5 3586 3597 3583 8529
5 7002 7107 3589 8530
5 3589 7218 7002 8531
5 3595 4236 3599 8532
5 4238 7106 3599 8533
5 4322 4411 3603 8534
5 3607 4242 3606 8535
5 3613 3615 3614 8536
5 3615 3617 3616 8537
5 3634 4370 3618 8538
5 3629 7192 3630 8539
5 3631 4317 3629 8540
5 3630 4693 4692 8541
5 3661 4888 4887 8542
5 4889 4890 3662 8543
5 3670 6662 6661 8544
5 3725 6814 6812 8545
5 6356 6357 3970 8546
5 3980 3982 3981 8547
5 3982 3983 3981 8548
5 4011 4012 4010 8549
5 4049 6993 6332 8550
5 4054 7582 7486 8551
5 4088 4089 4087 8552
5 4310 6743 4088 8553
5 4415 4416 4173 8554
5 4185 7102 7002 8555
5 4200 7908 6760 8556
5 4208 4304 4210 8557
5 4380 4404 4209 8558
5 4373 6803 4211 8559
5 4212 6408 4374 8560
5 4217 6976 4219 8561
5 4219 4223 4222 8562
5 4362 4382 4221 8563
5 4314 7536 4224 8564
5 4295 7057 4225 8565
5 4227 4229 4228 8566
5 4349 6909 4229 8567
5 4249 4250 4248 8568
5 4250 4252 4251 8569
5 4252 4254 4253 8570
5 4254 4256 4255 8571
5 4256 4258 4257 8572
5 4260 4262 4261 8573
5 4272 6534 4263 8574
5 4266 4268 4267 8575
5 4268 4270 4269 8576
5 6458 6460 4271 8577
5 4301 7355 4278 8578
5 4279 4408 4302 8579
5 4303 7438 4301 8580
5 4304 4306 4305 8581
5 4316 7564 4361 8582
5 4318 6571 4317 8583
5 4319 7307 4321 8584
5 4347 4395 4348 8585
5 4375 7892 4373 8586
5 4395 6597 4396 8587
5 4412 6344 4411 8588
5 4693 4851 4694 8589
5 4752 6322 4753 8590
5 4760 7393 7316 8591
5 4789 7309 6926 8592
5 4793 7101 7049 8593
5 6988 7240 4798 8594
5 4816 4817 4815 8595
5 4820 7444 6624 8596
5 6295 6297 4829 8597
5 4830 6298 6296 8598
5 4831 7496 7344 8599
5 6391 6392 4832 8600
5 4839 6732 6731 8601
5 4844 7561 7324 8602
5 7023 7024 4888 8603
5 4891 4892 4890 8604
5 4899 5025 4896 8605
5 4900 4902 4901 8606
5 6485 6486 6484 8607
5 6951 7257 6530 8608
5 6535 7054 6534 8609
5 6569 7470 7333 8610
5 6607 6610 6609 8611
5 6641 7624 6642 8612
5 6745 7491 6743 8613
5 6765 7670 7424 8614
5 6815 6818 6814 8615
5 6853 6972 6971 8616
5 6915 7377 7311 8617
5 6930 6932 6931 8618
5 7479 7577 6976 8619
5 7010 7011 6994 8620
5 7000 7478 6999 8621
5 7037 7808 7788 8622
5 7290 7359 7069 8623
5 7079 7081 7078 8624
5 7081 7082 7080 8625
5 7270 7338 7269 8626
5 979 981 977 8627
5 980 7380 983 8628
5 981 7848 6491 8629
5 1037 1281 984 8630
5 996 998 997 8631
5 3159 7475 1008 8632
5 2671 7286 1031 8633
5 1056 7287 6723 8634
5 1057 1059 1058 8635
5 1104 1107 1106 8636
5 1107 1109 1108 8637
5 1107 6708 2739 8638
5 1111 7364 1143 8639
5 1115 6865 3082 8640
5 1134 1136 1135 8641
5 1136 1140 1139 8642
5 1146 1156 1154 8643
5 1147 4200 1159 8644
5 1160 3081 1148 8645
5 1154 7143 3233 8646
5 3296 3298 1155 8647
5 1157 1158 1156 8648
5 1158 1169 1168 8649
5 1169 1298 1297 8650
5 1172 1707 1301 8651
5 1250 1251 1243 8652
5 1284 1285 1283 8653
5 1286 1287 1285 8654
5 1285 7656 2352 8655
5 1288 1289 1287 8656
5 1292 1376 1375 8657
5 1363 1371 1305 8658
5 1626 7212 1310 8659
5 1311 1757 1627 8660
5 1321 1323 1322 8661
5 1332 1361 1331 8662
5 1336 1337 1335 8663
5 1338 1339 1337 8664
5 1347 1351 1345 8665
5 1366 1703 1352 8666
5 1353 1821 1367 8667
5 1357 1360 1356 8668
5 1711 7063 1360 8669
5 1379 7064 1361 8670
5 1630 6579 1366 8671
5 1381 7235 1379 8672
5 1382 1860 1384 8673
5 1384 6914 1386 8674
5 1390 1625 1392 8675
5 1393 1933 1391 8676
5 1396 1527 1398 8677
5 1399 1547 1397 8678
5 1398 7425 1400 8679
5 1401 6955 1399 8680
5 1400 2599 1402 8681
5 1403 2605 1401 8682
5 1406 1409 1408 8683
5 1424 1425 1407 8684
5 1409 1411 1410 8685
5 1411 1413 1412 8686
5 2586 7007 1412 8687
5 1413 1415 1414 8688
5 1490 6866 1416 8689
5 1417 1419 1418 8690
5 1419 1421 1420 8691
5 1506 7005 1419 8692
5 2682 7193 1420 8693
5 1421 1423 1422 8694
5 2606 7161 1423 8695
5 1424 7006 6977 8696
5 1426 1427 1425 8697
5 1426 6977 2017 8698
5 1430 1431 1427 8699
5 1431 7265 2134 8700
5 1435 1436 1434 8701
5 1436 1438 1437 8702
5 1439 7163 2670 8703
5 1443 1444 1442 8704
5 1442 7066 4794 8705
5 1445 1446 1444 8706
5 1451 7067 1446 8707
5 1448 1450 1449 8708
5 1450 1453 1452 8709
5 1453 1455 1454 8710
5 1455 1457 1456 8711
5 1502 7112 1455 8712
5 1457 1459 1458 8713
5 1459 1461 1460 8714
5 2686 7182 1459 8715
5 1461 1463 1462 8716
5 1463 1465 1464 8717
5 1507 6867 1463 8718
5 1465 1467 1466 8719
5 1467 1469 1468 8720
5 1473 1475 1474 8721
5 1475 1477 1476 8722
5 4096 7289 1478 8723
5 1489 6870 1483 8724
5 1484 1488 1487 8725
5 1486 1494 1485 8726
5 1486 7121 1498 8727
5 1487 7334 1492 8728
5 1499 7342 1495 8729
5 1505 7476 1501 8730
5 1503 1512 1511 8731
5 1509 2610 1524 8732
5 1525 2658 1510 8733
5 1512 1521 1520 8734
5 1515 3579 3578 8735
5 1518 1530 1517 8736
5 1521 1529 1528 8737
5 2669 7145 1521 8738
5 1522 6759 1534 8739
5 1524 7196 1538 8740
5 1733 6850 1528 8741
5 1529 1532 1531 8742
5 1530 4750 3227 8743
5 1533 1536 1532 8744
5 1536 1540 1537 8745
5 1538 1612 1587 8746
5 1588 1589 1539 8747
5 1540 1583 1541 8748
5 1594 1595 1546 8749
5 1550 1551 1549 8750
5 1555 1557 1556 8751
5 1565 1567 1566 8752
5 1569 4199 1571 8753
5 1571 7261 1573 8754
5 1573 2265 1575 8755
5 1577 6896 1579 8756
5 1579 1602 1601 8757
5 1583 1597 1584 8758
5 1605 1606 1586 8759
5 1590 1591 1589 8760
5 1592 1599 1591 8761
5 1596 1617 1595 8762
5 1609 6911 1597 8763
5 6788 7147 1598 8764
5 1607 1699 1599 8765
5 1602 1620 1619 8766
5 1604 2977 2975 8767
5 1605 7382 7354 8768
5 1628 1629 1606 8769
5 1610 1701 1611 8770
5 6911 6918 1610 8771
5 1706 6788 1611 8772
5 1612 1614 1613 8773
5 3137 6872 1613 8774
5 1616 1624 1623 8775
5 1618 1753 1617 8776
5 7239 7293 1619 8777
5 1624 1633 1632 8778
5 1826 2266 1626 8779
5 1742 2408 1629 8780
5 1633 1635 1634 8781
5 1635 1637 1636 8782
5 1637 1639 1638 8783
5 2058 6789 1637 8784
5 1639 1641 1640 8785
5 1641 1643 1642 8786
5 2675 7294 1641 8787
5 1643 1645 1644 8788
5 1645 1647 1646 8789
5 2057 6877 1645 8790
5 1647 1649 1648 8791
5 6877 7249 1647 8792
5 1651 7148 1648 8793
5 1649 1652 1650 8794
5 1737 1738 1652 8795
5 1653 3108 1655 8796
5 1656 1976 1654 8797
5 1657 2027 1659 8798
5 1662 7130 1660 8799
5 1663 2151 1665 8800
5 1670 1694 1668 8801
5 1673 3090 1675 8802
5 1676 1678 1674 8803
5 1677 1681 1680 8804
5 1681 1683 1682 8805
5 1683 1686 1685 8806
5 1686 1688 1687 8807
5 1693 1696 1695 8808
5 1697 1698 1696 8809
5 1697 1704 1698 8810
5 1741 1828 1699 8811
5 1703 7968 7934 8812
5 1844 3083 1706 8813
5 3968 4363 1711 8814
5 1715 1716 1713 8815
5 1723 1843 1842 8816
5 7063 7677 1723 8817
5 1787 1788 1736 8818
5 1829 1830 1738 8819
5 1827 1952 1745 8820
5 2353 7239 1747 8821
5 1757 1759 1758 8822
5 1759 1761 1760 8823
5 1761 1763 1762 8824
5 1763 1765 1764 8825
5 2709 7551 1765 8826
5 1769 1771 1770 8827
5 2160 6628 1769 8828
5 1771 1773 1772 8829
5 1986 6747 1772 8830
5 1773 1775 1774 8831
5 2684 7073 1773 8832
5 1775 1777 1776 8833
5 1779 1781 1780 8834
5 1781 1783 1782 8835
5 2662 7074 1781 8836
5 1785 1818 1817 8837
5 1786 2612 2611 8838
5 1789 1790 1788 8839
5 1790 1792 1791 8840
5 1807 6751 1790 8841
5 1796 1798 1797 8842
5 1808 6538 1796 8843
5 2659 7384 1797 8844
5 1800 1802 1801 8845
5 1802 1804 1803 8846
5 2987 3053 1807 8847
5 4097 6561 1812 8848
5 1943 1944 1815 8849
5 1818 1835 1834 8850
5 1828 1987 1973 8851
5 7168 7296 1829 8852
5 1832 1966 1965 8853
5 1835 1936 1935 8854
5 1837 2025 1836 8855
5 1839 2132 2114 8856
5 2098 6921 1842 8857
5 2123 2124 1847 8858
5 1850 1851 1849 8859
5 1849 7199 2119 8860
5 1850 7296 7076 8861
5 1852 1853 1851 8862
5 1852 7076 2164 8863
5 1856 7077 3095 8864
5 1858 7167 2871 8865
5 1862 1864 1863 8866
5 1876 2247 1888 8867
5 1921 7218 1919 8868
5 1935 6891 3202 8869
5 1955 1956 1936 8870
5 2047 2049 1937 8871
5 1941 2122 2121 8872
5 2089 2173 1952 8873
5 1954 7008 2470 8874
5 1956 1958 1957 8875
5 1958 1960 1959 8876
5 1960 1962 1961 8877
5 1962 2022 2021 8878
5 2165 7153 1965 8879
5 1966 2066 2065 8880
5 1972 1981 1980 8881
5 1982 1983 1981 8882
5 1994 1995 1983 8883
5 1987 2092 2019 8884
5 1990 2116 2115 8885
5 4728 4790 1993 8886
5 2199 2200 2026 8887
5 6808 7867 2030 8888
5 2034 2036 2035 8889
5 2036 2109 2108 8890
5 2049 2714 2713 8891
5 2872 3138 2061 8892
5 2067 2068 2066 8893
5 2066 6951 6657 8894
5 2067 6800 2859 8895
5 2069 2070 2068 8896
5 2860 7356 2069 8897
5 2070 2072 2071 8898
5 2072 2161 2137 8899
5 2090 7552 7180 8900
5 2092 2171 2093 8901
5 2175 2281 2094 8902
5 2099 2117 2097 8903
5 2274 2275 2102 8904
5 2426 7087 2108 8905
5 2154 2384 2109 8906
5 2152 7628 2110 8907
5 2112 7534 2322 8908
5 2117 2205 2204 8909
5 2130 2131 2122 8910
5 2367 2368 2124 8911
5 2226 7440 2132 8912
5 2132 2339 2337 8913
5 2135 7740 7271 8914
5 2142 2143 2141 8915
5 2168 7056 2143 8916
5 2410 7245 2144 8917
5 7056 7088 2145 8918
5 2154 7086 3635 8919
5 2164 3155 2602 8920
5 2173 2348 2347 8921
5 2174 6199 2437 8922
5 2177 7299 2361 8923
5 2182 2183 2181 8924
5 2182 7200 2604 8925
5 2183 2185 2184 8926
5 7134 7201 2185 8927
5 2187 2189 2188 8928
5 2189 2191 2190 8929
5 2191 2193 2192 8930
5 2193 2195 2194 8931
5 2372 7300 2194 8932
5 2389 2390 2195 8933
5 4737 6539 2197 8934
5 2201 2296 2200 8935
5 2205 2435 2434 8936
5 2222 3554 2206 8937
5 2220 2782 2218 8938
5 2224 2329 2328 8939
5 2246 7793 2238 8940
5 2239 2241 2240 8941
5 2241 2244 2242 8942
5 2244 2318 2245 8943
5 2267 2268 2266 8944
5 2276 3275 2412 8945
5 2297 2365 2296 8946
5 2307 2393 2311 8947
5 2318 2376 2319 8948
5 2457 6912 2319 8949
5 2857 3560 2329 8950
5 2773 2774 2332 8951
5 2381 2784 2333 8952
5 2335 2379 2336 8953
5 2339 2767 2766 8954
5 2343 7034 3030 8955
5 3876 3877 2353 8956
5 2354 3562 2382 8957
5 2361 2770 2415 8958
5 2369 3600 2801 8959
5 2780 6652 2371 8960
5 2421 4170 2372 8961
5 2376 7673 2377 8962
5 2379 2425 2380 8963
5 2788 7741 2379 8964
5 2794 7510 2381 8965
5 2385 3047 2384 8966
5 2388 2458 2405 8967
5 2838 2839 2390 8968
5 2971 3165 2392 8969
5 2393 2852 2400 8970
5 2397 2454 2453 8971
5 2877 7035 2397 8972
5 2993 2994 2399 8973
5 3269 7302 2405 8974
5 2803 2823 2411 8975
5 2429 2430 2428 8976
5 2431 2432 2430 8977
5 2753 2754 2432 8978
5 2456 2762 2435 8979
5 3008 3009 2442 8980
5 3525 7096 2453 8981
5 2454 2851 2850 8982
5 2471 4076 2469 8983
5 2470 2475 2472 8984
5 2473 6725 2471 8985
5 2474 2895 2477 8986
5 2509 3052 2935 8987
5 2515 4201 2513 8988
5 2514 4354 2516 8989
5 2533 2535 2534 8990
5 2535 2537 2536 8991
5 2537 2540 2538 8992
5 6805 6925 2538 8993
5 2546 2769 2547 8994
5 2549 2552 2551 8995
5 2553 2556 2555 8996
5 2560 2750 2558 8997
5 2562 6722 2560 8998
5 2561 2564 2563 8999
5 2569 2574 2570 9000
5 2572 6637 2569 9001
5 2725 2826 2573 9002
5 2579 2855 2580 9003
5 2581 7417 2583 9004
5 2583 3567 2836 9005
5 2603 4155 2601 9006
5 2648 7177 2614 9007
5 2619 2620 2618 9008
5 2621 2622 2620 9009
5 2624 7115 2631 9010
5 2627 2628 2625 9011
5 2677 3162 2626 9012
5 2923 2924 2636 9013
5 2638 2640 2639 9014
5 2657 7692 6878 9015
5 2976 4107 2664 9016
5 2668 6641 3205 9017
5 7014 7015 2674 9018
5 2678 2702 2680 9019
5 2681 2691 2679 9020
5 2700 2701 2699 9021
5 2704 2909 2703 9022
5 2706 4080 2708 9023
5 2714 2821 2715 9024
5 2726 3260 2728 9025
5 2732 2854 2735 9026
5 2785 2926 2734 9027
5 2736 3262 3261 9028
5 2992 7622 2751 9029
5 2807 6700 2768 9030
5 2775 2776 2774 9031
5 2777 2778 2776 9032
5 2776 6463 4836 9033
5 2806 3306 2778 9034
5 2779 2934 2833 9035
5 2907 3003 2780 9036
5 2899 6819 2785 9037
5 2786 2980 2900 9038
5 3980 3981 2794 9039
5 2795 3018 2799 9040
5 2828 4077 3487 9041
5 2881 2882 2851 9042
5 2851 6961 3540 9043
5 4095 4239 2855 9044
5 2856 2918 2917 9045
5 2857 4083 3561 9046
5 2871 7043 7038 9047
5 2872 7038 3140 9048
5 2879 3631 3629 9049
5 3630 4691 2880 9050
5 2881 7035 4187 9051
5 3626 3627 2882 9052
5 2896 7039 3501 9053
5 2981 2982 2900 9054
5 2918 2920 2919 9055
5 3552 3553 2920 9056
5 2934 3332 3043 9057
5 2955 2956 2954 9058
5 2977 3547 3546 9059
5 2978 3535 2979 9060
5 3938 6754 2979 9061
5 2980 3545 2981 9062
5 2986 4791 3633 9063
5 2996 7276 3651 9064
5 3041 3042 3036 9065
5 3037 7318 3959 9066
5 3042 3602 3601 9067
5 3962 7365 3042 9068
5 3044 7053 6360 9069
5 3060 3062 3061 9070
5 3066 3110 3109 9071
5 3274 3299 3070 9072
5 3072 4099 3074 9073
5 3075 3076 3073 9074
5 3074 7277 3077 9075
5 7128 7621 3081 9076
5 3091 7442 6343 9077
5 3099 3100 3097 9078
5 3101 3595 3100 9079
5 3118 4246 3120 9080
5 3123 3125 3124 9081
5 3128 4285 4093 9082
5 3131 3132 3129 9083
5 3133 3146 3132 9084
5 3139 6907 3138 9085
5 3141 3142 3139 9086
5 3140 3590 3143 9087
5 3565 3566 3142 9088
5 3592 7320 3143 9089
5 3230 3636 3154 9090
5 3156 7055 3158 9091
5 3160 7248 7021 9092
5 3533 3534 3165 9093
5 3168 3169 3167 9094
5 3171 3173 3172 9095
5 3965 3967 3211 9096
5 3212 4293 3966 9097
5 3214 3624 3216 9098
5 3217 4300 3215 9099
5 3222 3226 3225 9100
5 3517 3637 3224 9101
5 3229 4360 4359 9102
5 3256 7714 3231 9103
5 3233 6431 3297 9104
5 4409 6718 3261 9105
5 3262 3648 3647 9106
5 6926 6927 3268 9107
5 3271 3277 3272 9108
5 3361 3362 3276 9109
5 4414 6269 3277 9110
5 3292 3294 3293 9111
5 3297 4061 3305 9112
5 3332 3684 3333 9113
5 6676 6677 3426 9114
5 4465 4467 3427 9115
5 4477 6806 3452 9116
5 3507 3509 3508 9117
5 3509 3511 3510 9118
5 3527 3653 3652 9119
5 3529 4752 3528 9120
5 4358 4742 3530 9121
5 4046 4047 3534 9122
5 3535 3961 3537 9123
5 3547 3975 3974 9124
5 6887 6953 3548 9125
5 4756 4765 3553 9126
5 3561 4786 3560 9127
5 3566 3570 3569 9128
5 4214 7030 3566 9129
5 3570 4102 4094 9130
5 3585 3586 3583 9131
5 3585 7494 4277 9132
5 3586 3598 3597 9133
5 3591 4169 3593 9134
5 3598 4337 4336 9135
5 3608 4233 4232 9136
5 3611 4060 4059 9137
5 3630 7192 4693 9138
5 3631 4318 4317 9139
5 3642 4856 3636 9140
5 3645 4417 4324 9141
5 4071 4072 3648 9142
5 4878 7276 3652 9143
5 3653 4876 4875 9144
5 3684 4574 3685 9145
5 3904 5196 3688 9146
5 3689 4013 3905 9147
5 4681 4932 3877 9148
5 3889 4924 3890 9149
5 3957 6311 6310 9150
5 3975 3977 3976 9151
5 4195 7174 3975 9152
5 3977 4030 4029 9153
5 3979 6404 4433 9154
5 6393 6887 3985 9155
5 3986 3988 3987 9156
5 3991 3992 3990 9157
5 6769 7108 3991 9158
5 3992 3994 3993 9159
5 3994 3996 3995 9160
5 3996 3998 3997 9161
5 4378 6894 3999 9162
5 4000 4002 4001 9163
5 4002 4004 4003 9164
5 4004 4006 4005 9165
5 4006 4008 4007 9166
5 4009 7208 6406 9167
5 4010 7885 6912 9168
5 4014 6330 4016 9169
5 5165 5887 4015 9170
5 4241 4290 4030 9171
5 4053 6503 4054 9172
5 4063 4065 4064 9173
5 4065 4068 4066 9174
5 4071 7262 6530 9175
5 4074 6510 4422 9176
5 4077 4457 4456 9177
5 4095 6879 6613 9178
5 4243 4244 4102 9179
5 4107 7243 7162 9180
5 4110 4112 4111 9181
5 4799 4800 4112 9182
5 4169 6728 4775 9183
5 4291 4292 4172 9184
5 4172 7052 7051 9185
5 4187 7036 4313 9186
5 7055 7298 4198 9187
5 7109 7312 4203 9188
5 6803 7467 4213 9189
5 4233 4235 4234 9190
5 6629 6888 4233 9191
5 4235 4353 4352 9192
5 6888 6889 4235 9193
5 4285 4287 4286 9194
5 4287 6783 4288 9195
5 4288 4768 4767 9196
5 4299 7716 4424 9197
5 4397 4398 4305 9198
5 6895 7871 4308 9199
5 6341 6342 4315 9200
5 4353 4401 4400 9201
5 4360 7694 4847 9202
5 4376 6658 6502 9203
5 4759 6457 4401 9204
5 6500 7405 4417 9205
5 4424 7766 4886 9206
5 4466 6553 5105 9207
5 4496 6053 4495 9208
5 4694 6009 4692 9209
5 4709 6185 4708 9210
5 4729 6682 6348 9211
5 4739 6425 4869 9212
5 6589 7393 4748 9213
5 4765 6410 4766 9214
5 4774 6727 6402 9215
5 4775 7111 6691 9216
5 4782 4783 4781 9217
5 4794 7213 7104 9218
5 7104 7267 4794 9219
5 7297 7352 4799 9220
5 6574 6575 4820 9221
5 7126 7344 4821 9222
5 6945 7717 4851 9223
5 4856 7037 4857 9224
5 4877 4879 4876 9225
5 4895 6367 4898 9226
5 5008 5995 5994 9227
5 6010 6155 6009 9228
5 6018 7097 6019 9229
5 7034 7096 6018 9230
5 6311 7414 6346 9231
5 6861 7543 6311 9232
5 6497 6499 6498 9233
5 6504 6584 6503 9234
5 6591 6905 6592 9235
5 6624 6626 6625 9236
5 6810 8078 6632 9237
5 6694 7891 7821 9238
5 6766 7756 6863 9239
5 6784 7004 6785 9240
5 6793 7238 6794 9241
5 6794 6796 6795 9242
5 6860 7546 7442 9243
5 6907 7186 7137 9244
5 6977 6979 6978 9245
5 7006 7007 6979 9246
5 7235 7236 7064 9247
5 7066 7214 7213 9248
5 7110 7781 7629 9249
5 7269 7343 7268 9250
5 1241 4174 1229 9251
5 1370 1715 1713 9252
5 1688 1689 1687 9253
5 1717 7191 1713 9254
5 6921 6922 1722 9255
5 1956 1957 1936 9256
5 2105 2106 1945 9257
5 1955 3955 1993 9258
5 1960 1961 1959 9259
5 1986 6750 6749 9260
5 2032 2033 2022 9261
5 2031 2581 2303 9262
5 6731 7702 2166 9263
5 2166 7743 6731 9264
5 2516 2518 2517 9265
5 2581 2583 2582 9266
5 2831 7318 3037 9267
5 3649 3650 2992 9268
5 3037 3959 3958 9269
5 6545 6546 3431 9270
5 3521 3954 3522 9271
5 4044 4871 3650 9272
5 3689 3904 3688 9273
5 4024 6577 6439 9274
5 6452 6554 4034 9275
5 4327 4329 4328 9276
5 4332 4904 4335 9277
5 4515 4938 4516 9278
5 5043 5045 5044 9279
5 5625 5627 5626 9280
5 5627 5629 5628 9281
5 5629 5633 5630 9282
5 5633 6526 6524 9283
5 7118 7670 6323 9284
5 6932 7719 7699 9285
5 7622 7882 7706 9286
5 1146 1154 1145 9287
5 1218 2136 1222 9288
5 1253 1261 1252 9289
5 1304 1979 1258 9290
5 1363 1372 1371 9291
5 1367 1631 1630 9292
5 1410 7007 7006 9293
5 1509 1524 1510 9294
5 1610 6918 1701 9295
5 1702 1706 1611 9296
5 1614 1615 1613 9297
5 1753 1755 1617 9298
5 1637 1638 1636 9299
5 1693 1697 1696 9300
5 1697 2696 1704 9301
5 1704 1819 1705 9302
5 1716 1717 1713 9303
5 1728 1729 1727 9304
5 1813 2349 1729 9305
5 1819 2020 1861 9306
5 1867 2305 1868 9307
5 2741 2742 2074 9308
5 2085 2087 2086 9309
5 2104 2284 2283 9310
5 2112 2322 2321 9311
5 2224 2857 2329 9312
5 2287 2288 2286 9313
5 2349 2755 2350 9314
5 2361 7299 2770 9315
5 2521 2576 2523 9316
5 2529 2588 2532 9317
5 2588 2589 2532 9318
5 2547 2548 2541 9319
5 2549 2551 2550 9320
5 2553 2554 2551 9321
5 2559 2560 2558 9322
5 2561 2562 2560 9323
5 2768 2787 2575 9324
5 6514 7509 2607 9325
5 2612 2648 2614 9326
5 2621 2624 2622 9327
5 2631 7646 2627 9328
5 2815 7136 2680 9329
5 2736 3261 2993 9330
5 2755 3312 2756 9331
5 2806 3307 3306 9332
5 3235 3236 2870 9333
5 7220 7817 2909 9334
5 3435 6844 2951 9335
5 2953 3594 2955 9336
5 2956 3431 2954 9337
5 3650 7622 2992 9338
5 3134 3135 3126 9339
5 3166 3168 3167 9340
5 3168 3170 3169 9341
5 3174 3196 3172 9342
5 3659 4437 3265 9343
5 3533 4046 3534 9344
5 3660 4326 4325 9345
5 3992 4203 3994 9346
5 3997 4308 3995 9347
5 4001 4378 3999 9348
5 4021 4023 4022 9349
5 4773 6451 4034 9350
5 4069 4515 4443 9351
5 4208 4210 4209 9352
5 4304 4305 4210 9353
5 7019 7020 4323 9354
5 4854 6454 4334 9355
5 4426 4609 4406 9356
5 7411 7737 4846 9357
5 5105 5623 5104 9358
5 6341 6403 6342 9359
5 6774 6775 6773 9360
5 6782 7737 7416 9361
5 1073 1074 1071 9362
5 2270 6766 1142 9363
5 1464 1519 1462 9364
5 1476 1513 1474 9365
5 1477 1480 1479 9366
5 7026 7027 1480 9367
5 1534 1535 1523 9368
5 1563 3557 1565 9369
5 1573 7261 2265 9370
5 1577 1578 1576 9371
5 1578 7183 4168 9372
5 1856 2353 1747 9373
5 1837 2026 2025 9374
5 1858 2061 1859 9375
5 1951 2095 2094 9376
5 1990 7170 2116 9377
5 1992 2279 1991 9378
5 2116 2142 2141 9379
5 2344 2394 2345 9380
5 3095 3876 2353 9381
5 2394 7051 2395 9382
5 7069 7359 2512 9383
5 2524 2719 2522 9384
5 2671 7577 7479 9385
5 2740 7944 4421 9386
5 2816 3375 3374 9387
5 2845 2848 2847 9388
5 2884 7428 4322 9389
5 3299 4037 3070 9390
5 3236 3239 3238 9391
5 3570 4243 4102 9392
5 4382 6908 4221 9393
5 4268 4269 4267 9394
5 4347 4348 4282 9395
5 4309 4393 4310 9396
5 7166 7293 4933 9397
5 1333 4364 3258 9398
5 1667 1668 1666 9399
5 1669 1670 1668 9400
5 1675 1677 1676 9401
5 1743 7354 6879 9402
5 7268 7343 1879 9403
5 2245 2716 2242 9404
5 2516 2517 2515 9405
5 2521 2523 2522 9406
5 2535 2536 2534 9407
5 3253 7603 6655 9408
5 3301 3425 3295 9409
5 3300 3302 3301 9410
5 3302 3541 3303 9411
5 4219 6976 4223 9412
5 4319 4320 4318 9413
5 4496 6055 6053 9414
5 1171 1174 1170 9415
5 1175 1260 1174 9416
5 1178 2492 1180 9417
5 1298 7579 1357 9418
5 1302 1336 1335 9419
5 1338 1340 1339 9420
5 1344 1345 1343 9421
5 1348 1349 1347 9422
5 1486 1495 1494 9423
5 1503 7237 1512 9424
5 1516 1522 1518 9425
5 1531 1733 1528 9426
5 1537 7070 1532 9427
5 1557 1558 1556 9428
5 1561 1562 1560 9429
5 1571 1573 1572 9430
5 1581 1585 1580 9431
5 1593 7395 1594 9432
5 1594 1622 1596 9433
5 1811 1844 1706 9434
5 1723 1842 1722 9435
5 3116 3117 1733 9436
5 2897 7399 1991 9437
5 2089 2333 2173 9438
5 2104 7450 2285 9439
5 2153 2748 2334 9440
5 2239 2240 2238 9441
5 2331 2772 2332 9442
5 2375 2797 2796 9443
5 2414 2905 2904 9444
5 2466 2467 2465 9445
5 3503 3504 2478 9446
5 2525 2527 2526 9447
5 2537 2538 2536 9448
5 2549 2550 2548 9449
5 2556 2725 2573 9450
5 2612 6840 2648 9451
5 2616 7177 2619 9452
5 2702 2815 2680 9453
5 2776 4836 2774 9454
5 2816 3373 2815 9455
5 2918 6929 3552 9456
5 3566 3569 3142 9457
5 3270 6883 6882 9458
5 3332 7570 3684 9459
5 3382 4743 4561 9460
5 4055 4581 3405 9461
5 6360 6362 4011 9462
5 4891 4895 4893 9463
5 6408 7876 7739 9464
5 6670 6672 6671 9465
5 6834 6835 6833 9466
5 6882 6885 6881 9467
5 1195 1196 1194 9468
5 1209 1216 1212 9469
5 1234 1248 1235 9470
5 1296 1305 1250 9471
5 1284 7397 1286 9472
5 1292 1375 1289 9473
5 1302 4357 1336 9474
5 1348 1350 1349 9475
5 1359 1730 1358 9476
5 1521 1528 1520 9477
5 1641 1642 1640 9478
5 1643 7294 2057 9479
5 1645 1646 1644 9480
5 1647 1648 1646 9481
5 1649 1650 1648 9482
5 1653 1655 1654 9483
5 1681 1682 1680 9484
5 1686 1687 1685 9485
5 1690 1692 1689 9486
5 1702 1811 1706 9487
5 1754 2048 2047 9488
5 1789 2986 1807 9489
5 1802 1803 1801 9490
5 1811 1942 1844 9491
5 1852 2164 1940 9492
5 2123 2369 2367 9493
5 2153 2334 2152 9494
5 2183 2184 2181 9495
5 2189 2190 2188 9496
5 2207 2223 2222 9497
5 2530 2531 2528 9498
5 2620 2623 2618 9499
5 2910 2911 2690 9500
5 2728 6712 2729 9501
5 3535 3537 2979 9502
5 4869 4870 3086 9503
5 3171 3172 3169 9504
5 3174 7041 3196 9505
5 3301 6996 3425 9506
5 4047 4202 3534 9507
5 3643 4387 4386 9508
5 4103 4841 4294 9509
5 4175 4176 4174 9510
5 4366 7835 7711 9511
5 6457 7761 4401 9512
5 4469 4638 4637 9513
5 6789 6791 6790 9514
5 1199 1210 1201 9515
5 1214 7209 6515 9516
5 1305 6764 1250 9517
5 1714 6825 1369 9518
5 1639 2675 1641 9519
5 1649 1737 1652 9520
5 1661 1662 1660 9521
5 1682 1684 1680 9522
5 1685 6984 1682 9523
5 1689 1691 1687 9524
5 1754 2047 1937 9525
5 2194 7300 2192 9526
5 2400 2499 2311 9527
5 2519 2520 2517 9528
5 2518 2544 2543 9529
5 2521 2522 2520 9530
5 2523 2524 2522 9531
5 2529 2530 2528 9532
5 2529 7157 2588 9533
5 2540 2541 2538 9534
5 2555 6893 2554 9535
5 2638 2639 2637 9536
5 2915 7282 2643 9537
5 2675 7312 7294 9538
5 2678 2679 2677 9539
5 2693 4848 4190 9540
5 2717 2991 2751 9541
5 2884 2998 2748 9542
5 3670 6660 2759 9543
5 2816 3374 3373 9544
5 2961 3430 2958 9545
5 3069 4297 3274 9546
5 3137 6874 6873 9547
5 3155 7226 3549 9548
5 3170 3171 3169 9549
5 3184 3194 3186 9550
5 3187 3191 3185 9551
5 3263 4204 3292 9552
5 3631 4319 4318 9553
5 3643 4386 3644 9554
5 4458 5071 3723 9555
5 4319 4321 4320 9556
5 4405 4425 4406 9557
5 6452 6655 6554 9558
5 7418 7494 6730 9559
5 7076 7296 7226 9560
5 1126 7045 1108 9561
5 1109 1111 1110 9562
5 1122 4085 1125 9563
5 1187 2697 1189 9564
5 1235 1236 1228 9565
5 1307 7216 1313 9566
5 2169 6787 1339 9567
5 1667 1669 1668 9568
5 1669 1671 1670 9569
5 1744 7738 6653 9570
5 1999 2002 2001 9571
5 2095 2177 2175 9572
5 2117 2204 2097 9573
5 2245 6912 2716 9574
5 2499 7135 2311 9575
5 2459 2460 2317 9576
5 2509 2510 2508 9577
5 2514 2516 2515 9578
5 2515 7433 4201 9579
5 2518 2519 2517 9580
5 6715 7436 2539 9581
5 2635 7406 2638 9582
5 2738 4415 4173 9583
5 2884 4322 3603 9584
5 3654 6696 2911 9585
5 6843 7443 3191 9586
5 3375 4823 3622 9587
5 3574 4278 3573 9588
5 4887 4889 3662 9589
5 3889 6085 4924 9590
5 4385 6428 4026 9591
5 4435 4445 4436 9592
5 4761 7968 7810 9593
5 6707 6960 4787 9594
5 4852 7728 7619 9595
5 6452 7609 6656 9596
5 7463 7785 1855 9597
5 1951 2094 1950 9598
5 2020 3495 3494 9599
5 2244 2481 2318 9600
5 2678 2680 2679 9601
5 3373 4100 2815 9602
5 2831 3037 2832 9603
5 6562 6563 4036 9604
5 4848 4849 4190 9605
5 4300 6611 6608 9606
5 6608 7584 4300 9607
5 4332 4333 4331 9608
5 6053 6054 4495 9609
5 4728 6389 6308 9610
5 6452 6656 6655 9611
5 1288 1290 1289 9612
5 1291 1293 1290 9613
5 1311 1626 1310 9614
5 1735 3213 1375 9615
5 1445 1451 1446 9616
5 1448 2587 1450 9617
5 1544 1546 1545 9618
5 1637 6789 1639 9619
5 1642 2091 1640 9620
5 1673 1674 1672 9621
5 1677 1679 1676 9622
5 1800 1816 1802 9623
5 2986 2987 1807 9624
5 1954 2469 1809 9625
5 1826 2267 2266 9626
5 1850 1852 1851 9627
5 1940 7123 1941 9628
5 2323 2324 2113 9629
5 2185 2186 2184 9630
5 2267 2272 2268 9631
5 2285 2286 2284 9632
5 2322 2704 2703 9633
5 2322 2869 2704 9634
5 2369 2800 2367 9635
5 2389 2838 2390 9636
5 2443 3008 2442 9637
5 2470 2471 2469 9638
5 2523 2525 2524 9639
5 2561 2563 2562 9640
5 2809 4403 2577 9641
5 7067 7068 2587 9642
5 3548 6953 2602 9643
5 2617 2626 2615 9644
5 2624 2627 2625 9645
5 2628 2629 2625 9646
5 2689 6654 2910 9647
5 2991 2992 2751 9648
5 3306 3308 2778 9649
5 2781 2907 2780 9650
5 3399 3400 2813 9651
5 3236 3237 2870 9652
5 2898 3668 3667 9653
5 2977 7104 3547 9654
5 3160 7249 7248 9655
5 3244 6669 3384 9656
5 3247 3249 3248 9657
5 3375 3622 3376 9658
5 3623 4591 4590 9659
5 3966 6679 3965 9660
5 3988 6768 3991 9661
5 3992 3993 3990 9662
5 4286 7520 4093 9663
5 4111 4113 4109 9664
5 4352 4853 4234 9665
5 4235 6889 4353 9666
5 4440 4441 4428 9667
5 4638 4643 4642 9668
5 6401 6635 4754 9669
5 4827 7731 7730 9670
5 4877 6368 4879 9671
5 5627 5628 5626 9672
5 6574 6734 6575 9673
5 1353 1367 1366 9674
5 1486 1498 1495 9675
5 1492 7334 6564 9676
5 2658 7164 1510 9677
5 1531 3116 1733 9678
5 1589 7217 1539 9679
5 1585 6871 1580 9680
5 1597 1598 1584 9681
5 1616 1623 1615 9682
5 1628 1742 1629 9683
5 1743 1991 1742 9684
5 2089 2354 2333 9685
5 2527 2529 2528 9686
5 2536 2542 2534 9687
5 2764 2953 2952 9688
5 3116 3118 3117 9689
5 3309 3664 3310 9690
5 4447 4910 3664 9691
5 3680 7683 3889 9692
5 4067 7152 7151 9693
5 1025 1026 1024 9694
5 1040 1041 1036 9695
5 1039 4215 1279 9696
5 1042 1043 1041 9697
5 1044 1046 1043 9698
5 1046 3957 1266 9699
5 1049 1050 1047 9700
5 1062 1295 1064 9701
5 1065 7288 1068 9702
5 1069 7427 1067 9703
5 1075 1077 1074 9704
5 1078 1079 1077 9705
5 1080 1081 1079 9706
5 1081 1267 1164 9707
5 1086 1087 1084 9708
5 1104 1105 1102 9709
5 1107 2739 1109 9710
5 1110 1126 1108 9711
5 1109 7364 1111 9712
5 1116 6536 1114 9713
5 1125 1127 1124 9714
5 1131 2712 1334 9715
5 1141 1149 1142 9716
5 1165 1263 1166 9717
5 1263 1316 1264 9718
5 1269 1271 1270 9719
5 1333 2596 1316 9720
5 1317 1368 1319 9721
5 1320 3234 1318 9722
5 1563 1564 1562 9723
5 1567 1580 1566 9724
5 1586 1621 1585 9725
5 1966 2065 1965 9726
5 2099 2197 2117 9727
5 2209 7241 2212 9728
5 2215 2216 2213 9729
5 2217 7258 2307 9730
5 2220 2783 2782 9731
5 2244 7223 2481 9732
5 2307 4821 2393 9733
5 2401 2402 2313 9734
5 2378 3104 3103 9735
5 2879 2880 2499 9736
5 2514 2515 2513 9737
5 3258 3673 2596 9738
5 4789 6926 2652 9739
5 2988 2989 2687 9740
5 2720 2722 2721 9741
5 2983 3577 2985 9742
5 2990 3608 3607 9743
5 3684 3685 3333 9744
5 3539 3973 3538 9745
5 4019 4831 3544 9746
5 3613 3614 3612 9747
5 3630 4692 4691 9748
5 4912 6667 3669 9749
5 4032 5697 4546 9750
5 6798 6800 4091 9751
5 7286 7479 4215 9752
5 4219 4222 4221 9753
5 4223 4224 4222 9754
5 4229 4837 4228 9755
5 4231 7110 6733 9756
5 4269 4271 4267 9757
5 4273 7512 6710 9758
5 6571 7620 4317 9759
5 4694 6010 6009 9760
5 4839 6731 4837 9761
5 5625 6578 5627 9762
5 1507 6869 6868 9763
5 1530 3227 1517 9764
5 1786 2611 1543 9765
5 1552 7244 1554 9766
5 1630 7018 6579 9767
5 1985 2039 2038 9768
5 2010 2309 2012 9769
5 2078 2079 2015 9770
5 7202 7214 2512 9771
5 2557 2559 2558 9772
5 2574 2575 2570 9773
5 2612 2613 2611 9774
5 2841 2842 2797 9775
5 2839 7353 4780 9776
5 2920 2921 2919 9777
5 3634 4371 4370 9778
5 4040 6997 4418 9779
5 4050 4058 4051 9780
5 7050 7564 4316 9781
5 4782 6354 6353 9782
5 6973 7166 4933 9783
5 6642 6644 6643 9784
5 6882 6886 6885 9785
5 1559 1561 1560 9786
5 2663 6871 1585 9787
5 2049 2713 1937 9788
5 2451 2500 2340 9789
5 2417 2812 2418 9790
5 2591 2593 2592 9791
5 2630 2634 2633 9792
5 2635 2636 2633 9793
5 2646 2759 2645 9794
5 3263 3264 2961 9795
5 7203 7206 3162 9796
5 3300 3301 3295 9797
5 3375 7481 4823 9798
5 3623 4590 4589 9799
5 4095 6613 6612 9800
5 6372 6373 6371 9801
5 7907 7918 6407 9802
5 1371 6824 1305 9803
5 1399 6955 1547 9804
5 1409 6948 1411 9805
5 1524 1538 1525 9806
5 2610 7196 1524 9807
5 1544 1545 1535 9808
5 1581 1586 1585 9809
5 1588 1590 1589 9810
5 1599 3163 1591 9811
5 1688 1690 1689 9812
5 1688 4283 1690 9813
5 1690 1693 1692 9814
5 1704 1705 1698 9815
5 1728 1813 1729 9816
5 1754 1937 1753 9817
5 1865 1866 1864 9818
5 1867 1868 1866 9819
5 2305 2969 1868 9820
5 2158 2206 2157 9821
5 2205 2434 2204 9822
5 2329 6960 2760 9823
5 2464 2974 2386 9824
5 6541 7433 2520 9825
5 2525 2526 2524 9826
5 2544 2764 2763 9827
5 2616 2618 2617 9828
5 2624 2625 2622 9829
5 2630 2633 2632 9830
5 2635 2637 2636 9831
5 2638 7406 3050 9832
5 2692 2693 2691 9833
5 2692 2694 2693 9834
5 7273 7481 2702 9835
5 2955 2957 2956 9836
5 2969 3530 2970 9837
5 3546 7173 2975 9838
5 3122 7366 3134 9839
5 3974 4749 3546 9840
5 3580 3581 3579 9841
5 3582 3583 3581 9842
5 3668 4452 3667 9843
5 4002 4003 4001 9844
5 4038 4040 4039 9845
5 6438 6892 4276 9846
5 4324 7819 7493 9847
5 4344 4346 4345 9848
5 4418 4867 4351 9849
5 4867 6384 4351 9850
5 4425 4426 4406 9851
5 7435 7705 4833 9852
5 6894 7631 6895 9853
5 7455 7553 7482 9854
5 1323 1327 1325 9855
5 1326 1831 1324 9856
5 1327 1329 1328 9857
5 1332 1362 1361 9858
5 1384 1386 1385 9859
5 1386 1388 1387 9860
5 1832 1965 1831 9861
5 2010 2012 2011 9862
5 2540 2546 2541 9863
5 2550 3068 2548 9864
5 2588 2590 2589 9865
5 2700 2853 2701 9866
5 2879 7303 3631 9867
5 3543 4018 4017 9868
5 3605 6582 4772 9869
5 3634 7367 4371 9870
5 4040 4350 4039 9871
5 4329 4334 4330 9872
5 4333 4735 4331 9873
5 4420 4444 4334 9874
5 4832 7496 4831 9875
5 1176 1177 1175 9876
5 1180 1181 1179 9877
5 1182 1183 1181 9878
5 1244 6920 1330 9879
5 1257 1303 1258 9880
5 1643 1644 1642 9881
5 1650 1653 1651 9882
5 1673 1675 1674 9883
5 1693 1695 1692 9884
5 1737 3160 1829 9885
5 1830 1848 1738 9886
5 6971 7524 1821 9887
5 1849 2119 1848 9888
5 1941 2121 1853 9889
5 2107 2203 2202 9890
5 2119 4109 4108 9891
5 2164 2602 2601 9892
5 3155 3548 2602 9893
5 3549 3985 3548 9894
5 3988 3989 3987 9895
5 4260 7660 6328 9896
5 4270 7664 4269 9897
5 4792 7168 7021 9898
5 5636 5637 5635 9899
5 6483 6485 6484 9900
5 6883 6884 6882 9901
5 1184 1185 1183 9902
5 1185 1187 1186 9903
5 1187 1189 1188 9904
5 1195 1197 1196 9905
5 1224 7619 1198 9906
5 1199 1201 1200 9907
5 1226 7242 1231 9908
5 7187 7227 1232 9909
5 1235 1237 1236 9910
5 1237 1239 1238 9911
5 1239 1244 1240 9912
5 1251 1252 1243 9913
5 1307 1312 1262 9914
5 1313 1369 1312 9915
5 1373 2085 2084 9916
5 1660 7130 2685 9917
5 1663 1664 1662 9918
5 1716 7447 1744 9919
5 2029 7229 1845 9920
5 2121 7297 1853 9921
5 2969 2970 1868 9922
5 1962 2031 2022 9923
5 2099 3963 2197 9924
5 2131 2182 2181 9925
5 2280 2805 2279 9926
5 2760 2761 2328 9927
5 2440 4033 3499 9928
5 2632 3208 2629 9929
5 2821 2822 2715 9930
5 2812 3401 3399 9931
5 6512 6821 2963 9932
5 2969 4358 3530 9933
5 3069 3274 3070 9934
5 3178 3190 3176 9935
5 3181 3184 3183 9936
5 3184 3186 3185 9937
5 6705 7672 3190 9938
5 3195 6843 3191 9939
5 3192 3198 3197 9940
5 3239 3240 3238 9941
5 3241 3242 3240 9942
5 3243 3244 3242 9943
5 3317 6260 3312 9944
5 3555 4034 3571 9945
5 4786 4787 3560 9946
5 3582 3585 3583 9947
5 3585 4276 3586 9948
5 4336 4340 3597 9949
5 4431 6829 3656 9950
5 6768 6769 3991 9951
5 4014 4016 4015 9952
5 4095 6612 4239 9953
5 4175 4177 4176 9954
5 4188 4311 4177 9955
5 4388 4390 4389 9956
5 4424 4885 4423 9957
5 4834 4835 4458 9958
5 4900 4901 4897 9959
5 976 977 975 9960
5 1011 7454 1009 9961
5 1031 7286 1033 9962
5 1054 7118 1051 9963
5 1058 7424 1055 9964
5 4230 7175 1070 9965
5 1131 1334 1127 9966
5 1136 2480 1140 9967
5 1172 1173 1160 9968
5 1346 1347 1345 9969
5 1350 1352 1349 9970
5 1361 7064 1734 9971
5 1372 7449 1974 9972
5 1390 1391 1389 9973
5 1400 1401 1399 9974
5 1402 1403 1401 9975
5 1404 1405 1403 9976
5 1408 1424 1407 9977
5 1412 7007 1410 9978
5 1411 1869 1413 9979
5 1414 2586 1412 9980
5 1418 1490 1416 9981
5 1421 2606 1423 9982
5 1423 7161 1429 9983
5 2134 7065 1427 9984
5 1461 1507 1463 9985
5 1469 1497 1471 9986
5 1478 7289 1476 9987
5 1483 6870 1481 9988
5 1487 1489 1483 9989
5 1500 1501 1493 9990
5 1498 1499 1495 9991
5 1504 1505 1501 9992
5 1512 2669 1521 9993
5 1552 1554 1553 9994
5 1554 1568 1555 9995
5 1558 3144 1556 9996
5 1562 2018 1560 9997
5 1573 1574 1572 9998
5 1575 1576 1574 9999
5 1581 1605 1586 10000
5 1583 1609 1597 10001
5 1601 1724 1600 10002
5 1604 7267 2977 10003
5 1605 1628 1606 10004
5 1843 2096 1842 10005
5 1942 2102 1844 10006
5 1989 7077 1857 10007
5 1879 1881 1880 10008
5 2065 2165 1965 10009
5 1971 7085 1972 10010
5 1972 1982 1981 10011
5 2067 2069 2068 10012
5 2167 2274 2102 10013
5 2315 2399 2165 10014
5 2255 2866 2865 10015
5 2299 7092 2263 10016
5 2405 7302 2316 10017
5 3030 3031 2342 10018
5 2396 7034 2345 10019
5 2363 2791 2790 10020
5 2453 7096 2396 10021
5 2397 7035 2454 10022
5 2736 2993 2399 10023
5 2488 6753 2835 10024
5 2834 3040 2489 10025
5 6839 7572 2511 10026
5 2646 3972 3318 10027
5 2698 7407 7381 10028
5 2708 4860 2707 10029
5 3072 3073 2860 10030
5 2869 3235 2870 10031
5 2871 7167 7043 10032
5 2877 7036 7035 10033
5 2881 3626 2882 10034
5 3628 6961 2882 10035
5 2980 2981 2900 10036
5 2976 6508 4107 10037
5 3030 7034 6018 10038
5 3601 7275 3036 10039
5 3101 3609 3595 10040
5 3131 3133 3132 10041
5 3144 7072 7071 10042
5 3229 3230 3154 10043
5 3156 7088 7055 10044
5 3158 3563 3157 10045
5 3525 7097 7096 10046
5 4187 4312 3626 10047
5 4000 6964 4043 10048
5 4006 4007 4005 10049
5 4422 4874 4073 10050
5 6939 7566 4083 10051
5 7029 7259 4102 10052
5 7104 7213 4195 10053
5 4288 4355 4286 10054
5 4847 7676 4359 10055
5 4476 4478 4477 10056
5 4810 6723 4811 10057
5 4814 7117 4812 10058
5 4813 4816 4815 10059
5 4816 4819 4817 10060
5 4898 4899 4896 10061
5 6899 6901 6900 10062
5 1607 6702 1741 10063
5 1828 1973 1699 10064
5 2111 2152 2110 10065
5 2416 2577 2202 10066
5 7139 7752 2269 10067
5 2415 2781 2780 10068
5 4040 4418 4351 10069
5 4299 4424 4423 10070
5 4424 4886 4885 10071
5 5637 5639 5638 10072
5 1004 1005 1003 10073
5 1341 2169 1339 10074
5 1388 1390 1389 10075
5 1394 1396 1395 10076
5 2599 6956 1402 10077
5 1465 6867 2698 10078
5 1540 1541 1537 10079
5 1569 1571 1570 10080
5 1631 2074 1749 10081
5 1872 1874 1873 10082
5 1877 7268 1879 10083
5 1879 7343 1881 10084
5 1946 2105 1945 10085
5 1992 2280 2279 10086
5 2002 2743 2004 10087
5 2013 2014 2011 10088
5 2049 7149 3524 10089
5 2110 7628 2176 10090
5 2159 2488 2487 10091
5 2233 2726 2235 10092
5 2263 7092 2427 10093
5 2346 2445 2299 10094
5 2309 2597 2584 10095
5 2458 2996 2405 10096
5 2443 3010 3008 10097
5 2540 2737 2546 10098
5 7044 7931 2740 10099
5 2795 2799 2787 10100
5 2795 3682 3018 10101
5 3527 3652 2997 10102
5 4050 4051 3032 10103
5 3040 3960 3529 10104
5 3062 3063 3061 10105
5 3064 3065 3063 10106
5 3544 7126 3201 10107
5 3710 3910 3362 10108
5 3383 6673 6669 10109
5 4752 4753 3528 10110
5 3574 4279 4278 10111
5 4006 4009 4008 10112
5 4009 6405 4757 10113
5 4012 7467 6803 10114
5 4075 4212 4211 10115
5 4178 6831 4181 10116
5 4353 6889 4759 10117
5 4371 7665 7601 10118
5 4385 6429 6428 10119
5 4425 4427 4426 10120
5 4813 7413 4816 10121
5 4849 7204 7203 10122
5 4898 4903 4899 10123
5 6442 7579 7207 10124
5 8042 8044 6623 10125
5 6662 6663 6661 10126
5 6915 7311 7122 10127
5 1657 1659 1658 10128
5 1659 1660 1658 10129
5 1804 1805 1803 10130
5 1806 1809 1805 10131
5 1810 1954 1809 10132
5 1829 7296 1830 10133
5 2124 7431 1847 10134
5 1853 7297 1851 10135
5 2186 7089 2436 10136
5 2192 7300 2802 10137
5 3255 3558 2229 10138
5 2233 2235 2234 10139
5 2323 2417 2325 10140
5 2379 2380 2336 10141
5 2569 2570 2568 10142
5 2635 2638 2637 10143
5 2642 2643 2641 10144
5 2714 2715 2713 10145
5 3184 3185 3183 10146
5 3183 7443 3189 10147
5 3193 7124 3187 10148
5 3292 3293 3264 10149
5 3299 4881 4038 10150
5 3555 6910 4773 10151
5 4048 6387 6345 10152
5 4202 7370 6726 10153
5 6363 6364 4734 10154
5 6483 6484 6482 10155
5 6899 6902 6901 10156
5 1191 1207 1193 10157
5 1194 1233 1192 10158
5 1326 4091 1832 10159
5 1382 1383 1381 10160
5 1386 1387 1385 10161
5 4206 4207 1542 10162
5 1718 6653 1726 10163
5 2111 2153 2152 10164
5 2301 2439 2302 10165
5 2322 2703 2321 10166
5 2764 2952 2951 10167
5 2908 3004 2907 10168
5 3542 7308 2973 10169
5 3192 7124 3198 10170
5 7126 7345 3201 10171
5 4831 7126 3544 10172
5 4019 6391 4832 10173
5 4024 6439 4762 10174
5 6391 6595 6392 10175
5 6422 7419 6424 10176
5 6663 6665 6661 10177
5 1171 1176 1175 10178
5 1176 1178 1177 10179
5 1305 6824 6764 10180
5 4105 7128 1335 10181
5 1607 1741 1699 10182
5 1675 1676 1674 10183
5 1686 7415 1688 10184
5 1741 1950 1828 10185
5 1759 1760 1758 10186
5 1763 1764 1762 10187
5 1767 1768 1766 10188
5 1769 1770 1768 10189
5 1768 7461 1855 10190
5 1777 1778 1776 10191
5 1783 1784 1782 10192
5 1935 3202 2320 10193
5 1962 2021 1961 10194
5 2028 2300 2029 10195
5 2335 7028 2788 10196
5 2929 4381 2761 10197
5 2792 2948 2790 10198
5 2927 7790 6968 10199
5 3514 6283 2963 10200
5 2970 7924 7402 10201
5 6642 6643 3205 10202
5 3680 3889 3681 10203
5 4009 6406 6405 10204
5 6416 7409 4027 10205
5 4736 6320 6319 10206
5 1404 1406 1405 10207
5 1408 7006 1424 10208
5 1409 7160 6948 10209
5 1411 1412 1410 10210
5 1413 1414 1412 10211
5 1415 1416 1414 10212
5 1417 1418 1416 10213
5 1419 1420 1418 10214
5 1421 1422 1420 10215
5 1429 7161 1435 10216
5 1433 7243 1491 10217
5 1438 1604 1437 10218
5 1439 2670 1441 10219
5 1442 4794 1440 10220
5 7164 7342 1499 10221
5 1512 1520 1511 10222
5 1512 7237 2669 10223
5 1583 1584 1541 10224
5 1610 1611 1598 10225
5 1604 2975 2664 10226
5 1866 1947 1864 10227
5 6977 6978 2017 10228
5 2048 2158 2157 10229
5 2639 7625 2637 10230
5 2859 3072 2860 10231
5 2975 7173 2976 10232
5 3132 7426 3129 10233
5 3146 3150 3132 10234
5 3357 3688 3356 10235
5 3547 3974 3546 10236
5 4290 6351 4030 10237
5 4287 4288 4286 10238
5 4767 6520 4797 10239
5 6487 6968 6488 10240
5 975 6491 2455 10241
5 1333 7332 4364 10242
5 1770 7461 1768 10243
5 1778 7178 1776 10244
5 1790 6751 1792 10245
5 2048 2157 2047 10246
5 2234 2236 2232 10247
5 2438 2464 2386 10248
5 2470 7008 2475 10249
5 7508 7580 2709 10250
5 3383 6674 6673 10251
5 4720 4721 3596 10252
5 3655 4025 3654 10253
5 3684 5002 4574 10254
5 4384 4385 4026 10255
5 5626 7675 5640 10256
5 6487 6488 6486 10257
5 6591 6906 6905 10258
5 6772 6773 6771 10259
5 1000 6857 1002 10260
5 1005 2506 1003 10261
5 1009 1130 1007 10262
5 2650 2651 1013 10263
5 1015 1017 1016 10264
5 1024 3089 1021 10265
5 1870 1871 1023 10266
5 1028 1129 1026 10267
5 1039 1279 1040 10268
5 1060 1062 1061 10269
5 1064 7288 1065 10270
5 1295 2875 1064 10271
5 1072 1076 1073 10272
5 1075 4289 1078 10273
5 1147 1148 1123 10274
5 1147 7264 4200 10275
5 1165 1166 1150 10276
5 1316 1317 1264 10277
5 3091 4367 1278 10278
5 4215 4216 1279 10279
5 2596 6933 1316 10280
5 1317 1319 1318 10281
5 1362 1379 1361 10282
5 1452 2512 1449 10283
5 1456 1496 1454 10284
5 1467 7381 1469 10285
5 1471 7190 1473 10286
5 1596 1618 1617 10287
5 1806 1846 1810 10288
5 1874 1875 1873 10289
5 1881 1883 1882 10290
5 1893 6915 1883 10291
5 1885 1887 1886 10292
5 1891 1892 1890 10293
5 1891 7122 3206 10294
5 1894 1895 1892 10295
5 1902 1903 1899 10296
5 1905 2666 1900 10297
5 1913 6849 2578 10298
5 1916 1919 1918 10299
5 3111 7154 1918 10300
5 1919 7218 1988 10301
5 1922 1923 1921 10302
5 1925 1928 1927 10303
5 2126 3145 1926 10304
5 1938 2050 1939 10305
5 1967 7669 1968 10306
5 1988 3589 3112 10307
5 2050 7049 2051 10308
5 2052 6985 4205 10309
5 2055 2162 2056 10310
5 2144 7245 2141 10311
5 2161 2718 2388 10312
5 2387 2661 2208 10313
5 2209 2212 2211 10314
5 2249 2861 2251 10315
5 2254 2255 2253 10316
5 2262 2398 2264 10317
5 2445 2446 2299 10318
5 2314 2403 2401 10319
5 2346 2688 2687 10320
5 2382 2794 2381 10321
5 4821 7344 2393 10322
5 2400 7303 2879 10323
5 3315 3316 2409 10324
5 2812 2813 2418 10325
5 2488 2489 2487 10326
5 2547 2549 2548 10327
5 2652 2653 2651 10328
5 2837 3161 2661 10329
5 2666 7079 7078 10330
5 7112 7488 2686 10331
5 2989 6741 2687 10332
5 2818 3380 3379 10333
5 2936 3016 2827 10334
5 2837 7099 3532 10335
5 2838 7353 2839 10336
5 3210 3211 2838 10337
5 2848 2849 2847 10338
5 2861 4088 4087 10339
5 3432 4167 2873 10340
5 2918 3552 2920 10341
5 2923 4055 3405 10342
5 3431 7511 2954 10343
5 2973 3543 3201 10344
5 2990 3607 3606 10345
5 3042 7365 3602 10346
5 3065 6588 3063 10347
5 4049 4191 3106 10348
5 3125 3129 3128 10349
5 3134 3634 3618 10350
5 3151 4810 3153 10351
5 3212 3965 3211 10352
5 3508 4764 3506 10353
5 3517 3638 3637 10354
5 3526 3978 3527 10355
5 3591 7349 4169 10356
5 3602 4249 4248 10357
5 3608 4192 3607 10358
5 3635 7411 7105 10359
5 3668 4454 4452 10360
5 4018 6380 4017 10361
5 4024 4762 4761 10362
5 4100 7790 7136 10363
5 4191 7100 4793 10364
5 7108 7109 4203 10365
5 4212 4373 4211 10366
5 4217 7479 6976 10367
5 4837 4838 4228 10368
5 4241 7290 4290 10369
5 4693 6945 4851 10370
5 4797 7607 7581 10371
5 7247 7764 4814 10372
5 4830 7391 6298 10373
5 4895 4896 4893 10374
5 5950 7107 7102 10375
5 6674 6675 6673 10376
5 6988 7241 7240 10377
5 7052 7437 7036 10378
5 7078 7081 7080 10379
5 1942 7889 2404 10380
5 2686 7488 7390 10381
5 2689 2910 2690 10382
5 3541 6325 4733 10383
5 3720 3916 3655 10384
5 4350 6444 4039 10385
5 4208 7372 4304 10386
5 6840 7012 6841 10387
5 1346 1348 1347 10388
5 1440 7267 1438 10389
5 1446 1447 1444 10390
5 1448 1449 1447 10391
5 1450 1452 1449 10392
5 1453 7549 1502 10393
5 1612 1613 1587 10394
5 1836 7183 1600 10395
5 1633 1634 1632 10396
5 1635 1636 1634 10397
5 1751 1945 1750 10398
5 1850 7076 1852 10399
5 2132 2337 2114 10400
5 2339 2766 2337 10401
5 3877 7239 2353 10402
5 2389 3210 2838 10403
5 2839 4778 2390 10404
5 2903 3276 2413 10405
5 2855 2856 2580 10406
5 3036 7275 2653 10407
5 2660 2863 2862 10408
5 3072 3074 3073 10409
5 3074 3077 3075 10410
5 3141 7320 3565 10411
5 4053 4054 3150 10412
5 4555 4556 3364 10413
5 3648 7485 3647 10414
5 6509 7243 4107 10415
5 4110 4111 4109 10416
5 4401 4402 4400 10417
5 4824 7454 7234 10418
5 4857 7638 7434 10419
5 7442 7546 6307 10420
5 6497 6498 6494 10421
5 7226 7296 7168 10422
5 3233 3296 1155 10423
5 1557 1559 1558 10424
5 1621 4747 4746 10425
5 1716 1718 1717 10426
5 1718 1726 1725 10427
5 1814 1815 1813 10428
5 2020 3494 1861 10429
5 1862 6797 1865 10430
5 2321 2323 2113 10431
5 2185 7201 2187 10432
5 2341 2452 2451 10433
5 3502 3503 2478 10434
5 2613 7306 4189 10435
5 2743 7516 4855 10436
5 2755 3317 3312 10437
5 2863 3612 3611 10438
5 3472 3720 3655 10439
5 4195 7202 7174 10440
5 4926 7583 6716 10441
5 3085 7187 1252 10442
5 2512 7214 1449 10443
5 2698 7381 1467 10444
5 1469 1471 1470 10445
5 1497 7190 1471 10446
5 1477 1479 1478 10447
5 1479 1482 1481 10448
5 1482 1484 1483 10449
5 7348 7398 1482 10450
5 1548 1549 1488 10451
5 1493 2594 1489 10452
5 1492 6564 1500 10453
5 1501 7550 1493 10454
5 1516 1517 1505 10455
5 1507 7182 6869 10456
5 1544 7260 1593 10457
5 1554 7244 1569 10458
5 1568 7515 1555 10459
5 1570 3094 1568 10460
5 1574 1719 1572 10461
5 1576 7047 1574 10462
5 1578 4168 1576 10463
5 1600 7183 1578 10464
5 1658 7197 1656 10465
5 1660 2685 1658 10466
5 1664 1934 1662 10467
5 1669 1854 1671 10468
5 1697 7198 2696 10469
5 1724 7293 7166 10470
5 1846 1847 1810 10471
5 1830 1849 1848 10472
5 1940 1941 1853 10473
5 2061 7169 1859 10474
5 7169 7170 1990 10475
5 2279 2897 1991 10476
5 2330 7185 2115 10477
5 2119 4110 4109 10478
5 2131 2181 2180 10479
5 2147 2343 2342 10480
5 6804 7298 2168 10481
5 2392 7134 2183 10482
5 2185 2187 2186 10483
5 2198 6973 5732 10484
5 2344 2345 2343 10485
5 2394 2395 2345 10486
5 3316 7469 2409 10487
5 2556 2573 2557 10488
5 2564 2567 2565 10489
5 2590 2817 2591 10490
5 7130 7132 2685 10491
5 3211 7353 2838 10492
5 2839 4779 4778 10493
5 2936 6517 3438 10494
5 3155 3549 3548 10495
5 3299 4038 4037 10496
5 4405 4406 3380 10497
5 3505 3507 3506 10498
5 4749 7173 3546 10499
5 3565 7320 4280 10500
5 3590 7349 3591 10501
5 4721 4845 3596 10502
5 3892 5008 5007 10503
5 3967 7507 7353 10504
5 3988 3990 3989 10505
5 4047 4315 4202 10506
5 6690 7291 4214 10507
5 7031 7407 4243 10508
5 4336 7530 4340 10509
5 4469 6755 4638 10510
5 4476 4479 4478 10511
5 6692 7729 4776 10512
5 4782 7507 6354 10513
5 4792 7226 7168 10514
5 4924 6248 4925 10515
5 6834 7484 6835 10516
5 7202 7359 7174 10517
5 7304 7399 7305 10518
5 7175 7808 1141 10519
5 1688 7415 4283 10520
5 1961 7114 2278 10521
5 1962 7567 2031 10522
5 1985 2037 1978 10523
5 2040 2041 2038 10524
5 2150 2362 2149 10525
5 2527 2528 2526 10526
5 2646 3318 2759 10527
5 2755 7230 3317 10528
5 3293 3426 3264 10529
5 3451 4475 3452 10530
5 3689 3905 3904 10531
5 4050 6531 4058 10532
5 4321 6432 4320 10533
5 4326 7464 4873 10534
5 4825 4826 4643 10535
5 4724 4908 4725 10536
5 6682 7513 6308 10537
5 1353 1366 1352 10538
5 1372 1751 1750 10539
5 7121 7341 1498 10540
5 1639 1640 1638 10541
5 1659 1661 1660 10542
5 1946 2107 2105 10543
5 2191 2192 2190 10544
5 2564 6717 2567 10545
5 3549 7226 4792 10546
5 4736 6319 4735 10547
5 1226 1229 1223 10548
5 1241 4175 4174 10549
5 1296 1363 1305 10550
5 1342 1344 1343 10551
5 1712 3166 1714 10552
5 1751 1946 1945 10553
5 1814 4323 1943 10554
5 2075 2111 2110 10555
5 2182 2392 2183 10556
5 2196 2372 2194 10557
5 2285 2287 2286 10558
5 2604 2971 2392 10559
5 2587 7657 7549 10560
5 2614 7177 2616 10561
5 2978 3536 3535 10562
5 3249 3250 3248 10563
5 7029 7679 3564 10564
5 3720 7753 5540 10565
5 4032 4546 4031 10566
5 4811 7413 4813 10567
5 4826 7583 6593 10568
5 4926 6716 6715 10569
5 7370 7562 7553 10570
5 1066 6568 1063 10571
5 2308 4281 1066 10572
5 1070 1072 1071 10573
5 1077 3200 1074 10574
5 1080 1083 1082 10575
5 1083 1085 1084 10576
5 1086 1089 1088 10577
5 1098 1101 1100 10578
5 1101 1103 1102 10579
5 1246 1254 1247 10580
5 1255 1259 1257 10581
5 1269 1270 1268 10582
5 1322 7120 1320 10583
5 1550 1552 1551 10584
5 1734 7666 6801 10585
5 1786 6840 2612 10586
5 2490 2745 1948 10587
5 1968 1971 1970 10588
5 2720 2721 1975 10589
5 2148 4771 2006 10590
5 2496 2497 2495 10591
5 2983 2985 2598 10592
5 3538 4041 3045 10593
5 3046 3587 3539 10594
5 7520 7581 3127 10595
5 4365 7250 3258 10596
5 4560 4562 3381 10597
5 3517 7391 3638 10598
5 3565 4214 3566 10599
5 3616 4410 3614 10600
5 4827 4828 3637 10601
5 3639 4379 3640 10602
5 3673 7250 4864 10603
5 4309 4310 4088 10604
5 4214 7291 7030 10605
5 4242 7629 7480 10606
5 4262 4263 4261 10607
5 4261 6534 4273 10608
5 4272 6630 6535 10609
5 4348 7473 4282 10610
5 4310 7058 6745 10611
5 7303 7307 4319 10612
5 4515 4516 4443 10613
5 4780 4782 4781 10614
5 6466 6467 6465 10615
5 6607 6609 6608 10616
5 5138 6177 4022 10617
5 6643 6991 6990 10618
5 1471 1472 1470 10619
5 1473 7190 2667 10620
5 1482 1483 1481 10621
5 4168 7047 1576 10622
5 1580 6871 1582 10623
5 1602 6896 4197 10624
5 1605 7354 1628 10625
5 3138 7169 2061 10626
5 2095 2175 2094 10627
5 2142 4184 2168 10628
5 2198 5732 2199 10629
5 2434 5909 2204 10630
5 2270 7837 7405 10631
5 3507 3508 3506 10632
5 3585 4277 4276 10633
5 3668 4455 4454 10634
5 3876 6090 4681 10635
5 4102 7259 4094 10636
5 4184 7186 6804 10637
5 7523 7672 4383 10638
5 1281 7721 984 10639
5 1353 6852 1821 10640
5 1373 6826 2085 10641
5 1529 1531 1528 10642
5 1646 3164 1644 10643
5 2685 7197 1658 10644
5 1795 7384 1953 10645
5 2090 7180 7179 10646
5 2187 7201 2391 10647
5 2928 2929 2761 10648
5 4239 6929 2855 10649
5 3645 4324 2994 10650
5 3239 3241 3240 10651
5 3252 7598 3550 10652
5 3527 7410 3653 10653
5 3552 6913 4756 10654
5 4177 4178 4176 10655
5 4230 7788 7175 10656
5 4812 7117 7116 10657
5 4859 6739 6738 10658
5 6478 7642 6419 10659
5 6536 7641 7509 10660
5 6662 6664 6663 10661
5 2349 2350 1729 10662
5 2507 2509 2508 10663
5 2570 2571 2568 10664
5 2590 2818 2817 10665
5 4212 4374 4373 10666
5 4390 4852 4392 10667
5 7242 7574 1231 10668
5 1364 1824 1720 10669
5 2092 2357 2171 10670
5 7272 7273 2676 10671
5 2769 6756 6755 10672
5 3137 6873 6872 10673
5 3249 3253 3252 10674
5 3435 6845 6844 10675
5 4195 7213 7202 10676
5 6384 6940 4351 10677
5 7651 7652 6845 10678
5 1759 2221 1761 10679
5 1772 6747 1770 10680
5 1771 2684 1773 10681
5 1775 2156 1777 10682
5 1782 7552 1780 10683
5 1817 2179 1784 10684
5 1986 6748 6747 10685
5 2098 7596 6921 10686
5 3202 3203 2320 10687
5 3015 3071 2771 10688
5 4729 4730 2836 10689
5 2910 6654 3473 10690
5 3556 3649 2992 10691
5 3646 6557 6556 10692
5 3959 4727 3958 10693
5 4069 4432 4066 10694
5 1515 3580 3579 10695
5 2970 7402 1868 10696
5 2717 2751 2380 10697
5 3165 7134 2392 10698
5 3209 7888 6492 10699
5 3984 6376 3316 10700
5 4479 4480 4478 10701
5 6770 6771 4766 10702
5 994 7284 996 10703
5 1008 7475 1010 10704
5 1033 7286 1039 10705
5 1034 7668 7610 10706
5 1045 7512 6856 10707
5 1056 7060 1057 10708
5 2468 7397 1284 10709
5 1376 1787 1736 10710
5 1437 7162 1434 10711
5 1449 7214 1447 10712
5 1455 7112 1457 10713
5 1457 2686 1459 10714
5 1460 2585 1458 10715
5 1463 6867 1465 10716
5 1549 2656 1488 10717
5 1502 7113 7112 10718
5 1503 7342 7237 10719
5 1543 1544 1535 10720
5 1550 2649 1552 10721
5 1619 7293 1601 10722
5 1724 1837 1836 10723
5 1742 7399 2408 10724
5 1748 1858 1857 10725
5 2665 7183 1836 10726
5 1859 7169 1990 10727
5 2166 7702 1880 10728
5 1889 1896 1886 10729
5 7001 7218 1921 10730
5 2140 2330 2115 10731
5 2199 2201 2200 10732
5 2214 2700 2699 10733
5 2260 7301 6890 10734
5 2264 7093 2346 10735
5 2297 2366 2365 10736
5 2346 7093 2688 10737
5 2358 7643 6923 10738
5 2393 7344 2852 10739
5 2476 3502 2478 10740
5 2534 7374 2531 10741
5 2671 7479 7286 10742
5 3201 7345 2701 10743
5 2872 3139 3138 10744
5 2892 3309 2893 10745
5 3063 4748 3061 10746
5 3074 3075 3073 10747
5 7137 7169 3138 10748
5 3140 3141 3139 10749
5 3140 7038 3590 10750
5 3143 7320 3141 10751
5 3247 7605 7448 10752
5 3501 4722 3500 10753
5 3565 4280 4214 10754
5 4775 4776 3593 10755
5 7366 7367 3634 10756
5 3703 4917 3892 10757
5 3725 6815 6814 10758
5 3876 4681 3877 10759
5 4226 7392 4314 10760
5 4238 7338 7270 10761
5 7174 7359 4241 10762
5 4243 7407 4244 10763
5 4313 6786 4312 10764
5 4353 4759 4401 10765
5 6477 8041 4439 10766
5 4555 5065 4556 10767
5 6520 7498 4797 10768
5 6945 7620 1527 10769
5 2195 2196 2194 10770
5 2425 2717 2380 10771
5 2512 7359 7202 10772
5 2777 2806 2778 10773
5 2818 4405 3380 10774
5 4750 4751 3227 10775
5 3263 3292 3264 10776
5 3270 6882 6881 10777
5 3472 3655 3654 10778
5 3547 7104 4195 10779
5 4828 6604 3637 10780
5 6494 6495 3641 10781
5 7246 7727 3642 10782
5 3982 5182 5181 10783
5 4016 5165 4015 10784
5 4260 6328 4262 10785
5 4304 7661 4306 10786
5 4826 6116 4643 10787
5 4778 7347 6721 10788
5 6546 6548 6547 10789
5 1120 7573 1122 10790
5 1139 4399 1135 10791
5 1222 1223 1219 10792
5 1231 1232 1230 10793
5 1255 1256 1247 10794
5 1373 2083 1304 10795
5 1443 1445 1444 10796
5 1707 2482 1709 10797
5 2057 7446 6877 10798
5 2859 2860 2069 10799
5 2085 4296 2087 10800
5 3963 4737 2197 10801
5 3245 3247 3246 10802
5 3647 4409 3261 10803
5 3262 4071 3648 10804
5 4083 4084 3561 10805
5 4875 4878 3652 10806
5 4053 6504 6503 10807
5 4072 7576 4074 10808
5 4581 6523 6522 10809
5 7192 7620 6945 10810
5 6977 7006 6979 10811
5 7213 7214 7202 10812
5 1356 6922 1355 10813
5 1355 3632 1812 10814
5 1628 7354 1743 10815
5 3494 6797 1861 10816
5 2791 2793 2792 10817
5 3427 3428 2825 10818
5 3375 3376 3374 10819
5 3992 7108 4203 10820
5 4005 7412 4407 10821
5 4068 4069 4066 10822
5 6342 7635 4315 10823
5 4338 7495 6401 10824
5 4339 4342 4341 10825
5 6482 6490 6481 10826
5 1114 2711 1112 10827
5 1120 1121 1118 10828
5 1128 7518 1133 10829
5 1542 8017 7974 10830
5 1598 7147 1584 10831
5 2388 2405 2316 10832
5 4798 7421 2853 10833
5 2996 3651 3269 10834
5 3262 7262 4071 10835
5 3383 6757 6674 10836
5 6517 6518 3438 10837
5 3647 4842 4409 10838
5 4427 4440 4428 10839
5 4831 7344 7126 10840
5 1163 1171 1170 10841
5 1277 6634 1274 10842
5 1365 2133 1309 10843
5 1835 1955 1936 10844
5 3955 4728 1993 10845
5 2466 2814 2779 10846
5 7722 7854 2468 10847
5 2858 4763 4042 10848
5 2923 3405 2924 10849
5 3260 6580 4384 10850
5 3954 3956 3522 10851
5 4004 7208 4006 10852
5 4110 7199 4799 10853
5 4269 4368 4271 10854
5 6305 6313 4727 10855
5 6364 6365 4734 10856
5 7396 7487 4853 10857
5 4906 7159 7158 10858
5 5629 5630 5628 10859
5 6485 6487 6486 10860
5 7248 7249 6877 10861
5 6901 6904 6903 10862
5 7437 7488 7113 10863
5 1197 1199 1198 10864
5 1213 7322 1208 10865
5 1216 1217 1212 10866
5 1242 1296 1250 10867
5 1261 3604 3085 10868
5 1641 7294 1643 10869
5 2119 7199 4110 10870
5 2616 2619 2618 10871
5 2676 2677 2626 10872
5 2934 3043 2833 10873
5 3332 3333 3043 10874
5 3657 4450 4413 10875
5 4329 4420 4334 10876
5 4799 7352 4800 10877
5 4843 7550 7476 10878
5 6869 7422 6868 10879
5 993 1038 991 10880
5 1010 7506 1012 10881
5 1227 1228 1221 10882
5 3957 4081 1266 10883
5 3234 7142 1318 10884
5 1893 7343 7338 10885
5 2375 2840 2797 10886
5 2828 2829 2446 10887
5 2640 2642 2641 10888
5 2650 6880 4789 10889
5 2669 7372 7145 10890
5 2876 7434 2875 10891
5 3152 3154 2876 10892
5 3098 3099 3097 10893
5 3161 7358 7240 10894
5 3502 4356 3950 10895
5 3513 4726 4186 10896
5 4237 4238 3599 10897
5 3968 4741 4363 10898
5 3996 6943 4090 10899
5 4058 4469 4468 10900
5 6976 7577 4295 10901
5 6731 7743 4837 10902
5 4905 8065 4906 10903
5 6743 7491 6744 10904
5 1315 3209 1378 10905
5 2318 2319 2245 10906
5 2565 7458 2566 10907
5 2597 2598 2584 10908
5 2791 4429 2793 10909
5 2887 4883 4438 10910
5 4392 7368 6516 10911
5 1001 7285 1045 10912
5 1006 7453 3159 10913
5 1009 7454 1130 10914
5 1012 7506 1015 10915
5 1189 1190 1188 10916
5 1291 1294 1293 10917
5 1303 7127 6826 10918
5 1448 7067 2587 10919
5 1455 1456 1454 10920
5 1477 1478 1476 10921
5 1693 7198 1697 10922
5 1893 7377 6915 10923
5 2126 7613 3145 10924
5 2228 2229 2227 10925
5 2395 7051 2877 10926
5 2472 2474 2473 10927
5 3627 3628 2882 10928
5 2986 3633 2987 10929
5 3590 3591 3143 10930
5 4811 4812 3153 10931
5 4300 6742 3215 10932
5 4077 4456 3487 10933
5 4856 4857 3636 10934
5 7035 7036 4187 10935
5 4653 5663 4651 10936
5 6575 7444 4820 10937
5 4933 7293 7239 10938
5 7043 7484 7038 10939
5 1211 1213 1208 10940
5 1218 1219 1215 10941
5 1225 1226 1223 10942
5 3571 3572 1374 10943
5 1861 6797 1862 10944
5 2086 2088 2084 10945
5 2176 6331 4739 10946
5 2319 6912 2245 10947
5 2816 7481 3375 10948
5 6850 7607 3136 10949
5 3254 3382 3381 10950
5 3555 4773 4034 10951
5 4787 6960 3560 10952
5 4103 4294 3572 10953
5 3720 5540 5539 10954
5 4005 4407 4003 10955
5 4065 4066 4064 10956
5 4188 4383 4311 10957
5 4284 7592 7451 10958
5 7636 7671 4306 10959
5 1301 1302 1173 10960
5 1327 1328 1325 10961
5 1379 7235 7064 10962
5 2215 7258 2217 10963
5 6737 7527 2231 10964
5 2761 7362 2328 10965
5 2339 3051 2767 10966
5 2377 2465 2457 10967
5 7931 7944 2740 10968
5 2827 3015 2771 10969
5 2810 4442 3365 10970
5 4279 7521 4408 10971
5 4284 7451 6825 10972
5 4294 4785 4784 10973
5 7762 7768 7614 10974
5 2455 6450 973 10975
5 1773 1774 1772 10976
5 1775 1776 1774 10977
5 1779 1780 1778 10978
5 1781 1782 1780 10979
5 1783 7074 2155 10980
5 1785 1817 1784 10981
5 1787 7563 1789 10982
5 6980 6981 2024 10983
5 2109 2174 2108 10984
5 2551 7504 2550 10985
5 2583 7417 3567 10986
5 2741 7524 4709 10987
5 2786 2900 2899 10988
5 4369 6304 3954 10989
5 6379 7880 4403 10990
5 7039 7040 4909 10991
5 6646 6648 6647 10992
5 1355 1812 1297 10993
5 2605 6955 1401 10994
5 1434 7162 1433 10995
5 1436 7163 1439 10996
5 1447 7214 7066 10997
5 1789 1807 1790 10998
5 1839 2114 1838 10999
5 2090 7179 7178 11000
5 2154 2385 2384 11001
5 4080 6462 2708 11002
5 3071 7747 2771 11003
5 2786 2899 2785 11004
5 3217 6611 4300 11005
5 3541 6326 6325 11006
5 4857 7434 3636 11007
5 3653 4875 3652 11008
5 6835 7484 7043 11009
5 1473 2667 1475 11010
5 1479 7348 1482 11011
5 7071 7255 1551 11012
5 2649 7244 1552 11013
5 1574 7047 1719 11014
5 1602 4197 1620 11015
5 1620 7167 1748 11016
5 2115 7185 1989 11017
5 2871 2872 2061 11018
5 2142 2168 2143 11019
5 2143 7056 2145 11020
5 2146 2410 2144 11021
5 2145 7088 2147 11022
5 2147 2344 2343 11023
5 4184 6804 2168 11024
5 2168 7298 7056 11025
5 5732 7172 2199 11026
5 2201 2297 2296 11027
5 3156 3157 2394 11028
5 2417 6827 2812 11029
5 7051 7052 2877 11030
5 2957 3270 2960 11031
5 3563 4291 4172 11032
5 3590 7484 7349 11033
5 4933 7239 3877 11034
5 4849 7203 4190 11035
5 4395 4396 4348 11036
5 1022 7215 1025 11037
5 2987 3054 3053 11038
5 4217 4218 4216 11039
5 4227 4349 4229 11040
5 1304 6823 1979 11041
5 1843 2099 2097 11042
5 2324 7420 2113 11043
5 2240 2246 2238 11044
5 7764 7782 2312 11045
5 2408 7399 7304 11046
5 7824 7866 2506 11047
5 4403 7682 2577 11048
5 2693 4190 2691 11049
5 4872 8013 7146 11050
5 8056 8065 4905 11051
5 1357 3084 1711 11052
5 1485 7265 1431 11053
5 1494 7266 1485 11054
5 1517 7476 1505 11055
5 2121 7352 7297 11056
5 3401 6827 4834 11057
5 4772 7684 7227 11058
5 1280 7327 998 11059
5 1000 1002 1001 11060
5 1004 1006 1005 11061
5 1014 6880 2650 11062
5 1020 1022 1021 11063
5 3089 6859 1021 11064
5 1022 1025 1024 11065
5 1027 1029 1028 11066
5 2875 7288 1064 11067
5 1150 2270 1142 11068
5 1317 1318 1264 11069
5 4216 7533 1279 11070
5 1281 7791 7721 11071
5 1313 1370 1369 11072
5 1502 7549 6786 11073
5 1537 7371 7070 11074
5 1631 2741 2074 11075
5 1690 7198 1693 11076
5 6852 6853 1821 11077
5 1898 1904 1902 11078
5 2867 7103 2053 11079
5 2212 7241 6988 11080
5 2214 6988 2700 11081
5 2215 2217 2216 11082
5 2219 7135 2220 11083
5 2323 2325 2324 11084
5 2472 7594 2474 11085
5 2654 3268 3267 11086
5 2677 7205 3162 11087
5 2861 7403 4309 11088
5 2988 6989 2989 11089
5 2990 3606 2988 11090
5 3094 7642 7515 11091
5 3969 7358 3161 11092
5 3240 3388 3238 11093
5 3309 7556 4447 11094
5 3502 7554 4356 11095
5 3602 4248 4247 11096
5 3631 7303 4319 11097
5 3638 7391 4830 11098
5 3673 4864 4706 11099
5 4019 4832 4831 11100
5 4106 7404 6916 11101
5 4215 7479 4217 11102
5 4218 4220 4216 11103
5 4223 4225 4224 11104
5 4225 4227 4226 11105
5 4838 7392 4228 11106
5 4238 7377 7338 11107
5 4249 7365 6316 11108
5 4258 4260 4259 11109
5 4262 4264 4263 11110
5 4264 4266 4265 11111
5 4271 7542 4267 11112
5 6446 6761 4270 11113
5 4272 7542 6630 11114
5 4285 7486 4287 11115
5 6432 6433 4320 11116
5 4398 6694 6693 11117
5 4816 7413 6620 11118
5 4824 7618 7454 11119
5 6382 6543 6383 11120
5 7647 7723 6581 11121
5 6608 6611 6605 11122
5 6873 7460 6872 11123
5 7610 7668 7057 11124
5 7389 7618 7313 11125
5 975 2455 973 11126
5 977 6491 975 11127
5 990 992 991 11128
5 2609 7189 995 11129
5 2506 7285 1003 11130
5 1138 7453 1004 11131
5 1062 7319 1295 11132
5 1097 7044 1098 11133
5 2706 2707 1099 11134
5 1115 1117 1116 11135
5 1119 1123 1120 11136
5 1297 7144 1168 11137
5 4081 6307 1266 11138
5 1296 3257 1363 11139
5 1326 1832 1831 11140
5 1376 1736 1735 11141
5 1392 7744 1394 11142
5 1395 7547 1393 11143
5 1402 6956 1404 11144
5 1407 7003 1405 11145
5 1415 1417 1416 11146
5 1491 7548 1428 11147
5 1429 1434 1433 11148
5 2664 7162 1437 11149
5 1438 7267 1604 11150
5 1441 1442 1440 11151
5 2587 7549 1450 11152
5 1480 7348 1479 11153
5 1498 7341 1509 11154
5 1510 7164 1499 11155
5 1603 7371 1541 11156
5 1549 7255 2656 11157
5 6746 7382 1567 11158
5 1572 7373 1570 11159
5 1597 1610 1598 11160
5 1599 7335 3163 11161
5 1606 7469 7383 11162
5 1614 1616 1615 11163
5 1675 7376 1677 11164
5 1701 1745 1702 11165
5 6579 7810 1703 11166
5 1767 1769 1768 11167
5 1792 1794 1793 11168
5 1794 1796 1795 11169
5 1798 1800 1799 11170
5 2102 7219 1844 11171
5 1846 7685 7326 11172
5 1878 7702 7649 11173
5 1881 7343 1893 11174
5 4106 7268 1888 11175
5 2595 7698 1911 11176
5 1942 2404 2167 11177
5 2507 2508 2000 11178
5 2004 7324 2005 11179
5 2063 7271 2312 11180
5 2075 7330 2111 11181
5 2095 2178 2177 11182
5 2331 2332 2098 11183
5 2391 7455 2189 11184
5 6878 7403 2247 11185
5 2272 2273 2268 11186
5 2371 2765 2271 11187
5 3031 7094 2342 11188
5 2395 2397 2396 11189
5 7068 7657 2587 11190
5 2771 7747 2592 11191
5 2637 7625 2923 11192
5 2653 7275 2651 11193
5 6790 7312 2675 11194
5 2853 7421 3542 11195
5 7434 7638 2875 11196
5 2885 7803 7772 11197
5 3030 6018 6017 11198
5 3048 3519 3047 11199
5 7310 7520 3127 11200
5 3147 6962 3146 11201
5 3210 7482 3212 11202
5 3221 6706 3516 11203
5 3651 4419 3269 11204
5 3953 4052 3511 11205
5 3521 4369 3954 11206
5 3552 6929 6913 11207
5 7038 7484 3590 11208
5 3998 4000 3999 11209
5 4087 7572 6839 11210
5 6798 6799 4099 11211
5 6508 6509 4107 11212
5 7407 7602 4244 11213
5 4275 7313 4251 11214
5 7032 7866 4274 11215
5 4355 7520 4286 11216
5 4292 7437 7052 11217
5 7482 7553 4293 11218
5 4297 7538 4299 11219
5 4797 7581 4355 11220
5 4368 7854 6459 11221
5 4709 7524 6971 11222
5 4813 4815 4814 11223
5 4821 7345 7126 11224
5 6734 7773 6575 11225
5 6617 7806 7698 11226
5 7248 7446 6769 11227
5 7113 7488 7112 11228
5 7164 7636 7342 11229
5 1833 7879 1760 11230
5 7462 7463 1855 11231
5 4777 7567 1960 11232
5 2031 7567 2581 11233
5 2241 2242 2240 11234
5 2455 7731 6450 11235
5 2831 2832 2582 11236
5 7217 7802 2658 11237
5 6983 7480 2673 11238
5 2695 7769 6858 11239
5 3345 3427 2825 11240
5 3032 3451 2826 11241
5 3266 3659 3265 11242
5 3473 4595 3471 11243
5 3567 7513 4729 11244
5 3959 7616 6305 11245
5 3979 4433 3980 11246
5 4009 4757 4008 11247
5 4757 6374 4758 11248
5 5637 6318 5639 11249
5 2836 7318 2831 11250
5 3471 3472 2911 11251
5 6995 7751 3163 11252
5 3262 3647 3261 11253
5 3266 7632 3660 11254
5 4766 7557 3553 11255
5 3660 4327 4326 11256
5 6913 6929 4239 11257
5 4377 6658 4376 11258
5 5634 6011 5631 11259
5 5632 5636 5635 11260
5 6759 7012 6840 11261
5 7705 7841 7758 11262
5 1496 7290 7069 11263
5 2000 6934 1997 11264
5 4055 4582 4581 11265
5 4904 4905 4335 11266
5 5625 5626 5624 11267
5 7014 7568 7015 11268
5 7020 7849 7712 11269
5 974 976 975 11270
5 1015 6930 1017 11271
5 1094 1095 1092 11272
5 1098 1099 1096 11273
5 2083 6823 1304 11274
5 2957 2960 2958 11275
5 3056 3059 3058 11276
5 3109 4196 3970 11277
5 3526 4307 3978 11278
5 3615 3616 3614 11279
5 3720 5539 3916 11280
5 4032 5698 5697 11281
5 4220 7533 4216 11282
5 4256 4257 4255 11283
5 4260 4261 4259 11284
5 7240 7358 4798 11285
5 6646 6649 6648 11286
5 6932 7506 7475 11287
5 7593 7657 7068 11288
5 1177 7138 1175 11289
5 1452 7069 2512 11290
5 3094 7515 1568 11291
5 2375 2796 2374 11292
5 7553 7562 4293 11293
5 4496 7528 6055 11294
5 7137 7170 7169 11295
5 1185 1186 1183 11296
5 1187 1188 1186 11297
5 2037 7456 1978 11298
5 2039 7280 2040 11299
5 2283 2493 2103 11300
5 6312 6542 3518 11301
5 4182 4183 4180 11302
5 1136 1139 1135 11303
5 1203 3080 1205 11304
5 1217 3092 1212 11305
5 1214 1215 1213 11306
5 1222 1225 1223 11307
5 6854 7231 1224 11308
5 1225 7242 1226 11309
5 1287 7656 1285 11310
5 1396 7717 1527 11311
5 1541 7371 1537 11312
5 1757 1758 1627 11313
5 1767 7551 2160 11314
5 1792 1793 1791 11315
5 1794 1795 1793 11316
5 1796 1797 1795 11317
5 1801 7386 6752 11318
5 2830 2963 2300 11319
5 3451 3452 2826 11320
5 3173 3174 3172 11321
5 3179 3180 3178 11322
5 3571 4103 3572 11323
5 4791 7466 3633 11324
5 4101 4483 4100 11325
5 4178 4179 4176 11326
5 4386 6832 4388 11327
5 4466 5105 5104 11328
5 5043 5044 4480 11329
5 7572 7761 6457 11330
5 6802 7701 7523 11331
5 7469 7881 7383 11332
5 1357 1711 1360 11333
5 1692 7336 1689 11334
5 2617 7272 2676 11335
5 4651 4652 3419 11336
5 7307 7497 4321 11337
5 7157 7845 7733 11338
5 1221 7325 1217 11339
5 1254 1255 1247 11340
5 4381 7362 2761 11341
5 2762 6552 2913 11342
5 4181 4182 4180 11343
5 4182 6516 4183 11344
5 4301 7438 7355 11345
5 7022 7690 4763 11346
5 1791 7648 1788 11347
5 1846 2123 1847 11348
5 7461 7462 1855 11349
5 2189 7455 2191 11350
5 2533 7645 2535 11351
5 2695 7776 7732 11352
5 3373 4101 4100 11353
5 3564 7679 7422 11354
5 4007 7412 4005 11355
5 4729 7513 6682 11356
5 978 979 977 11357
5 983 7380 986 11358
5 3082 7264 1117 11359
5 1446 7067 1448 11360
5 1482 7398 1484 11361
5 3578 7013 1514 11362
5 1982 1994 1983 11363
5 2660 2862 1994 11364
5 2742 7330 2074 11365
5 2342 7094 2146 11366
5 2395 2877 2397 11367
5 2850 3525 2453 11368
5 2454 2881 2851 11369
5 2474 7594 2895 11370
5 4201 7336 2513 11371
5 3324 4928 3207 11372
5 3218 7408 3222 11373
5 3222 4366 3226 11374
5 4106 7269 7268 11375
5 2275 7219 2102 11376
5 2404 7765 2167 11377
5 2809 6447 6378 11378
5 2895 4448 3515 11379
5 4743 4744 4561 11380
5 1020 6858 4240 11381
5 1065 1066 1063 11382
5 1068 4230 1070 11383
5 1075 6863 4289 11384
5 1088 6944 1087 11385
5 1098 7044 1101 11386
5 7119 7120 1322 11387
5 2568 7458 2565 11388
5 2666 7478 7079 11389
5 2973 7308 3543 11390
5 3046 7333 3587 11391
5 3617 7658 3616 11392
5 4093 7520 7310 11393
5 6433 7314 4320 11394
5 4591 7943 4592 11395
5 4894 7537 4944 11396
5 7046 7861 6603 11397
5 1158 7207 1169 11398
5 2040 2043 2042 11399
5 2158 7566 6939 11400
5 2287 2289 2288 11401
5 2728 2729 2727 11402
5 2830 7627 4449 11403
5 3579 7346 3578 11404
5 4860 7906 7905 11405
5 1242 1243 1232 11406
5 1306 1307 1262 11407
5 2101 2128 2046 11408
5 2304 2484 2483 11409
5 2642 7541 3551 11410
5 2968 3518 2967 11411
5 3889 7683 6085 11412
5 4868 7350 4298 11413
5 4318 7314 6571 11414
5 4435 5525 4445 11415
5 5995 5997 5994 11416
5 7599 7600 6842 11417
5 1168 7144 7143 11418
5 1174 1265 1170 11419
5 1363 7449 1372 11420
5 1700 7415 1686 11421
5 2517 7433 2515 11422
5 7091 7482 3210 11423
5 3248 3383 3246 11424
5 3910 4435 4434 11425
5 4854 8049 6454 11426
5 1734 7254 1331 11427
5 1831 7153 7119 11428
5 2085 2086 2084 11429
5 4321 7667 6432 11430
5 6655 7603 6554 11431
5 1973 7335 1699 11432
5 2535 7645 2539 11433
5 2623 7272 2618 11434
5 2657 7699 7692 11435
5 3083 7715 7601 11436
5 3136 7607 7498 11437
5 3991 7108 3992 11438
5 4020 6327 4021 11439
5 4368 6459 6458 11440
5 5025 7537 4896 11441
5 7549 7657 6786 11442
5 6877 7446 7248 11443
5 1579 6896 1602 11444
5 1868 7402 1866 11445
5 2028 2830 2300 11446
5 2439 2441 2302 11447
5 2613 4189 2611 11448
5 3191 7443 3185 11449
5 3252 3550 3254 11450
5 7231 7725 4183 11451
5 6940 7886 6445 11452
5 997 2609 995 11453
5 7141 7427 1069 11454
5 1074 7141 1071 11455
5 2739 7364 1109 11456
5 2282 2867 2053 11457
5 2210 6986 2163 11458
5 2291 2292 2290 11459
5 2688 2990 2988 11460
5 3532 7100 4865 11461
5 4372 6989 3606 11462
5 3710 5516 5515 11463
5 4183 7452 4180 11464
5 4228 7392 4226 11465
5 4395 7653 6597 11466
5 4830 6296 6295 11467
5 1057 7060 1060 11468
5 1172 1301 1173 11469
5 1179 2503 1177 11470
5 1376 1735 1375 11471
5 2120 7235 1381 11472
5 1527 7425 1398 11473
5 1736 6687 1735 11474
5 1740 7823 1967 11475
5 1748 7167 1858 11476
5 1878 7649 1875 11477
5 1909 7698 2060 11478
5 1972 1980 1970 11479
5 2135 7271 2063 11480
5 2267 2358 2272 11481
5 2295 2374 2294 11482
5 2762 2912 2435 11483
5 2892 7556 3309 11484
5 4246 7366 3120 11485
5 3214 3216 3215 11486
5 3216 3218 3217 11487
5 3512 4028 4027 11488
5 3646 6556 6555 11489
5 4074 7576 6511 11490
5 7772 7803 7251 11491
5 1237 2479 1239 11492
5 3231 7714 7564 11493
5 6516 7368 7231 11494
5 1242 7574 1296 11495
5 1763 7508 2709 11496
5 2034 7416 7086 11497
5 2044 2045 2042 11498
5 2406 3259 2888 11499
5 2475 7594 2472 11500
5 2808 2809 2577 11501
5 2710 7869 6639 11502
5 3181 3182 3180 11503
5 3192 3195 3191 11504
5 3259 7585 4862 11505
5 3308 7907 6463 11506
5 3451 4977 4475 11507
5 7318 7616 3959 11508
5 6829 6830 4387 11509
5 4391 6982 4389 11510
5 4724 4725 4723 11511
5 4942 4943 4941 11512
5 6485 6724 6519 11513
5 7581 7607 6779 11514
5 1156 7143 1154 11515
5 1373 2084 2083 11516
5 2441 3207 2302 11517
5 6597 7253 2505 11518
5 2505 7713 6597 11519
5 3721 7683 3680 11520
5 6787 7423 4105 11521
5 7367 7665 4371 11522
5 1422 7548 2682 11523
5 1450 7549 1453 11524
5 1522 7013 6759 11525
5 1561 7612 1563 11526
5 7271 7694 2312 11527
5 2586 7555 7007 11528
5 2680 7136 2681 11529
5 2923 7625 4055 11530
5 3550 7598 6942 11531
5 6923 6924 4414 11532
5 6924 7879 7826 11533
5 7523 7701 7041 11534
5 7119 7819 7120 11535
5 1065 1068 1067 11536
5 1141 1142 1076 11537
5 1127 7252 1124 11538
5 1168 7143 1156 11539
5 1164 7253 6735 11540
5 1328 7254 6965 11541
5 7622 7706 2751 11542
5 3577 7899 6423 11543
5 3613 7614 3615 11544
5 4307 6333 3978 11545
5 4268 6446 4270 11546
5 4347 7558 4395 11547
5 6655 7598 3253 11548
5 1584 7147 1603 11549
5 2305 7387 2969 11550
5 3967 7353 3211 11551
5 3230 7246 3642 11552
5 4293 7635 3966 11553
5 4315 7562 4202 11554
5 1125 7518 1128 11555
5 6462 7987 2708 11556
5 4287 7582 6783 11557
5 7346 7599 6841 11558
5 1608 7612 1561 11559
5 1866 7402 1947 11560
5 2227 7838 2486 11561
5 7261 7477 2265 11562
5 2752 7703 2317 11563
5 2379 7741 2425 11564
5 7370 7553 2391 11565
5 2571 7458 2568 11566
5 2681 7136 2927 11567
5 2750 7716 6893 11568
5 3682 7429 3018 11569
5 4843 7476 3227 11570
5 7012 7013 3578 11571
5 6415 6416 4027 11572
5 4202 7562 7370 11573
5 4397 6995 4398 11574
5 6771 7557 4766 11575
5 4849 7394 7204 11576
5 7600 7784 7115 11577
5 7272 7490 7273 11578
5 1280 7786 7767 11579
5 1303 1373 1304 11580
5 2542 7374 2534 11581
5 4036 7747 3071 11582
5 4327 4328 4326 11583
5 4441 4607 4428 11584
5 1007 7059 1005 11585
5 1223 6820 1219 11586
5 1566 7855 1564 11587
5 1699 7335 1599 11588
5 1621 7383 4747 11589
5 1717 7514 7191 11590
5 2074 7330 2075 11591
5 2258 7301 2260 11592
5 2391 7553 7455 11593
5 6999 7478 2666 11594
5 2686 7390 7182 11595
5 3150 7426 3132 11596
5 3172 7590 3169 11597
5 3212 7482 4293 11598
5 7604 7605 3251 11599
5 4104 7494 3582 11600
5 3626 7593 3627 11601
5 4277 7494 7418 11602
5 4355 7581 7520 11603
5 6185 6186 4708 11604
5 4818 7247 4815 11605
5 5182 5191 5190 11606
5 986 7380 4231 11607
5 7330 7428 2111 11608
5 3516 3952 3517 11609
5 4240 7769 7615 11610
5 4258 4259 4257 11611
5 4265 7542 4272 11612
5 4179 7587 7586 11613
5 6516 7517 4392 11614
5 7429 7430 4917 11615
5 7222 7529 1181 11616
5 1199 1200 1198 11617
5 3092 7209 1212 11618
5 1300 1358 1299 11619
5 1551 7255 1549 11620
5 1806 7685 1846 11621
5 2191 7455 7091 11622
5 2449 3498 2448 11623
5 2750 7766 7716 11624
5 3189 7591 6640 11625
5 7435 7532 3208 11626
5 3511 3512 3510 11627
5 4062 4067 4063 11628
5 7304 7305 4455 11629
5 6463 7693 4836 11630
5 2223 7362 2225 11631
5 3652 7276 2997 11632
5 6449 7960 7857 11633
5 1300 1359 1358 11634
5 1715 7447 1716 11635
5 1946 7794 7585 11636
5 2225 7499 2222 11637
5 3173 3175 3174 11638
5 3426 7831 7681 11639
5 4855 7521 3574 11640
5 6693 7752 4380 11641
5 4033 6015 3499 11642
5 3660 7632 4327 11643
5 1708 7503 1301 11644
5 1560 7292 1558 11645
5 1763 2709 1765 11646
5 1793 7401 1791 11647
5 1935 2320 1834 11648
5 2746 2819 2747 11649
5 3476 4674 4462 11650
5 3476 4675 4674 11651
5 3593 7726 3592 11652
5 4055 7232 4582 11653
5 4378 7631 6894 11654
5 7805 7881 6376 11655
5 7371 7815 7379 11656
5 1004 7453 1006 11657
5 1043 7546 1041 11658
5 1130 7389 7059 11659
5 1888 7268 1877 11660
5 7338 7377 1893 11661
5 2577 7682 2202 11662
5 2651 7275 7234 11663
5 6916 7404 2865 11664
5 4061 4840 3305 11665
5 3952 7391 3517 11666
5 7483 7748 3584 11667
5 4224 7536 4222 11668
5 6534 7054 4273 11669
5 4295 7610 7057 11670
5 7455 7482 7091 11671
5 3725 7754 6815 11672
5 6339 8000 7068 11673
5 1840 1975 1739 11674
5 2060 7806 7000 11675
5 4026 6712 2728 11676
5 2852 7496 7307 11677
5 4361 4880 3273 11678
5 1296 7574 3257 11679
5 1527 7717 6945 11680
5 1606 7383 1586 11681
5 7260 7575 1593 11682
5 2618 7272 2617 11683
5 2625 7532 2622 11684
5 3553 7557 2920 11685
5 5633 7501 6527 11686
5 3560 6960 2329 11687
5 6836 7274 2623 11688
5 6658 7022 3559 11689
5 4925 7583 4926 11690
5 1218 1222 1219 11691
5 1594 7395 1622 11692
5 2513 7336 1692 11693
5 2285 2883 2287 11694
5 2818 7733 4405 11695
5 1139 7779 4399 11696
5 1255 1257 1256 11697
5 1593 7575 7395 11698
5 6708 6709 2739 11699
5 3419 6412 2929 11700
5 4825 7736 4826 11701
5 6392 7497 4832 11702
5 3163 7751 1591 11703
5 2019 7821 1973 11704
5 2385 3048 3047 11705
5 6778 7678 2544 11706
5 7313 7618 4247 11707
5 7562 7635 4293 11708
5 4345 7489 4343 11709
5 7869 7923 6639 11710
5 7153 7819 7119 11711
5 1217 7325 3092 11712
5 1231 7574 1242 11713
5 1315 1377 1314 11714
5 1740 1840 1739 11715
5 7798 7869 2710 11716
5 3162 7205 7203 11717
5 3188 7688 6705 11718
5 6982 7591 3189 11719
5 3190 7523 7041 11720
5 3638 4830 4829 11721
5 4275 7389 7313 11722
5 4311 7688 6831 11723
5 6483 6724 6485 11724
5 6930 7506 6932 11725
5 4296 7450 2087 11726
5 4862 7632 3266 11727
5 3471 7753 3472 11728
5 1053 7287 1056 11729
5 6307 7546 1266 11730
5 1294 1311 1310 11731
5 1623 7755 1615 11732
5 1685 7295 6984 11733
5 2559 7710 7674 11734
5 2702 7481 2816 11735
5 3600 4740 2801 11736
5 2850 7982 3525 11737
5 3228 7725 6854 11738
5 4036 7827 7747 11739
5 7288 7638 4230 11740
5 7411 7691 4369 11741
5 7007 7555 6979 11742
5 3185 7443 3183 11743
5 6705 7688 7672 11744
5 1946 7585 2107 11745
5 2694 7363 2693 11746
5 7872 7988 4196 11747
5 7692 7699 4393 11748
5 7850 7946 4404 11749
5 2107 2202 2105 11750
5 2243 7985 7223 11751
5 4076 7659 6808 11752
5 4730 7616 7318 11753
5 4757 7704 6374 11754
5 6459 7854 7722 11755
5 992 7396 994 11756
5 1003 7285 1001 11757
5 1052 7287 1053 11758
5 6568 6862 1061 11759
5 1135 7468 1132 11760
5 7728 7775 1233 11761
5 1351 7723 1345 11762
5 1425 7003 1407 11763
5 2520 7433 2517 11764
5 6867 7602 2698 11765
5 3200 7558 7141 11766
5 4073 7485 3648 11767
5 4023 5139 5138 11768
5 4028 6415 4027 11769
5 8056 8060 6515 11770
5 6624 7444 6626 11771
5 7012 7346 6841 11772
5 7589 7798 2710 11773
5 3240 7687 3388 11774
5 4023 6347 5139 11775
5 2546 6756 2769 11776
5 2698 7602 7407 11777
5 2869 7712 3235 11778
5 4252 6317 4254 11779
5 4365 7783 7727 11780
5 4830 6295 4829 11781
5 7983 7984 6709 11782
5 2363 2790 2789 11783
5 3577 6423 6422 11784
5 7428 7680 4322 11785
5 7515 7642 6478 11786
5 7544 7545 6678 11787
5 7394 7395 7204 11788
5 981 7890 7812 11789
5 1315 1378 1377 11790
5 1491 7871 7548 11791
5 2010 7561 2309 11792
5 2077 2078 2015 11793
5 2364 6461 2149 11794
5 2150 2363 2362 11795
5 7703 7778 2150 11796
5 2328 7362 2223 11797
5 2452 2965 2451 11798
5 2926 7860 7439 11799
5 2954 7511 2952 11800
5 3636 7434 3154 11801
5 3577 6422 6421 11802
5 4003 7771 4001 11803
5 4416 8022 6514 11804
5 6575 7773 7533 11805
5 6728 7477 7261 11806
5 7732 7776 6732 11807
5 7711 7835 7385 11808
5 1015 7506 6930 11809
5 1060 1061 1059 11810
5 3200 7141 1074 11811
5 1083 7388 2864 11812
5 1098 1100 1099 11813
5 1101 7044 2740 11814
5 1119 1120 1118 11815
5 1272 7800 1270 11816
5 1286 7397 6590 11817
5 1341 2170 2169 11818
5 1995 1997 1996 11819
5 2002 2003 2001 11820
5 2317 7703 2082 11821
5 2228 2230 2229 11822
5 2309 7560 2597 11823
5 2377 2466 2465 11824
5 2742 7797 7680 11825
5 3526 3527 2997 11826
5 3513 7140 4726 11827
5 3574 7521 4279 11828
5 3982 7709 5182 11829
5 4012 7892 7885 11830
5 6428 6712 4026 11831
5 7487 7559 4232 11832
5 4269 7664 4368 11833
5 7577 7610 4295 11834
5 7489 7734 4343 11835
5 7427 7558 4347 11836
5 6465 7473 4348 11837
5 7116 7117 4360 11838
5 6580 6581 4384 11839
5 6492 7888 4394 11840
5 7558 7653 4395 11841
5 7767 7786 4400 11842
5 4827 7730 4828 11843
5 4832 7497 7496 11844
5 4855 7777 7521 11845
5 6586 7774 6587 11846
5 6642 7623 6644 11847
5 7283 7726 7027 11848
5 7328 7624 7573 11849
5 7921 7937 7714 11850
5 984 7721 982 11851
5 1130 7059 1007 11852
5 1023 6858 1018 11853
5 1072 7175 1141 11854
5 1081 7844 1267 11855
5 1119 7264 1147 11856
5 1148 7328 1123 11857
5 1334 7252 1127 11858
5 2480 7502 1140 11859
5 1293 7210 1290 11860
5 1331 7254 1328 11861
5 1340 1341 1339 11862
5 1343 7647 1340 11863
5 1341 7647 4082 11864
5 1344 1354 1346 11865
5 1350 6852 1353 11866
5 3213 7369 1375 11867
5 1485 7266 7265 11868
5 7194 7851 1490 11869
5 2878 7503 1708 11870
5 7064 7666 1734 11871
5 7400 7552 1782 11872
5 1810 7351 1954 11873
5 1950 7525 1828 11874
5 1843 2097 2096 11875
5 1875 7649 1873 11876
5 3573 7324 2004 11877
5 7050 7640 2077 11878
5 2399 7493 2165 11879
5 2511 7301 2258 11880
5 2275 7224 7219 11881
5 2718 7329 2388 11882
5 2458 2997 2996 11883
5 2626 7306 2615 11884
5 2658 7671 7164 11885
5 2712 7606 3658 11886
5 2731 2733 2730 11887
5 3154 7434 2876 11888
5 2887 7626 4884 11889
5 2920 7557 2921 11890
5 3625 3645 2994 11891
5 3081 7623 7328 11892
5 3120 7366 3122 11893
5 3127 7581 6779 11894
5 3152 7116 3229 11895
5 3298 7840 7779 11896
5 3306 3663 3308 11897
5 3578 7346 7012 11898
5 4312 7593 3626 11899
5 6333 6355 3978 11900
5 4023 5138 4022 11901
5 4763 7690 4042 11902
5 4072 4074 4073 11903
5 6529 7576 4072 11904
5 4874 7485 4073 11905
5 4244 7679 7029 11906
5 6321 7660 4258 11907
5 7486 7582 4287 11908
5 4300 7584 6742 11909
5 7372 7661 4304 11910
5 4306 7671 4397 11911
5 6786 7657 4312 11912
5 4317 7620 7192 11913
5 4320 7314 4318 11914
5 7009 7489 4345 11915
5 7105 7411 4369 11916
5 4371 7715 4370 11917
5 6388 6441 4375 11918
5 4384 7789 4385 11919
5 4694 7792 6010 11920
5 4731 6309 4861 11921
5 7498 7607 4797 11922
5 6723 7413 4811 11923
5 6909 7732 4839 11924
5 6779 7607 6850 11925
5 6868 7602 6867 11926
5 7422 7679 6868 11927
5 1812 7144 1297 11928
5 2221 7508 1761 11929
5 1855 7785 1766 11930
5 2179 7400 1784 11931
5 4790 7317 1993 11932
5 2096 7339 2331 11933
5 2332 7596 2098 11934
5 2751 7706 2380 11935
5 6491 7730 2455 11936
5 2554 7504 2551 11937
5 2559 7674 2561 11938
5 2640 7541 2642 11939
5 6931 7699 2657 11940
5 6722 7766 2750 11941
5 4730 7318 2836 11942
5 3048 7105 3521 11943
5 3688 7754 3356 11944
5 4024 4761 3545 11945
5 7417 7565 3567 11946
5 3568 7211 7210 11947
5 4062 4063 3576 11948
5 3635 7737 7411 11949
5 4308 7774 3995 11950
5 4315 7635 7562 11951
5 4356 6282 6281 11952
5 4741 7655 4363 11953
5 7836 7859 4477 11954
5 6349 7616 4730 11955
5 6808 7659 4764 11956
5 4859 7711 6739 11957
5 4890 7540 7465 11958
5 4942 4947 4943 11959
5 6606 7812 6607 11960
5 7000 7806 7536 11961
5 991 7181 989 11962
5 1034 7610 6919 11963
5 1259 7127 1257 11964
5 3257 7449 1363 11965
5 1393 7547 1933 11966
5 1441 7801 1443 11967
5 6587 7871 1491 11968
5 1871 7776 2695 11969
5 2461 7613 2126 11970
5 2247 7403 2249 11971
5 2265 7477 6834 11972
5 2402 7740 2313 11973
5 2468 7854 6906 11974
5 6919 7577 2671 11975
5 2725 6837 4050 11976
5 2894 7556 2892 11977
5 3049 7973 6425 11978
5 7057 7668 4349 11979
5 4407 7851 7771 11980
5 4901 7932 7863 11981
5 7742 8022 6424 11982
5 6841 7599 6842 11983
5 7721 7890 982 11984
5 1041 7546 6860 11985
5 1080 7388 1083 11986
5 1084 7588 1082 11987
5 1257 7127 1303 11988
5 1987 7525 7256 11989
5 2283 7441 2689 11990
5 6609 7791 2352 11991
5 3200 7653 7558 11992
5 4222 7536 4362 11993
5 4379 7807 6492 11994
5 4753 7670 6765 11995
5 2087 7450 2104 11996
5 6404 7720 6476 11997
5 1719 7373 1572 11998
5 1944 7420 2757 11999
5 4387 7798 4386 12000
5 7975 8059 6337 12001
5 1283 7791 1281 12002
5 7115 7784 2631 12003
5 3993 7774 6586 12004
5 6923 7643 6924 12005
5 1237 1238 1236 12006
5 4039 7707 4037 12007
5 1252 7187 1243 12008
5 3512 7992 4858 12009
5 4761 8007 3545 12010
5 4674 6136 6135 12011
5 7799 8030 4879 12012
5 1493 7550 2594 12013
5 3227 7476 1517 12014
5 2477 7554 2476 12015
5 7732 7769 2695 12016
5 6697 6699 6698 12017
5 1091 6944 1088 12018
5 7646 7734 2647 12019
5 4067 7151 7150 12020
5 4267 7542 4265 12021
5 4312 7657 7593 12022
5 4349 7615 6909 12023
5 3612 7906 6622 12024
5 7466 7505 3633 12025
5 4609 7746 7745 12026
5 996 7284 1280 12027
5 1060 7319 1062 12028
5 1071 7141 1069 12029
5 2505 7253 1268 12030
5 4173 7252 1334 12031
5 2984 7899 2983 12032
5 3538 7757 4041 12033
5 3710 5515 3910 12034
5 4174 7586 6820 12035
5 4247 7618 4824 12036
5 4393 7719 7058 12037
5 1261 7459 3604 12038
5 2044 7630 2100 12039
5 3703 7429 4917 12040
5 6186 7797 4708 12041
5 4726 6290 6289 12042
5 8033 8051 4883 12043
5 1233 7775 6832 12044
5 3208 7532 2629 12045
5 3586 7495 3598 12046
5 7236 7666 7064 12047
5 2222 7499 3554 12048
5 4895 7958 6367 12049
5 6878 7692 7403 12050
5 1943 7534 2112 12051
5 7448 7603 3253 12052
5 1211 7209 1214 12053
5 2974 7387 2386 12054
5 6637 7951 2807 12055
5 4383 7672 4311 12056
5 7497 7667 4321 12057
5 3253 7598 3252 12058
5 1055 7424 1054 12059
5 1117 7264 1119 12060
5 1324 7119 1322 12061
5 1428 7548 1422 12062
5 1880 7702 1878 12063
5 1968 7669 1971 12064
5 7280 7281 2043 12065
5 2070 7356 2073 12066
5 2885 7772 2401 12067
5 7237 7661 2669 12068
5 2997 7276 2996 12069
5 3255 7445 4850 12070
5 2202 7682 2105 12071
5 3598 7495 4338 12072
5 7468 7606 2712 12073
5 1761 7508 1763 12074
5 1775 7073 2156 12075
5 1956 7317 1958 12076
5 3521 7105 4369 12077
5 3567 7565 7513 12078
5 4376 6388 4375 12079
5 3592 7726 7283 12080
5 4788 7517 4182 12081
5 4364 7783 4365 12082
5 4724 4909 4908 12083
5 4839 7732 6732 12084
5 7009 7595 7489 12085
5 2600 7522 1215 12086
5 4275 7824 7389 12087
5 7403 7692 4309 12088
5 2276 7765 3275 12089
5 2459 7640 4316 12090
5 3270 7770 6883 12091
5 7333 7470 3587 12092
5 6718 7471 3625 12093
5 7536 7806 4362 12094
5 7046 7909 6423 12095
5 4744 5556 4561 12096
5 7485 7887 4842 12097
5 6788 7601 7147 12098
5 3050 7541 2640 12099
5 2812 6827 3401 12100
5 4592 7956 5618 12101
5 1099 7634 1096 12102
5 1121 7641 1118 12103
5 1831 7119 1324 12104
5 2627 7646 2647 12105
5 2669 7661 7372 12106
5 2733 7439 4062 12107
5 6555 7839 3251 12108
5 4844 7324 3573 12109
5 7564 7714 4361 12110
5 4846 7737 6782 12111
5 3500 7554 2477 12112
5 4778 7842 7347 12113
5 1691 7295 1687 12114
5 2040 7280 2043 12115
5 6893 7538 2554 12116
5 2647 7595 2628 12117
5 7534 7712 2869 12118
5 6563 7827 4036 12119
5 4901 7863 4897 12120
5 7086 7737 3635 12121
5 4409 7915 7875 12122
5 1974 7794 1751 12123
5 7676 7853 7246 12124
5 2113 7420 1944 12125
5 1037 7722 1282 12126
5 2249 7403 2861 12127
5 2895 7594 4448 12128
5 4180 7452 4179 12129
5 7117 7694 4360 12130
5 7958 8047 2348 12131
5 6441 7892 4375 12132
5 1847 7351 1810 12133
5 1864 7662 1863 12134
5 3196 7701 7592 12135
5 4352 7786 4853 12136
5 1090 7862 1093 12137
5 4079 6934 2508 12138
5 4059 7361 2862 12139
5 7210 7211 7061 12140
5 3508 7409 4764 12141
5 2352 7791 1283 12142
5 2471 6725 4076 12143
5 3639 4863 4379 12144
5 6466 6471 6467 12145
5 7395 7575 7204 12146
5 7060 7319 1060 12147
5 7284 7786 1280 12148
5 7777 7873 4059 12149
5 4478 7902 7836 12150
5 4941 8070 8066 12151
5 7496 7497 7307 12152
5 2549 7340 2552 12153
5 3167 7590 4284 12154
5 4050 6837 6531 12155
5 7191 7514 4796 12156
5 6700 7977 7916 12157
5 1545 7735 1535 12158
5 1229 6820 1223 12159
5 1535 7735 1523 12160
5 2018 7292 1560 12161
5 1586 7383 1621 12162
5 2106 7279 7278 12163
5 1301 7503 1302 12164
5 2629 7532 2625 12165
5 6444 7707 4039 12166
5 6581 7789 4384 12167
5 4881 8026 7997 12168
5 1018 6858 1020 12169
5 4836 7596 2774 12170
5 2875 7638 7288 12171
5 6735 7653 3200 12172
5 3229 7116 4360 12173
5 4359 7246 3230 12174
5 4340 7748 7483 12175
5 4365 7727 7251 12176
5 2176 7628 6331 12177
5 6288 6928 3950 12178
5 7141 7558 7427 12179
5 6820 7586 2600 12180
5 4182 7517 6516 12181
5 6449 8008 7960 12182
5 7348 7729 6692 12183
5 6699 8058 8053 12184
5 7223 8032 2481 12185
5 2507 7457 6974 12186
5 6653 7738 7020 12187
5 1376 7061 1787 12188
5 1625 7744 1392 12189
5 1627 7644 1826 12190
5 2062 7782 2310 12191
5 2313 7740 2135 12192
5 2467 7597 7053 12193
5 4871 8017 7946 12194
5 3018 7429 3703 12195
5 7712 7849 3235 12196
5 4306 7661 7636 12197
5 7700 7787 4848 12198
5 1828 7525 1987 12199
5 6854 7725 7231 12200
5 1781 7074 1783 12201
5 1947 7662 1864 12202
5 3597 7483 3583 12203
5 7955 7980 6375 12204
5 6621 7617 6455 12205
5 7215 7668 1034 12206
5 1073 6863 1075 12207
5 1622 7395 7394 12208
5 7380 7781 4231 12209
5 4240 7615 7215 12210
5 6625 7816 4818 12211
5 4875 7994 4878 12212
5 1722 6922 1356 12213
5 4408 7474 4302 12214
5 2952 7511 3435 12215
5 2961 7681 3430 12216
5 6671 7687 3384 12217
5 5667 7718 3723 12218
5 1169 7579 1298 12219
5 2561 7674 2564 12220
5 7146 7974 4872 12221
5 2631 7784 7530 12222
5 7548 7871 6895 12223
5 7120 7818 3234 12224
5 4359 7676 7246 12225
5 4853 7786 7284 12226
5 7371 7379 7070 12227
5 7615 7668 7215 12228
5 1144 7396 992 12229
5 1166 7837 1150 12230
5 1282 7722 2468 12231
5 1394 7717 1396 12232
5 1523 7852 1518 12233
5 1589 7751 7217 12234
5 7665 7815 1603 12235
5 1953 7401 1793 12236
5 2167 7765 2276 12237
5 2401 7772 2402 12238
5 4776 7726 3593 12239
5 3624 7835 7408 12240
5 4853 7487 4234 12241
5 4246 7367 7366 12242
5 4309 7692 4393 12243
5 4857 7788 7638 12244
5 6595 7519 6392 12245
5 6392 7667 7497 12246
5 2303 7416 2032 12247
5 3958 7654 3038 12248
5 6292 8029 4052 12249
5 4234 7487 4232 12250
5 4402 7767 4400 12251
5 6317 7608 7171 12252
5 6906 7664 6905 12253
5 1078 7388 1080 12254
5 1270 7800 2505 12255
5 4303 7861 7438 12256
5 6323 7670 4753 12257
5 7451 7592 4822 12258
5 2117 6513 2205 12259
5 3057 7637 3055 12260
5 7638 7788 4230 12261
5 2693 7363 4848 12262
5 6516 7231 4183 12263
5 7655 7689 4363 12264
5 7355 7438 2984 12265
5 4406 7745 3380 12266
5 5196 7754 3688 12267
5 4388 7775 4390 12268
5 7842 8046 6334 12269
5 7555 7796 6979 12270
5 1773 7073 1775 12271
5 1784 7400 1782 12272
5 2021 7114 1961 12273
5 4031 6544 2817 12274
5 4055 7625 7232 12275
5 4786 7695 4787 12276
5 7885 7892 6441 12277
5 6836 7532 7435 12278
5 4323 7534 1943 12279
5 2085 6826 4296 12280
5 2205 6513 2456 12281
5 2769 7340 2547 12282
5 2615 7306 2613 12283
5 7530 7784 4340 12284
5 979 7890 981 12285
5 2069 7356 2070 12286
5 4064 7843 3576 12287
5 4349 7668 7615 12288
5 6732 7776 7649 12289
5 7342 7636 7237 12290
5 2133 6474 1309 12291
5 7669 7768 1971 12292
5 3298 8033 8011 12293
5 8025 8039 6654 12294
5 1070 7175 1072 12295
5 3235 7686 3236 12296
5 4402 7795 7767 12297
5 4837 7743 4838 12298
5 6759 7013 7012 12299
5 7251 7803 7250 12300
5 2957 7770 3270 12301
5 3428 7959 7830 12302
5 1687 7295 1685 12303
5 4745 7708 4070 12304
5 4417 7818 4324 12305
5 7714 7937 4361 12306
5 4814 7764 7117 12307
5 2086 6959 2088 12308
5 2386 7387 2305 12309
5 4343 7734 4341 12310
5 1705 7991 7953 12311
5 1911 7698 1909 12312
5 2310 7828 7156 12313
5 2380 7706 2336 12314
5 3607 7629 4242 12315
5 7332 7639 4364 12316
5 6557 7849 7738 12317
5 1243 7187 1232 12318
5 7649 7776 1873 12319
5 7110 7629 4192 12320
5 4863 7807 4379 12321
5 6832 7775 4388 12322
5 6423 7861 7046 12323
5 7688 7749 6831 12324
5 6919 7610 7577 12325
5 1845 7228 1730 12326
5 1730 7228 1732 12327
5 1845 7229 7228 12328
5 3188 7749 7688 12329
5 3604 7451 4822 12330
5 3090 7376 1675 12331
5 7830 7971 3428 12332
5 4037 7707 6701 12333
5 4362 7806 6617 12334
5 7601 7715 4371 12335
5 7614 7768 4863 12336
5 4892 7540 4890 12337
5 6639 7923 7222 12338
5 1998 7873 7516 12339
5 2623 7490 7272 12340
5 4386 7798 6832 12341
5 7933 8003 4427 12342
5 4867 7965 7948 12343
5 1292 7061 1376 12344
5 3256 7921 7714 12345
5 3491 7571 7570 12346
5 4035 7510 3981 12347
5 4400 7786 4352 12348
5 3981 7510 2794 12349
5 7930 7962 6649 12350
5 3435 7651 6845 12351
5 2043 7630 2044 12352
5 7818 7846 3234 12353
5 6866 7896 2586 12354
5 7489 7595 2647 12355
5 4324 7493 2994 12356
5 1105 7331 1102 12357
5 3625 7471 4045 12358
5 4322 7680 4412 12359
5 6979 7796 6978 12360
5 1847 7431 7351 12361
5 2003 7457 2001 12362
5 2150 7778 2363 12363
5 7059 7824 2506 12364
5 4340 7483 3597 12365
5 4231 7781 7110 12366
5 4874 7920 7887 12367
5 6367 7978 4898 12368
5 6858 7769 4240 12369
5 7020 7712 4323 12370
5 7699 7719 4393 12371
5 7394 7787 6528 12372
5 3236 7686 3239 12373
5 1262 7459 1261 12374
5 2082 7703 2150 12375
5 2291 7500 2292 12376
5 2480 7876 7502 12377
5 6744 7761 4089 12378
5 6466 7713 6472 12379
5 2105 7682 2106 12380
5 4736 7969 6320 12381
5 7037 7788 4857 12382
5 7934 7968 6440 12383
5 4841 7605 7604 12384
5 2284 7441 2283 12385
5 2998 7465 2748 12386
5 3061 7637 3057 12387
5 4232 7559 4192 12388
5 6344 7814 4411 12389
5 6607 7812 6610 12390
5 6817 6819 6813 12391
5 2336 7706 2705 12392
5 6688 7835 3624 12393
5 4609 7745 4406 12394
5 2377 7673 2466 12395
5 6813 6819 2899 12396
5 3995 7774 3993 12397
5 2564 7674 6717 12398
5 4841 7604 4294 12399
5 7674 7859 6717 12400
5 3208 7705 7435 12401
5 3723 7718 3399 12402
5 2774 7596 2332 12403
5 3584 7748 7599 12404
5 7412 7896 4407 12405
5 4846 7691 7411 12406
5 1132 7468 1131 12407
5 2592 7747 6507 12408
5 4851 7792 4694 12409
5 7738 7849 7020 12410
5 1378 7823 1740 12411
5 7694 7764 2312 12412
5 4294 7604 4785 12413
5 7599 7748 7600 12414
5 1179 7529 2503 12415
5 1292 7210 7061 12416
5 7465 7540 2749 12417
5 3380 7745 6975 12418
5 7323 7725 3228 12419
5 4852 7368 4392 12420
5 5628 7675 5626 12421
5 3169 7590 3167 12422
5 4341 7734 6567 12423
5 1289 7369 1287 12424
5 4870 7810 6579 12425
5 7361 7873 1998 12426
5 1375 7369 1289 12427
5 2670 7801 1441 12428
5 1967 7807 7669 12429
5 4848 7787 4849 12430
5 7327 7795 6857 12431
5 1212 7209 1211 12432
5 7448 7605 4841 12433
5 4878 7994 7984 12434
5 6906 7854 7664 12435
5 4323 7712 7534 12436
5 4431 7904 6830 12437
5 4884 8014 7942 12438
5 7887 7920 1093 12439
5 2955 7770 2957 12440
5 4842 7915 4409 12441
5 4409 7875 6718 12442
5 7884 7987 6462 12443
5 7509 7742 6536 12444
5 4059 7873 7361 12445
5 1302 7503 4357 12446
5 1591 7751 1589 12447
5 7281 7630 2043 12448
5 3525 7950 7097 12449
5 3651 7983 7957 12450
5 4302 7474 6585 12451
5 6495 7928 6944 12452
5 6569 6862 6568 12453
5 7727 7853 7251 12454
5 7767 7795 7327 12455
5 7861 7899 7438 12456
5 2707 7634 1099 12457
5 1100 7331 2706 12458
5 1110 7903 1126 12459
5 2607 7641 1121 12460
5 1131 7468 2712 12461
5 1268 7253 1164 12462
5 1349 8009 1347 12463
5 1625 7792 7744 12464
5 1710 7697 6983 12465
5 1736 7648 6687 12466
5 1789 7563 2986 12467
5 1873 7776 1871 12468
5 2508 6934 2000 12469
5 2001 7457 2507 12470
5 2270 7895 6766 12471
5 2412 7535 2804 12472
5 2507 6974 2509 12473
5 2660 7762 2863 12474
5 3087 7597 2833 12475
5 4748 7637 3061 12476
5 4410 7906 3614 12477
5 4042 7739 6695 12478
5 6603 7861 4303 12479
5 4411 7814 7023 12480
5 4417 7846 7818 12481
5 4863 7768 7669 12482
5 7250 7803 4864 12483
5 1126 7909 7046 12484
5 1155 7779 1145 12485
5 7027 7729 1480 12486
5 2024 7755 1623 12487
5 1840 7133 2720 12488
5 1993 7317 1956 12489
5 2312 7782 2062 12490
5 2099 7677 3963 12491
5 2268 7360 4171 12492
5 2501 7780 6852 12493
5 3038 7691 4846 12494
5 3388 7930 3238 12495
5 3491 7570 3332 12496
5 4407 7771 4003 12497
5 7379 7815 4246 12498
5 4363 7689 7063 12499
5 6405 7704 4757 12500
5 6416 7867 7409 12501
5 6644 7621 7423 12502
5 7710 7859 7674 12503
5 7588 7844 1082 12504
5 3275 7535 2412 12505
5 2545 7845 7157 12506
5 7419 7903 2711 12507
5 7337 7975 3003 12508
5 3399 7718 3400 12509
5 6863 7756 4289 12510
5 5631 7675 5628 12511
5 3251 7839 7604 12512
5 1196 7728 1194 12513
5 7730 7731 2455 12514
5 2748 7465 2749 12515
5 7662 7964 6885 12516
5 7777 7884 7521 12517
5 7405 7895 2270 12518
5 6677 7832 7831 12519
5 4833 7758 3622 12520
5 4329 7633 4420 12521
5 1149 7808 2655 12522
5 4849 7787 7394 12523
5 7904 7941 2503 12524
5 3384 7687 3242 12525
5 4595 7753 3471 12526
5 7369 7656 1287 12527
5 5584 5679 5585 12528
5 1082 7844 1081 12529
5 1971 7768 7085 12530
5 6597 7713 4396 12531
5 4438 7972 2752 12532
5 3298 7779 1155 12533
5 2655 7808 7037 12534
5 2658 7802 7671 12535
5 3430 7681 6550 12536
5 6627 7828 6625 12537
5 3242 7687 3240 12538
5 7586 7587 2600 12539
5 2769 7811 7340 12540
5 6640 7749 3188 12541
5 6677 7831 3426 12542
5 7452 7587 4179 12543
5 7672 7688 4311 12544
5 1723 7677 1843 12545
5 7121 7955 6375 12546
5 2032 7416 2034 12547
5 6739 7711 7385 12548
5 7632 7858 7633 12549
5 1474 7898 1472 12550
5 3594 7770 2955 12551
5 7658 7926 4755 12552
5 7519 7667 6392 12553
5 7274 7490 2623 12554
5 7916 7977 5046 12555
5 7681 7831 6550 12556
5 1143 8021 6865 12557
5 7142 7837 1166 12558
5 2994 7493 2399 12559
5 4477 7859 6806 12560
5 4751 8043 4843 12561
5 7363 7700 4848 12562
5 6567 7734 7646 12563
5 1468 7952 1466 12564
5 6717 7836 2572 12565
5 7951 7977 2807 12566
5 7623 7624 7328 12567
5 1480 7729 7348 12568
5 3562 7720 2382 12569
5 2547 7340 2549 12570
5 7837 7846 7405 12571
5 6717 7859 7836 12572
5 3575 7847 2730 12573
5 6011 7675 5631 12574
5 7862 7887 1093 12575
5 2707 7905 7634 12576
5 8064 8069 6414 12577
5 2506 7866 7285 12578
5 2705 7822 7139 12579
5 6836 7435 7274 12580
5 1275 7611 1315 12581
5 4845 7431 3596 12582
5 4399 7840 7606 12583
5 4044 8013 4872 12584
5 974 975 973 12585
5 7504 7538 4297 12586
5 4060 7884 7777 12587
5 1947 7964 7662 12588
5 3276 7857 2413 12589
5 7480 7781 2673 12590
5 6593 7583 4925 12591
5 1343 7723 7647 12592
5 4779 7842 4778 12593
5 2017 7955 1430 12594
5 1582 7855 1566 12595
5 7156 7829 2595 12596
5 7633 7954 4420 12597
5 4889 7958 4891 12598
5 7533 7773 1279 12599
5 7336 7948 1691 12600
5 1974 7954 7858 12601
5 4822 7701 6802 12602
5 4882 8045 8027 12603
5 1145 7779 1139 12604
5 7634 7905 6763 12605
5 6886 7991 1863 12606
5 4433 7709 3980 12607
5 4404 7946 4209 12608
5 6642 7624 7623 12609
5 1163 1170 1162 12610
5 2764 7678 2953 12611
5 7818 7819 4324 12612
5 7560 7561 4844 12613
5 4878 7984 7983 12614
5 2833 7597 2467 12615
5 7836 7902 2572 12616
5 7916 7917 3682 12617
5 8027 8045 6326 12618
5 2407 6781 2203 12619
5 3980 7709 3982 12620
5 4702 7750 4051 12621
5 6500 7895 7405 12622
5 7120 7819 7818 12623
5 7142 7846 7837 12624
5 7636 7661 7237 12625
5 7247 7816 7782 12626
5 7709 7971 7830 12627
5 1141 7808 1149 12628
5 3216 7408 3218 12629
5 6464 8037 3542 12630
5 4192 7629 3607 12631
5 6725 7659 4076 12632
5 1432 7955 7121 12633
5 1542 7974 1536 12634
5 1811 7889 1942 12635
5 2673 7781 7380 12636
5 2717 7925 2991 12637
5 4290 7856 6351 12638
5 6353 7825 4783 12639
5 7782 7816 2310 12640
5 3163 7891 6995 12641
5 7604 7839 4785 12642
5 1863 7991 1820 12643
5 6519 7804 6487 12644
5 1181 7529 1179 12645
5 7509 7641 2607 12646
5 6610 7890 7721 12647
5 3624 7408 3216 12648
5 6699 8023 6698 12649
5 1280 7767 7327 12650
5 3476 7910 4675 12651
5 7747 7827 6507 12652
5 1490 7851 6866 12653
5 7654 7691 3038 12654
5 2763 7998 2543 12655
5 4316 7640 7050 12656
5 6455 7617 6456 12657
5 2340 7894 2129 12658
5 4373 7892 6803 12659
5 2572 7902 6637 12660
5 7136 7790 2927 12661
5 7228 7864 1732 12662
5 2203 6781 2416 12663
5 2703 7817 6828 12664
5 2544 7678 2764 12665
5 2173 7966 2348 12666
5 3333 7834 3043 12667
5 7744 7792 4851 12668
5 4171 7212 2266 12669
5 2719 7886 6940 12670
5 2720 7133 4193 12671
5 3622 7758 3623 12672
5 4098 7875 6864 12673
5 7671 7802 4397 12674
5 6848 7889 1811 12675
5 2413 7857 2290 12676
5 4008 7938 4007 12677
5 7409 7867 4764 12678
5 2909 7817 2703 12679
5 4056 7705 3208 12680
5 4344 7759 4346 12681
5 7585 7794 4862 12682
5 6445 7886 7375 12683
5 7502 7876 4075 12684
5 7554 7878 4356 12685
5 1192 7589 1190 12686
5 7686 7849 6557 12687
5 7405 7846 4417 12688
5 1764 7785 6616 12689
5 1973 7821 7335 12690
5 7351 7431 4845 12691
5 1102 7331 1100 12692
5 1978 7456 1977 12693
5 1705 7953 1698 12694
5 7367 7815 7665 12695
5 4495 7337 3004 12696
5 6054 7337 4495 12697
5 6852 7780 6853 12698
5 3406 7956 7943 12699
5 7251 7853 7772 12700
5 6830 7869 4387 12701
5 7285 7866 7032 12702
5 1215 7522 1213 12703
5 6616 7939 1833 12704
5 4431 7941 7904 12705
5 7385 7835 6688 12706
5 4929 7229 3207 12707
5 4405 7845 4425 12708
5 4929 7864 7228 12709
5 1788 7648 1736 12710
5 1190 7589 2710 12711
5 1194 7728 1233 12712
5 3237 7930 6646 12713
5 3510 7409 3508 12714
5 7960 8008 2420 12715
5 4387 7869 7798 12716
5 7772 7853 2402 12717
5 4056 7841 7705 12718
5 3043 7834 3087 12719
5 6547 7651 7511 12720
5 1241 7684 4175 12721
5 6423 7899 7861 12722
5 4842 7887 7862 12723
5 4755 7926 6838 12724
5 7812 7890 6610 12725
5 4791 7663 7466 12726
5 6422 7909 7419 12727
5 1137 6695 1134 12728
5 7207 7579 1169 12729
5 1345 7723 1343 12730
5 1843 7677 2099 12731
5 3558 7838 2229 12732
5 2727 7847 2235 12733
5 3082 8030 7799 12734
5 3310 7650 3665 12735
5 4012 7885 4010 12736
5 4060 7777 4059 12737
5 4075 7876 4212 12738
5 7639 7783 4364 12739
5 4396 7713 6466 12740
5 4397 7802 6995 12741
5 7521 7884 4408 12742
5 6763 7905 4410 12743
5 4828 7848 6606 12744
5 7445 7793 4850 12745
5 7669 7807 4863 12746
5 7117 7764 7694 12747
5 1352 7934 1349 12748
5 6981 7833 2024 12749
5 2083 8048 6823 12750
5 6397 7834 3333 12751
5 4722 7878 3500 12752
5 3650 7850 7622 12753
5 6390 7759 4344 12754
5 6755 7811 2769 12755
5 3427 7959 3428 12756
5 6847 8009 6440 12757
5 7423 7877 6644 12758
5 1094 7920 1097 12759
5 7227 7684 1241 12760
5 4763 7935 7022 12761
5 7222 7923 7529 12762
5 2235 7847 6621 12763
5 4430 7976 7924 12764
5 4855 7873 7777 12765
5 4407 7896 7851 12766
5 7157 7733 2588 12767
5 7947 7948 4201 12768
5 4818 7816 7247 12769
5 6720 7933 2545 12770
5 2959 8015 6434 12771
5 1089 7862 1090 12772
5 7447 7870 1744 12773
5 2229 7838 2227 12774
5 2863 7762 3613 12775
5 3623 7758 4591 12776
5 2084 7967 2083 12777
5 2356 7883 1238 12778
5 6522 7956 3406 12779
5 6399 7932 6330 12780
5 7685 8002 7326 12781
5 2273 7360 2268 12782
5 7228 7229 4929 12783
5 6494 7928 6495 12784
5 1236 7883 6917 12785
5 2554 7538 7504 12786
5 3500 7878 7554 12787
5 4246 7815 7367 12788
5 7755 7833 6874 12789
5 3979 7720 6404 12790
5 4412 7868 6344 12791
5 1680 7996 1679 12792
5 3234 7846 7142 12793
5 7900 7901 5165 12794
5 6627 7829 7828 12795
5 4356 7878 6282 12796
5 7592 7701 4822 12797
5 3664 7650 3310 12798
5 6146 7864 4929 12799
5 6507 7827 6570 12800
5 7632 7633 4327 12801
5 4764 7867 6808 12802
5 1093 7920 1094 12803
5 2711 7903 1112 12804
5 7735 7852 1523 12805
5 3632 7693 4097 12806
5 4403 7880 7682 12807
5 2590 7733 2818 12808
5 4105 7621 7128 12809
5 2986 7563 4791 12810
5 7617 7843 6456 12811
5 1315 7611 3209 12812
5 3428 7925 2825 12813
5 7423 7621 4105 12814
5 2466 7673 2814 12815
5 3594 7979 7770 12816
5 4016 7900 5165 12817
5 7680 7797 4412 12818
5 3238 7930 3237 12819
5 4394 7888 6496 12820
5 4871 7850 3650 12821
5 6990 7935 4763 12822
5 4060 7987 7884 12823
5 6720 8003 7933 12824
5 1240 8020 2356 12825
5 7511 7651 3435 12826
5 7388 7893 2864 12827
5 7011 7982 6994 12828
5 4327 7633 4329 12829
5 6440 7968 4762 12830
5 4007 7938 7796 12831
5 2402 7853 7676 12832
5 4212 7876 6408 12833
5 7938 7980 6978 12834
5 4042 6695 1137 12835
5 7828 7829 7156 12836
5 982 7890 979 12837
5 1513 7898 1474 12838
5 2545 7933 7845 12839
5 7389 7824 7059 12840
5 4064 7912 7843 12841
5 4872 8017 4871 12842
5 4516 8052 4443 12843
5 4879 8030 4876 12844
5 7961 7963 7962 12845
5 2784 8055 7978 12846
5 7810 8007 4761 12847
5 6830 7923 7869 12848
5 2584 7865 7048 12849
5 2588 7733 2590 12850
5 6559 7809 7447 12851
5 2705 7882 7822 12852
5 2309 7561 7560 12853
5 7328 7573 1123 12854
5 6700 7916 3682 12855
5 6883 7986 6884 12856
5 3613 7762 7614 12857
5 1540 7974 7146 12858
5 1758 7644 1627 12859
5 6921 7760 6922 12860
5 2784 7966 2333 12861
5 6803 7892 4012 12862
5 4361 7937 4880 12863
5 6918 7970 6618 12864
5 7796 7938 6978 12865
5 7368 7619 1224 12866
5 6950 7986 7979 12867
5 6518 7911 7910 12868
5 4862 7858 7632 12869
5 1766 7785 1764 12870
5 7682 7880 2106 12871
5 2231 7527 2233 12872
5 6541 7947 7433 12873
5 4289 7893 7388 12874
5 4882 7924 2970 12875
5 3438 7910 3476 12876
5 3296 8033 3298 12877
5 2106 7880 7279 12878
5 6487 7804 6968 12879
5 7529 7904 2503 12880
5 4413 7949 7941 12881
5 7995 8049 4854 12882
5 1974 7858 7794 12883
5 7016 8012 1496 12884
5 3641 7658 3617 12885
5 2266 7212 1626 12886
5 7953 7986 1752 12887
5 2419 7500 2294 12888
5 3235 7849 7686 12889
5 6384 7947 6541 12890
5 7863 7932 6399 12891
5 4427 8003 4440 12892
5 6823 8048 4873 12893
5 7068 8000 7593 12894
5 2864 7893 6619 12895
5 7862 7915 4842 12896
5 7875 7915 6864 12897
5 2024 7833 7755 12898
5 4204 7964 6633 12899
5 4883 8051 4438 12900
5 7825 8038 4783 12901
5 7516 7873 4855 12902
5 7985 8032 7223 12903
5 1123 7573 1120 12904
5 2233 7527 2726 12905
5 2382 7720 3979 12906
5 2598 7865 2584 12907
5 4860 7905 2707 12908
5 4366 7927 3226 12909
5 6495 7658 3641 12910
5 6470 7757 3973 12911
5 4067 7860 7152 12912
5 7264 7799 4200 12913
5 4209 7946 4207 12914
5 7822 7882 4404 12915
5 6924 7826 4414 12916
5 4870 8007 7810 12917
5 4871 7946 7850 12918
5 4891 7958 4895 12919
5 6501 7895 6500 12920
5 7644 7879 6924 12921
5 1213 7522 7322 12922
5 6978 7980 2017 12923
5 2888 8053 2891 12924
5 2981 7973 3049 12925
5 4430 8024 3300 12926
5 4422 7940 4874 12927
5 4444 8054 4854 12928
5 6646 7930 6649 12929
5 2730 7847 2727 12930
5 6556 7870 7809 12931
5 6498 7928 6494 12932
5 3231 7865 2598 12933
5 7850 7882 7622 12934
5 1089 7915 7862 12935
5 1496 8012 7290 12936
5 1238 7883 1236 12937
5 1703 7934 1352 12938
5 4419 7944 6510 12939
5 2503 7941 7138 12940
5 1112 7903 1110 12941
5 7941 7949 7138 12942
5 7138 7949 1260 12943
5 7758 7841 4591 12944
5 6186 7868 7797 12945
5 7809 7870 7447 12946
5 2363 7778 2791 12947
5 7974 8017 4872 12948
5 6864 7915 1089 12949
5 4398 7891 6694 12950
5 6884 7986 7953 12951
5 1679 7999 1676 12952
5 1833 7939 7826 12953
5 7433 7947 4201 12954
5 4873 8048 4325 12955
5 6774 7929 6775 12956
5 1752 7986 6950 12957
5 6997 7997 7993 12958
5 4874 7887 7485 12959
5 6633 7976 4430 12960
5 4436 8025 8008 12961
5 6995 7891 4398 12962
5 2500 7894 2340 12963
5 7449 7954 1974 12964
5 4881 7997 6997 12965
5 3529 8005 4752 12966
5 3614 7906 3612 12967
5 4480 7902 4478 12968
5 6359 8002 7685 12969
5 7242 8054 8028 12970
5 7922 7979 3594 12971
5 3542 8037 7308 12972
5 4201 7948 7336 12973
5 4859 7927 7711 12974
5 7931 7940 4422 12975
5 3658 7936 2738 12976
5 2290 7857 2288 12977
5 7626 8014 4884 12978
5 6440 8009 7934 12979
5 7851 7896 6866 12980
5 1278 8050 1032 12981
5 4423 7989 4868 12982
5 6848 8044 7889 12983
5 7097 7950 7098 12984
5 6709 7984 2739 12985
5 3316 7881 7469 12986
5 6806 7859 7710 12987
5 4445 8039 4436 12988
5 4758 7938 4008 12989
5 4852 7619 7368 12990
5 3406 7943 6572 12991
5 7946 8017 4207 12992
5 6699 8053 4437 12993
5 1256 8034 1247 12994
5 4414 7826 6269 12995
5 3226 7927 7813 12996
5 7438 7899 2984 12997
5 3541 8027 6326 12998
5 4404 7882 7850 12999
5 6510 7931 4422 13000
5 7912 7985 6456 13001
5 7703 7972 7778 13002
5 2807 7977 6700 13003
5 6543 8006 2670 13004
5 7140 7992 4052 13005
5 3973 7757 3538 13006
5 1430 7955 1432 13007
5 1526 7952 1468 13008
5 1698 7953 1752 13009
5 1760 7879 1758 13010
5 6279 7897 4723 13011
5 6491 7848 7730 13012
5 7024 8044 4888 13013
5 2294 7500 2291 13014
5 2825 7925 2717 13015
5 4413 7941 4431 13016
5 5044 7977 7951 13017
5 7709 7830 5182 13018
5 7794 7858 4862 13019
5 6817 7919 6819 13020
5 7845 7933 4425 13021
5 6376 7881 3316 13022
5 7529 7923 7904 13023
5 4467 7959 3427 13024
5 2286 7960 2420 13025
5 4290 8012 7856 13026
5 6382 8037 6543 13027
5 4450 7949 4413 13028
5 7942 8011 4884 13029
5 8011 8033 4883 13030
5 2791 7778 4429 13031
5 4025 8069 8064 13032
5 7797 7868 4412 13033
5 4419 7957 7944 13034
5 4868 8026 7350 13035
5 6456 7985 2243 13036
5 2752 7972 7703 13037
5 6819 7919 2926 13038
5 4887 8047 4889 13039
5 6518 7910 3438 13040
5 4436 8008 4434 13041
5 3082 7799 7264 13042
5 3658 8014 7936 13043
5 1691 7965 7295 13044
5 6997 7993 4418 13045
5 7810 7968 1703 13046
5 4433 7971 7709 13047
5 5044 7951 4480 13048
5 4781 8046 4779 13049
5 7995 8054 1225 13050
5 4905 8060 8056 13051
5 7730 7848 4828 13052
5 6434 8015 4441 13053
5 4440 8001 6434 13054
5 7942 8014 3658 13055
5 4723 7897 4722 13056
5 1222 7995 1225 13057
5 3513 7813 7140 13058
5 6475 7971 4433 13059
5 4758 7980 7938 13060
5 6922 7760 3632 13061
5 2347 8042 6623 13062
5 3651 7957 4419 13063
5 7276 7983 3651 13064
5 4434 8008 6449 13065
5 4878 7983 7276 13066
5 7826 7939 6269 13067
5 3109 7872 4196 13068
5 3226 7813 3513 13069
5 4885 7989 4423 13070
5 4467 8004 7959 13071
5 4882 8027 8024 13072
5 6495 7926 7658 13073
5 7159 7969 7158 13074
5 4675 7914 7913 13075
5 7711 7927 4366 13076
5 1684 7996 1680 13077
5 1536 7974 1540 13078
5 2376 8066 7673 13079
5 4035 8055 7510 13080
5 8018 8019 4595 13081
5 4425 7933 4427 13082
5 7902 7951 6637 13083
5 4354 7922 6778 13084
5 7350 8026 4881 13085
5 7889 8044 7024 13086
5 7904 7923 6830 13087
5 4415 7937 7921 13088
5 6911 7970 6918 13089
5 3627 8000 7990 13090
5 6643 7877 6991 13091
5 5046 7977 5044 13092
5 6372 8006 6464 13093
5 2088 8023 7967 13094
5 7364 7994 1143 13095
5 6622 7987 4060 13096
5 6430 8036 4035 13097
5 7209 8056 6515 13098
5 3110 7872 3109 13099
5 3530 8045 4882 13100
5 4052 8029 7140 13101
5 7687 7961 3388 13102
5 7950 7982 7011 13103
5 7997 8026 1684 13104
5 4880 7937 7936 13105
5 7936 8014 4880 13106
5 7857 7960 2288 13107
5 5182 7830 5191 13108
5 6510 7944 7931 13109
5 3632 7760 7693 13110
5 6434 8001 7998 13111
5 6917 8068 7325 13112
5 4415 7921 4416 13113
5 4898 7978 4903 13114
5 7402 7976 1947 13115
5 2333 7966 2173 13116
5 3627 7990 3628 13117
5 4196 7988 6358 13118
5 6950 7922 4354 13119
5 4418 7965 4867 13120
5 4420 8010 4444 13121
5 6671 7961 7687 13122
5 3525 7982 7950 13123
5 7920 7940 1097 13124
5 6644 7877 6643 13125
5 4480 7951 7902 13126
5 4854 8054 7995 13127
5 2738 7936 4415 13128
5 1676 7999 1678 13129
5 1820 7991 1705 13130
5 7242 8028 7574 13131
5 2088 7967 2084 13132
5 7606 7942 3658 13133
5 4066 7912 4064 13134
5 7799 7908 4200 13135
5 7295 7993 6984 13136
5 7550 8038 2594 13137
5 6375 7980 4758 13138
5 7959 8004 5191 13139
5 6334 8046 4751 13140
5 3545 7973 2981 13141
5 4876 8021 4875 13142
5 4884 8011 4883 13143
5 6911 8041 7970 13144
5 7970 8041 6477 13145
5 7993 7997 6984 13146
5 7593 8000 3627 13147
5 5196 7874 7754 13148
5 7961 7962 3388 13149
5 2739 7984 7364 13150
5 7158 7969 4736 13151
5 5584 5585 5583 13152
5 5582 5586 5584 13153
5 1758 7879 7644 13154
5 6698 8023 2088 13155
5 6683 8001 2576 13156
5 2594 8038 7825 13157
5 4446 8058 6697 13158
5 4440 8003 8001 13159
5 2670 8006 7801 13160
5 8052 8057 2481 13161
5 7924 8024 4430 13162
5 7840 8011 7942 13163
5 7998 8001 6683 13164
5 2576 8003 6720 13165
5 2288 7960 2286 13166
5 4432 7985 7912 13167
5 7984 7994 7364 13168
5 6427 8004 4467 13169
5 2136 7995 1222 13170
5 4874 7940 7920 13171
5 7754 7874 6815 13172
5 2481 8057 2318 13173
5 4732 8005 3529 13174
5 4432 7912 4066 13175
5 6407 7918 4840 13176
5 7441 8025 6654 13177
5 6984 7997 1684 13178
5 2543 7998 6683 13179
5 4439 8013 4044 13180
5 6054 7975 7337 13181
5 7830 7959 5191 13182
5 8010 8028 4444 13183
5 7326 8002 3600 13184
5 4062 7860 4067 13185
5 4732 8031 8005 13186
5 4052 7992 3511 13187
5 3257 8028 8010 13188
5 4882 8024 7924 13189
5 4441 8015 4608 13190
5 7934 8009 1349 13191
5 3300 8024 3302 13192
5 7989 7999 1679 13193
5 4207 8017 1542 13194
5 7290 8012 4290 13195
5 7954 8010 4420 13196
5 4869 8007 4870 13197
5 7778 7972 4429 13198
5 7439 7860 4062 13199
5 6865 8030 3082 13200
5 3372 8073 3371 13201
5 3491 8067 7571 13202
5 7840 7942 7606 13203
5 7140 8029 4726 13204
5 3304 8051 8033 13205
5 7801 8006 6372 13206
5 3511 7992 3512 13207
5 8001 8003 2576 13208
5 4907 8051 3304 13209
5 3302 8027 3541 13210
5 8008 8025 2420 13211
5 3473 8018 4595 13212
5 7936 7937 4415 13213
5 3257 8010 7449 13214
5 8018 8039 4445 13215
5 4880 8014 7626 13216
5 3305 7981 4907 13217
5 8024 8027 3302 13218
5 7965 7993 7295 13219
5 7996 8026 4868 13220
5 4437 8053 3265 13221
5 1245 8020 1240 13222
5 6950 7979 7922 13223
5 6454 8049 4904 13224
5 4432 8032 7985 13225
5 4443 8032 4432 13226
5 6623 8044 6848 13227
5 2420 8025 7441 13228
5 4367 8040 1278 13229
5 3304 8033 3296 13230
5 6394 8031 4732 13231
5 7308 8037 6382 13232
5 1152 1163 1162 13233
5 4418 7993 7965 13234
5 4943 8070 4941 13235
5 7449 8010 7954 13236
5 2450 6301 1152 13237
5 6514 8022 7509 13238
5 4885 7999 7989 13239
5 7919 8035 7152 13240
5 3949 6303 972 13241
5 4888 8042 4887 13242
5 4903 8036 5000 13243
5 4843 8038 7550 13244
5 8049 8060 4904 13245
5 4675 7913 4674 13246
5 1609 8041 6911 13247
5 972 974 973 13248
5 3298 8011 7840 13249
5 1162 3034 1151 13250
5 7509 8022 7742 13251
5 4726 8029 6290 13252
5 7574 8028 3257 13253
5 4906 8068 7159 13254
5 4674 7913 6136 13255
5 4742 8045 3530 13256
5 4875 8021 7994 13257
5 6654 8039 3473 13258
5 4438 8061 7972 13259
5 4325 8048 6521 13260
5 6632 8077 3962 13261
5 4840 7981 3305 13262
5 2348 8047 2347 13263
5 4783 8043 4781 13264
5 7994 8021 1143 13265
5 8062 8063 4557 13266
5 3962 8077 7365 13267
5 1818 8078 6810 13268
5 1785 8078 1818 13269
5 2318 8057 2376 13270
5 1247 8034 1245 13271
5 4904 8060 4905 13272
5 6414 8062 4557 13273
5 4751 8046 8043 13274
5 4442 8064 6414 13275
5 3473 8039 8018 13276
5 1245 8034 8020 13277
5 1225 8054 7242 13278
5 1684 8026 7996 13279
5 6697 8058 6699 13280
5 4496 8073 7528 13281
5 7528 8073 5997 13282
5 6435 8071 8064 13283
5 2136 8060 8049 13284
5 6435 8064 4442 13285
5 4940 8052 4516 13286
5 3916 8069 3655 13287
5 6340 8072 6309 13288
5 3265 8053 2888 13289
5 6576 8075 8067 13290
5 3092 8056 7209 13291
5 4940 8057 8052 13292
5 7981 8074 4907 13293
5 6515 8060 2136 13294
5 6817 8035 7919 13295
5 3655 8069 4025 13296
5 6576 8067 3491 13297
5 2136 8049 7995 13298
5 8036 8055 4035 13299
5 8067 8075 4948 13300
5 8042 8047 4887 13301
5 2347 8047 8042 13302
5 7325 8065 3092 13303
5 8043 8046 4781 13304
5 7972 8061 4429 13305
5 4941 8066 4940 13306
5 4907 8074 8061 13307
5 4948 8075 4943 13308
5 4903 8055 8036 13309
5 8040 8050 1278 13310
5 4907 8061 8051 13311
5 3092 8065 8056 13312
5 7978 8055 4903 13313
5 6054 8059 7975 13314
5 4943 8075 8070 13315
5 3371 8073 4496 13316
5 7894 8072 6340 13317
5 2891 8071 6435 13318
5 8065 8068 4906 13319
5 4446 8071 8058 13320
5 7673 8070 2814 13321
5 8051 8061 4438 13322
5 8061 8074 4429 13323
5 4429 8074 2793 13324
5 8062 8069 3916 13325
5 2500 8072 7894 13326
5 2814 8075 6576 13327
5 8057 8066 2376 13328
5 4940 8066 8057 13329
5 6414 8069 8062 13330
5 7325 8068 8065 13331
5 8070 8075 2814 13332
5 7365 8077 6316 13333
5 2155 8078 1785 13334
5 8058 8071 2891 13335
5 5582 5584 5583 13336
5 8036 8076 5000 13337
5 6430 8076 8036 13338
5 969 2450 1152 13339
5 970 3949 972 13340
5 972 973 971 13341
5 1152 1162 1151 13342
5 5582 5583 5581 13343
5 969 1152 1151 13344
5 970 972 971 13345
5 5579 5976 5975 13346
5 5580 5582 5581 13347
5 969 1151 967 13348
5 968 6299 969 13349
5 970 971 968 13350
5 6284 8086 4721 13351
5 5579 5975 5580 13352
5 5580 5581 5578 13353
5 2757 8103 8102 13354
5 968 969 967 13355
5 966 970 968 13356
5 5579 5580 5578 13357
5 8086 8092 2475 13358
5 6957 8079 6291 13359
5 967 6294 965 13360
5 966 968 967 13361
5 6298 8081 6296 13362
5 4447 8080 4910 13363
5 7897 8082 4722 13364
5 6282 8082 6596 13365
5 7878 8082 6282 13366
5 1174 8083 1265 13367
5 6512 8084 4033 13368
5 4450 8085 7949 13369
5 8089 8090 7650 13370
5 6296 8081 6302 13371
5 7008 8086 2475 13372
5 4721 8086 4845 13373
5 3664 8087 7650 13374
5 7650 8090 3665 13375
5 8083 8085 4910 13376
5 1265 8083 8080 13377
5 3657 8089 4450 13378
5 8093 8098 2016 13379
5 8080 8083 4910 13380
5 4450 8087 8085 13381
5 7627 8091 4449 13382
5 8102 8103 4454 13383
5 4522 5579 5578 13384
5 5695 6276 4521 13385
5 6284 8092 8086 13386
5 7594 8092 4448 13387
5 4722 8082 7878 13388
5 1260 8083 1174 13389
5 8091 8098 7040 13390
5 1260 8085 8083 13391
5 1359 8093 2016 13392
5 4078 8093 1300 13393
5 4455 8101 4454 13394
5 4033 8084 6015 13395
5 7949 8085 1260 13396
5 2498 8094 7129 13397
5 8101 8102 4454 13398
5 4845 8086 7008 13399
5 4910 8087 3664 13400
5 964 6286 966 13401
5 966 967 965 13402
5 2813 8107 8106 13403
5 8085 8087 4910 13404
5 4449 8088 3514 13405
5 4451 8089 3657 13406
5 8095 8104 2324 13407
5 4451 8090 8089 13408
5 7125 8090 4451 13409
5 2758 8095 2325 13410
5 4448 8096 3515 13411
5 2016 8091 7627 13412
5 6287 8098 8093 13413
5 2475 8092 7594 13414
5 4909 8098 6287 13415
5 7305 8100 4455 13416
5 1300 8093 1359 13417
5 2757 8102 6689 13418
5 7129 8094 4078 13419
5 4449 8096 8088 13420
5 4453 8105 4912 13421
5 4911 8097 6776 13422
5 8088 8096 4448 13423
5 2813 8106 2418 13424
5 3945 6042 4704 13425
5 6662 8108 6664 13426
5 4911 8104 8095 13427
5 3317 8100 6260 13428
5 8097 8105 6437 13429
5 6776 8097 6437 13430
5 8100 8101 4455 13431
5 4454 8103 4452 13432
5 2324 8104 7420 13433
5 2325 8095 2324 13434
5 3515 8096 7040 13435
5 2758 8105 8097 13436
5 2758 8097 8095 13437
5 2897 8099 7305 13438
5 5577 5695 4521 13439
5 4522 5578 5577 13440
5 8106 8107 4912 13441
5 8105 8106 4912 13442
5 3400 8107 2813 13443
5 3400 8108 8107 13444
5 7230 8101 3317 13445
5 7230 8102 8101 13446
5 8109 8110 6664 13447
5 8095 8097 4911 13448
5 8108 8109 6664 13449
5 6689 8102 7230 13450
5 7420 8103 2757 13451
5 4452 8104 4911 13452
5 2016 8098 8091 13453
5 6260 8100 8099 13454
5 6437 8105 4453 13455
5 3317 8101 8100 13456
5 2418 8106 2758 13457
5 4912 8107 6667 13458
5 964 966 965 13459
5 8107 8108 6667 13460
5 6667 8108 6662 13461
5 7718 8109 3400 13462
5 8103 8104 4452 13463
5 7420 8104 8103 13464
5 8099 8100 7305 13465
5 2758 8106 8105 13466
5 3400 8109 8108 13467
5 6086 6271 3944 13468
5 3945 4704 3948 13469
5 4522 5577 4521 13470
5 962 2447 964 13471
5 964 965 963 13472
5 5569 6030 5942 13473
5 5942 6119 5570 13474
5 3947 6086 3944 13475
5 3945 3948 3479 13476
5 3466 6105 3029 13477
5 6267 8111 3949 13478
5 4511 4522 4521 13479
5 963 2127 961 13480
5 962 964 963 13481
5 6113 6115 6114 13482
5 5569 5942 5570 13483
5 3027 3466 3029 13484
5 3944 3945 3479 13485
5 3478 3947 3944 13486
5 4511 4521 4510 13487
5 6303 8111 6386 13488
5 962 963 961 13489
5 6113 6114 4658 13490
5 5569 5570 4657 13491
5 6268 8111 6267 13492
5 3949 8111 6303 13493
5 4457 8113 6270 13494
5 8111 8112 6386 13495
5 4372 8112 6989 13496
5 3027 3029 3028 13497
5 3478 3944 3479 13498
5 6268 8112 8111 13499
5 6989 8114 2989 13500
5 4987 6256 4509 13501
5 4509 4511 4510 13502
5 2989 8113 6741 13503
5 4077 8113 4457 13504
5 6386 8112 4372 13505
5 960 962 961 13506
5 1153 6257 960 13507
5 5568 5569 4657 13508
5 4656 6250 5937 13509
5 5937 6113 4658 13510
5 6741 8113 4077 13511
5 5358 5790 5789 13512
5 3761 3933 3762 13513
5 8112 8114 6989 13514
5 4922 6076 5690 13515
5 6270 8114 6268 13516
5 6121 6124 6123 13517
5 3027 3028 3025 13518
5 3478 3479 3026 13519
5 3026 6259 3027 13520
5 6268 8114 8112 13521
5 4509 4510 4508 13522
5 3747 4987 4509 13523
5 958 1153 960 13524
5 960 961 959 13525
5 4656 5937 4658 13526
5 3678 5568 4657 13527
5 1153 8115 6257 13528
5 5453 5457 5452 13529
5 5275 8668 5260 13530
5 5358 5789 5354 13531
5 3761 3762 2370 13532
5 4922 5690 5016 13533
5 4153 6095 4920 13534
5 6121 6123 6120 13535
5 4151 6122 6121 13536
5 4920 6210 4152 13537
5 6167 8116 6169 13538
5 3024 3478 3026 13539
5 3026 3027 3025 13540
5 6171 8116 6167 13541
5 1595 8117 1546 13542
5 1545 8117 7708 13543
5 4508 6205 3746 13544
5 3747 4509 4508 13545
5 6213 6246 6216 13546
5 7499 8118 3554 13547
5 4358 8118 4742 13548
5 958 960 959 13549
5 4656 4658 3447 13550
5 3678 4657 4656 13551
5 1377 8119 3232 13552
5 1975 8119 1739 13553
5 1546 8117 1545 13554
5 5981 5982 5325 13555
5 5352 5358 5354 13556
5 5257 5275 5260 13557
5 5449 5453 5452 13558
5 943 3761 2370 13559
5 8590 8591 5451 13560
5 4742 8118 7499 13561
5 4923 5958 4921 13562
5 4922 5016 3675 13563
5 4153 4920 4152 13564
5 5026 6198 4150 13565
5 4151 6121 6120 13566
5 3022 6223 6221 13567
5 3024 3026 3025 13568
5 1739 8119 1377 13569
5 2793 8121 2792 13570
5 3747 4508 3746 13571
5 8236 8237 8235 13572
5 8246 8248 8247 13573
5 8281 8410 8409 13574
5 8201 8204 8203 13575
5 6213 6216 6215 13576
5 3492 6249 4714 13577
5 2890 3930 3475 13578
5 958 959 957 13579
5 3678 4656 3447 13580
5 2792 8121 2949 13581
5 5980 5981 5325 13582
5 7708 8147 4070 13583
5 5258 5259 5256 13584
5 5224 6106 5222 13585
5 5360 5900 5542 13586
5 5257 5260 5258 13587
5 943 2370 944 13588
5 944 945 942 13589
5 5449 5452 5450 13590
5 5223 5225 5224 13591
5 5352 5354 5353 13592
5 5364 5366 5365 13593
5 5478 5480 5475 13594
5 5890 8749 5411 13595
5 5477 5479 5478 13596
5 5418 5421 5420 13597
5 8589 8590 5451 13598
5 2939 9452 5037 13599
5 2278 8148 1959 13600
5 1957 8148 6891 13601
5 3674 4923 4921 13602
5 4921 4922 3675 13603
5 4139 4153 4152 13604
5 4151 6120 4138 13605
5 4152 5026 4150 13606
5 2495 8149 1980 13607
5 1970 8149 1969 13608
5 4070 8150 3537 13609
5 3024 3025 3023 13610
5 3022 6221 3024 13611
5 6274 8147 6275 13612
5 3059 6249 3492 13613
5 6275 8147 8117 13614
5 5866 9664 8803 13615
5 2306 6300 2438 13616
5 3728 5194 2902 13617
5 3746 3891 3344 13618
5 2937 3747 3746 13619
5 551 8131 550 13620
5 549 8142 548 13621
5 534 8128 533 13622
5 485 8136 484 13623
5 490 8127 489 13624
5 530 8134 529 13625
5 511 8125 510 13626
5 513 8137 512 13627
5 542 8123 541 13628
5 483 8140 482 13629
5 489 8144 488 13630
5 543 853 542 13631
5 545 748 544 13632
5 547 854 546 13633
5 550 718 549 13634
5 559 807 558 13635
5 562 837 561 13636
5 633 855 634 13637
5 635 749 636 13638
5 637 856 638 13639
5 640 719 641 13640
5 649 806 650 13641
5 652 836 653 13642
5 546 8141 545 13643
5 558 8122 557 13644
5 560 8124 559 13645
5 518 852 517 13646
5 607 720 608 13647
5 515 8129 514 13648
5 602 753 603 13649
5 614 864 615 13650
5 527 861 526 13651
5 539 850 538 13652
5 610 863 611 13653
5 627 770 628 13654
5 553 8130 552 13655
5 555 755 554 13656
5 557 848 556 13657
5 645 754 646 13658
5 647 849 648 13659
5 541 762 540 13660
5 631 763 632 13661
5 598 765 599 13662
5 497 809 496 13663
5 587 774 588 13664
5 503 839 502 13665
5 575 805 576 13666
5 491 865 490 13667
5 579 750 580 13668
5 488 743 487 13669
5 479 935 478 13670
5 484 810 483 13671
5 572 834 573 13672
5 481 840 480 13673
5 494 8143 493 13674
5 500 835 499 13675
5 568 938 569 13676
5 570 875 571 13677
5 486 867 485 13678
5 577 868 578 13679
5 581 869 582 13680
5 493 760 492 13681
5 583 764 584 13682
5 589 866 590 13683
5 594 775 595 13684
5 495 870 494 13685
5 501 8132 500 13686
5 506 841 505 13687
5 514 874 513 13688
5 516 768 515 13689
5 523 857 522 13690
5 525 759 524 13691
5 528 8138 527 13692
5 529 766 528 13693
5 531 858 530 13694
5 533 771 532 13695
5 535 859 534 13696
5 585 876 586 13697
5 591 827 592 13698
5 596 871 597 13699
5 600 872 601 13700
5 616 761 617 13701
5 618 873 619 13702
5 620 767 621 13703
5 623 826 624 13704
5 625 860 626 13705
5 509 838 508 13706
5 512 811 511 13707
5 520 737 519 13708
5 532 8135 531 13709
5 537 769 536 13710
5 605 862 606 13711
5 612 747 613 13712
5 629 851 630 13713
5 496 8126 495 13714
5 502 8133 501 13715
5 544 8139 543 13716
5 552 846 551 13717
5 642 847 643 13718
5 556 8145 555 13719
5 8276 8278 8277 13720
5 8201 8203 8202 13721
5 8281 8409 8280 13722
5 8206 8344 8207 13723
5 8209 8215 8210 13724
5 8246 8247 8245 13725
5 8311 8485 8310 13726
5 8234 8236 8235 13727
5 510 8146 509 13728
5 3903 7569 7015 13729
5 2889 6253 2715 13730
5 8117 8147 7708 13731
5 6213 6215 6212 13732
5 1959 8148 1957 13733
5 4459 6239 6238 13734
5 3492 4714 4713 13735
5 4472 6048 4471 13736
5 1980 8149 1970 13737
5 3537 8150 3938 13738
5 956 958 957 13739
5 957 1161 955 13740
5 2947 3678 3447 13741
5 6202 6203 3480 13742
5 857 9308 8004 13743
5 6616 8152 7939 13744
5 7463 8152 7785 13745
5 5545 8914 5237 13746
5 1652 8153 6264 13747
5 1738 8153 1652 13748
5 4108 8153 1848 13749
5 176 912 175 13750
5 205 883 204 13751
5 240 695 239 13752
5 197 878 196 13753
5 246 896 245 13754
5 259 829 258 13755
5 242 894 241 13756
5 268 714 267 13757
5 193 907 192 13758
5 152 922 151 13759
5 285 828 284 13760
5 85 680 84 13761
5 174 698 173 13762
5 225 884 224 13763
5 248 693 247 13764
5 233 890 232 13765
5 99 905 98 13766
5 66 906 65 13767
5 244 792 243 13768
5 83 892 82 13769
5 130 788 129 13770
5 273 746 272 13771
5 280 887 279 13772
5 270 899 269 13773
5 250 911 249 13774
5 201 893 200 13775
5 160 925 159 13776
5 156 926 155 13777
5 199 675 198 13778
5 207 667 206 13779
5 142 677 141 13780
5 229 888 228 13781
5 50 908 49 13782
5 189 930 188 13783
5 278 772 277 13784
5 195 777 194 13785
5 227 779 226 13786
5 97 801 96 13787
5 179 793 178 13788
5 282 776 281 13789
5 158 678 157 13790
5 146 798 145 13791
5 44 670 43 13792
5 150 659 149 13793
5 89 795 88 13794
5 148 915 147 13795
5 56 796 55 13796
5 231 701 230 13797
5 60 696 59 13798
5 126 697 125 13799
5 128 903 127 13800
5 48 797 47 13801
5 203 794 202 13802
5 144 913 143 13803
5 18 783 17 13804
5 81 802 80 13805
5 238 914 237 13806
5 62 933 61 13807
5 64 789 63 13808
5 73 790 72 13809
5 115 910 114 13810
5 136 895 135 13811
5 132 923 131 13812
5 113 800 112 13813
5 219 781 218 13814
5 22 773 21 13815
5 69 702 68 13816
5 101 676 100 13817
5 140 921 139 13818
5 154 803 153 13819
5 265 830 264 13820
5 52 694 51 13821
5 20 909 19 13822
5 95 904 94 13823
5 25 920 24 13824
5 71 924 70 13825
5 30 917 29 13826
5 124 931 123 13827
5 75 918 74 13828
5 288 842 287 13829
5 134 686 133 13830
5 138 799 137 13831
5 111 902 110 13832
5 32 716 31 13833
5 181 898 180 13834
5 15 831 14 13835
5 107 928 106 13836
5 93 666 92 13837
5 103 927 102 13838
5 121 791 120 13839
5 119 929 118 13840
5 41 833 40 13841
5 46 900 45 13842
5 221 901 220 13843
5 191 683 190 13844
5 79 919 78 13845
5 87 897 86 13846
5 109 684 108 13847
5 256 669 255 13848
5 35 832 34 13849
5 185 881 184 13850
5 77 688 76 13851
5 38 715 37 13852
5 58 932 57 13853
5 91 934 90 13854
5 209 882 208 13855
5 215 679 214 13856
5 164 880 163 13857
5 54 916 53 13858
5 27 745 26 13859
5 254 886 253 13860
5 105 782 104 13861
5 10 940 9 13862
5 12 843 11 13863
5 162 787 161 13864
5 117 700 116 13865
5 262 713 261 13866
5 172 885 171 13867
5 211 786 210 13868
5 166 685 165 13869
5 235 784 234 13870
5 275 877 274 13871
5 213 889 212 13872
5 168 879 167 13873
5 170 785 169 13874
5 252 778 251 13875
5 223 687 222 13876
5 290 939 289 13877
5 217 891 216 13878
5 187 780 186 13879
5 183 699 182 13880
5 3763 9656 9008 13881
5 3277 6269 3279 13882
5 4460 6254 6253 13883
5 718 8142 549 13884
5 559 8124 807 13885
5 550 8131 718 13886
5 846 8131 551 13887
5 552 8130 846 13888
5 867 8136 485 13889
5 865 8127 490 13890
5 8127 8144 489 13891
5 859 8128 534 13892
5 557 8122 848 13893
5 484 8136 810 13894
5 533 8128 771 13895
5 811 8125 511 13896
5 858 8134 530 13897
5 541 8123 762 13898
5 529 8134 766 13899
5 545 8141 748 13900
5 512 8137 811 13901
5 874 8137 513 13902
5 495 8126 870 13903
5 766 8138 528 13904
5 488 8144 743 13905
5 493 8143 760 13906
5 810 8140 483 13907
5 748 8139 544 13908
5 501 8133 8132 13909
5 555 8145 755 13910
5 531 8135 858 13911
5 500 8132 835 13912
5 514 8129 874 13913
5 768 8129 515 13914
5 527 8138 861 13915
5 854 8141 546 13916
5 807 8122 558 13917
5 839 8133 502 13918
5 809 8126 496 13919
5 870 8143 494 13920
5 853 8123 542 13921
5 771 8135 532 13922
5 543 8139 853 13923
5 848 8145 556 13924
5 8125 8146 510 13925
5 509 8146 838 13926
5 3077 8414 3079 13927
5 5324 5980 5325 13928
5 2327 8155 2257 13929
5 2254 8155 2255 13930
5 3719 5032 4613 13931
5 5415 5877 5413 13932
5 5410 5890 5411 13933
5 5477 5478 5475 13934
5 5257 5258 5256 13935
5 5363 8594 5377 13936
5 5448 8589 5451 13937
5 943 944 942 13938
5 5418 5420 5419 13939
5 5449 5450 5448 13940
5 5364 5365 5363 13941
5 5360 5542 5541 13942
5 5352 5353 5351 13943
5 5223 5224 5222 13944
5 3834 3836 3835 13945
5 925 9234 5856 13946
5 2995 6212 2724 13947
5 1996 8157 1983 13948
5 1981 8157 2491 13949
5 3674 4921 3675 13950
5 4113 6237 4109 13951
5 4139 4152 4150 13952
5 4150 4151 4138 13953
5 3054 8160 6249 13954
5 3022 3024 3023 13955
5 3921 6159 3922 13956
5 3149 8387 3147 13957
5 1920 8159 1922 13958
5 4167 8159 7084 13959
5 6175 9035 896 13960
5 2932 8401 2462 13961
5 7505 8160 3633 13962
5 2987 8160 3054 13963
5 7360 8161 7505 13964
5 783 8844 6046 13965
5 6046 8844 5056 13966
5 3378 6262 2904 13967
5 2272 8162 2273 13968
5 3009 8162 2442 13969
5 7785 8152 6616 13970
5 5687 6159 3921 13971
5 8547 8693 5480 13972
5 1848 8153 1738 13973
5 5253 8408 5529 13974
5 5312 6096 5650 13975
5 5317 6080 6079 13976
5 789 8702 8672 13977
5 9137 9714 3835 13978
5 2937 3746 3344 13979
5 8206 8207 8205 13980
5 8291 8292 702 13981
5 8209 8210 8208 13982
5 8234 8235 888 13983
5 8219 8221 8220 13984
5 919 8307 8306 13985
5 8276 8277 700 13986
5 8254 8255 886 13987
5 8261 8262 878 13988
5 8201 8202 683 13989
5 684 8243 8242 13990
5 881 8246 8245 13991
5 795 8281 8280 13992
5 666 8311 8310 13993
5 793 8211 8209 13994
5 883 8231 8230 13995
5 5319 5438 5291 13996
5 2257 8155 2254 13997
5 5925 5926 5386 13998
5 4691 8168 2880 13999
5 2499 8168 7135 14000
5 5685 8675 5197 14001
5 3497 6213 6212 14002
5 5726 8960 8278 14003
5 5398 5572 5400 14004
5 5432 5434 5433 14005
5 1983 8157 1981 14006
5 4459 6238 6237 14007
5 3320 3390 3389 14008
5 3114 8418 3454 14009
5 836 9067 6102 14010
5 3492 4713 3493 14011
5 8252 8351 8246 14012
5 8304 8411 8281 14013
5 3455 4472 4471 14014
5 3456 6107 3455 14015
5 652 8165 836 14016
5 954 2444 956 14017
5 956 957 955 14018
5 2438 6300 3012 14019
5 4460 8158 6254 14020
5 6006 8841 3693 14021
5 8803 9147 358 14022
5 2946 6202 3480 14023
5 2947 3447 2946 14024
5 6225 8180 6222 14025
5 7084 8159 1920 14026
5 5262 5267 5264 14027
5 3633 8160 2987 14028
5 2273 8161 7360 14029
5 1642 8172 2091 14030
5 3164 8172 1644 14031
5 3312 6260 3484 14032
5 5941 9113 8895 14033
5 68 8293 67 14034
5 2442 8162 2272 14035
5 8527 9604 3062 14036
5 5515 8173 3910 14037
5 4435 8173 5525 14038
5 3449 8338 6265 14039
5 806 8171 650 14040
5 8196 9317 5672 14041
5 6036 9290 4580 14042
5 6252 8176 1308 14043
5 4667 5085 4668 14044
5 3466 8468 6146 14045
5 1308 8176 1364 14046
5 4296 8177 7450 14047
5 4460 8355 8158 14048
5 6243 8169 6242 14049
5 3947 8180 6086 14050
5 4861 8178 3519 14051
5 3047 8178 3523 14052
5 8169 8170 2151 14053
5 4460 6253 2889 14054
5 6068 9150 8781 14055
5 651 8165 652 14056
5 702 8293 68 14057
5 5324 5325 5284 14058
5 5284 6162 5285 14059
5 6269 8334 3279 14060
5 8152 8334 7939 14061
5 3098 6261 4156 14062
5 5156 9359 5896 14063
5 8157 8338 2491 14064
5 3492 3493 3326 14065
5 4494 9679 6038 14066
5 756 5254 5253 14067
5 757 5461 5460 14068
5 733 5415 5413 14069
5 808 5449 5448 14070
5 690 5490 5489 14071
5 5897 6082 5390 14072
5 5360 5541 5359 14073
5 5418 5419 5417 14074
5 820 5352 5351 14075
5 735 5223 5222 14076
5 727 5257 5256 14077
5 5363 5377 5362 14078
5 726 943 942 14079
5 751 6181 5418 14080
5 5410 5411 5409 14081
5 731 5477 5475 14082
5 662 5364 5363 14083
5 665 5842 5444 14084
5 5448 5451 5447 14085
5 5253 5529 5252 14086
5 9171 9277 5319 14087
5 2880 8168 2499 14088
5 7864 8513 1732 14089
5 3281 8334 3943 14090
5 6277 8381 4864 14091
5 8292 8294 8293 14092
5 497 8184 809 14093
5 3934 8151 6262 14094
5 8018 8197 8019 14095
5 5525 8197 4445 14096
5 5141 9428 8578 14097
5 7750 8332 4977 14098
5 6686 8332 4702 14099
5 849 8186 648 14100
5 649 8186 806 14101
5 3674 3675 3460 14102
5 3460 6103 5566 14103
5 5000 8333 4899 14104
5 4945 8564 5677 14105
5 4139 4150 4138 14106
5 3368 8884 3366 14107
5 3943 8334 8152 14108
5 5028 9047 5780 14109
5 651 8171 8165 14110
5 5660 9028 8713 14111
5 8142 9324 5136 14112
5 4947 9338 8130 14113
5 650 8171 651 14114
5 837 8194 561 14115
5 560 8194 8124 14116
5 6216 8176 6252 14117
5 3022 3023 3021 14118
5 2747 6211 2745 14119
5 2886 6277 2885 14120
5 6266 8338 8157 14121
5 2496 8338 3449 14122
5 5431 8829 8156 14123
5 3396 3397 3395 14124
5 6112 8335 6110 14125
5 5331 5333 5332 14126
5 5635 8339 5634 14127
5 1644 8172 1642 14128
5 6754 8355 4703 14129
5 8206 9433 8842 14130
5 5379 5381 5380 14131
5 7753 8340 5540 14132
5 8019 8340 4595 14133
5 5114 5907 5804 14134
5 754 8337 646 14135
5 647 8337 849 14136
5 5232 5234 5233 14137
5 3283 8364 3285 14138
5 5091 8189 8188 14139
5 8188 8190 5090 14140
5 3348 8519 6070 14141
5 8959 9177 5514 14142
5 3204 8573 3830 14143
5 8235 8259 888 14144
5 666 8312 8311 14145
5 8262 8263 878 14146
5 8255 8272 886 14147
5 883 8251 8231 14148
5 881 8252 8246 14149
5 8277 8320 700 14150
5 919 8329 8307 14151
5 684 8308 8243 14152
5 8202 8274 683 14153
5 795 8304 8281 14154
5 793 8222 8211 14155
5 5006 5687 3921 14156
5 8455 8457 6229 14157
5 2804 7535 3496 14158
5 8292 8293 702 14159
5 2014 8341 2011 14160
5 3107 8342 1890 14161
5 1889 8342 1897 14162
5 1822 8343 2490 14163
5 1824 8343 1720 14164
5 5664 5854 4571 14165
5 3910 8173 4435 14166
5 5312 5650 5317 14167
5 5317 6079 5272 14168
5 5814 8728 7224 14169
5 9134 9740 341 14170
5 8317 8439 8438 14171
5 2608 8349 1388 14172
5 1390 8349 1625 14173
5 1364 8176 1824 14174
5 7450 8177 2883 14175
5 780 8351 8252 14176
5 934 8411 8304 14177
5 5379 8904 5381 14178
5 3786 8699 5854 14179
5 5973 8354 5046 14180
5 7916 8354 7917 14181
5 6250 8570 1746 14182
5 6222 8180 3947 14183
5 3519 8178 3047 14184
5 3863 3864 3862 14185
5 4635 9718 8729 14186
5 8737 9108 5519 14187
5 645 8347 754 14188
5 1892 8359 3107 14189
5 1932 8359 1895 14190
5 5287 5290 5289 14191
5 6245 8361 3206 14192
5 2937 3344 2798 14193
5 498 8184 497 14194
5 842 8206 8205 14195
5 919 8306 8305 14196
5 8219 8220 843 14197
5 930 8300 8299 14198
5 795 8280 8279 14199
5 695 8227 8226 14200
5 8198 8199 789 14201
5 793 8209 8208 14202
5 8233 8234 888 14203
5 880 8224 8223 14204
5 684 8242 8241 14205
5 8260 8261 878 14206
5 8200 8201 683 14207
5 881 8245 8244 14208
5 8253 8254 886 14209
5 8290 8291 702 14210
5 8275 8276 700 14211
5 883 8230 8229 14212
5 801 8317 8316 14213
5 8287 8288 772 14214
5 666 8310 8309 14215
5 8264 8265 907 14216
5 699 8283 8282 14217
5 8266 8267 701 14218
5 8313 8314 796 14219
5 8335 8336 2118 14220
5 3206 8361 1894 14221
5 1898 8361 1904 14222
5 648 8186 649 14223
5 8569 9573 9056 14224
5 5539 8362 3916 14225
5 8062 8362 8063 14226
5 8203 8377 8202 14227
5 3115 6217 3113 14228
5 847 8356 643 14229
5 8142 8358 548 14230
5 547 8358 854 14231
5 1732 8363 1358 14232
5 3204 3830 3368 14233
5 2783 8519 3348 14234
5 3337 9504 5063 14235
5 5376 5925 5386 14236
5 5386 5839 5385 14237
5 8805 8827 5486 14238
5 4115 6240 4459 14239
5 6418 8369 3971 14240
5 788 9135 5874 14241
5 1330 8370 1246 14242
5 561 8194 560 14243
5 8818 9644 3815 14244
5 6638 9192 9042 14245
5 3497 6212 2995 14246
5 4809 9373 4112 14247
5 4445 8197 8018 14248
5 8063 8372 4557 14249
5 4555 8372 5065 14250
5 4702 8332 7750 14251
5 642 8365 847 14252
5 719 8365 641 14253
5 4959 8769 7089 14254
5 5398 5400 5397 14255
5 5432 5433 5430 14256
5 3784 3786 3785 14257
5 8991 9197 5981 14258
5 3917 3918 3864 14259
5 6022 8764 678 14260
5 287 8205 286 14261
5 36 8270 35 14262
5 65 8198 64 14263
5 264 8232 263 14264
5 284 8217 283 14265
5 277 8228 276 14266
5 178 8208 177 14267
5 13 8219 12 14268
5 47 8315 46 14269
5 184 8244 183 14270
5 186 8252 185 14271
5 72 8284 71 14272
5 127 8249 126 14273
5 192 8200 191 14274
5 237 8286 236 14275
5 163 8223 162 14276
5 108 8241 107 14277
5 21 8327 20 14278
5 171 8257 170 14279
5 180 8222 179 14280
5 239 8226 238 14281
5 118 8275 117 14282
5 190 8274 189 14283
5 167 8256 166 14284
5 90 8304 89 14285
5 137 8295 136 14286
5 253 8272 252 14287
5 255 8253 254 14288
5 40 8268 39 14289
5 204 8229 203 14290
5 236 8321 235 14291
5 194 8264 193 14292
5 206 8251 205 14293
5 188 8299 187 14294
5 228 8259 227 14295
5 74 8289 73 14296
5 133 8301 132 14297
5 279 8287 278 14298
5 147 8322 146 14299
5 173 8323 172 14300
5 182 8282 181 14301
5 88 8279 87 14302
5 230 8233 229 14303
5 125 8303 124 14304
5 116 8320 115 14305
5 78 8305 77 14306
5 208 8330 207 14307
5 196 8263 195 14308
5 96 8316 95 14309
5 241 8269 240 14310
5 224 8302 223 14311
5 169 8297 168 14312
5 269 8326 268 14313
5 198 8260 197 14314
5 104 8296 103 14315
5 94 8312 93 14316
5 110 8308 109 14317
5 106 8324 105 14318
5 212 8258 211 14319
5 232 8266 231 14320
5 92 8309 91 14321
5 218 8271 217 14322
5 214 8250 213 14323
5 39 8325 38 14324
5 70 8290 69 14325
5 135 8319 134 14326
5 76 8318 75 14327
5 243 8273 242 14328
5 80 8329 79 14329
5 220 8328 219 14330
5 19 8285 18 14331
5 57 8313 56 14332
5 274 8331 273 14333
5 272 8298 271 14334
5 3767 8728 5814 14335
5 4899 8333 5025 14336
5 6009 8378 4692 14337
5 3936 9080 8218 14338
5 8218 9080 5957 14339
5 4459 6237 4113 14340
5 2277 6206 2463 14341
5 7236 9211 3894 14342
5 7939 8334 6269 14343
5 3809 6081 3489 14344
5 5097 5993 5110 14345
5 4603 8721 5658 14346
5 4506 9723 8440 14347
5 6108 8350 4472 14348
5 5935 8644 3799 14349
5 4538 4663 3437 14350
5 3455 4471 3341 14351
5 3342 3456 3455 14352
5 8466 9150 3033 14353
5 5171 8679 5175 14354
5 842 8205 287 14355
5 828 8217 284 14356
5 35 8270 832 14357
5 830 8232 264 14358
5 772 8228 277 14359
5 919 8305 78 14360
5 909 8285 19 14361
5 12 8219 843 14362
5 64 8198 789 14363
5 906 8198 65 14364
5 793 8208 178 14365
5 235 8321 784 14366
5 773 8327 21 14367
5 932 8313 57 14368
5 695 8226 239 14369
5 797 8315 47 14370
5 71 8284 924 14371
5 934 8304 90 14372
5 181 8282 898 14373
5 205 8251 883 14374
5 918 8289 74 14375
5 929 8275 118 14376
5 930 8299 188 14377
5 885 8257 171 14378
5 268 8326 714 14379
5 126 8249 697 14380
5 903 8249 127 14381
5 136 8295 895 14382
5 115 8320 910 14383
5 795 8279 88 14384
5 219 8328 781 14385
5 898 8222 180 14386
5 914 8286 237 14387
5 890 8266 232 14388
5 907 8200 192 14389
5 888 8259 228 14390
5 887 8287 279 14391
5 240 8269 695 14392
5 686 8301 133 14393
5 777 8264 194 14394
5 95 8316 904 14395
5 191 8200 683 14396
5 684 8241 108 14397
5 881 8244 184 14398
5 880 8223 163 14399
5 166 8256 685 14400
5 833 8268 40 14401
5 207 8330 667 14402
5 185 8252 881 14403
5 223 8302 687 14404
5 91 8309 934 14405
5 915 8322 147 14406
5 183 8244 699 14407
5 107 8241 928 14408
5 785 8297 169 14409
5 780 8252 186 14410
5 105 8324 782 14411
5 229 8233 888 14412
5 679 8250 214 14413
5 103 8296 927 14414
5 669 8253 255 14415
5 878 8263 196 14416
5 802 8329 80 14417
5 273 8331 746 14418
5 252 8272 778 14419
5 146 8322 798 14420
5 162 8223 787 14421
5 886 8272 253 14422
5 238 8226 914 14423
5 879 8256 167 14424
5 799 8295 137 14425
5 790 8284 72 14426
5 683 8274 190 14427
5 698 8323 173 14428
5 203 8229 794 14429
5 46 8315 900 14430
5 211 8258 786 14431
5 179 8222 793 14432
5 189 8274 930 14433
5 697 8303 125 14434
5 883 8229 204 14435
5 895 8319 135 14436
5 117 8275 700 14437
5 217 8271 891 14438
5 688 8318 76 14439
5 242 8273 894 14440
5 675 8260 198 14441
5 20 8327 909 14442
5 109 8308 684 14443
5 193 8264 907 14444
5 172 8323 885 14445
5 89 8304 795 14446
5 904 8312 94 14447
5 170 8257 785 14448
5 197 8260 878 14449
5 227 8259 779 14450
5 132 8301 923 14451
5 667 8251 206 14452
5 902 8308 110 14453
5 254 8253 886 14454
5 93 8312 666 14455
5 701 8233 230 14456
5 195 8263 777 14457
5 124 8303 931 14458
5 924 8290 70 14459
5 87 8279 897 14460
5 73 8289 790 14461
5 700 8320 116 14462
5 894 8269 241 14463
5 801 8316 96 14464
5 884 8302 224 14465
5 278 8287 772 14466
5 69 8290 702 14467
5 187 8299 780 14468
5 882 8330 208 14469
5 782 8296 104 14470
5 699 8282 182 14471
5 928 8324 106 14472
5 666 8309 92 14473
5 781 8271 218 14474
5 889 8258 212 14475
5 134 8319 686 14476
5 231 8266 701 14477
5 168 8297 879 14478
5 792 8273 243 14479
5 75 8318 918 14480
5 77 8305 688 14481
5 213 8250 889 14482
5 899 8326 269 14483
5 38 8325 715 14484
5 79 8329 919 14485
5 901 8328 220 14486
5 746 8298 272 14487
5 18 8285 783 14488
5 56 8313 796 14489
5 877 8331 274 14490
5 2436 9160 6087 14491
5 752 9450 6091 14492
5 5655 9451 6094 14493
5 954 956 955 14494
5 646 8337 647 14495
5 640 8379 719 14496
5 6062 8890 8889 14497
5 2491 8338 2496 14498
5 3731 3732 3730 14499
5 5117 5118 5116 14500
5 3396 8649 3398 14501
5 2945 2947 2946 14502
5 2946 3480 2944 14503
5 8735 9507 5193 14504
5 5232 8581 5234 14505
5 3831 9214 4605 14506
5 8312 8441 8311 14507
5 8262 8431 8263 14508
5 4744 8384 5556 14509
5 5622 8384 6350 14510
5 8202 8376 8274 14511
5 856 8382 638 14512
5 3338 3339 3115 14513
5 1934 8991 5980 14514
5 1672 8386 1670 14515
5 5638 8339 5635 14516
5 8200 8373 8201 14517
5 8233 8374 8234 14518
5 5747 5748 5744 14519
5 6963 8387 7568 14520
5 3147 8387 6962 14521
5 4915 4916 4914 14522
5 709 8403 5360 14523
5 8848 9098 8999 14524
5 4595 8340 7753 14525
5 2942 8381 2940 14526
5 3938 8355 6754 14527
5 9445 9632 5115 14528
5 8177 8369 2883 14529
5 741 8967 5545 14530
5 2298 9337 7184 14531
5 8183 8832 5941 14532
5 4560 8394 5559 14533
5 5556 8394 4561 14534
5 3283 3285 3284 14535
5 749 8388 636 14536
5 637 8388 856 14537
5 9072 9617 797 14538
5 4931 8848 6033 14539
5 66 8352 906 14540
5 5278 5279 5277 14541
5 2011 8341 2009 14542
5 1890 8342 1889 14543
5 1720 8343 1822 14544
5 516 8389 768 14545
5 852 8389 517 14546
5 6115 8560 6114 14547
5 2937 8396 3747 14548
5 723 9493 8664 14549
5 8285 8844 783 14550
5 3059 3492 3326 14551
5 8682 8838 5335 14552
5 644 8347 645 14553
5 755 8395 554 14554
5 553 8395 8130 14555
5 1388 8349 1390 14556
5 5779 8489 3785 14557
5 6194 9571 3793 14558
5 8246 8351 8248 14559
5 8281 8411 8410 14560
5 318 9545 319 14561
5 8805 9446 4700 14562
5 6674 8399 6675 14563
5 5559 8399 4562 14564
5 937 8625 5962 14565
5 635 8397 749 14566
5 855 8397 634 14567
5 6048 8554 4471 14568
5 5807 8985 5463 14569
5 8267 8375 8374 14570
5 844 8938 8903 14571
5 2462 8401 2461 14572
5 7098 8401 6019 14573
5 67 8352 66 14574
5 8591 9179 5329 14575
5 5046 8354 7916 14576
5 3475 4460 2889 14577
5 3352 3353 3351 14578
5 3830 8573 6039 14579
5 644 8356 8347 14580
5 9399 9605 5747 14581
5 285 8366 828 14582
5 831 8368 14 14583
5 176 8367 912 14584
5 8268 8325 39 14585
5 8286 8321 236 14586
5 6140 8416 3462 14587
5 643 8356 644 14588
5 2753 8404 2894 14589
5 2433 8404 2431 14590
5 8210 8367 8208 14591
5 8207 8366 8205 14592
5 8219 8368 8221 14593
5 1895 8359 1892 14594
5 548 8358 547 14595
5 6025 8442 3663 14596
5 712 9378 5921 14597
5 5012 9043 5102 14598
5 5033 8690 4613 14599
5 6670 8407 6672 14600
5 6675 8407 6673 14601
5 5810 6069 4568 14602
5 8493 9725 4602 14603
5 763 8402 632 14604
5 633 8402 855 14605
5 5909 8385 7339 14606
5 2331 8385 2772 14607
5 907 8373 8200 14608
5 701 8374 8233 14609
5 8207 9490 8218 14610
5 8158 8355 3938 14611
5 3832 3834 3833 14612
5 8201 8373 8204 14613
5 8263 8431 777 14614
5 904 8441 8312 14615
5 8294 8352 8293 14616
5 8274 8376 930 14617
5 5282 5324 5284 14618
5 5284 5285 5283 14619
5 8373 8432 8204 14620
5 1894 8361 1898 14621
5 2783 3348 3347 14622
5 2497 8416 2495 14623
5 7277 8414 3077 14624
5 7236 8414 7666 14625
5 6206 6208 3856 14626
5 3344 8357 2798 14627
5 3017 8911 3826 14628
5 3916 8362 8062 14629
5 7929 8415 6775 14630
5 3930 4703 3475 14631
5 5062 9737 8717 14632
5 5123 9719 5924 14633
5 7107 8418 3589 14634
5 3112 8418 3114 14635
5 6672 8420 6671 14636
5 7961 8420 7963 14637
5 5993 9201 1385 14638
5 851 8413 630 14639
5 631 8413 763 14640
5 1358 8363 1299 14641
5 1248 8400 6272 14642
5 756 5253 5252 14643
5 665 5444 5443 14644
5 820 5351 5350 14645
5 708 5841 5246 14646
5 707 6074 5503 14647
5 757 5460 5459 14648
5 674 5897 5390 14649
5 735 5222 5221 14650
5 709 5360 5359 14651
5 821 6063 5446 14652
5 726 942 941 14653
5 751 5418 5417 14654
5 690 5489 5488 14655
5 710 5410 5409 14656
5 664 5945 5468 14657
5 733 5413 5412 14658
5 732 5691 5509 14659
5 662 5363 5362 14660
5 824 5773 5416 14661
5 717 5670 5404 14662
5 731 5475 5474 14663
5 808 5448 5447 14664
5 727 5256 5255 14665
5 734 5593 5469 14666
5 736 5682 5407 14667
5 5677 8686 4946 14668
5 5276 5277 5274 14669
5 2121 8423 7352 14670
5 2180 8423 2122 14671
5 8293 8352 67 14672
5 4647 9068 3469 14673
5 6204 8416 6140 14674
5 1299 8400 1248 14675
5 3868 3870 3869 14676
5 7462 8364 7463 14677
5 3716 3718 3717 14678
5 6217 8549 6218 14679
5 3470 5544 2948 14680
5 4963 4965 4964 14681
5 3663 8442 7918 14682
5 4840 8442 7981 14683
5 641 8365 642 14684
5 8202 8377 8376 14685
5 7963 8444 7962 14686
5 6649 8444 6650 14687
5 770 8422 628 14688
5 629 8422 851 14689
5 3932 8996 5880 14690
5 4672 5857 5041 14691
5 2883 8369 6418 14692
5 2793 8447 8121 14693
5 955 8509 953 14694
5 7981 8447 8074 14695
5 8121 8447 6025 14696
5 7150 8448 5135 14697
5 4158 5863 3102 14698
5 1246 8370 1254 14699
5 3285 3287 3286 14700
5 5824 9077 4670 14701
5 8149 8416 6204 14702
5 286 8366 285 14703
5 177 8367 176 14704
5 14 8368 13 14705
5 387 665 388 14706
5 383 5795 5 14707
5 401 5518 402 14708
5 397 726 398 14709
5 418 661 419 14710
5 371 5728 372 14711
5 442 5924 443 14712
5 355 5589 356 14713
5 362 672 363 14714
5 407 817 408 14715
5 425 664 426 14716
5 386 8191 387 14717
5 4 822 322 14718
5 308 820 309 14719
5 365 732 366 14720
5 376 673 377 14721
5 428 724 429 14722
5 3 734 291 14723
5 5 5791 353 14724
5 391 689 392 14725
5 465 5522 466 14726
5 394 660 395 14727
5 402 722 403 14728
5 316 709 317 14729
5 353 729 354 14730
5 361 8167 362 14731
5 332 5439 333 14732
5 462 813 463 14733
5 303 717 304 14734
5 377 5519 378 14735
5 380 5921 381 14736
5 384 728 385 14737
5 319 739 320 14738
5 458 5487 459 14739
5 470 723 471 14740
5 424 5465 425 14741
5 409 705 410 14742
5 400 812 401 14743
5 412 731 413 14744
5 466 5499 467 14745
5 326 5388 327 14746
5 404 5463 405 14747
5 302 5491 303 14748
5 368 756 369 14749
5 464 721 465 14750
5 311 5894 312 14751
5 423 816 424 14752
5 344 5493 345 14753
5 438 674 439 14754
5 456 662 457 14755
5 351 821 352 14756
5 378 5401 379 14757
5 395 5655 396 14758
5 310 758 311 14759
5 296 703 297 14760
5 312 5445 313 14761
5 406 5467 407 14762
5 435 708 436 14763
5 452 5483 453 14764
5 306 752 307 14765
5 7 5237 415 14766
5 346 5812 347 14767
5 333 681 334 14768
5 301 5972 302 14769
5 293 668 294 14770
5 370 815 371 14771
5 432 736 433 14772
5 307 6091 308 14773
5 348 5426 349 14774
5 453 692 454 14775
5 454 5731 455 14776
5 459 725 460 14777
5 321 5984 3 14778
5 414 824 6 14779
5 342 710 343 14780
5 450 671 451 14781
5 339 744 340 14782
5 359 691 360 14783
5 467 704 468 14784
5 345 804 346 14785
5 403 5807 404 14786
5 356 663 357 14787
5 300 682 301 14788
5 416 5811 417 14789
5 430 825 431 14790
5 327 742 328 14791
5 354 5571 355 14792
5 330 707 331 14793
5 329 5678 330 14794
5 447 733 448 14795
5 335 6092 336 14796
5 297 5889 298 14797
5 379 712 380 14798
5 347 818 348 14799
5 417 5392 418 14800
5 324 808 325 14801
5 313 738 314 14802
5 385 6040 386 14803
5 405 706 406 14804
5 349 819 350 14805
5 382 740 383 14806
5 389 814 390 14807
5 419 5520 420 14808
5 336 727 337 14809
5 298 823 299 14810
5 323 6093 324 14811
5 476 757 8 14812
5 364 5238 365 14813
5 396 6094 397 14814
5 392 5495 393 14815
5 421 690 422 14816
5 451 5510 452 14817
5 363 5524 364 14818
5 429 5506 430 14819
5 393 5494 394 14820
5 473 751 474 14821
5 444 741 445 14822
5 445 5545 7 14823
5 415 730 416 14824
5 381 5504 382 14825
5 373 735 374 14826
5 441 711 442 14827
5 3934 6262 3378 14828
5 4616 4667 4666 14829
5 5693 8515 6195 14830
5 5534 8726 5533 14831
5 4557 8372 4555 14832
5 3398 3674 3460 14833
5 3460 5566 3459 14834
5 9043 9178 5102 14835
5 7184 8452 2025 14836
5 6337 8453 5639 14837
5 8208 8367 177 14838
5 8205 8366 286 14839
5 13 8368 8219 14840
5 6651 8454 7221 14841
5 6650 8454 6648 14842
5 535 8449 859 14843
5 769 8449 536 14844
5 5942 9734 1860 14845
5 1254 8455 1255 14846
5 3346 5611 2782 14847
5 860 8450 626 14848
5 627 8450 770 14849
5 8265 8432 8373 14850
5 3724 9045 6023 14851
5 4136 4139 4138 14852
5 4994 8629 4993 14853
5 6226 8457 6225 14854
5 8974 9295 4499 14855
5 4989 4990 3849 14856
5 963 8459 2127 14857
5 6294 8459 965 14858
5 4692 8378 4691 14859
5 3408 3482 3481 14860
5 6166 8460 6164 14861
5 280 8398 887 14862
5 776 8398 281 14863
5 5704 5855 5707 14864
5 3748 8658 3458 14865
5 639 8379 640 14866
5 7095 8462 6199 14867
5 5963 5965 5964 14868
5 4864 8381 4706 14869
5 7221 8464 4835 14870
5 4458 8464 5071 14871
5 8265 8373 907 14872
5 8267 8374 701 14873
5 4143 4144 4137 14874
5 2362 6065 2364 14875
5 625 8461 860 14876
5 826 8461 624 14877
5 5364 8510 5366 14878
5 5587 9573 8569 14879
5 5223 8511 5225 14880
5 4154 9266 5180 14881
5 5896 9359 5187 14882
5 930 8376 8300 14883
5 6259 8468 3466 14884
5 1385 9281 5993 14885
5 2849 3022 3021 14886
5 654 6005 844 14887
5 3921 3922 3920 14888
5 3281 3943 3283 14889
5 639 8382 8379 14890
5 5783 8855 8854 14891
5 5606 9225 8318 14892
5 949 9516 8835 14893
5 4585 9632 9445 14894
5 638 8382 639 14895
5 623 8467 826 14896
5 5733 8812 5734 14897
5 6811 8476 7149 14898
5 2941 2942 2940 14899
5 4948 8477 8067 14900
5 5130 5132 5131 14901
5 158 8417 678 14902
5 925 8417 159 14903
5 5273 5276 5274 14904
5 3409 8525 6773 14905
5 951 2422 949 14906
5 5667 8478 7718 14907
5 8109 8478 8110 14908
5 523 8473 857 14909
5 759 8473 524 14910
5 767 8474 621 14911
5 5267 5269 5268 14912
5 5342 9313 5289 14913
5 275 8421 877 14914
5 6972 8480 6971 14915
5 4709 8480 6185 14916
5 518 8475 852 14917
5 737 8475 519 14918
5 3554 8482 6811 14919
5 5734 8482 6247 14920
5 5728 5816 372 14921
5 723 5250 471 14922
5 814 5464 390 14923
5 756 5252 369 14924
5 757 5459 8 14925
5 705 5441 410 14926
5 704 5484 468 14927
5 824 5416 6 14928
5 825 5389 431 14929
5 674 5390 439 14930
5 821 5446 352 14931
5 690 5488 422 14932
5 823 5498 299 14933
5 734 5469 291 14934
5 742 5462 328 14935
5 681 5473 334 14936
5 717 5404 304 14937
5 726 941 398 14938
5 725 6043 460 14939
5 822 5466 322 14940
5 751 5417 474 14941
5 808 5447 325 14942
5 813 5348 463 14943
5 735 5221 374 14944
5 733 5412 448 14945
5 5520 5815 420 14946
5 710 5409 343 14947
5 708 5246 436 14948
5 820 5350 309 14949
5 707 5503 331 14950
5 665 5443 388 14951
5 709 5359 317 14952
5 727 5255 337 14953
5 662 5362 457 14954
5 817 5497 408 14955
5 664 5468 426 14956
5 731 5474 413 14957
5 736 5407 433 14958
5 732 5509 366 14959
5 5731 5817 455 14960
5 5434 5436 5435 14961
5 4627 8794 8767 14962
5 6247 8482 8118 14963
5 5331 5332 5307 14964
5 6350 8384 4744 14965
5 4920 9019 6210 14966
5 539 8479 850 14967
5 762 8479 540 14968
5 5973 9400 835 14969
5 4796 8484 3168 14970
5 3865 5944 5005 14971
5 5975 9164 2127 14972
5 7461 8486 7462 14973
5 6748 8486 6747 14974
5 8110 8487 6664 14975
5 6663 8487 6666 14976
5 1670 8386 1694 14977
5 2510 6068 4079 14978
5 4916 8602 4914 14979
5 3853 9721 3855 14980
5 873 8483 619 14981
5 620 8483 767 14982
5 8581 9007 5234 14983
5 5529 9007 8581 14984
5 6962 8387 6963 14985
5 5474 9346 5476 14986
5 5721 5949 5722 14987
5 6240 6241 6239 14988
5 5924 9719 8878 14989
5 5128 8421 8228 14990
5 4807 8419 6066 14991
5 636 8388 637 14992
5 4900 8492 4902 14993
5 6230 8495 6229 14994
5 5911 8786 670 14995
5 517 8389 516 14996
5 525 8488 759 14997
5 861 8488 526 14998
5 6235 8553 8531 14999
5 6899 8500 6902 15000
5 6666 8500 6665 15001
5 5322 9020 5323 15002
5 761 8491 617 15003
5 618 8491 873 15004
5 8168 8519 7135 15005
5 3919 5006 3921 15006
5 5602 5604 5603 15007
5 4163 4165 4164 15008
5 744 9538 5878 15009
5 3867 9635 8961 15010
5 3436 3444 3443 15011
5 4986 8964 5802 15012
5 4561 8394 4560 15013
5 2722 6144 2925 15014
5 554 8395 553 15015
5 7901 9232 8128 15016
5 6904 8512 7233 15017
5 6902 8512 6901 15018
5 616 8505 761 15019
5 864 8505 615 15020
5 5312 5317 5272 15021
5 6139 8965 4159 15022
5 5088 9122 5665 15023
5 5571 9065 5589 15024
5 5953 9562 5236 15025
5 4117 6240 4115 15026
5 5275 9261 5826 15027
5 3747 8396 4987 15028
5 768 9203 6011 15029
5 8317 8438 8437 15030
5 8434 8435 8254 15031
5 8429 8430 8265 15032
5 5285 5288 5287 15033
5 953 8793 950 15034
5 8228 8421 276 15035
5 4935 5094 3929 15036
5 634 8397 635 15037
5 4581 8518 6523 15038
5 7233 8518 4582 15039
5 614 8514 864 15040
5 747 8514 613 15041
5 3007 8525 3409 15042
5 8701 8731 6203 15043
5 2220 8519 2783 15044
5 6070 8519 8168 15045
5 2798 2933 2424 15046
5 295 8663 6067 15047
5 8907 8908 8617 15048
5 5056 8844 5058 15049
5 5879 5936 5935 15050
5 4484 9594 9063 15051
5 1932 8554 8359 15052
5 2007 8524 2148 15053
5 4587 5458 4588 15054
5 5152 8815 5150 15055
5 6773 8525 6771 15056
5 7557 8525 2921 15057
5 5281 9243 5292 15058
5 1153 8707 6118 15059
5 4562 8399 6674 15060
5 6272 8400 6042 15061
5 6523 8526 6522 15062
5 7956 8526 5618 15063
5 8167 9103 672 15064
5 863 8523 611 15065
5 612 8523 747 15066
5 745 9417 5927 15067
5 281 8398 280 15068
5 6225 8457 8370 15069
5 8538 9726 5715 15070
5 5725 8593 5724 15071
5 728 9172 6040 15072
5 2461 8401 7098 15073
5 8310 8412 8309 15074
5 8300 8406 8299 15075
5 8249 9488 697 15076
5 6213 8535 6246 15077
5 5921 9226 5504 15078
5 6164 8638 5288 15079
5 6816 8533 6817 15080
5 8430 8432 8265 15081
5 4559 8851 5988 15082
5 7458 9277 9171 15083
5 4975 9047 8224 15084
5 716 8490 31 15085
5 30 8490 917 15086
5 632 8402 633 15087
5 610 8528 863 15088
5 4296 8553 8177 15089
5 8458 8517 5899 15090
5 8318 9225 918 15091
5 3853 5862 3432 15092
5 5360 8403 5900 15093
5 5617 8536 4590 15094
5 4589 8536 6533 15095
5 265 8494 830 15096
5 2431 8404 2753 15097
5 5025 8539 7537 15098
5 720 8532 608 15099
5 798 9298 5934 15100
5 5718 5720 5719 15101
5 2423 2937 2798 15102
5 5426 9178 819 15103
5 3773 8353 4596 15104
5 1824 8501 8343 15105
5 4566 8696 5357 15106
5 3287 3289 3288 15107
5 6031 9734 6030 15108
5 6673 8407 6670 15109
5 5666 8451 5089 15110
5 692 8904 8705 15111
5 8537 9505 3693 15112
5 50 8506 908 15113
5 694 8506 51 15114
5 6413 8544 5647 15115
5 6533 8544 6532 15116
5 2437 6199 3441 15117
5 862 8541 606 15118
5 607 8541 720 15119
5 7339 8385 2331 15120
5 8866 8916 8485 15121
5 937 5961 5960 15122
5 3340 3342 3341 15123
5 3456 8658 6107 15124
5 4459 6240 6239 15125
5 3799 8644 3314 15126
5 630 8413 631 15127
5 7666 8414 7277 15128
5 2575 6026 2570 15129
5 9023 9419 921 15130
5 5242 6029 5244 15131
5 5886 8763 4682 15132
5 605 8545 862 15133
5 2422 9516 949 15134
5 1817 8550 2179 15135
5 2320 8550 1834 15136
5 6114 8560 6203 15137
5 5208 8720 5209 15138
5 2665 8415 7929 15139
5 2495 8416 8149 15140
5 5646 8552 4483 15141
5 6969 8552 6970 15142
5 8309 8412 934 15143
5 8299 8406 780 15144
5 753 8548 603 15145
5 7127 8553 6826 15146
5 3589 8418 3112 15147
5 8177 8553 6235 15148
5 159 8417 158 15149
5 6027 8772 926 15150
5 8471 9141 821 15151
5 5809 9653 5760 15152
5 8733 9336 4636 15153
5 3390 8808 3448 15154
5 5976 9164 5975 15155
5 5987 9524 722 15156
5 6671 8420 7961 15157
5 3328 6211 2747 15158
5 5376 5386 5385 15159
5 5385 5387 5374 15160
5 505 8557 504 15161
5 2940 6277 2886 15162
5 5298 5299 5297 15163
5 3439 8649 3396 15164
5 5348 8756 5349 15165
5 4981 8737 5620 15166
5 276 8421 275 15167
5 5657 8792 5656 15168
5 6078 8857 5015 15169
5 6970 8561 6488 15170
5 6486 8561 6489 15171
5 567 8625 566 15172
5 657 8624 658 15173
5 8363 8400 1299 15174
5 8667 9108 4981 15175
5 602 8558 753 15176
5 872 8558 601 15177
5 8469 9481 724 15178
5 8341 8524 2009 15179
5 2943 2945 2944 15180
5 2122 8423 2121 15181
5 537 8559 769 15182
5 850 8559 538 15183
5 628 8422 629 15184
5 5231 9357 8704 15185
5 5378 9358 8705 15186
5 8705 9358 5731 15187
5 8704 9357 5728 15188
5 8359 8554 6048 15189
5 6489 8565 6484 15190
5 6482 8565 6490 15191
5 921 8534 139 15192
5 138 8534 799 15193
5 9152 9153 5003 15194
5 5900 9580 5542 15195
5 765 8563 599 15196
5 600 8563 872 15197
5 5570 8570 6250 15198
5 7918 8442 4840 15199
5 1368 8567 1319 15200
5 2665 8452 8415 15201
5 3028 5653 3025 15202
5 3898 8742 3387 15203
5 8148 8573 6891 15204
5 3125 6059 3130 15205
5 3714 8596 3078 15206
5 7962 8444 6649 15207
5 3202 8573 3204 15208
5 6039 8573 8148 15209
5 9019 9109 6210 15210
5 3434 3497 2995 15211
5 4653 8575 5663 15212
5 6490 8575 6481 15213
5 3411 3412 3355 15214
5 598 8572 765 15215
5 871 8572 597 15216
5 8287 8426 8288 15217
5 8242 8424 8241 15218
5 8280 8427 8279 15219
5 8266 8436 8267 15220
5 8227 8425 8226 15221
5 8317 8437 8316 15222
5 8230 8428 8229 15223
5 8253 8434 8254 15224
5 8264 8429 8265 15225
5 2178 8520 7299 15226
5 8074 8447 2793 15227
5 7151 8448 7150 15228
5 5127 8601 3899 15229
5 935 9318 6136 15230
5 8343 8501 6075 15231
5 8251 8445 8231 15232
5 8277 8446 8320 15233
5 8234 8783 8236 15234
5 777 8431 8429 15235
5 8437 8441 904 15236
5 536 8449 535 15237
5 5276 5278 5277 15238
5 934 8412 8411 15239
5 780 8406 8351 15240
5 4156 6261 6139 15241
5 4601 5998 5039 15242
5 4983 9389 5563 15243
5 626 8450 627 15244
5 4652 8579 6366 15245
5 5663 8579 4651 15246
5 5601 9010 8289 15247
5 4121 4122 4119 15248
5 775 8577 595 15249
5 596 8577 871 15250
5 3903 8387 3149 15251
5 836 6005 653 15252
5 4481 8876 4593 15253
5 3919 3920 3918 15254
5 8370 8457 1254 15255
5 3453 9194 3477 15256
5 5273 5326 5276 15257
5 4115 4459 4113 15258
5 6109 8658 6112 15259
5 2025 8452 2665 15260
5 3350 3351 3349 15261
5 4493 4528 4527 15262
5 5639 8453 5638 15263
5 8488 9553 759 15264
5 6400 8598 4515 15265
5 6648 8454 6651 15266
5 4508 8600 6205 15267
5 6276 8600 4510 15268
5 594 8583 775 15269
5 1255 8455 1259 15270
5 8123 9230 6818 15271
5 8712 8716 6137 15272
5 6196 9256 3888 15273
5 6583 8603 6365 15274
5 7544 8603 7545 15275
5 7152 8604 7151 15276
5 827 8595 592 15277
5 5097 5110 4498 15278
5 3857 5888 5097 15279
5 6229 8457 6226 15280
5 4574 8606 6347 15281
5 965 8459 963 15282
5 7462 8645 8364 15283
5 5114 5804 5073 15284
5 6170 8460 6166 15285
5 4995 4996 4994 15286
5 624 8461 625 15287
5 6677 8610 7832 15288
5 7545 8610 6678 15289
5 4939 8611 4942 15290
5 8285 9110 8844 15291
5 2804 3496 3320 15292
5 3175 5920 3199 15293
5 591 8607 827 15294
5 866 8607 590 15295
5 3079 8414 3894 15296
5 6012 9290 917 15297
5 3342 3455 3341 15298
5 887 8426 8287 15299
5 8241 8424 928 15300
5 890 8436 8266 15301
5 8279 8427 897 15302
5 8316 8437 904 15303
5 8229 8428 794 15304
5 777 8429 8264 15305
5 8226 8425 914 15306
5 669 8434 8253 15307
5 5757 5763 5762 15308
5 478 8612 477 15309
5 8767 8794 5007 15310
5 4998 8529 4997 15311
5 5898 9619 676 15312
5 3523 8462 7095 15313
5 4835 8464 4458 15314
5 6550 8616 6551 15315
5 7832 8616 7831 15316
5 667 8445 8251 15317
5 8320 8446 910 15318
5 2789 6065 2362 15319
5 5704 5707 5706 15320
5 951 8793 8396 15321
5 589 8614 866 15322
5 774 8614 588 15323
5 5323 5345 5309 15324
5 6974 8618 3052 15325
5 954 955 953 15326
5 3820 9680 3822 15327
5 8618 9003 3863 15328
5 5996 8557 5995 15329
5 2151 8620 1665 15330
5 8375 8785 5113 15331
5 6154 9094 693 15332
5 4673 9271 3896 15333
5 6551 8622 6549 15334
5 6546 8622 6548 15335
5 5878 8669 5341 15336
5 3948 8468 6259 15337
5 6030 9734 5942 15338
5 5941 8895 8183 15339
5 8294 8599 8522 15340
5 876 8619 586 15341
5 587 8619 774 15342
5 622 8467 623 15343
5 3398 8649 3674 15344
5 6124 9117 6123 15345
5 3289 3291 3290 15346
5 8183 8899 8182 15347
5 5542 9580 8582 15348
5 3170 8484 3453 15349
5 2945 2946 2944 15350
5 6548 8630 6547 15351
5 7651 8630 7652 15352
5 758 9398 8685 15353
5 9155 9381 5659 15354
5 764 8626 584 15355
5 585 8626 876 15356
5 5146 9569 4525 15357
5 622 8474 8467 15358
5 6011 9138 8129 15359
5 6229 8495 8455 15360
5 4132 4134 4133 15361
5 524 8473 523 15362
5 621 8474 622 15363
5 519 8475 518 15364
5 2801 5703 3334 15365
5 7149 8476 3524 15366
5 6846 8636 8016 15367
5 7652 8636 6845 15368
5 8296 8458 927 15369
5 8313 8507 8314 15370
5 3340 3341 3339 15371
5 8067 8477 7571 15372
5 583 8632 764 15373
5 869 8632 582 15374
5 679 8751 6073 15375
5 3830 3832 3831 15376
5 2100 8642 2101 15377
5 2138 8642 2360 15378
5 7718 8478 8109 15379
5 2414 8643 2905 15380
5 7500 8643 2292 15381
5 540 8479 539 15382
5 6971 8480 4709 15383
5 4607 8647 6714 15384
5 8016 8647 4608 15385
5 3883 8401 2932 15386
5 9059 9060 8796 15387
5 581 8641 869 15388
5 750 8641 580 15389
5 8118 8482 3554 15390
5 7571 8651 7570 15391
5 6017 6020 3031 15392
5 6874 8653 6875 15393
5 5927 9601 920 15394
5 6043 9145 5107 15395
5 8578 9428 5087 15396
5 3822 9680 5564 15397
5 2949 8121 4644 15398
5 8480 8808 6185 15399
5 619 8483 620 15400
5 8116 8880 6169 15401
5 6102 9067 3934 15402
5 8794 8934 3704 15403
5 6714 8656 6713 15404
5 4609 8656 7746 15405
5 4539 9153 8655 15406
5 3767 5517 3768 15407
5 4668 8779 4666 15408
5 868 8652 578 15409
5 579 8652 750 15410
5 3168 8484 3170 15411
5 3702 3828 3771 15412
5 6849 8659 4245 15413
5 4954 8769 4956 15414
5 920 9432 5927 15415
5 321 8571 5984 15416
5 2868 8959 5950 15417
5 6747 8486 7461 15418
5 924 8493 8290 15419
5 8273 9332 9279 15420
5 3487 5778 3488 15421
5 5989 8945 788 15422
5 6975 8666 5698 15423
5 7746 8666 7745 15424
5 6664 8487 6663 15425
5 3948 8513 8468 15426
5 577 8661 868 15427
5 805 8661 576 15428
5 2947 5777 3678 15429
5 669 8774 6131 15430
5 3314 8644 2756 15431
5 2120 9584 5888 15432
5 526 8488 525 15433
5 4620 4915 4914 15434
5 427 8469 428 15435
5 8672 8702 6191 15436
5 6033 8848 8192 15437
5 5713 5718 5714 15438
5 927 8627 102 15439
5 101 8627 676 15440
5 6300 8383 3012 15441
5 31 8490 30 15442
5 575 8670 805 15443
5 5848 8846 5847 15444
5 617 8491 618 15445
5 6016 9325 5315 15446
5 3496 8808 3320 15447
5 5697 8674 4546 15448
5 6518 8674 7911 15449
5 2943 2944 2942 15450
5 3013 8360 2426 15451
5 350 8471 351 15452
5 834 8671 573 15453
5 4481 4482 3942 15454
5 4944 8492 4900 15455
5 6233 8495 6230 15456
5 6137 8716 6135 15457
5 266 8494 265 15458
5 4523 8383 4769 15459
5 931 8635 123 15460
5 5963 9379 5965 15461
5 7528 8757 6055 15462
5 4675 8683 7914 15463
5 7911 8683 7910 15464
5 6665 8500 6899 15465
5 6153 9546 4679 15466
5 5575 9546 6153 15467
5 5290 5319 5291 15468
5 875 8680 571 15469
5 572 8680 834 15470
5 5763 5765 5764 15471
5 3339 6217 3115 15472
5 5029 8814 5099 15473
5 6246 8501 1824 15474
5 9198 9556 5527 15475
5 4633 9185 5804 15476
5 3291 3322 3321 15477
5 8290 8493 8291 15478
5 3130 6059 4513 15479
5 2444 8707 956 15480
5 3909 5537 4705 15481
5 938 8688 569 15482
5 570 8688 875 15483
5 615 8505 616 15484
5 6153 9094 6154 15485
5 3495 8931 6095 15486
5 3348 3350 3349 15487
5 2773 9167 2775 15488
5 3203 8684 2320 15489
5 951 8396 2423 15490
5 2714 8696 2821 15491
5 4193 6144 2722 15492
5 1161 8509 955 15493
5 51 8506 50 15494
5 3062 9604 3064 15495
5 5139 9280 8124 15496
5 5971 8684 3878 15497
5 6046 8843 783 15498
5 6901 8512 6904 15499
5 6933 8701 1368 15500
5 5554 6008 3199 15501
5 4704 8513 3948 15502
5 4524 8744 5206 15503
5 3350 3352 3351 15504
5 832 9093 8675 15505
5 8823 8868 6004 15506
5 5824 6147 5590 15507
5 2430 9356 5837 15508
5 8869 9074 3875 15509
5 34 8675 33 15510
5 675 9585 5913 15511
5 958 8707 1153 15512
5 4719 9554 9351 15513
5 8345 9628 5047 15514
5 933 8672 6191 15515
5 613 8514 614 15516
5 745 9716 6037 15517
5 8691 8731 4706 15518
5 8375 8783 8374 15519
5 5351 8504 5350 15520
5 5410 8516 5890 15521
5 62 8672 933 15522
5 789 8672 63 15523
5 3922 6159 3925 15524
5 6233 8531 8495 15525
5 8495 8531 1259 15526
5 4612 9735 9132 15527
5 9351 9554 8942 15528
5 5183 9553 8488 15529
5 5585 8708 5583 15530
5 4575 6117 4576 15531
5 4650 6178 5528 15532
5 4582 8518 4581 15533
5 8224 8574 8223 15534
5 6427 9062 8004 15535
5 5981 9407 5982 15536
5 8733 9601 9336 15537
5 6636 8716 3721 15538
5 6135 8716 4462 15539
5 3363 6201 6200 15540
5 7135 8519 2220 15541
5 5915 8862 5083 15542
5 5282 5283 5281 15543
5 5765 5767 5766 15544
5 6117 9270 4579 15545
5 3348 6070 3350 15546
5 5526 8733 4636 15547
5 5089 5673 4542 15548
5 5316 9162 5826 15549
5 2452 5917 2999 15550
5 2009 8524 2007 15551
5 4538 8537 4663 15552
5 3423 5781 3490 15553
5 6076 8977 1354 15554
5 611 8523 612 15555
5 5476 8693 5906 15556
5 680 8823 6004 15557
5 6199 8720 3441 15558
5 3810 8643 5785 15559
5 4965 4968 4967 15560
5 5330 9264 9171 15561
5 6771 8525 7557 15562
5 5208 9244 8720 15563
5 932 8507 8313 15564
5 5294 5335 5334 15565
5 3002 6100 2766 15566
5 2368 5881 2901 15567
5 5493 8740 5588 15568
5 8270 8734 5204 15569
5 4583 8781 4584 15570
5 5089 8451 5673 15571
5 8481 9530 5423 15572
5 6522 8526 7956 15573
5 8580 8708 2894 15574
5 3618 8728 3619 15575
5 7224 8728 4370 15576
5 6750 8730 6749 15577
5 7179 8730 7178 15578
5 3449 6265 4583 15579
5 5150 8815 8529 15580
5 3919 3921 3920 15581
5 2948 5544 2790 15582
5 6103 9528 5566 15583
5 6049 9021 800 15584
5 3465 8618 3863 15585
5 1321 8567 6209 15586
5 6209 8567 6115 15587
5 609 8528 610 15588
5 6211 8807 6255 15589
5 5546 9312 5656 15590
5 9287 9293 8297 15591
5 5198 5200 5199 15592
5 4463 8924 5664 15593
5 6235 8531 6233 15594
5 8381 8691 4706 15595
5 1259 8531 7127 15596
5 791 9122 8190 15597
5 5711 5713 5712 15598
5 4997 8629 4994 15599
5 3403 9513 5939 15600
5 2338 9528 6104 15601
5 609 8532 8528 15602
5 5302 9728 5321 15603
5 6817 8533 8035 15604
5 608 8532 609 15605
5 4946 9116 3807 15606
5 6045 8913 913 15607
5 9074 9730 5075 15608
5 5097 9584 5993 15609
5 3385 9509 2777 15610
5 5445 8947 8371 15611
5 2913 6552 3708 15612
5 3745 8073 3372 15613
5 5838 9617 9072 15614
5 139 8534 138 15615
5 5304 5306 5305 15616
5 9428 9608 5087 15617
5 3414 3416 3415 15618
5 5790 9224 5789 15619
5 4128 4130 4129 15620
5 435 9374 708 15621
5 4590 8536 4589 15622
5 8352 8522 906 15623
5 6218 8554 1932 15624
5 5282 5284 5283 15625
5 7537 8539 4944 15626
5 9052 9548 9187 15627
5 3497 8535 6213 15628
5 6244 8659 1904 15629
5 6142 8659 6244 15630
5 5205 5822 5203 15631
5 3421 3423 3422 15632
5 3339 8549 6217 15633
5 5709 5711 5710 15634
5 5119 5120 5118 15635
5 5746 9502 6088 15636
5 5857 8391 5858 15637
5 2463 6206 3856 15638
5 4524 9738 3433 15639
5 4593 4594 4482 15640
5 6039 8927 3832 15641
5 606 8541 607 15642
5 507 8757 506 15643
5 3417 4586 3773 15644
5 3884 8789 3105 15645
5 2350 8644 6219 15646
5 6219 8644 5935 15647
5 2179 8542 7400 15648
5 3939 9692 9457 15649
5 1354 9042 6076 15650
5 7225 9633 5517 15651
5 3434 8792 3497 15652
5 5384 9388 9170 15653
5 6050 9155 5659 15654
5 5194 6143 2902 15655
5 8294 8522 8352 15656
5 6532 8544 6413 15657
5 8597 9430 8380 15658
5 6853 8770 6972 15659
5 1640 8771 1638 15660
5 2423 2424 2422 15661
5 2100 9532 8642 15662
5 5063 9573 8821 15663
5 3287 3901 3289 15664
5 838 9130 6053 15665
5 8829 8879 3343 15666
5 8224 9047 8574 15667
5 4528 5050 4529 15668
5 8185 9607 2434 15669
5 2913 3708 3706 15670
5 715 8734 37 15671
5 831 8530 8368 15672
5 5913 9585 893 15673
5 5890 9563 8749 15674
5 5913 9300 675 15675
5 604 8545 605 15676
5 5769 9133 5762 15677
5 1985 8780 2039 15678
5 5159 8824 5158 15679
5 5822 9590 4552 15680
5 3029 9523 6150 15681
5 5842 8729 5444 15682
5 5956 8750 8217 15683
5 5544 9085 2789 15684
5 604 8548 8545 15685
5 2403 5946 2938 15686
5 603 8548 604 15687
5 5490 8759 5489 15688
5 8880 9005 6169 15689
5 3398 3459 3397 15690
5 4931 9098 8848 15691
5 4661 8685 4646 15692
5 6426 8956 6427 15693
5 6021 8640 6022 15694
5 5976 9574 9164 15695
5 1834 8550 1817 15696
5 952 954 953 15697
5 5707 5709 5708 15698
5 9381 9680 3820 15699
5 282 8750 776 15700
5 5959 9462 5485 15701
5 8344 8842 5035 15702
5 3390 3392 3391 15703
5 4483 8552 6969 15704
5 215 8751 679 15705
5 891 8751 216 15706
5 6826 8553 4296 15707
5 5117 9121 5119 15708
5 3404 3421 3420 15709
5 3322 3336 3335 15710
5 3102 5863 3099 15711
5 3454 8418 3852 15712
5 4471 8549 3341 15713
5 3815 9675 8818 15714
5 5767 5770 5768 15715
5 5877 8556 5413 15716
5 3834 8927 4670 15717
5 601 8558 602 15718
5 3448 8808 8480 15719
5 841 8557 505 15720
5 5278 8748 5279 15721
5 8297 9293 879 15722
5 156 8764 926 15723
5 678 8764 157 15724
5 8368 8530 8221 15725
5 8455 8495 1259 15726
5 5341 8621 5338 15727
5 5163 8882 5685 15728
5 5839 9311 5385 15729
5 4706 8731 4512 15730
5 2378 8515 3104 15731
5 8218 9490 3936 15732
5 36 8734 8270 15733
5 5588 8740 8390 15734
5 4967 9634 4964 15735
5 5423 9530 6158 15736
5 154 8772 803 15737
5 926 8772 155 15738
5 6132 9648 8435 15739
5 4679 9094 6153 15740
5 538 8559 537 15741
5 6488 8561 6486 15742
5 5272 5273 5266 15743
5 256 8774 669 15744
5 4586 8353 3773 15745
5 3343 8828 6026 15746
5 4740 9520 5855 15747
5 794 8706 6192 15748
5 7552 8809 7180 15749
5 5111 9506 5984 15750
5 3820 3822 3821 15751
5 6056 9006 3486 15752
5 4953 4954 4806 15753
5 5819 8747 6149 15754
5 5290 5330 5319 15755
5 2949 4644 3800 15756
5 8278 8960 8277 15757
5 3740 3934 3378 15758
5 599 8563 600 15759
5 3780 3781 3779 15760
5 8968 9650 3936 15761
5 5921 9378 5080 15762
5 3919 8650 5006 15763
5 3822 3866 3865 15764
5 4942 9338 4947 15765
5 2943 8689 2945 15766
5 8217 8750 283 15767
5 3708 4473 3709 15768
5 829 8788 258 15769
5 8374 8783 8234 15770
5 6484 8565 6482 15771
5 5455 8589 5450 15772
5 5053 8571 5885 15773
5 8510 9358 5378 15774
5 5375 8594 5365 15775
5 8511 9357 5231 15776
5 1319 8567 1321 15777
5 6145 9487 5688 15778
5 6119 8570 5570 15779
5 3398 3460 3459 15780
5 8675 9606 33 15781
5 5883 9499 5852 15782
5 5607 6184 5604 15783
5 8961 9099 8960 15784
5 597 8572 598 15785
5 4687 8699 4689 15786
5 5798 8796 5797 15787
5 8198 8711 8199 15788
5 697 9488 8859 15789
5 5136 9324 6400 15790
5 5245 9715 3171 15791
5 8211 8787 8212 15792
5 1651 8833 7148 15793
5 1976 8833 1654 15794
5 3885 4579 3884 15795
5 3707 8185 2912 15796
5 6891 8573 3202 15797
5 4136 4138 4134 15798
5 4553 9288 5945 15799
5 6347 9280 5139 15800
5 6481 8575 4653 15801
5 912 8802 175 15802
5 174 8802 698 15803
5 4141 9199 6060 15804
5 5057 8988 6047 15805
5 5656 8792 4504 15806
5 5198 9093 5202 15807
5 4111 9373 4114 15808
5 1638 8838 1636 15809
5 741 9121 8967 15810
5 5265 5312 5272 15811
5 2140 8732 2330 15812
5 6180 9198 5528 15813
5 595 8577 596 15814
5 5274 8723 5266 15815
5 8886 9451 5655 15816
5 4537 8873 4616 15817
5 3344 8810 8357 15818
5 4473 5683 5061 15819
5 4973 6130 4971 15820
5 5219 9300 5913 15821
5 4632 9412 8837 15822
5 4651 8579 4652 15823
5 4114 8943 4120 15824
5 2912 8185 2435 15825
5 7077 8852 3095 15826
5 5583 8580 5581 15827
5 676 8822 100 15828
5 99 8822 905 15829
5 936 8624 657 15830
5 566 8625 937 15831
5 5975 8858 5580 15832
5 5582 8858 5586 15833
5 85 8823 680 15834
5 897 8823 86 15835
5 5758 8874 8298 15836
5 4470 9449 5900 15837
5 704 8551 5484 15838
5 3359 8385 4492 15839
5 593 8583 594 15840
5 5830 8911 4622 15841
5 5853 9082 8126 15842
5 3934 9067 8151 15843
5 8852 8924 5574 15844
5 4156 6139 4159 15845
5 3786 5854 4659 15846
5 843 9379 6084 15847
5 4886 8880 8116 15848
5 2901 5881 5112 15849
5 593 8595 8583 15850
5 928 8726 8324 15851
5 3103 8789 6986 15852
5 4515 8598 4938 15853
5 592 8595 593 15854
5 5651 9518 5186 15855
5 9401 9624 8754 15856
5 8223 8574 787 15857
5 4510 8600 4508 15858
5 8243 9295 8242 15859
5 3523 8747 8462 15860
5 5032 5684 5033 15861
5 5128 9355 5127 15862
5 5730 9173 905 15863
5 8738 9102 5787 15864
5 8668 9162 5267 15865
5 5666 8762 8451 15866
5 8451 8762 4983 15867
5 6161 9296 6160 15868
5 6365 8603 7544 15869
5 8300 8578 8406 15870
5 5757 6007 5763 15871
5 8174 8763 5886 15872
5 8035 8604 7152 15873
5 3766 3792 3009 15874
5 6749 8605 6748 15875
5 2360 8867 5917 15876
5 4967 8971 8790 15877
5 3792 8162 3009 15878
5 5002 8606 4574 15879
5 8557 9339 504 15880
5 6084 9200 843 15881
5 3336 3370 3369 15882
5 783 8843 17 15883
5 5028 9231 8574 15884
5 4170 8617 7300 15885
5 5082 8994 5877 15886
5 8308 8721 8243 15887
5 590 8607 591 15888
5 3770 9114 8502 15889
5 6149 8747 8178 15890
5 7766 8880 4886 15891
5 3915 9349 6148 15892
5 3341 8549 3339 15893
5 7197 9168 1976 15894
5 9140 9195 8430 15895
5 5138 8609 6177 15896
5 8099 8637 6260 15897
5 8574 9047 5028 15898
5 3370 3404 3403 15899
5 209 8850 882 15900
5 786 8850 210 15901
5 5306 5314 5307 15902
5 6818 9230 6816 15903
5 3014 9076 5875 15904
5 4517 8832 8183 15905
5 6678 8610 6677 15906
5 4938 8611 4939 15907
5 121 8856 791 15908
5 2685 8881 7197 15909
5 8902 9570 4530 15910
5 5125 9623 8556 15911
5 6686 9354 760 15912
5 5028 5780 4548 15913
5 8979 9600 4565 15914
5 6102 8938 6005 15915
5 8326 9502 8925 15916
5 8522 8711 906 15917
5 5959 9493 9462 15918
5 2942 8691 8381 15919
5 8460 9264 5330 15920
5 935 8612 478 15921
5 5650 8948 5317 15922
5 8090 8766 3665 15923
5 588 8614 589 15924
5 8702 8703 6191 15925
5 3700 8766 4982 15926
5 5282 8748 5324 15927
5 2919 9215 2917 15928
5 5072 5990 5207 15929
5 6065 9085 8873 15930
5 5231 8704 5232 15931
5 5378 8705 5379 15932
5 7831 8616 6550 15933
5 8222 8787 8211 15934
5 5903 9691 4484 15935
5 8262 8700 8431 15936
5 948 9153 952 15937
5 5232 8704 8581 15938
5 2916 5861 2580 15939
5 5994 8767 5007 15940
5 3754 5861 2916 15941
5 4771 8618 6974 15942
5 1348 8910 2501 15943
5 1354 8910 1346 15944
5 270 8874 899 15945
5 8722 9538 9444 15946
5 586 8619 587 15947
5 4283 9253 9109 15948
5 5610 8706 5882 15949
5 2423 2798 2424 15950
5 1162 8915 3034 15951
5 1265 8915 1170 15952
5 8960 9099 8446 15953
5 1665 8620 1667 15954
5 5794 9414 8232 15955
5 3744 3745 3372 15956
5 8346 8665 5048 15957
5 1368 8701 8560 15958
5 4564 9693 8499 15959
5 5314 5331 5307 15960
5 6549 8622 6546 15961
5 1669 8920 1854 15962
5 714 9653 8993 15963
5 9058 9695 5280 15964
5 3412 3802 3414 15965
5 5178 9536 6067 15966
5 8441 8866 8311 15967
5 5466 9443 5916 15968
5 2020 8931 3495 15969
5 2383 8933 2297 15970
5 584 8626 585 15971
5 4902 9232 7901 15972
5 3865 5005 3821 15973
5 5614 8715 8714 15974
5 8714 8724 5254 15975
5 7329 8937 4307 15976
5 840 8966 6137 15977
5 5269 5271 5270 15978
5 6141 8744 4245 15979
5 5154 9486 5865 15980
5 784 8887 234 15981
5 233 8887 890 15982
5 3323 9320 2819 15983
5 102 8627 101 15984
5 3444 4463 3445 15985
5 6015 9684 3824 15986
5 2330 8924 7185 15987
5 6547 8630 7651 15988
5 5415 9468 9317 15989
5 5967 5970 5969 15990
5 5022 9409 4803 15991
5 5487 8745 5512 15992
5 8428 8706 794 15993
5 5207 9244 5208 15994
5 4654 9163 3671 15995
5 711 9466 8765 15996
5 8286 8892 4937 15997
5 582 8632 583 15998
5 8298 8874 271 15999
5 3875 9376 8869 16000
5 5250 8664 5783 16001
5 4684 5072 3911 16002
5 15 8906 831 16003
5 5290 8638 5330 16004
5 5130 5131 5129 16005
5 6818 9207 762 16006
5 4956 8769 4959 16007
5 3733 3734 3732 16008
5 5265 8877 5312 16009
5 3827 4535 3002 16010
5 6038 9698 705 16011
5 6966 8965 2327 16012
5 3793 5079 3792 16013
5 8333 9353 5025 16014
5 9279 9332 5040 16015
5 5885 9054 5054 16016
5 913 8913 143 16017
5 142 8913 677 16018
5 3353 3411 3355 16019
5 4993 8831 4991 16020
5 6845 8636 6846 16021
5 43 8921 42 16022
5 2805 8955 2279 16023
5 2897 8955 8099 16024
5 123 8635 122 16025
5 3917 3919 3918 16026
5 521 8956 520 16027
5 5916 9260 5466 16028
5 2874 8744 3433 16029
5 846 9676 8131 16030
5 8477 9421 7571 16031
5 7376 8962 6767 16032
5 917 9290 8164 16033
5 5122 9121 8878 16034
5 2180 9508 6087 16035
5 580 8641 581 16036
5 2101 8642 2138 16037
5 3148 9050 3693 16038
5 4147 9489 5979 16039
5 8179 9488 8249 16040
5 2292 8643 2414 16041
5 3482 3749 3483 16042
5 4578 6140 3462 16043
5 2278 8927 6039 16044
5 2935 8813 3033 16045
5 2756 8644 2350 16046
5 8814 9494 8664 16047
5 785 9287 8297 16048
5 4680 8742 3898 16049
5 5050 6014 5051 16050
5 5950 8959 3852 16051
5 674 8633 5897 16052
5 6002 8657 6000 16053
5 5958 8977 4921 16054
5 3718 5895 3719 16055
5 4608 8647 4607 16056
5 5919 8921 5652 16057
5 7503 8976 4357 16058
5 5941 8832 5027 16059
5 8485 8916 5871 16060
5 4922 8977 6076 16061
5 5059 9423 3706 16062
5 5940 9113 5941 16063
5 3674 8649 4923 16064
5 8140 8966 482 16065
5 481 8966 840 16066
5 5144 8679 5145 16067
5 8269 8923 695 16068
5 5734 8812 8476 16069
5 6124 9581 3090 16070
5 5905 9475 3902 16071
5 8364 8645 3285 16072
5 6169 9005 6170 16073
5 7570 8651 5002 16074
5 5511 8660 5599 16075
5 1664 8991 1934 16076
5 6175 9674 8752 16077
5 6000 8657 5829 16078
5 7833 8653 6874 16079
5 578 8652 579 16080
5 5827 9034 746 16081
5 788 8945 129 16082
5 128 8945 903 16083
5 6107 8658 6109 16084
5 5123 9015 5130 16085
5 3922 3925 3924 16086
5 4447 9000 8080 16087
5 3886 9226 5080 16088
5 8475 9496 852 16089
5 6713 8656 4609 16090
5 859 9191 7901 16091
5 5259 5835 5833 16092
5 5768 8839 5766 16093
5 6966 9672 5036 16094
5 5288 8638 5287 16095
5 1904 8659 6849 16096
5 5279 5282 5281 16097
5 7151 9411 8448 16098
5 576 8661 577 16099
5 5543 9186 5472 16100
5 4165 4699 4166 16101
5 900 8957 45 16102
5 44 8957 670 16103
5 4626 4628 4627 16104
5 3095 9016 3876 16105
5 5781 8746 5780 16106
5 4147 5979 4154 16107
5 5834 9444 8983 16108
5 8642 9532 5537 16109
5 4245 8744 2874 16110
5 7745 8666 6975 16111
5 8059 9370 6337 16112
5 8729 9718 4634 16113
5 3926 4487 4486 16114
5 6083 9333 687 16115
5 4688 8985 4717 16116
5 5014 9448 4164 16117
5 562 8901 837 16118
5 574 8670 575 16119
5 842 9289 6129 16120
5 3788 3799 3314 16121
5 9238 9291 5055 16122
5 5349 8678 8405 16123
5 2148 9003 4771 16124
5 5253 9157 8408 16125
5 3930 5880 4703 16126
5 4964 8826 4962 16127
5 574 8671 8670 16128
5 8557 9474 5995 16129
5 8458 9453 927 16130
5 5899 9453 8458 16131
5 714 8993 267 16132
5 573 8671 574 16133
5 5020 9516 8883 16134
5 6638 9042 1342 16135
5 1344 9042 1354 16136
5 3321 9603 4655 16137
5 8753 8754 5479 16138
5 1912 9046 1931 16139
5 63 8672 62 16140
5 8267 9119 8375 16141
5 3849 9727 8871 16142
5 4546 8674 6518 16143
5 5595 9741 4518 16144
5 2426 8360 7087 16145
5 3468 9343 5653 16146
5 5748 5751 5750 16147
5 832 8675 34 16148
5 8529 8815 729 16149
5 5161 8882 5163 16150
5 259 9012 829 16151
5 571 8680 572 16152
5 3769 9694 9132 16153
5 4769 8383 6300 16154
5 5654 9739 9639 16155
5 5429 9586 5427 16156
5 5952 8955 2805 16157
5 3058 9732 3060 16158
5 8330 8986 667 16159
5 9042 9192 6076 16160
5 5314 8520 5331 16161
5 5736 5739 5738 16162
5 800 9021 112 16163
5 111 9021 902 16164
5 4645 9212 3705 16165
5 6064 9465 5235 16166
5 8726 9609 8324 16167
5 522 9062 521 16168
5 5379 5380 5372 16169
5 7910 8683 4675 16170
5 2944 8691 2942 16171
5 5232 5233 5230 16172
5 5879 5935 3799 16173
5 8231 9105 8230 16174
5 294 8663 295 16175
5 677 9023 141 16176
5 140 9023 921 16177
5 867 9327 6594 16178
5 5585 9000 8708 16179
5 3750 3848 3847 16180
5 4643 9070 4642 16181
5 6147 9591 2326 16182
5 2787 8829 3343 16183
5 8542 8809 7400 16184
5 8296 8782 8458 16185
5 3287 8645 3901 16186
5 1854 9081 1671 16187
5 1673 9081 3090 16188
5 3692 3903 3149 16189
5 4494 9029 5084 16190
5 569 8688 570 16191
5 5491 9454 9013 16192
5 2338 9091 2114 16193
5 1838 9091 2878 16194
5 1672 9685 8386 16195
5 896 9035 245 16196
5 244 9035 792 16197
5 3802 9011 6032 16198
5 5212 9709 3757 16199
5 5770 8508 5771 16200
5 5685 9606 8675 16201
5 6098 9419 9023 16202
5 4307 9107 6333 16203
5 5600 6087 4953 16204
5 713 9044 261 16205
5 4283 9109 7198 16206
5 5907 8950 5908 16207
5 8228 9355 5128 16208
5 5963 5964 5961 16209
5 5634 9138 6011 16210
5 9341 9348 8255 16211
5 5155 9492 5644 16212
5 4642 9118 4637 16213
5 7917 9248 7430 16214
5 5829 5830 4623 16215
5 2767 8941 3001 16216
5 5926 9362 5386 16217
5 2566 9123 2563 16218
5 892 9216 6001 16219
5 3480 8691 2944 16220
5 5869 9499 8258 16221
5 5154 9065 5152 16222
5 5978 9256 5109 16223
5 5530 9320 8944 16224
5 3524 8696 2714 16225
5 144 9053 913 16226
5 798 9053 145 16227
5 5614 8714 5613 16228
5 5179 8789 3884 16229
5 8175 9367 3690 16230
5 894 9026 8269 16231
5 3440 9473 8860 16232
5 5007 8794 3704 16233
5 5602 5603 5024 16234
5 5908 9412 4633 16235
5 6192 8706 5610 16236
5 4968 4970 4969 16237
5 4130 4132 4131 16238
5 5538 9601 5927 16239
5 5347 9134 5878 16240
5 2127 9164 961 16241
5 5260 8668 5262 16242
5 5690 9258 5016 16243
5 4512 8701 6933 16244
5 5684 8998 3695 16245
5 5300 5301 5299 16246
5 48 9072 797 16247
5 908 9072 49 16248
5 3774 3883 2932 16249
5 3079 3894 3713 16250
5 5996 9339 8557 16251
5 8599 9246 5092 16252
5 2770 8912 2415 16253
5 3480 8731 8691 16254
5 8732 9385 2330 16255
5 8248 9550 9302 16256
5 4984 8786 5911 16257
5 4719 8456 4519 16258
5 9262 9263 8481 16259
5 8199 8702 789 16260
5 9349 9703 3914 16261
5 3322 3794 3336 16262
5 4977 9301 6101 16263
5 9542 9708 4558 16264
5 2846 9605 2843 16265
5 2073 9196 2072 16266
5 2161 9196 2718 16267
5 1694 9197 1668 16268
5 5672 9317 5615 16269
5 1385 9201 1383 16270
5 5601 9225 5602 16271
5 8763 9250 5042 16272
5 3932 5880 3930 16273
5 6011 9203 7675 16274
5 4124 4125 4122 16275
5 6815 9207 6818 16276
5 2120 9211 7235 16277
5 5853 9217 5043 16278
5 8772 9004 803 16279
5 3359 4492 3757 16280
5 956 8707 958 16281
5 9005 9123 6170 16282
5 3324 8742 4928 16283
5 2894 8708 7556 16284
5 5724 8963 5723 16285
5 6176 9457 5177 16286
5 3194 9104 3186 16287
5 892 9127 82 16288
5 81 9127 802 16289
5 797 8694 8315 16290
5 5294 8682 5335 16291
5 9063 9294 4484 16292
5 5590 5825 3842 16293
5 4631 8967 5117 16294
5 130 9135 788 16295
5 923 9135 131 16296
5 3695 8806 7569 16297
5 3828 4610 3829 16298
5 6980 9249 6981 16299
5 508 9240 507 16300
5 3396 3398 3397 16301
5 8220 9379 843 16302
5 6181 8854 5425 16303
5 8254 9341 8255 16304
5 3334 5703 3816 16305
5 3665 8766 3666 16306
5 5623 9496 8475 16307
5 5584 9265 5679 16308
5 3721 8712 7683 16309
5 8080 9276 1265 16310
5 800 9497 6051 16311
5 5940 9287 9113 16312
5 8386 9685 6172 16313
5 2429 9272 2433 16314
5 9001 9186 5543 16315
5 8328 9392 781 16316
5 1387 9281 1385 16317
5 8521 9282 6184 16318
5 8837 9412 5908 16319
5 951 2423 2422 16320
5 8135 9560 858 16321
5 5475 9346 5474 16322
5 97 9173 801 16323
5 905 9173 98 16324
5 4462 8716 6636 16325
5 6085 9304 4924 16326
5 5382 9252 5938 16327
5 902 8721 8308 16328
5 5569 9307 6030 16329
5 8004 9308 5191 16330
5 8261 9621 5220 16331
5 5021 9365 8540 16332
5 7352 8989 4800 16333
5 920 9190 24 16334
5 5906 8902 4530 16335
5 0 9319 568 16336
5 477 9319 0 16337
5 8586 9223 5356 16338
5 6430 9334 8076 16339
5 10 9200 940 16340
5 843 9200 11 16341
5 2446 9638 7092 16342
5 5771 8508 6132 16343
5 840 9318 480 16344
5 479 9318 935 16345
5 5206 8744 6141 16346
5 5572 5573 5400 16347
5 8190 9122 5090 16348
5 5434 5435 5433 16349
5 3007 3409 3408 16350
5 486 9327 867 16351
5 743 9327 487 16352
5 5218 6194 3793 16353
5 5451 9380 5447 16354
5 1678 9685 1674 16355
5 6987 9678 2282 16356
5 4489 4536 4490 16357
5 9312 9431 3323 16358
5 1931 9372 1964 16359
5 2370 8655 944 16360
5 5993 9584 9201 16361
5 83 9216 892 16362
5 680 9216 84 16363
5 503 9339 839 16364
5 5354 5355 5353 16365
5 5452 5454 5450 16366
5 5225 5226 5224 16367
5 5104 9386 6426 16368
5 5260 5261 5258 16369
5 760 9354 492 16370
5 491 9354 865 16371
5 7356 9652 2073 16372
5 5366 5367 5365 16373
5 2938 5946 3739 16374
5 5479 8592 5478 16375
5 9187 9548 5846 16376
5 3879 9725 5166 16377
5 23 9245 22 16378
5 742 8692 5462 16379
5 3285 8645 3287 16380
5 3454 3852 3753 16381
5 957 9574 1161 16382
5 5195 5879 3799 16383
5 3105 8789 3103 16384
5 5477 8753 5479 16385
5 5930 9098 3839 16386
5 3830 6039 3832 16387
5 5258 8585 5259 16388
5 160 9234 925 16389
5 787 9234 161 16390
5 2326 9591 2033 16391
5 2022 9591 2021 16392
5 5997 9474 7528 16393
5 835 9400 499 16394
5 6122 9581 6121 16395
5 5224 8584 6106 16396
5 5640 9496 5624 16397
5 9537 9620 3481 16398
5 944 946 945 16399
5 5190 9553 5181 16400
5 2181 9508 2180 16401
5 2436 9508 2184 16402
5 5887 9514 6684 16403
5 5196 9529 7874 16404
5 5549 9619 5898 16405
5 5478 5481 5480 16406
5 4551 9442 8393 16407
5 5421 5422 5420 16408
5 5505 8831 740 16409
5 906 8711 8198 16410
5 8534 9683 799 16411
5 3104 8515 4696 16412
5 5287 8638 5290 16413
5 8944 9320 5531 16414
5 8876 9202 4593 16415
5 3745 8767 5994 16416
5 939 9289 289 16417
5 288 9289 842 16418
5 4145 4146 4144 16419
5 7901 9191 5165 16420
5 9224 9724 4567 16421
5 8288 9355 772 16422
5 5747 9605 6041 16423
5 4487 4489 4488 16424
5 5503 9654 5692 16425
5 4370 8728 3618 16426
5 7178 8730 6750 16427
5 658 9330 2 16428
5 1 9331 567 16429
5 2 9330 290 16430
5 9 9331 1 16431
5 4992 4995 4994 16432
5 8560 8701 6203 16433
5 8294 9299 8599 16434
5 5970 8903 5035 16435
5 3814 3878 3367 16436
5 8611 9676 846 16437
5 6203 8731 3480 16438
5 8314 8727 796 16439
5 6072 8662 5132 16440
5 9158 9566 9013 16441
5 221 9333 901 16442
5 687 9333 222 16443
5 841 9474 8557 16444
5 5878 8722 8669 16445
5 5643 9440 5551 16446
5 7569 9188 7015 16447
5 27 9716 745 16448
5 796 8727 8166 16449
5 885 8899 8895 16450
5 3467 6150 4502 16451
5 3392 3394 3393 16452
5 8724 9542 9157 16453
5 844 8463 5966 16454
5 5652 9111 4600 16455
5 5831 6081 4699 16456
5 3790 8562 8470 16457
5 5566 9528 9092 16458
5 5341 8669 8621 16459
5 8631 8800 5146 16460
5 42 9622 41 16461
5 4132 4133 4131 16462
5 498 9400 8184 16463
5 8310 9097 8412 16464
5 3841 5824 5590 16465
5 6071 9015 711 16466
5 5184 9664 8979 16467
5 262 9414 713 16468
5 5775 9254 9055 16469
5 3814 8746 3878 16470
5 745 9432 26 16471
5 25 9432 920 16472
5 8678 9393 8405 16473
5 37 8734 36 16474
5 5649 8753 5442 16475
5 4999 5149 4998 16476
5 5062 8717 8530 16477
5 896 9480 6220 16478
5 952 9152 954 16479
5 5134 9131 6082 16480
5 32 9606 716 16481
5 246 9480 896 16482
5 693 9480 247 16483
5 5396 9475 5905 16484
5 8380 9430 8594 16485
5 199 9585 675 16486
5 893 9585 200 16487
5 8925 9502 5746 16488
5 113 9497 800 16489
5 910 9497 114 16490
5 4563 5103 3749 16491
5 8811 9557 5823 16492
5 5096 9158 9013 16493
5 8424 8726 928 16494
5 3412 9011 3802 16495
5 6157 8865 6156 16496
5 8717 9737 5060 16497
5 914 8892 8286 16498
5 5110 8806 4498 16499
5 3711 9215 5943 16500
5 5669 8837 8836 16501
5 5376 5385 5374 16502
5 8380 8596 3714 16503
5 5271 5295 5294 16504
5 4606 9176 8576 16505
5 8133 9112 7430 16506
5 5643 8990 8498 16507
5 6168 9521 6172 16508
5 4137 5912 4136 16509
5 8522 9472 8711 16510
5 6053 9130 6054 16511
5 8676 8677 5064 16512
5 5402 8677 8676 16513
5 6248 9304 867 16514
5 8509 8793 953 16515
5 894 9279 9026 16516
5 6981 9424 7833 16517
5 4502 8687 5575 16518
5 4950 9511 3881 16519
5 8702 8710 8703 16520
5 3868 3869 3866 16521
5 8178 8747 3523 16522
5 5121 6052 5120 16523
5 867 9304 8136 16524
5 4950 9120 8568 16525
5 4937 8892 4936 16526
5 5775 9284 6061 16527
5 5876 9037 4535 16528
5 266 8993 8494 16529
5 5095 9454 5972 16530
5 5436 5592 5437 16531
5 8232 9414 263 16532
5 8535 8792 5657 16533
5 5346 6016 5345 16534
5 8203 8760 8377 16535
5 8602 9103 4914 16536
5 4602 8768 8291 16537
5 7872 9520 4740 16538
5 8697 9515 9054 16539
5 3367 8684 3203 16540
5 3394 3396 3395 16541
5 6175 8752 4673 16542
5 5351 9078 8504 16543
5 5531 9431 8888 16544
5 884 8738 8302 16545
5 8653 9139 5308 16546
5 5638 9438 8339 16547
5 283 8750 282 16548
5 3524 8812 8696 16549
5 887 9309 8426 16550
5 5035 8903 5034 16551
5 8326 8925 714 16552
5 5242 5243 5241 16553
5 5397 5399 5396 16554
5 5430 5431 5429 16555
5 8762 9389 4983 16556
5 8280 9206 8427 16557
5 6071 8765 6072 16558
5 8204 8761 8203 16559
5 216 8751 215 16560
5 5790 9450 8872 16561
5 4699 6081 5641 16562
5 6100 9092 2338 16563
5 5796 8827 8805 16564
5 3394 3439 3396 16565
5 877 8743 8331 16566
5 506 8757 841 16567
5 3676 9724 6069 16568
5 8255 9250 8272 16569
5 831 8875 8530 16570
5 8635 8856 122 16571
5 4973 8736 8698 16572
5 8305 8845 688 16573
5 4663 9657 3131 16574
5 5327 8520 5314 16575
5 3822 3865 3821 16576
5 8868 8869 6004 16577
5 5166 9725 8493 16578
5 845 8901 563 16579
5 8283 9278 8282 16580
5 157 8764 156 16581
5 9472 9717 5093 16582
5 5092 9717 9472 16583
5 8295 9096 895 16584
5 4493 8949 4528 16585
5 7780 8770 6853 16586
5 2091 8771 1640 16587
5 3863 3917 3864 16588
5 8291 8768 8292 16589
5 5703 5855 5704 16590
5 155 8772 154 16591
5 3199 9544 5554 16592
5 823 8826 5498 16593
5 8306 8845 8305 16594
5 8182 8964 4986 16595
5 4531 9582 8170 16596
5 6062 9388 5384 16597
5 3064 9604 3424 16598
5 5198 5199 5164 16599
5 3782 3783 3781 16600
5 900 9492 8957 16601
5 5211 9027 8987 16602
5 8412 9146 8411 16603
5 8620 8920 1667 16604
5 3770 5611 3346 16605
5 5534 9609 8726 16606
5 5293 9049 5339 16607
5 937 5960 565 16608
5 257 8774 256 16609
5 5862 9541 3856 16610
5 5431 6023 5429 16611
5 778 8763 8174 16612
5 8667 9612 9108 16613
5 5456 9242 8912 16614
5 6172 9521 8386 16615
5 3386 5069 4665 16616
5 4624 8958 5828 16617
5 6196 8821 5587 16618
5 5321 8834 5808 16619
5 4705 9532 7630 16620
5 5129 6052 5121 16621
5 1984 8780 1985 16622
5 2424 8883 2422 16623
5 6875 9583 6876 16624
5 4808 9001 4809 16625
5 8408 9157 4558 16626
5 8317 9090 8439 16627
5 9557 9590 5823 16628
5 8430 8433 8432 16629
5 5090 9122 5088 16630
5 8137 9438 811 16631
5 8248 8801 8247 16632
5 6260 8637 3484 16633
5 6082 9132 5134 16634
5 858 9560 8539 16635
5 5668 9683 8534 16636
5 5550 5642 5547 16637
5 3927 8953 8928 16638
5 756 9471 5254 16639
5 757 9469 5461 16640
5 751 9463 6181 16641
5 731 9470 5477 16642
5 733 9468 5415 16643
5 8759 9349 3914 16644
5 5751 5753 5752 16645
5 8351 9550 8248 16646
5 3917 8650 3919 16647
5 4711 9618 8216 16648
5 8216 9618 8215 16649
5 6187 9008 5621 16650
5 7172 9484 6205 16651
5 258 8788 257 16652
5 8586 9006 5355 16653
5 6030 9662 3802 16654
5 748 9599 8139 16655
5 6185 8808 3496 16656
5 5432 8798 5434 16657
5 5398 8799 5572 16658
5 5294 5334 5270 16659
5 5488 9630 5686 16660
5 5369 5370 5368 16661
5 5228 5229 5227 16662
5 915 8999 8322 16663
5 3390 3448 3392 16664
5 6749 9024 8605 16665
5 6130 9158 5096 16666
5 8269 9026 8923 16667
5 5060 8718 8717 16668
5 257 8788 8774 16669
5 7913 9204 935 16670
5 746 9034 8298 16671
5 5457 8587 5452 16672
5 8396 8793 4987 16673
5 8896 9325 5346 16674
5 4636 9336 4527 16675
5 5789 8586 5354 16676
5 9132 9735 3769 16677
5 315 8778 316 16678
5 4621 8972 4618 16679
5 3762 4539 2370 16680
5 9505 9651 5502 16681
5 850 9529 8559 16682
5 8268 8811 8325 16683
5 9228 9736 5215 16684
5 563 8901 562 16685
5 5355 5818 5353 16686
5 5306 5307 5305 16687
5 8377 9427 8376 16688
5 8650 9003 2148 16689
5 5454 5455 5450 16690
5 3915 9703 9349 16691
5 5367 5375 5365 16692
5 5910 9558 5100 16693
5 4486 9503 8588 16694
5 5421 5424 5422 16695
5 8530 8717 8221 16696
5 782 8782 8296 16697
5 2823 9262 8120 16698
5 898 8787 8222 16699
5 4686 8818 8239 16700
5 8257 9113 785 16701
5 3857 5097 4498 16702
5 2775 9167 3385 16703
5 5109 9481 5108 16704
5 8433 9195 5188 16705
5 175 8802 174 16706
5 4640 8819 8818 16707
5 3328 8922 6211 16708
5 2566 9264 9123 16709
5 833 8918 8268 16710
5 5297 5344 5295 16711
5 3893 9659 5142 16712
5 2430 9670 9356 16713
5 8735 9266 4154 16714
5 909 9110 8285 16715
5 3888 9543 8821 16716
5 5330 9171 5319 16717
5 6601 9082 5853 16718
5 4809 9001 8943 16719
5 8981 9219 668 16720
5 5565 9635 9155 16721
5 1984 8807 8780 16722
5 8258 9499 786 16723
5 5927 9417 5213 16724
5 6255 8807 1984 16725
5 3917 9003 8650 16726
5 7400 8809 7552 16727
5 8429 9140 8430 16728
5 3891 8810 3344 16729
5 8122 9667 848 16730
5 5139 9314 5138 16731
5 8863 9371 8623 16732
5 3933 8791 3762 16733
5 830 9415 8232 16734
5 4474 9393 8678 16735
5 9170 9388 5381 16736
5 5904 9126 3110 16737
5 8820 9654 6074 16738
5 5033 8756 8690 16739
5 6156 9011 3411 16740
5 4802 4805 4804 16741
5 3730 3748 3458 16742
5 5999 8918 5039 16743
5 5171 5175 5173 16744
5 5583 8708 8580 16745
5 6032 9345 6031 16746
5 7180 8816 7179 16747
5 4131 4140 4129 16748
5 6129 9433 842 16749
5 5790 8872 8773 16750
5 8262 9165 8700 16751
5 8367 9326 912 16752
5 8597 9025 8745 16753
5 8307 8958 4624 16754
5 3909 4705 3873 16755
5 8559 9514 769 16756
5 6078 9115 5496 16757
5 8700 9140 8431 16758
5 8790 9634 4967 16759
5 4985 9159 5919 16760
5 5431 8156 6023 16761
5 9302 9550 5087 16762
5 5029 9686 8814 16763
5 100 8822 99 16764
5 8634 8697 5361 16765
5 8504 9575 5216 16766
5 924 9183 8493 16767
5 5845 9106 9105 16768
5 6150 8687 4502 16769
5 8194 9314 5139 16770
5 5739 5741 5740 16771
5 4463 5664 4571 16772
5 5142 9309 6057 16773
5 86 8823 85 16774
5 3735 4461 3734 16775
5 5326 9666 5276 16776
5 5621 5943 4980 16777
5 5344 8682 5295 16778
5 8895 8899 8183 16779
5 8323 8899 885 16780
5 2847 8853 2846 16781
5 811 9438 8453 16782
5 8496 8932 5173 16783
5 8322 9298 798 16784
5 5336 9371 8863 16785
5 8311 8866 8485 16786
5 4987 8793 8509 16787
5 4978 9613 8667 16788
5 4715 9305 8438 16789
5 1654 8833 1651 16790
5 5082 9316 8196 16791
5 5933 8942 6045 16792
5 5818 9078 5353 16793
5 5345 9303 5304 16794
5 4944 9560 8492 16795
5 6127 9259 4140 16796
5 5783 8854 5251 16797
5 3404 3803 3421 16798
5 8718 9456 8717 16799
5 8787 9278 8214 16800
5 8143 9301 760 16801
5 5934 9298 5930 16802
5 3874 3909 3873 16803
5 5998 9071 5999 16804
5 5798 9059 8796 16805
5 9002 9413 5343 16806
5 3193 9291 7125 16807
5 663 8803 357 16808
5 5536 9088 3851 16809
5 8904 9626 5381 16810
5 672 9103 8602 16811
5 8993 9653 5809 16812
5 2999 5917 3752 16813
5 8725 9063 3477 16814
5 5310 9577 8863 16815
5 3810 5785 3812 16816
5 3844 9306 5955 16817
5 8708 9000 7556 16818
5 8300 9427 8578 16819
5 676 9619 8822 16820
5 4996 4999 4998 16821
5 5753 5756 5754 16822
5 802 8958 8329 16823
5 5563 9476 3906 16824
5 8493 9183 5166 16825
5 9066 9723 4506 16826
5 3793 9571 5079 16827
5 5141 9427 8377 16828
5 8187 9558 5910 16829
5 5004 9152 5003 16830
5 1636 8838 2672 16831
5 5931 8942 5933 16832
5 3728 9175 6178 16833
5 4519 4520 3796 16834
5 314 8825 315 16835
5 8521 8845 8306 16836
5 5882 8776 5609 16837
5 5988 8851 5111 16838
5 8865 9345 6032 16839
5 5387 5938 5374 16840
5 6047 8988 8875 16841
5 760 9301 8332 16842
5 8175 9031 5461 16843
5 17 8843 16 16844
5 8336 8840 2118 16845
5 8700 9166 5189 16846
5 4915 5553 4916 16847
5 4532 8951 5669 16848
5 4565 9600 9486 16849
5 5943 9008 3711 16850
5 5203 8470 5200 16851
5 5880 8996 8698 16852
5 5748 6041 5751 16853
5 4534 9602 9156 16854
5 3909 8546 5537 16855
5 8179 8935 4695 16856
5 8947 9564 8371 16857
5 5829 8657 5830 16858
5 811 9370 8125 16859
5 5947 9535 4564 16860
5 7263 9112 839 16861
5 5108 8970 4698 16862
5 7185 8852 7077 16863
5 210 8850 209 16864
5 6102 9436 8938 16865
5 5916 9443 5536 16866
5 8437 9269 8441 16867
5 5675 9547 5128 16868
5 6091 9450 5358 16869
5 6094 9451 3761 16870
5 8569 9056 4507 16871
5 8432 8995 8204 16872
5 122 8856 121 16873
5 8188 9022 929 16874
5 5580 8858 5582 16875
5 799 8836 8295 16876
5 3888 8821 6196 16877
5 6040 9172 5172 16878
5 3742 9038 8196 16879
5 8391 8847 5858 16880
5 8533 9599 8035 16881
5 929 9022 8275 16882
5 8576 8980 4634 16883
5 4610 4617 4611 16884
5 8329 8958 8307 16885
5 4970 4973 4971 16886
5 8988 9422 5059 16887
5 3387 8742 3324 16888
5 8199 8710 8702 16889
5 4641 9088 8695 16890
5 5988 9125 4559 16891
5 8192 8848 915 16892
5 5225 5227 5226 16893
5 3843 5932 5931 16894
5 5366 5368 5367 16895
5 5092 9472 8599 16896
5 5260 5262 5261 16897
5 4500 8939 5806 16898
5 3416 8741 3417 16899
5 6061 9284 5414 16900
5 6160 8926 3925 16901
5 3850 9390 5021 16902
5 6152 9437 4604 16903
5 4126 4127 4125 16904
5 5604 6184 5605 16905
5 9222 9391 3443 16906
5 4505 9723 9066 16907
5 9326 9618 4711 16908
5 8905 9544 5920 16909
5 8796 9060 5872 16910
5 8504 9398 5350 16911
5 5302 5303 5301 16912
5 3760 5193 4544 16913
5 687 9483 6083 16914
5 5661 9174 5558 16915
5 3908 8867 8546 16916
5 833 9159 8918 16917
5 5422 5423 5420 16918
5 5756 6007 5757 16919
5 3020 8853 2847 16920
5 737 9386 8475 16921
5 3444 5574 4463 16922
5 8348 9517 5074 16923
5 4601 8566 5998 16924
5 3465 3863 3862 16925
5 8435 9648 9342 16926
5 4644 9565 3800 16927
5 8733 9190 920 16928
5 5486 9446 8805 16929
5 8654 9583 6875 16930
5 946 947 945 16931
5 5481 8547 5480 16932
5 8227 9447 8425 16933
5 8633 9014 5897 16934
5 9060 9146 5873 16935
5 8564 8791 3933 16936
5 6085 9048 810 16937
5 8476 8812 3524 16938
5 819 9178 9043 16939
5 3497 8792 8535 16940
5 5782 8984 8542 16941
5 271 8874 270 16942
5 870 9082 6101 16943
5 5562 8681 4690 16944
5 4679 9546 4678 16945
5 4680 9523 8742 16946
5 842 9433 8206 16947
5 7430 9112 4917 16948
5 5055 9291 9104 16949
5 5891 9495 9055 16950
5 5923 9148 814 16951
5 8604 9599 748 16952
5 5762 9133 5761 16953
5 952 953 950 16954
5 8559 9529 5594 16955
5 2327 8965 6139 16956
5 7415 9253 4283 16957
5 5279 8748 5282 16958
5 8425 8892 914 16959
5 5491 9013 5492 16960
5 885 8895 8257 16961
5 3872 3873 3870 16962
5 5102 8975 5702 16963
5 6722 8880 7766 16964
5 6027 9004 8772 16965
5 4147 4154 4146 16966
5 3754 9247 5861 16967
5 5295 8682 5294 16968
5 8277 8960 8446 16969
5 5173 8932 5174 16970
5 4932 9083 6973 16971
5 8138 9205 8076 16972
5 4118 9125 5988 16973
5 8653 9424 9139 16974
5 8711 9472 5093 16975
5 5265 5272 5266 16976
5 7132 8881 2685 16977
5 8843 8906 16 16978
5 5923 9176 4606 16979
5 9347 9489 4147 16980
5 4934 9004 6027 16981
5 4491 8990 5643 16982
5 3841 3842 3840 16983
5 5868 8163 5851 16984
5 3874 8465 3909 16985
5 5673 9406 8465 16986
5 5100 9558 9004 16987
5 3767 5814 5517 16988
5 5789 9224 9223 16989
5 8598 9676 4938 16990
5 5277 9695 5274 16991
5 3360 8846 8163 16992
5 3913 9299 8768 16993
5 8698 8996 4973 16994
5 8712 9048 7683 16995
5 5806 8935 5989 16996
5 5938 9252 5371 16997
5 234 8887 233 16998
5 5485 9616 5959 16999
5 3340 8978 3342 17000
5 5328 8861 5327 17001
5 8530 8875 5062 17002
5 443 8878 444 17003
5 5741 5743 5742 17004
5 4705 8830 3873 17005
5 8453 9370 811 17006
5 8360 9510 7087 17007
5 3714 9297 8597 17008
5 5002 9667 8606 17009
5 5425 9143 5424 17010
5 9157 9542 4558 17011
5 3926 8926 4487 17012
5 3934 9436 6102 17013
5 9000 9276 8080 17014
5 5908 9096 8837 17015
5 8615 9326 4711 17016
5 5189 9195 9140 17017
5 5248 9039 5249 17018
5 8841 9393 4474 17019
5 5095 8971 4969 17020
5 5546 5656 4504 17021
5 9186 9409 8982 17022
5 5594 9514 8559 17023
5 8273 9279 894 17024
5 6083 9483 5786 17025
5 4635 8932 8496 17026
5 5023 9010 5601 17027
5 5899 8888 5550 17028
5 5965 9456 8718 17029
5 5305 5308 5303 17030
5 4717 9524 5987 17031
5 5073 5990 5072 17032
5 3488 5778 3808 17033
5 5433 8648 5430 17034
5 5400 8646 5397 17035
5 8076 9205 5000 17036
5 8837 9096 8836 17037
5 8937 9362 5926 17038
5 5329 9704 9325 17039
5 8213 9329 3845 17040
5 5787 9102 5705 17041
5 7415 9369 9253 17042
5 5644 9359 5156 17043
5 8289 9010 790 17044
5 8798 9482 5434 17045
5 1825 9009 6704 17046
5 912 9326 8615 17047
5 8710 8928 8703 17048
5 16 8906 15 17049
5 3784 3785 3783 17050
5 5836 9058 6197 17051
5 5020 8883 5018 17052
5 1346 8910 1348 17053
5 4618 8972 4620 17054
5 4552 9590 9557 17055
5 3360 8527 3062 17056
5 5271 5294 5270 17057
5 5502 8917 5500 17058
5 6973 9083 5732 17059
5 5427 9586 8975 17060
5 5186 9518 5526 17061
5 4976 9513 3420 17062
5 4130 4131 4129 17063
5 5135 9267 5136 17064
5 5965 8973 5964 17065
5 8275 9022 8276 17066
5 8318 9455 5606 17067
5 143 8913 142 17068
5 5654 9343 9342 17069
5 8319 9041 686 17070
5 5949 9275 5725 17071
5 8589 8777 8590 17072
5 9672 9736 9228 17073
5 5128 9547 8421 17074
5 1170 8915 1162 17075
5 4535 6100 3002 17076
5 5560 8947 4661 17077
5 5175 8496 5173 17078
5 877 9547 8743 17079
5 8427 8868 897 17080
5 8844 9110 5058 17081
5 5168 8709 3928 17082
5 5167 9607 8185 17083
5 848 9667 8651 17084
5 3878 8684 3367 17085
5 5858 9026 5041 17086
5 8568 9511 4950 17087
5 5443 9671 5923 17088
5 1667 8920 1669 17089
5 8584 9247 3754 17090
5 8196 9038 5082 17091
5 8854 8855 5425 17092
5 670 8921 43 17093
5 5346 9325 6016 17094
5 5970 8842 5969 17095
5 5217 9142 5220 17096
5 6065 9051 2364 17097
5 8872 9450 752 17098
5 5215 9736 5831 17099
5 5607 8845 8521 17100
5 8842 9433 5969 17101
5 695 8923 8227 17102
5 3848 4989 3849 17103
5 5234 5648 5233 17104
5 6007 8853 3020 17105
5 8475 9386 5623 17106
5 6967 8931 2020 17107
5 5132 5689 5131 17108
5 5532 8944 5535 17109
5 5022 9219 8982 17110
5 5517 9144 3768 17111
5 4616 8873 4701 17112
5 2297 8933 2366 17113
5 3820 3821 3697 17114
5 5021 9390 9365 17115
5 8724 9157 5254 17116
5 8768 9299 8292 17117
5 4918 8936 5557 17118
5 8717 9456 8221 17119
5 8962 9581 6122 17120
5 2718 8937 7329 17121
5 8278 9578 5726 17122
5 5528 9198 5527 17123
5 5999 9557 8811 17124
5 5091 8940 8189 17125
5 5861 9247 5953 17126
5 4573 9222 5986 17127
5 9307 9662 6030 17128
5 4566 5357 5356 17129
5 8517 8888 5899 17130
5 2374 9202 2419 17131
5 6722 9005 8880 17132
5 5013 9043 5012 17133
5 3051 8941 2767 17134
5 5961 6058 5960 17135
5 3171 9715 3173 17136
5 674 9464 8633 17137
5 5136 9267 8358 17138
5 678 9344 6022 17139
5 6061 9368 9254 17140
5 5220 9300 5219 17141
5 5482 5862 3853 17142
5 5609 6194 5218 17143
5 8227 8923 8847 17144
5 8847 8923 5858 17145
5 3841 5590 3842 17146
5 6012 9387 9290 17147
5 8371 8909 738 17148
5 734 9506 5593 17149
5 5550 8888 5642 17150
5 5604 5605 5603 17151
5 5461 9031 5460 17152
5 4599 8566 4601 17153
5 743 9070 6116 17154
5 5164 8613 5162 17155
5 8410 9146 9060 17156
5 5826 9261 5473 17157
5 5702 9586 6023 17158
5 5267 5268 5264 17159
5 6057 9309 8398 17160
5 4917 9112 7263 17161
5 5482 9541 5862 17162
5 129 8945 128 17163
5 8612 9204 938 17164
5 3690 9530 8481 17165
5 4577 9031 8175 17166
5 688 9455 8318 17167
5 935 9204 8612 17168
5 8132 9248 835 17169
5 7300 8617 2802 17170
5 3729 9669 9087 17171
5 3788 9708 9542 17172
5 5304 5305 5303 17173
5 8976 9258 5690 17174
5 5216 9575 4543 17175
5 5317 8948 6080 17176
5 5114 9041 5907 17177
5 4947 9286 4948 17178
5 8897 8898 5014 17179
5 3762 8791 4540 17180
5 5436 5437 5435 17181
5 2073 9652 9311 17182
5 6079 9168 5326 17183
5 5189 9140 8700 17184
5 1700 9369 7415 17185
5 6178 9175 6179 17186
5 5966 8463 5967 17187
5 3834 4670 3836 17188
5 925 9213 8417 17189
5 2770 9588 8861 17190
5 3900 4481 3942 17191
5 898 9278 8787 17192
5 5822 8470 5203 17193
5 6183 9149 932 17194
5 5058 9110 5671 17195
5 5030 5124 3620 17196
5 5985 8936 4918 17197
5 2279 8955 2897 17198
5 4626 4627 3798 17199
5 520 8956 737 17200
5 8578 9550 8406 17201
5 5242 5244 5243 17202
5 5024 8466 5011 17203
5 5786 9483 5787 17204
5 8184 9217 809 17205
5 45 8957 44 17206
5 6003 9073 6002 17207
5 4689 8862 8608 17208
5 4538 9651 8537 17209
5 5434 9482 5436 17210
5 3090 8962 7376 17211
5 9399 9441 2842 17212
5 5721 8527 5949 17213
5 6061 9254 5775 17214
5 895 8950 8319 17215
5 4918 5557 4461 17216
5 6685 9118 865 17217
5 5526 9190 8733 17218
5 4565 9598 8979 17219
5 679 8963 8250 17220
5 6077 9218 3194 17221
5 835 9248 8354 17222
5 5107 9145 5106 17223
5 6967 9019 8931 17224
5 6182 8987 5562 17225
5 5551 9293 5552 17226
5 9056 9573 5063 17227
5 1700 9498 9369 17228
5 4499 9295 8543 17229
5 5130 9015 6071 17230
5 482 8966 481 17231
5 5004 9592 9152 17232
5 3817 9124 3764 17233
5 5472 8981 5470 17234
5 5834 8983 5318 17235
5 5005 8922 3821 17236
5 5045 9217 8184 17237
5 3750 9101 3848 17238
5 6004 9376 6003 17239
5 5233 9028 5230 17240
5 861 9334 8488 17241
5 3857 4498 3718 17242
5 3484 9397 3313 17243
5 3020 8952 6007 17244
5 2878 8976 7503 17245
5 8433 9193 8995 17246
5 4579 9177 5179 17247
5 3482 4563 3749 17248
5 8786 9111 5652 17249
5 4921 8977 4922 17250
5 9109 9253 6210 17251
5 4948 9286 8477 17252
5 5374 5938 5371 17253
5 4805 5600 4953 17254
5 5047 9329 8213 17255
5 9071 9614 4552 17256
5 782 9609 8782 17257
5 9241 9374 6013 17258
5 5747 6041 5748 17259
5 2571 9277 7458 17260
5 8898 9148 4685 17261
5 9462 9493 723 17262
5 5743 5747 5744 17263
5 2178 9323 8520 17264
5 8439 9090 8870 17265
5 5003 9153 4539 17266
5 1666 8991 1664 17267
5 5472 8982 8981 17268
5 5645 9255 5192 17269
5 5910 9437 6152 17270
5 9106 9640 3825 17271
5 9384 9401 3776 17272
5 5967 8463 5970 17273
5 4617 4621 4618 17274
5 9154 9410 9099 17275
5 3870 8830 3869 17276
5 6101 9082 6601 17277
5 5039 9159 4985 17278
5 5548 9066 5729 17279
5 5000 9205 8333 17280
5 944 8655 946 17281
5 267 8993 266 17282
5 5261 8585 5258 17283
5 5226 8584 5224 17284
5 5478 8592 5481 17285
5 8520 9323 5331 17286
5 5259 8585 5835 17287
5 5207 5208 3880 17288
5 7556 9000 4447 17289
5 3672 9713 2950 17290
5 9041 9283 686 17291
5 8395 9286 4947 17292
5 2908 8954 3005 17293
5 3423 5782 5781 17294
5 5343 9413 8749 17295
5 8417 9213 5567 17296
5 6105 9523 3029 17297
5 5372 8889 5370 17298
5 4650 8673 6178 17299
5 4519 8456 4520 17300
5 8473 9308 857 17301
5 5310 8863 8623 17302
5 9501 9708 3787 17303
5 8268 8918 8811 17304
5 4130 9522 4132 17305
5 8699 9416 4689 17306
5 5153 6145 5688 17307
5 2562 9005 6722 17308
5 5166 9183 5681 17309
5 8436 9627 9119 17310
5 5143 9219 5022 17311
5 4914 9103 4913 17312
5 8408 9007 5529 17313
5 6876 9009 1825 17314
5 889 9425 8593 17315
5 5101 5662 4630 17316
5 8425 9447 8893 17317
5 5087 9608 9302 17318
5 5087 9550 8578 17319
5 3777 9335 6020 17320
5 8918 9159 5039 17321
5 8271 9551 5715 17322
5 4128 4129 4127 17323
5 8448 9267 5135 17324
5 8605 9024 3291 17325
5 858 9353 8134 17326
5 5796 8804 5030 17327
5 2091 9439 8771 17328
5 8333 9205 766 17329
5 260 9012 259 17330
5 4990 8639 4992 17331
5 3876 9016 6090 17332
5 9283 9517 8301 17333
5 5835 5836 5833 17334
5 3051 9107 8941 17335
5 6123 9117 6125 17336
5 5068 9241 6013 17337
5 7089 8769 2436 17338
5 3448 8946 3392 17339
5 3762 4540 4539 17340
5 5681 9183 8284 17341
5 4357 9192 6638 17342
5 5373 5376 5374 17343
5 8715 9063 8725 17344
5 5660 8637 5952 17345
5 2696 9019 6967 17346
5 691 8969 360 17347
5 5213 9417 5214 17348
5 5177 9458 9274 17349
5 112 9021 111 17350
5 7683 9048 6085 17351
5 5938 9360 5382 17352
5 8881 9666 5326 17353
5 3912 9422 5057 17354
5 9056 9512 4507 17355
5 3033 9150 6068 17356
5 865 9118 8127 17357
5 8818 8819 8239 17358
5 141 9023 140 17359
5 4805 4953 4806 17360
5 801 9090 8317 17361
5 5132 8662 5689 17362
5 5991 9682 882 17363
5 9166 9706 5189 17364
5 8189 9022 8188 17365
5 4564 9535 9129 17366
5 5775 9055 5774 17367
5 9063 9594 3477 17368
5 9083 9484 5732 17369
5 5312 8877 6096 17370
5 3394 8946 3439 17371
5 6767 9498 1700 17372
5 8729 8980 5444 17373
5 5151 8795 5153 17374
5 8621 8669 5292 17375
5 5118 8864 5116 17376
5 8729 9629 4635 17377
5 2842 9441 2797 17378
5 691 9477 8969 17379
5 5235 9722 6064 17380
5 5932 9351 5931 17381
5 4659 8732 5779 17382
5 245 9035 244 17383
5 8999 9098 5930 17384
5 5274 9695 9402 17385
5 6088 9502 899 17386
5 8576 9533 4160 17387
5 6184 9540 5605 17388
5 8811 8918 5999 17389
5 948 952 950 17390
5 5492 9566 6176 17391
5 5069 8443 4665 17392
5 5041 9279 5040 17393
5 3819 9539 8543 17394
5 1342 9042 1344 17395
5 260 9044 9012 17396
5 8141 9411 748 17397
5 4536 9051 6065 17398
5 8987 9027 5562 17399
5 5266 9220 5263 17400
5 261 9044 260 17401
5 8144 9070 743 17402
5 8508 9648 6132 17403
5 2118 9046 1912 17404
5 6092 9261 5275 17405
5 6093 9260 5453 17406
5 8773 8872 5776 17407
5 8203 8761 8760 17408
5 8822 9619 5727 17409
5 3786 4659 3785 17410
5 5265 5266 5263 17411
5 9060 9328 5872 17412
5 5035 8968 8344 17413
5 5200 5201 5199 17414
5 2789 9085 6065 17415
5 4498 5895 3718 17416
5 5333 9323 6703 17417
5 8817 9515 4141 17418
5 8957 9492 5911 17419
5 4648 8673 4650 17420
5 5804 5990 5073 17421
5 8933 9272 2366 17422
5 810 9048 8140 17423
5 667 8986 8445 17424
5 2562 9123 9005 17425
5 3173 9715 5920 17426
5 6090 9549 3436 17427
5 5557 5558 4461 17428
5 5193 9507 4544 17429
5 3873 8830 3870 17430
5 5241 9209 5903 17431
5 2696 9109 9019 17432
5 8472 8739 4594 17433
5 8469 8970 5108 17434
5 6013 9374 5408 17435
5 9317 9468 5615 17436
5 3693 9050 8537 17437
5 4995 9095 4996 17438
5 4487 8926 5792 17439
5 145 9053 144 17440
5 6191 9235 6190 17441
5 5452 8587 5454 17442
5 5354 8586 5355 17443
5 8477 9286 755 17444
5 4539 8655 2370 17445
5 8303 9389 931 17446
5 3740 9436 3934 17447
5 3857 9084 5888 17448
5 8488 9334 5183 17449
5 8410 9059 8409 17450
5 8885 9481 5109 17451
5 1666 9197 8991 17452
5 6197 9444 5834 17453
5 4620 8972 4915 17454
5 4800 8989 4802 17455
5 5269 5270 5268 17456
5 4689 9416 8862 17457
5 8803 9664 5185 17458
5 8898 9448 5014 17459
5 4913 9103 8167 17460
5 5565 9155 9154 17461
5 3925 8926 3926 17462
5 5119 9121 5122 17463
5 5909 9607 8949 17464
5 857 9062 522 17465
5 8389 9203 768 17466
5 8980 9671 5444 17467
5 8230 9036 8428 17468
5 9395 9501 3787 17469
5 2803 9263 2823 17470
5 5846 9615 9187 17471
5 8465 8546 3909 17472
5 5339 9049 8516 17473
5 8261 9165 8262 17474
5 8151 9067 5516 17475
5 8574 9231 787 17476
5 8749 9563 5343 17477
5 4524 5206 5144 17478
5 6054 9130 8059 17479
5 5356 9006 8586 17480
5 5383 8596 8380 17481
5 6026 9366 2571 17482
5 6116 9070 4643 17483
5 2823 9633 7225 17484
5 5334 9439 6096 17485
5 8059 9130 8146 17486
5 854 9267 8448 17487
5 49 9072 48 17488
5 5197 9093 5198 17489
5 6034 9137 4930 17490
5 6051 9154 6050 17491
5 5190 9308 8473 17492
5 4528 8949 5167 17493
5 5353 9078 5351 17494
5 1671 9081 1673 17495
5 3411 9011 3412 17496
5 5070 9344 5567 17497
5 8410 9060 9059 17498
5 8463 8903 5970 17499
5 3291 9024 3322 17500
5 5099 9493 5959 17501
5 8126 9082 870 17502
5 5254 9157 5253 17503
5 8445 9052 8231 17504
5 8485 9097 8310 17505
5 8694 9617 5187 17506
5 4117 9079 6240 17507
5 5301 5311 5299 17508
5 9026 9279 5041 17509
5 4481 4593 4482 17510
5 5702 9045 5101 17511
5 2114 9091 1838 17512
5 4961 4966 4963 17513
5 848 9421 8145 17514
5 5172 9172 5170 17515
5 686 9283 8301 17516
5 5849 9182 5992 17517
5 5616 9141 5013 17518
5 5512 9181 5513 17519
5 9009 9583 5332 17520
5 2943 9459 8689 17521
5 8436 9119 8267 17522
5 5156 9068 4647 17523
5 778 9250 8763 17524
5 4660 9489 5560 17525
5 4533 9181 9025 17526
5 8431 9140 8429 17527
5 6333 9107 3051 17528
5 6022 9344 5070 17529
5 3802 9662 3414 17530
5 3322 9024 3794 17531
5 4633 9322 9185 17532
5 567 9331 8625 17533
5 8624 9330 658 17534
5 5567 9658 4549 17535
5 7198 9109 2696 17536
5 3409 9017 3408 17537
5 4805 8989 5600 17538
5 4536 8873 4537 17539
5 5355 9006 6056 17540
5 8705 8904 5379 17541
5 7299 9588 2770 17542
5 4593 8472 4594 17543
5 5856 9231 4988 17544
5 5537 9532 4705 17545
5 5813 8777 5455 17546
5 839 9112 8133 17547
5 5373 8890 5376 17548
5 5683 9086 5061 17549
5 4637 9118 6685 17550
5 5074 9517 9283 17551
5 9255 9477 691 17552
5 5592 9413 9002 17553
5 6176 9566 3939 17554
5 5331 9323 5333 17555
5 5098 9128 6200 17556
5 5552 9287 5940 17557
5 2563 9123 2562 17558
5 3776 9597 9321 17559
5 5169 9292 5956 17560
5 3060 9732 3360 17561
5 82 9127 81 17562
5 8339 9138 5634 17563
5 3935 9701 8785 17564
5 5668 9534 5595 17565
5 8146 9130 838 17566
5 5602 9225 5606 17567
5 8773 9224 5790 17568
5 8499 9087 4553 17569
5 5715 9726 8271 17570
5 8923 9026 5858 17571
5 675 9621 8260 17572
5 5846 9548 9182 17573
5 5640 9203 8389 17574
5 5793 9147 5185 17575
5 8284 9183 924 17576
5 131 9135 130 17577
5 8539 9353 858 17578
5 8433 8995 8432 17579
5 5911 9492 5155 17580
5 8129 9138 874 17581
5 4579 5179 3884 17582
5 5415 9316 5877 17583
5 6005 8938 844 17584
5 5727 9619 5549 17585
5 8409 9059 5798 17586
5 5243 9209 5241 17587
5 8204 8995 8761 17588
5 4992 8639 4995 17589
5 5205 9590 5822 17590
5 8999 9298 8322 17591
5 3697 8922 3328 17592
5 5565 9154 9099 17593
5 4634 8980 8729 17594
5 3803 8984 3421 17595
5 961 9164 959 17596
5 8128 9232 771 17597
5 8353 8860 5573 17598
5 9176 9671 8980 17599
5 8582 9580 9522 17600
5 8718 9089 8973 17601
5 5621 9008 5943 17602
5 5165 9191 5887 17603
5 4965 4972 4968 17604
5 5133 9587 8662 17605
5 7458 9171 2566 17606
5 8130 9338 846 17607
5 718 9324 8142 17608
5 874 9138 8339 17609
5 8810 9083 4932 17610
5 5230 9028 5229 17611
5 5038 9674 6220 17612
5 5564 9381 9155 17613
5 4487 5792 4489 17614
5 5114 9283 9041 17615
5 6023 8156 3724 17616
5 98 9173 97 17617
5 5603 8466 5024 17618
5 5313 9444 6197 17619
5 3133 9657 3148 17620
5 8963 9425 8250 17621
5 3363 8835 6201 17622
5 3860 3908 3907 17623
5 8996 9555 6130 17624
5 8411 9146 8410 17625
5 8590 9179 8591 17626
5 5732 9484 7172 17627
5 5920 9544 3199 17628
5 5074 9283 5114 17629
5 5200 8470 5201 17630
5 3441 9244 3442 17631
5 5964 6058 5961 17632
5 5103 9101 3749 17633
5 7015 9188 2674 17634
5 6076 9192 5690 17635
5 762 9207 8479 17636
5 8869 9376 6004 17637
5 950 951 949 17638
5 8449 9191 859 17639
5 3110 9126 8992 17640
5 4956 4959 4958 17641
5 24 9190 23 17642
5 8679 9673 5175 17643
5 4667 8891 5085 17644
5 4548 8746 3814 17645
5 2072 9196 2161 17646
5 1668 9197 1666 17647
5 5016 9258 6104 17648
5 8821 9543 5063 17649
5 2434 9607 5909 17650
5 8612 9319 477 17651
5 1383 9201 2120 17652
5 9093 9645 5202 17653
5 11 9200 10 17654
5 5464 8898 8897 17655
5 5855 8992 5707 17656
5 7675 9203 5640 17657
5 4122 4123 4119 17658
5 8840 9046 2118 17659
5 9100 9703 3915 17660
5 8520 9588 7299 17661
5 3894 9084 3713 17662
5 5724 9425 8963 17663
5 7914 9204 7913 17664
5 8621 9243 5337 17665
5 781 9551 8271 17666
5 4802 8989 4805 17667
5 671 9284 5775 17668
5 4771 9003 8618 17669
5 921 9534 8534 17670
5 7874 9207 6815 17671
5 8409 9206 8280 17672
5 5168 9306 8709 17673
5 2415 8912 2781 17674
5 766 9205 8138 17675
5 4597 8978 5978 17676
5 4996 9095 4999 17677
5 5954 9057 5004 17678
5 7235 9211 7236 17679
5 9171 9264 2566 17680
5 744 9134 340 17681
5 4594 8739 5736 17682
5 9407 9521 6173 17683
5 5043 9217 5045 17684
5 4678 4680 3898 17685
5 8260 9621 8261 17686
5 84 9216 83 17687
5 6174 9332 792 17688
5 5380 8889 5372 17689
5 6087 9160 4953 17690
5 853 9230 8123 17691
5 8849 9069 8801 17692
5 4533 9460 8797 17693
5 6052 8719 5120 17694
5 5204 9352 5205 17695
5 3734 3804 3732 17696
5 5884 9437 5910 17697
5 4141 9515 8634 17698
5 5215 5831 4699 17699
5 3186 9104 3193 17700
5 6816 9230 8533 17701
5 9179 9704 5329 17702
5 5992 9682 5991 17703
5 8703 9434 9235 17704
5 5037 9100 8555 17705
5 9188 9281 2674 17706
5 8492 9232 4902 17707
5 5982 9407 6173 17708
5 6029 8905 5244 17709
5 5552 9293 9287 17710
5 5280 9697 9058 17711
5 5085 9061 5896 17712
5 6127 9582 9259 17713
5 161 9234 160 17714
5 4616 4701 4667 17715
5 6188 8797 3715 17716
5 8828 9572 6026 17717
5 5654 9639 9343 17718
5 8943 9404 4120 17719
5 5974 9367 8175 17720
5 8537 9651 9505 17721
5 4588 9579 5916 17722
5 4716 9731 8916 17723
5 838 9240 508 17724
5 5382 5383 5375 17725
5 3707 9285 8185 17726
5 947 8835 3363 17727
5 5456 5813 5455 17728
5 3716 3857 3718 17729
5 9419 9741 5595 17730
5 22 9245 773 17731
5 5736 8739 5739 17732
5 8354 9248 7917 17733
5 6173 9521 6168 17734
5 2672 9249 6980 17735
5 4659 5779 3785 17736
5 6210 9253 5026 17737
5 2432 9670 2430 17738
5 2842 9605 9399 17739
5 6187 9722 5696 17740
5 5765 5859 5767 17741
5 8540 9365 5987 17742
5 3882 5514 4575 17743
5 5096 9454 5095 17744
5 6106 9229 3763 17745
5 5898 9453 5899 17746
5 4161 5036 4163 17747
5 9237 9541 9236 17748
5 5403 9340 5402 17749
5 5726 8961 8960 17750
5 8438 9269 8437 17751
5 5061 9086 8973 17752
5 8606 9280 6347 17753
5 3891 9484 9083 17754
5 5160 9387 6012 17755
5 8292 9299 8294 17756
5 5115 9282 8521 17757
5 5185 9664 5184 17758
5 5586 9265 5584 17759
5 5852 9499 5869 17760
5 6158 9367 5974 17761
5 5297 9064 5344 17762
5 4624 9445 8307 17763
5 4719 9351 8456 17764
5 3741 9650 8968 17765
5 8358 9267 854 17766
5 8446 9410 910 17767
5 748 9411 8604 17768
5 8790 8971 682 17769
5 9187 9640 5845 17770
5 5406 9273 5810 17771
5 2444 9592 6099 17772
5 4963 8907 4965 17773
5 2366 9272 2429 17774
5 5679 9276 5585 17775
5 5869 9593 5868 17776
5 6096 9500 5650 17777
5 5598 9626 8904 17778
5 5397 8646 5399 17779
5 5430 8648 5431 17780
5 2674 9281 1387 17781
5 4492 8949 4493 17782
5 5199 8613 5164 17783
5 4808 9409 9186 17784
5 5566 9037 3459 17785
5 8124 9280 807 17786
5 755 9286 8395 17787
5 8855 9143 5425 17788
5 5455 8777 8589 17789
5 289 9289 288 17790
5 2797 9441 2796 17791
5 5486 9616 5485 17792
5 8703 9235 6191 17793
5 6097 9554 4719 17794
5 5278 9666 7132 17795
5 6461 9296 2079 17796
5 4999 5680 5149 17797
5 9164 9574 959 17798
5 5211 9435 9027 17799
5 5605 9540 8781 17800
5 8272 9250 778 17801
5 8332 9301 4977 17802
5 4127 4531 4125 17803
5 8750 9292 776 17804
5 8440 9723 3485 17805
5 5081 9405 4148 17806
5 5650 9500 8172 17807
5 4924 9304 6248 17808
5 2427 9672 6966 17809
5 5593 9506 8851 17810
5 8581 9394 5529 17811
5 8164 9290 6036 17812
5 5102 9178 8975 17813
5 9253 9369 5026 17814
5 5568 9307 5569 17815
5 677 9647 6097 17816
5 5895 8998 5032 17817
5 5191 9308 5190 17818
5 4628 8794 4627 17819
5 792 9332 8273 17820
5 8853 9268 2846 17821
5 6069 9274 5176 17822
5 5399 9475 5396 17823
5 5887 9191 8449 17824
5 6400 9324 8598 17825
5 6014 9285 3707 17826
5 837 9314 8194 17827
5 5489 9630 5488 17828
5 5943 9215 4979 17829
5 8846 9732 5847 17830
5 6160 9018 8926 17831
5 9159 9622 5919 17832
5 4523 9266 8735 17833
5 480 9318 479 17834
5 5377 9595 5362 17835
5 9177 9678 5179 17836
5 568 9319 938 17837
5 6703 9323 2178 17838
5 8282 9278 898 17839
5 5669 9683 5668 17840
5 8611 9338 4942 17841
5 5162 8824 5159 17842
5 5745 9441 9399 17843
5 487 9327 486 17844
5 4716 8916 8866 17845
5 5472 9186 8982 17846
5 5049 9636 4619 17847
5 7185 8924 8852 17848
5 8435 9341 8254 17849
5 932 9149 8507 17850
5 5642 9312 5546 17851
5 8547 9236 5482 17852
5 5659 9381 3937 17853
5 5336 9364 8758 17854
5 5183 9334 6430 17855
5 6023 9586 5429 17856
5 5599 9626 5598 17857
5 290 9330 939 17858
5 940 9331 9 17859
5 222 9333 221 17860
5 4605 9214 5884 17861
5 3755 9612 8667 17862
5 5701 5875 4989 17863
5 4112 9373 4111 17864
5 5187 9617 5838 17865
5 504 9339 503 17866
5 5025 9353 8539 17867
5 6914 9345 2608 17868
5 5480 9346 5475 17869
5 3854 9570 8902 17870
5 6084 9379 5963 17871
5 771 9232 8492 17872
5 3495 9266 4523 17873
5 8398 9309 887 17874
5 5411 9527 5409 17875
5 492 9354 491 17876
5 5479 9624 8592 17877
5 5385 9311 5387 17878
5 5355 6056 5818 17879
5 4915 5554 5553 17880
5 5454 5456 5455 17881
5 5367 5382 5375 17882
5 8913 9647 677 17883
5 6337 9370 8453 17884
5 4990 9076 8639 17885
5 5424 8120 5422 17886
5 715 9352 8734 17887
5 5026 9369 6198 17888
5 5013 9141 8471 17889
5 1964 9372 2064 17890
5 5149 9208 5151 17891
5 5262 5264 5263 17892
5 5327 9588 8520 17893
5 5969 9433 6129 17894
5 9369 9498 6198 17895
5 8591 9380 5451 17896
5 5386 9362 5839 17897
5 5780 8746 4548 17898
5 5185 9147 8803 17899
5 6104 9528 6103 17900
5 4144 5912 4137 17901
5 5623 9386 5104 17902
5 8604 9411 7151 17903
5 8479 9207 7874 17904
5 7571 9421 8651 17905
5 5606 9455 5607 17906
5 499 9400 498 17907
5 9025 9181 5512 17908
5 5188 9193 8433 17909
5 948 949 947 17910
5 5907 9041 8950 17911
5 8950 9041 8319 17912
5 3131 9657 3133 17913
5 3838 3841 3840 17914
5 5529 9394 5252 17915
5 5865 9600 5866 17916
5 3700 4982 3702 17917
5 5920 9715 9040 17918
5 4503 9348 9341 17919
5 8568 9120 5389 17920
5 9169 9170 5599 17921
5 5592 8894 5437 17922
5 5688 9486 5154 17923
5 263 9414 262 17924
5 5804 9185 5990 17925
5 8221 9456 8220 17926
5 8489 9688 3783 17927
5 5979 8735 4154 17928
5 8821 9573 5587 17929
5 772 9355 8228 17930
5 8594 9430 5377 17931
5 5147 9212 4645 17932
5 9143 9144 5424 17933
5 26 9432 25 17934
5 3856 9541 2962 17935
5 5001 9488 8179 17936
5 9235 9434 5211 17937
5 9123 9264 6170 17938
5 5358 9450 5790 17939
5 3761 9451 3933 17940
5 8210 9326 8367 17941
5 879 9440 8256 17942
5 8706 9257 5882 17943
5 5554 9544 5553 17944
5 8697 9054 739 17945
5 6198 9498 6122 17946
5 3749 9101 3750 17947
5 5696 9722 5235 17948
5 3075 9184 3076 17949
5 5995 9474 5997 17950
5 8534 9534 5668 17951
5 8745 9025 5512 17952
5 6205 9484 3891 17953
5 5108 9481 8469 17954
5 5763 8952 5765 17955
5 954 9152 2444 17956
5 8859 9476 5563 17957
5 5177 9274 9273 17958
5 8456 9351 5932 17959
5 9459 9475 5399 17960
5 247 9480 246 17961
5 9522 9580 5017 17962
5 4989 9076 4990 17963
5 8250 9425 889 17964
5 4154 5180 4146 17965
5 8344 9490 8207 17966
5 5262 5263 5261 17967
5 8651 9421 848 17968
5 9125 9610 4559 17969
5 8301 9517 923 17970
5 5624 9496 5623 17971
5 3392 8946 3394 17972
5 8172 9500 2091 17973
5 6170 9264 8460 17974
5 114 9497 113 17975
5 9128 9677 9467 17976
5 8210 9618 9326 17977
5 2184 9508 2181 17978
5 7087 9510 2326 17979
5 5728 9357 5816 17980
5 5731 9358 5817 17981
5 8799 9363 5572 17982
5 946 948 947 17983
5 6684 9514 5594 17984
5 5851 8846 5848 17985
5 3444 9549 5574 17986
5 927 9453 8627 17987
5 4808 9186 9001 17988
5 923 9517 8348 17989
5 6072 9383 8662 17990
5 9106 9655 4677 17991
5 5820 9624 9401 17992
5 6064 9722 6187 17993
5 5594 9529 5196 17994
5 5370 5373 5371 17995
5 5711 5904 5713 17996
5 7630 9532 2100 17997
5 5229 5660 5236 17998
5 9325 9704 5315 17999
5 5914 9597 5649 18000
5 8845 9455 688 18001
5 3821 8922 3697 18002
5 5381 9388 5380 18003
5 4587 8954 5458 18004
5 9154 9155 6050 18005
5 8376 9427 8300 18006
5 8533 9230 853 18007
5 5181 9553 5183 18008
5 9277 9366 5438 18009
5 931 9389 8762 18010
5 3413 9315 8719 18011
5 3076 9552 7357 18012
5 8598 9324 718 18013
5 5122 9719 5123 18014
5 8405 9393 5523 18015
5 959 9574 957 18016
5 6121 9581 6124 18017
5 949 8835 947 18018
5 9302 9608 5086 18019
5 5387 9652 9552 18020
5 2843 9605 2842 18021
5 2033 9591 2022 18022
5 200 9585 199 18023
5 5189 9706 9195 18024
5 9552 9652 7357 18025
5 8720 9244 3441 18026
5 8543 9539 4499 18027
5 8599 9472 8522 18028
5 8639 9076 3014 18029
5 5867 9740 5347 18030
5 5320 9576 8820 18031
5 846 9338 8611 18032
5 33 9606 32 18033
5 3936 9650 9080 18034
5 899 9502 8326 18035
5 8215 9618 8210 18036
5 3841 9077 5824 18037
5 7092 9736 2427 18038
5 5308 9139 5303 18039
5 8848 8999 915 18040
5 4540 5004 5003 18041
5 8427 9377 8868 18042
5 5565 9099 8961 18043
5 7357 9652 7356 18044
5 8271 9726 891 18045
5 41 9622 833 18046
5 6220 9674 896 18047
5 4660 9507 9489 18048
5 3110 9520 7872 18049
5 8664 9493 5099 18050
5 3756 9709 6035 18051
5 6063 9668 5446 18052
5 2282 9678 2868 18053
5 6021 9403 5094 18054
5 1674 9685 1672 18055
5 8723 9220 5266 18056
5 2829 9638 2446 18057
5 8458 9526 8517 18058
5 5229 5236 5227 18059
5 5810 9274 6069 18060
5 5370 5371 5368 18061
5 5175 8497 8496 18062
5 3482 9017 4563 18063
5 28 9716 27 18064
5 8875 8988 5062 18065
5 4528 5167 5050 18066
5 319 9545 739 18067
5 803 9558 8187 18068
5 822 9443 5466 18069
5 5370 8889 5373 18070
5 8421 9547 877 18071
5 4140 9259 4129 18072
5 5032 8998 5684 18073
5 5030 8804 5124 18074
5 5707 8992 5709 18075
5 5778 9057 3808 18076
5 9039 9156 4697 18077
5 5437 8828 5435 18078
5 8625 9331 940 18079
5 939 9330 8624 18080
5 6074 9654 5503 18081
5 8470 8562 5201 18082
5 9008 9656 3711 18083
5 8758 9371 5336 18084
5 470 9462 723 18085
5 306 9461 752 18086
5 438 9464 674 18087
5 400 9467 812 18088
5 376 9465 673 18089
5 476 9469 757 18090
5 447 9468 733 18091
5 473 9463 751 18092
5 368 9471 756 18093
5 412 9470 731 18094
5 441 9466 711 18095
5 5444 9671 5443 18096
5 5648 8713 5233 18097
5 3416 9307 8741 18098
5 5955 9306 5168 18099
5 5585 9276 9000 18100
5 3033 8813 8466 18101
5 8324 9609 782 18102
5 5373 5374 5371 18103
5 4970 8736 4973 18104
5 5415 9317 9316 18105
5 9316 9317 8196 18106
5 5660 5952 5236 18107
5 9116 9531 9115 18108
5 4946 9531 9116 18109
5 6014 9485 5893 18110
5 3781 5076 3779 18111
5 5654 9648 8508 18112
5 8776 9571 6194 18113
5 5609 8776 6194 18114
5 8247 9069 8665 18115
5 8371 9564 4951 18116
5 938 9319 8612 18117
5 5888 9584 5097 18118
5 5120 9315 5118 18119
5 8270 9645 832 18120
5 8585 8723 5835 18121
5 3417 8741 4586 18122
5 6145 9649 9487 18123
5 9495 9661 4569 18124
5 9155 9635 5564 18125
5 3786 9416 8699 18126
5 882 9682 8330 18127
5 5319 9277 5438 18128
5 2931 9637 5820 18129
5 6069 9479 3676 18130
5 4958 8930 4961 18131
5 8634 9199 4141 18132
5 5541 9199 8634 18133
5 8781 9150 5605 18134
5 5011 8813 5009 18135
5 4981 9108 8737 18136
5 359 9525 691 18137
5 5816 9357 8511 18138
5 5817 9358 8510 18139
5 5328 9704 9179 18140
5 8609 9314 837 18141
5 5138 9314 8609 18142
5 8940 9418 8189 18143
5 4540 5003 4539 18144
5 296 9536 703 18145
5 8445 9548 9052 18146
5 4165 5215 4699 18147
5 8562 9509 5201 18148
5 8868 9377 8869 18149
5 8687 9546 5575 18150
5 8782 9526 8458 18151
5 3423 8984 5782 18152
5 3421 8984 3423 18153
5 8453 9438 5638 18154
5 9114 9735 4612 18155
5 8758 9364 5316 18156
5 5435 8879 5433 18157
5 5868 9593 9275 18158
5 9275 9593 5725 18159
5 9467 9677 812 18160
5 8800 9569 5146 18161
5 8752 9271 4673 18162
5 9013 9566 5492 18163
5 3828 5055 4610 18164
5 3695 8998 8806 18165
5 4634 9533 8576 18166
5 8393 9559 817 18167
5 8428 9257 8706 18168
5 4973 8996 6130 18169
5 8406 9550 8351 18170
5 5115 9632 9282 18171
5 5276 9666 5278 18172
5 5216 9398 8504 18173
5 8784 9124 3817 18174
5 8893 9447 4654 18175
5 9237 9375 2962 18176
5 807 9280 8606 18177
5 9187 9615 5843 18178
5 4700 9446 8551 18179
5 3408 9017 3482 18180
5 5244 9040 5243 18181
5 361 9642 8167 18182
5 5767 8997 5770 18183
5 9478 9649 6145 18184
5 4966 8908 8907 18185
5 5713 9030 5718 18186
5 9241 9350 5841 18187
5 3848 9101 5701 18188
5 5131 9382 5129 18189
5 5129 9382 6052 18190
5 3891 9083 8810 18191
5 8863 9577 5296 18192
5 5490 9349 8759 18193
5 4630 8934 4628 18194
5 5093 9717 9408 18195
5 5391 9131 8765 18196
5 4984 9111 8786 18197
5 5175 9673 8497 18198
5 812 9677 8392 18199
5 5560 9564 8947 18200
5 6007 8952 5763 18201
5 8982 9409 5022 18202
5 5021 9700 8392 18203
5 5476 9346 8693 18204
5 8693 9346 5480 18205
5 3477 9194 8725 18206
5 8870 9090 5730 18207
5 3848 5701 4989 18208
5 8781 9540 4584 18209
5 4544 9507 4660 18210
5 5424 9144 8120 18211
5 8725 9194 5195 18212
5 8667 9613 3755 18213
5 5756 8853 6007 18214
5 3707 9485 6014 18215
5 5562 9027 8681 18216
5 5741 5745 5743 18217
5 9018 9296 6461 18218
5 8752 9674 5038 18219
5 5402 9340 8677 18220
5 8627 9453 5898 18221
5 3936 9490 8968 18222
5 8968 9490 8344 18223
5 4628 8934 8794 18224
5 8979 9598 3699 18225
5 9175 9701 3935 18226
5 2419 9202 8876 18227
5 3806 9069 8849 18228
5 8754 9624 5479 18229
5 8801 9302 5086 18230
5 8836 9096 8295 18231
5 2823 9263 9262 18232
5 9156 9491 4534 18233
5 9144 9633 8120 18234
5 8576 9176 8980 18235
5 5843 9640 9187 18236
5 6051 9410 9154 18237
5 9036 9257 8428 18238
5 5332 9583 8654 18239
5 8390 9413 5592 18240
5 8806 8998 5895 18241
5 4599 9565 8566 18242
5 3360 9732 8846 18243
5 5101 9045 5662 18244
5 5930 9298 8999 18245
5 8817 9696 5054 18246
5 2962 9541 9237 18247
5 5094 9403 8884 18248
5 8185 9285 5167 18249
5 9108 9612 5403 18250
5 5264 5265 5263 18251
5 4552 9557 9071 18252
5 948 950 949 18253
5 5607 9455 8845 18254
5 3148 9657 9050 18255
5 5080 9378 8676 18256
5 9503 9641 5067 18257
5 5176 9479 6069 18258
5 8995 9193 3789 18259
5 8734 9352 5204 18260
5 8669 9720 5292 18261
5 4570 9707 9166 18262
5 4586 8860 8353 18263
5 8623 9371 5440 18264
5 8677 9537 5064 18265
5 6016 9303 5345 18266
5 5493 9527 8740 18267
5 3932 9555 8996 18268
5 5112 9124 8784 18269
5 8593 9425 5724 18270
5 8761 8929 8760 18271
5 9247 9562 5953 18272
5 8646 8689 5399 18273
5 8694 9359 5644 18274
5 9273 9274 5810 18275
5 3858 9494 8814 18276
5 5956 9292 8750 18277
5 3808 9057 5954 18278
5 8472 9161 8739 18279
5 5938 9552 9360 18280
5 8928 9434 8703 18281
5 8419 9611 5078 18282
5 8539 9560 4944 18283
5 4127 9259 4531 18284
5 5893 9485 5147 18285
5 8765 9466 5391 18286
5 4953 9160 4954 18287
5 3713 9084 3716 18288
5 8588 9503 5067 18289
5 4670 9077 3836 18290
5 8540 9700 5021 18291
5 5518 9700 8540 18292
5 5103 9337 9101 18293
5 4119 9079 4117 18294
5 3800 9565 4599 18295
5 9004 9558 803 18296
5 9057 9592 5004 18297
5 8686 9531 4946 18298
5 5875 9076 4989 18299
5 5134 9694 9383 18300
5 4129 9259 4127 18301
5 5939 9513 4976 18302
5 8713 9028 5233 18303
5 8120 9633 2823 18304
5 8926 9018 5792 18305
5 4677 9257 9036 18306
5 5543 9404 9001 18307
5 5153 8795 6145 18308
5 5680 9208 5149 18309
5 8884 9567 3366 18310
5 8992 9520 3110 18311
5 8230 9105 9036 18312
5 7833 9424 8653 18313
5 8466 8813 5011 18314
5 5842 9629 8729 18315
5 5229 9028 5660 18316
5 5299 9064 5297 18317
5 8593 9593 5869 18318
5 4968 9033 4970 18319
5 8801 9069 8247 18320
5 5573 9473 5400 18321
5 8613 8824 5162 18322
5 891 9726 8538 18323
5 8862 9416 5083 18324
5 8745 9595 5377 18325
5 4954 9160 8769 18326
5 8163 8846 5851 18327
5 8430 9195 8433 18328
5 4648 9684 8673 18329
5 3672 9163 8391 18330
5 5558 9174 4461 18331
5 8824 9167 5158 18332
5 5433 8879 8648 18333
5 752 9461 8872 18334
5 9039 9491 9156 18335
5 5311 9064 5299 18336
5 5481 9236 8547 18337
5 4126 9696 8817 18338
5 4659 9385 8732 18339
5 4498 8806 5895 18340
5 8664 9494 5783 18341
5 5884 9665 9437 18342
5 8740 9527 5411 18343
5 5725 9593 8593 18344
5 3824 9684 4648 18345
5 797 9617 8694 18346
5 9223 9224 4567 18347
5 5931 9351 8942 18348
5 8035 9599 8604 18349
5 5086 8849 8801 18350
5 8741 9307 5568 18351
5 5878 9538 8722 18352
5 4530 9569 8800 18353
5 739 9545 8697 18354
5 9437 9665 4604 18355
5 4489 9051 4536 18356
5 4915 8972 5554 18357
5 3801 9608 9428 18358
5 9229 9656 3763 18359
5 6035 9709 5212 18360
5 9102 9729 5705 18361
5 8831 9727 4991 18362
5 5384 9170 9169 18363
5 8938 9436 5034 18364
5 3827 9661 9495 18365
5 9343 9639 5653 18366
5 4678 9546 8687 18367
5 8820 9576 5310 18368
5 8722 9444 5313 18369
5 5151 9208 8795 18370
5 9071 9557 5999 18371
5 8826 9634 5498 18372
5 3813 9567 4550 18373
5 5301 9139 5311 18374
5 9156 9602 3686 18375
5 4938 9676 8611 18376
5 5206 9239 5144 18377
5 4596 9363 8775 18378
5 8566 9565 5148 18379
5 4550 9567 9403 18380
5 5400 9473 8646 18381
5 9073 9376 3875 18382
5 8827 9616 5486 18383
5 5592 9002 8894 18384
5 8634 9515 8697 18385
5 5050 9285 6014 18386
5 5060 9089 8718 18387
5 9457 9692 3931 18388
5 8847 9447 8227 18389
5 3787 9396 9395 18390
5 8582 9522 4130 18391
5 5664 9385 5854 18392
5 4676 9571 8776 18393
5 9025 9297 4533 18394
5 3825 9655 9106 18395
5 5574 9549 9016 18396
5 2878 9258 8976 18397
5 5438 9366 8894 18398
5 9080 9650 3844 18399
5 8584 9229 6106 18400
5 9105 9106 9036 18401
5 4966 8907 4963 18402
5 3416 9662 9307 18403
5 2796 9161 8472 18404
5 4575 9270 6117 18405
5 9195 9706 5188 18406
5 8719 9315 5120 18407
5 3836 9077 3838 18408
5 9175 9627 6179 18409
5 5446 9668 8695 18410
5 8916 9731 3683 18411
5 9129 9561 3733 18412
5 4123 9079 4119 18413
5 8651 9667 5002 18414
5 8697 9545 5361 18415
5 5505 9727 8831 18416
5 4685 9448 8898 18417
5 9418 9578 8278 18418
5 8891 9061 5085 18419
5 5642 9431 9312 18420
5 9336 9601 5538 18421
5 4655 9603 8181 18422
5 8871 9727 5505 18423
5 2571 9366 9277 18424
5 8722 9720 8669 18425
5 5329 9325 8896 18426
5 5792 9051 4489 18427
5 3343 8879 8828 18428
5 9487 9598 4565 18429
5 9036 9106 4677 18430
5 5034 9436 3740 18431
5 2718 9362 8937 18432
5 3677 9401 9384 18433
5 8617 8908 2802 18434
5 8662 9383 5133 18435
5 8889 8890 5373 18436
5 833 9622 9159 18437
5 4965 8907 4972 18438
5 5303 9139 5301 18439
5 9099 9410 8446 18440
5 9101 9337 5701 18441
5 3716 9084 3857 18442
5 8903 8938 5034 18443
5 5662 8934 4630 18444
5 5689 9221 5131 18445
5 5054 9696 9681 18446
5 3090 9581 8962 18447
5 8695 9668 4641 18448
5 9375 9637 2962 18449
5 7132 9666 8881 18450
5 8814 9686 3858 18451
5 6160 9296 9018 18452
5 4959 8930 4958 18453
5 3809 9116 9115 18454
5 4701 8891 4667 18455
5 5118 9315 8864 18456
5 5709 9126 5711 18457
5 8975 9586 5702 18458
5 5387 9552 5938 18459
5 3768 9144 9143 18460
5 6041 9180 5751 18461
5 5789 9223 8586 18462
5 4961 8930 4966 18463
5 9139 9424 5311 18464
5 5535 9526 8782 18465
5 3737 9512 9056 18466
5 8942 9554 6045 18467
5 920 9601 8733 18468
5 9300 9621 675 18469
5 9152 9592 2444 18470
5 3446 9242 8587 18471
5 5560 9489 9347 18472
5 5793 9525 9147 18473
5 8836 9683 5669 18474
5 3791 9614 9071 18475
5 5487 9595 8745 18476
5 8681 9027 3923 18477
5 8769 9160 2436 18478
5 3902 9475 9459 18479
5 5868 9275 8163 18480
5 5234 9395 5648 18481
5 8761 8995 3789 18482
5 9209 9691 5903 18483
5 8673 9684 5194 18484
5 4125 9151 4122 18485
5 9027 9435 3923 18486
5 5243 9210 9209 18487
5 5313 9720 8722 18488
5 5292 9243 8621 18489
5 6150 9523 4680 18490
5 3935 9627 9175 18491
5 5770 9739 8508 18492
5 4461 9174 3734 18493
5 5368 9252 5367 18494
5 5147 9485 9212 18495
5 5001 9476 8859 18496
5 5261 9220 8585 18497
5 8828 8879 5435 18498
5 5765 8952 5859 18499
5 9554 9647 6045 18500
5 5422 9262 5423 18501
5 3789 8929 8761 18502
5 5751 9180 5753 18503
5 8873 9085 4701 18504
5 9555 9692 3939 18505
5 4633 9412 9322 18506
5 8248 9302 8801 18507
5 8760 8929 5140 18508
5 8859 9488 5001 18509
5 4163 9228 4165 18510
5 5514 9270 4575 18511
5 3385 8824 8613 18512
5 8785 9701 3727 18513
5 6058 9086 845 18514
5 5057 9422 8988 18515
5 8592 9237 5481 18516
5 4593 9202 8472 18517
5 3734 9174 3804 18518
5 3702 9238 3828 18519
5 8851 9506 5111 18520
5 9170 9626 5599 18521
5 8503 9114 9014 18522
5 9014 9114 4612 18523
5 9040 9210 5243 18524
5 3424 9604 5721 18525
5 5498 9634 8790 18526
5 5227 9562 5226 18527
5 9274 9458 5176 18528
5 9259 9582 4531 18529
5 5144 9239 8679 18530
5 8878 9719 5122 18531
5 9007 9395 5234 18532
5 5854 9385 4659 18533
5 8835 9516 6201 18534
5 4122 9151 4123 18535
5 724 9481 8885 18536
5 8900 9630 5489 18537
5 4531 9151 4125 18538
5 3770 9735 9114 18539
5 6045 9647 8913 18540
5 6003 9376 9073 18541
5 4964 9634 8826 18542
5 4617 9218 4621 18543
5 8662 9587 5689 18544
5 9177 9270 5514 18545
5 3779 9335 3777 18546
5 6056 9189 5818 18547
5 4146 9227 4144 18548
5 3908 9406 3907 18549
5 5502 9651 8917 18550
5 9052 9187 5845 18551
5 5036 9228 4163 18552
5 5859 8997 5767 18553
5 3436 9549 3444 18554
5 5692 9654 8820 18555
5 4972 9033 4968 18556
5 5248 9491 9039 18557
5 9360 9552 3076 18558
5 5801 9542 8724 18559
5 8888 9431 5642 18560
5 8537 9050 4663 18561
5 8587 9242 5454 18562
5 5760 9653 8925 18563
5 5904 9030 5713 18564
5 8997 9739 5770 18565
5 5371 9252 5368 18566
5 9029 9559 5084 18567
5 5745 9251 9161 18568
5 5321 9728 8834 18569
5 5236 9562 5227 18570
5 5932 9426 8456 18571
5 4970 9033 8736 18572
5 9016 9549 6090 18573
5 3765 9706 9166 18574
5 5049 9642 8969 18575
5 8597 9297 9025 18576
5 5383 9184 8596 18577
5 9639 9739 3429 18578
5 3429 9739 8997 18579
5 8928 8953 5210 18580
5 799 9683 8836 18581
5 5381 9626 9170 18582
5 2868 9678 9177 18583
5 5739 9251 5741 18584
5 3871 9418 8940 18585
5 4579 9270 9177 18586
5 3414 9662 3416 18587
5 9402 9695 5836 18588
5 8969 9477 5049 18589
5 8440 9663 4715 18590
5 3738 9703 9100 18591
5 9013 9454 5096 18592
5 9403 9567 8884 18593
5 3838 9077 3841 18594
5 4982 9238 3702 18595
5 9340 9612 3755 18596
5 5347 9740 9134 18597
5 9039 9596 5249 18598
5 5167 9285 5050 18599
5 9408 9717 3927 18600
5 8713 9397 3484 18601
5 9185 9322 3442 18602
5 4610 9310 4617 18603
5 5382 9360 5383 18604
5 3485 9663 8440 18605
5 5180 9227 4146 18606
5 9128 9467 4952 18607
5 9221 9382 5131 18608
5 9161 9251 8739 18609
5 5721 9604 8527 18610
5 8986 9548 8445 18611
5 9161 9441 5745 18612
5 8983 9538 744 18613
5 4697 9596 9039 18614
5 9115 9531 5496 18615
5 5753 9268 5756 18616
5 5292 9720 9697 18617
5 8408 9501 9007 18618
5 8943 9373 4809 18619
5 8992 9126 5709 18620
5 5526 9518 9245 18621
5 9367 9530 3690 18622
5 6097 9647 9554 18623
5 8925 9653 714 18624
5 9212 9485 3707 18625
5 3385 9167 8824 18626
5 9457 9458 5177 18627
5 4144 9227 5912 18628
5 9539 9646 4499 18629
5 9449 9580 5900 18630
5 8797 9460 3712 18631
5 5553 9544 8905 18632
5 5141 9429 9428 18633
5 8585 9220 8723 18634
5 8864 9315 3413 18635
5 4635 9629 8932 18636
5 5068 9350 9241 18637
5 2796 9441 9161 18638
5 5263 9220 5261 18639
5 2427 9736 9672 18640
5 5711 9126 5904 18641
5 5517 9633 9144 18642
5 9055 9495 4569 18643
5 5835 9402 5836 18644
5 4951 9564 9347 18645
5 6876 9583 9009 18646
5 4488 9641 9503 18647
5 8438 9305 9269 18648
5 9576 9577 5310 18649
5 5596 9649 9478 18650
5 3939 9566 9158 18651
5 5741 9251 5745 18652
5 9213 9658 5567 18653
5 9282 9540 6184 18654
5 9185 9589 5990 18655
5 9092 9528 2338 18656
5 9045 9568 5662 18657
5 3754 9656 9229 18658
5 5367 9252 5382 18659
5 8435 9342 9341 18660
5 9697 9720 5313 18661
5 5454 9242 5456 18662
5 9104 9291 3193 18663
5 4640 9729 9102 18664
5 8120 9262 5422 18665
5 9095 9356 4999 18666
5 9489 9507 5979 18667
5 3932 9692 9555 18668
5 9293 9440 879 18669
5 9347 9564 5560 18670
5 9321 9384 3776 18671
5 9322 9412 4632 18672
5 4165 9228 5215 18673
5 832 9645 9093 18674
5 8739 9251 5739 18675
5 9434 9435 5211 18676
5 4530 9570 9569 18677
5 3828 9238 5055 18678
5 5076 9335 3779 18679
5 9297 9460 4533 18680
5 9087 9693 3731 18681
5 8689 9459 5399 18682
5 3724 9568 9045 18683
5 9486 9600 5865 18684
5 9383 9694 5133 18685
5 5743 9399 5747 18686
5 9269 9305 4716 18687
5 5756 9268 8853 18688
5 5098 9677 9128 18689
5 9282 9632 4584 18690
5 3728 9701 9175 18691
5 5551 9440 9293 18692
5 5645 9477 9255 18693
5 9365 9390 4573 18694
5 3781 9688 5076 18695
5 5990 9589 5207 18696
5 5274 9402 8723 18697
5 9341 9342 4503 18698
5 4116 9610 9125 18699
5 5055 9310 4610 18700
5 5383 9360 9184 18701
5 4949 9561 9129 18702
5 9681 9696 4124 18703
5 5836 9695 9058 18704
5 8795 9478 6145 18705
5 2846 9268 9180 18706
5 3783 9688 3781 18707
5 9201 9584 2120 18708
5 4966 9420 8908 18709
5 4999 9356 5680 18710
5 9245 9518 773 18711
5 4715 9731 9305 18712
5 9439 9500 6096 18713
5 2091 9500 9439 18714
5 4507 9512 9511 18715
5 9166 9707 3765 18716
5 9119 9627 3935 18717
5 4602 9725 9690 18718
5 5481 9237 9236 18719
5 3313 9397 9396 18720
5 3871 9578 9418 18721
5 9218 9310 3194 18722
5 8456 9426 4520 18723
5 4982 9291 9238 18724
5 5037 9452 9100 18725
5 4545 9625 9575 18726
5 8973 9089 5061 18727
5 9477 9636 5049 18728
5 8723 9402 5835 18729
5 5923 9671 9176 18730
5 8499 9693 9087 18731
5 8894 9002 5438 18732
5 3809 9361 9116 18733
5 5210 9434 8928 18734
5 5648 9397 8713 18735
5 9158 9555 3939 18736
5 6158 9530 9367 18737
5 4484 9691 9594 18738
5 8902 9721 3854 18739
5 5403 9612 9340 18740
5 3714 9460 9297 18741
5 8443 9713 3672 18742
5 5063 9504 9056 18743
5 9209 9210 3679 18744
5 9390 9391 4573 18745
5 8949 9607 5167 18746
5 9659 9660 4497 18747
5 9613 9620 3755 18748
5 5595 9534 9419 18749
5 9156 9710 4697 18750
5 5745 9399 5743 18751
5 5699 9658 9213 18752
5 9419 9534 921 18753
5 9311 9652 5387 18754
5 9049 9313 5342 18755
5 9675 9729 4640 18756
5 5220 9621 9300 18757
5 9214 9665 5884 18758
5 8930 9420 4966 18759
5 9007 9501 9395 18760
5 9116 9361 3807 18761
5 9686 9687 3858 18762
5 4617 9310 9218 18763
5 8894 9572 5437 18764
5 8592 9624 9375 18765
5 5437 9572 8828 18766
5 9575 9625 4543 18767
5 9569 9570 4525 18768
5 3679 9691 9209 18769
5 8795 9208 3402 18770
5 3850 9391 9390 18771
5 9239 9673 8679 18772
5 9180 9268 5753 18773
5 9305 9731 4716 18774
5 8861 9588 5327 18775
5 3402 9478 8795 18776
5 3912 9423 9422 18777
5 5293 9313 9049 18778
5 6026 9572 9366 18779
5 6130 9555 9158 18780
5 5645 9636 9477 18781
5 9366 9572 8894 18782
5 8883 9516 2422 18783
5 5855 9520 8992 18784
5 5820 9637 9375 18785
5 9690 9725 3879 18786
5 3698 9598 9487 18787
5 9511 9512 3881 18788
5 9375 9624 5820 18789
5 9665 9714 4604 18790
5 3893 9660 9659 18791
5 9396 9397 5648 18792
5 8797 9712 3715 18793
5 9236 9541 5482 18794
5 9395 9396 5648 18795
5 9244 9589 3442 18796
5 3855 9721 8902 18797
5 5564 9680 9381 18798
5 3775 9384 9321 18799
5 5036 9672 9228 18800
5 5837 9356 9095 18801
5 5298 9577 9576 18802
5 5017 9580 9449 18803
5 5245 9210 9040 18804
5 9100 9452 3738 18805
5 8592 9375 9237 18806
5 9056 9504 3737 18807
5 9050 9657 4663 18808
5 9422 9423 5059 18809
5 9356 9670 5680 18810
5 5069 9713 8443 18811
5 9184 9360 3076 18812
5 5210 9435 9434 18813
5 3853 9738 9721 18814
5 9428 9429 3801 18815
5 3931 9458 9457 18816
5 9040 9715 5245 18817
5 3442 9589 9185 18818
5 3354 9382 9221 18819
5 3686 9710 9156 18820
5 5207 9589 9244 18821
5 9594 9691 3679 18822
5 3712 9712 8797 18823
5 4584 9540 9282 18824
5 3696 9646 9539 18825
5 3833 9665 9214 18826
5 9721 9738 3854 18827
5 3621 9687 9686 18828
5 9487 9649 3698 18829
5 3833 9714 9665 18830
5 3816 9729 9675 18831
5 3610 9673 9239 18832
5 3407 9620 9613 18833
5 8639 9095 4995 18834
NPOIN= 9742
0 0 0
0.09 0 1
0 0.09 2
0.01965610005471156 0.02280104670051724 3
0.02930423797479198 0.00689286854051054 4
0.02091866095323473 0.05629084849177184 5
0.03728965762348575 0.04707155653176566 6
0.05001048279322801 0.03324457265161102 7
0.05783593346364657 0.01616337837175897 8
0.08999861363277789 0.0004995439700021607 9
0.08999445457382298 0.0009990725499735321 10
0.08998752295126825 0.001498570350357441 11
0.08997781897866421 0.001998021982545489 12
0.08996534295497242 0.002497412059351634 13
0.08995009526455622 0.002996725195486241 14
0.08993207637716889 0.003495946008030078 15
0.08991128684793921 0.00399505911690823 16
0.08988772731735437 0.004494049145363976 17
0.0898613985112401 0.004992900720432356 18
0.08983230124073854 0.005491598473414024 19
0.08980043640228305 0.005990127040348568 20
0.0897658049775707 0.00648847106248789 21
0.08972840803353196 0.006986615186769377 22
0.08968824672229789 0.007484544066288897 23
0.08964532228116462 0.00798224236077362 24
0.08959963603255522 0.008479694737054611 25
0.08955118938397896 0.008976885869539226 26
0.08949998382798798 0.00947380044068326 27
0.08944602094213125 0.009970423141462854 28
0.08938930238890602 0.01046673867184614 29
0.08932982991570659 0.0109627317412646 30
0.08926760535477046 0.01145838706908416 31
0.08920263062312189 0.01195368938507592 32
0.08913490772251283 0.01244862342988664 33
0.08906443873936128 0.01294317395550887 34
0.08899122584468697 0.01343732572575058 35
0.08891527129404453 0.01393106351670476 36
0.08883657742745392 0.0144243721172183 37
0.08875514666932843 0.01491723632936066 38
0.08867098152839992 0.01540964096889211 39
0.08858408459764157 0.01590157086573147 40
0.08849445855418796 0.01639301086442353 41
0.08840210615925263 0.01688394582460595 42
0.08830703025804296 0.01737436062147567 43
0.08820923377967259 0.01786424014625494 44
0.08810871973707113 0.01835356930665673 45
0.08800549122689132 0.01884233302734973 46
0.08789955142941368 0.01933051625042278 47
0.08779090360844849 0.01981810393584882 48
0.08767955111123525 0.02030508106194817 49
0.08756549736833956 0.02079143262585141 50
0.08744874589354744 0.02127714364396143 51
0.08732930028375709 0.02176219915241527 52
0.08720716421886798 0.02224658420754498 53
0.08708234146166764 0.02273028388633805 54
0.0869548358577156 0.02321328328689712 55
0.08682465133522495 0.02369556752889916 56
0.08669179190494135 0.02417712175405385 57
0.08655626166001948 0.02465793112656131 58
0.08641806477589686 0.02513798083356924 59
0.08627720551016527 0.02561725608562923 60
0.08613368820243958 0.02609574211715238 61
0.08598751727422405 0.02657342418686425 62
0.08583869722877606 0.02705028757825896 63
0.0856872326509675 0.02752631760005263 64
0.08553312820714339 0.02800149958663594 65
0.08537638864497811 0.02847581889852603 66
0.08521701879332931 0.02894926092281733 67
0.08505502356208894 0.02942181107363202 68
0.08489040794203206 0.0298934547925692 69
0.08472317700466314 0.03036417754915349 70
0.08455333590205973 0.03083396484128267 71
0.08438088986671377 0.03130280219567443 72
0.0842058442113704 0.03177067516831232 73
0.08402820432886426 0.03223756934489071 74
0.08384797569195336 0.03270347034125887 75
0.08366516385315047 0.03316836380386413 76
0.08347977444455205 0.03363223541019408 77
0.08329181317766478 0.03409507086921784 78
0.08310128584322951 0.0345568559218263 79
0.08290819831104296 0.03501757634127145 80
0.08271255652977677 0.03547721793360466 81
0.08251436652679439 0.03593576653811398 82
0.0823136344079652 0.03639320802776045 83
0.08211036635747657 0.03684952830961314 84
0.08190456863764316 0.03730471332528371 85
0.08169624758871422 0.03775874905135904 86
0.08148540962867802 0.03821162149983363 87
0.08127206125306427 0.03866331671854043 88
0.08105620903474399 0.03911382079158064 89
0.08083785962372696 0.03956311983975248 90
0.08061701974695684 0.04001120002097875 91
0.08039369620810405 0.04045804753073333 92
0.08016789588735598 0.04090364860246641 93
0.07993962574120515 0.04134798950802867 94
0.07970889280223489 0.04179105655809418 95
0.0794757041789026 0.04223283610258214 96
0.07924006705532077 0.04267331453107745 97
0.07900198869103579 0.04311247827324999 98
0.07876147642080406 0.04355031379927275 99
0.07851853765436624 0.04398680762023849 100
0.07827317987621882 0.04442194628857557 101
0.07802541064538361 0.04485571639846206 102
0.07777523759517484 0.04528810458623879 103
0.07752266843296397 0.04571909753082107 104
0.07726771093994234 0.04614868195410912 105
0.07701037297088124 0.04657684462139705 106
0.07675066245389017 0.04700357234178071 107
0.07648858739017241 0.04742885196856401 108
0.07622415585377858 0.04785267039966393 109
0.07595737599135788 0.04827501457801425 110
0.07568825602190715 0.04869587149196773 111
0.07541680423651759 0.049115228175697 112
0.07514302899811938 0.04953307170959409 113
0.07486693874122395 0.04994938922066835 114
0.07458854197166431 0.05036416788294303 115
0.07430784726633281 0.05077739491785055 116
0.07402486327291696 0.0511890575946261 117
0.07373959870963305 0.0515991432306999 118
0.07345206236495753 0.05200763919208782 119
0.07316226309735625 0.05241453289378074 120
0.07287020983501157 0.05281981180013219 121
0.07257591157554724 0.05322346342524459 122
0.07227937738575128 0.05362547533335386 123
0.07198061640129663 0.05402583513921266 124
0.07167963782645963 0.05442453050847181 125
0.07137645093383649 0.05482154915806038 126
0.07107106506405769 0.05521687885656412 127
0.07076348962550011 0.05561050742460221 128
0.07045373409399723 0.05600242273520255 129
0.07014180801254713 0.05639261271417541 130
0.06982772099101867 0.05678106534048522 131
0.06951148270585517 0.05716776864662113 132
0.06919310289977647 0.05755271071896565 133
0.06887259138147875 0.05793587969816164 134
0.06854995802533229 0.05831726377947768 135
0.06822521277107733 0.05869685121317179 136
0.06789836562351775 0.0590746303048534 137
0.06756942665221295 0.05945058941584359 138
0.06723840599116754 0.05982471696353377 139
0.06690531383851916 0.06019700142174239 140
0.06657016045622435 0.0605674313210701 141
0.06623295616974224 0.06093599524925314 142
0.06589371136771667 0.06130268185151484 143
0.0655524365016559 0.06166747983091551 144
0.06520914208561079 0.06203037794870045 145
0.0648638386958508 0.06239136502464621 146
0.0645165369705382 0.06275042993740503 147
0.06416724760940026 0.06310756162484743 148
0.06381598137339969 0.06346274908440307 149
0.06346274908440305 0.06381598137339971 150
0.06310756162484742 0.06416724760940028 151
0.06275042993740501 0.06451653697053822 152
0.0623913650246462 0.06486383869585081 153
0.06203037794870044 0.06520914208561081 154
0.06166747983091549 0.0655524365016559 155
0.06130268185151483 0.06589371136771667 156
0.06093599524925314 0.06623295616974226 157
0.06056743132107009 0.06657016045622435 158
0.06019700142174238 0.06690531383851918 159
0.05982471696353376 0.06723840599116754 160
0.05945058941584358 0.06756942665221295 161
0.05907463030485338 0.06789836562351775 162
0.05869685121317175 0.06822521277107736 163
0.05831726377947767 0.0685499580253323 164
0.0579358796981616 0.06887259138147878 165
0.05755271071896564 0.06919310289977648 166
0.05716776864662109 0.06951148270585519 167
0.0567810653404852 0.06982772099101867 168
0.05639261271417537 0.07014180801254716 169
0.05600242273520258 0.0704537340939972 170
0.0556105074246022 0.07076348962550012 171
0.05521687885656414 0.07107106506405768 172
0.05482154915806037 0.0713764509338365 173
0.05442453050847177 0.07167963782645966 174
0.05402583513921266 0.07198061640129665 175
0.05362547533335382 0.07227937738575133 176
0.05322346342524458 0.07257591157554724 177
0.05281981180013222 0.07287020983501154 178
0.05241453289378073 0.07316226309735627 179
0.05200763919208778 0.07345206236495756 180
0.05159914323069988 0.07373959870963305 181
0.05118905759462607 0.07402486327291699 182
0.05077739491785054 0.07430784726633281 183
0.05036416788294298 0.07458854197166434 184
0.04994938922066834 0.07486693874122395 185
0.04953307170959408 0.07514302899811938 186
0.04911522817569704 0.07541680423651757 187
0.0486958714919677 0.07568825602190717 188
0.0482750145780142 0.07595737599135792 189
0.04785267039966392 0.07622415585377859 190
0.04742885196856402 0.07648858739017241 191
0.0470035723417807 0.07675066245389017 192
0.046576844621397 0.07701037297088127 193
0.04614868195410911 0.07726771093994234 194
0.04571909753082103 0.077522668432964 195
0.04528810458623878 0.07777523759517484 196
0.04485571639846201 0.07802541064538362 197
0.04442194628857556 0.07827317987621883 198
0.04398680762023845 0.07851853765436627 199
0.04355031379927273 0.07876147642080407 200
0.04311247827324998 0.07900198869103579 201
0.04267331453107748 0.07924006705532076 202
0.04223283610258213 0.0794757041789026 203
0.0417910565580942 0.07970889280223488 204
0.04134798950802866 0.07993962574120517 205
0.04090364860246644 0.08016789588735596 206
0.04045804753073332 0.08039369620810405 207
0.0400112000209787 0.08061701974695687 208
0.03956311983975247 0.08083785962372696 209
0.0391138207915806 0.08105620903474402 210
0.03866331671854042 0.08127206125306428 211
0.03821162149983359 0.08148540962867803 212
0.03775874905135902 0.08169624758871422 213
0.03730471332528366 0.08190456863764319 214
0.03684952830961316 0.08211036635747655 215
0.03639320802776041 0.08231363440796521 216
0.03593576653811401 0.08251436652679438 217
0.03547721793360464 0.08271255652977678 218
0.03501757634127147 0.08290819831104294 219
0.03455685592182629 0.08310128584322952 220
0.0340950708692178 0.08329181317766479 221
0.03363223541019408 0.08347977444455205 222
0.03316836380386416 0.08366516385315045 223
0.03270347034125885 0.08384797569195336 224
0.03223756934489066 0.08402820432886428 225
0.03177067516831231 0.08420584421137041 226
0.03130280219567438 0.0843808898667138 227
0.03083396484128266 0.08455333590205974 228
0.03036417754915344 0.08472317700466317 229
0.02989345479256919 0.08489040794203206 230
0.02942181107363197 0.08505502356208895 231
0.02894926092281732 0.08521701879332931 232
0.02847581889852598 0.08537638864497812 233
0.02800149958663589 0.0855331282071434 234
0.02752631760005262 0.0856872326509675 235
0.02705028757825899 0.08583869722877606 236
0.02657342418686424 0.08598751727422405 237
0.02609574211715233 0.08613368820243959 238
0.02561725608562922 0.08627720551016527 239
0.02513798083356919 0.08641806477589686 240
0.0246579311265613 0.08655626166001949 241
0.02417712175405379 0.08669179190494138 242
0.02369556752889915 0.08682465133522495 243
0.02321328328689707 0.0869548358577156 244
0.02273028388633803 0.08708234146166766 245
0.02224658420754493 0.087207164218868 246
0.02176219915241526 0.08732930028375709 247
0.02127714364396138 0.08744874589354747 248
0.0207914326258514 0.08756549736833956 249
0.02030508106194816 0.08767955111123525 250
0.01981810393584877 0.08779090360844849 251
0.01933051625042278 0.08789955142941368 252
0.01884233302734967 0.08800549122689133 253
0.01835356930665671 0.08810871973707113 254
0.01786424014625489 0.0882092337796726 255
0.01737436062147566 0.08830703025804296 256
0.0168839458246059 0.08840210615925263 257
0.01639301086442352 0.08849445855418796 258
0.01590157086573141 0.08858408459764158 259
0.0154096409688921 0.08867098152839993 260
0.01491723632936061 0.08875514666932843 261
0.01442437211721829 0.08883657742745392 262
0.01393106351670471 0.08891527129404453 263
0.01343732572575049 0.08899122584468697 264
0.01294317395550883 0.08906443873936128 265
0.01244862342988659 0.08913490772251284 266
0.01195368938507591 0.08920263062312189 267
0.01145838706908411 0.08926760535477048 268
0.01096273174126459 0.08932982991570659 269
0.01046673867184609 0.08938930238890602 270
0.009970423141462842 0.08944602094213125 271
0.009473800440683286 0.08949998382798798 272
0.008976885869539214 0.08955118938397896 273
0.008479694737054559 0.08959963603255522 274
0.007982242360773608 0.08964532228116462 275
0.007484544066288845 0.0896882467222979 276
0.006986615186769364 0.08972840803353196 277
0.006488471062487839 0.08976580497757071 278
0.005990127040348555 0.08980043640228305 279
0.005491598473413971 0.08983230124073854 280
0.004992900720432343 0.0898613985112401 281
0.004494049145363923 0.08988772731735437 282
0.003995059116908257 0.08991128684793921 283
0.003495946008030146 0.08993207637716888 284
0.002996725195486269 0.08995009526455622 285
0.002497412059351702 0.08996534295497241 286
0.001998021982545517 0.08997781897866421 287
0.001498570350357509 0.08998752295126825 288
0.0009990725499735597 0.08999445457382298 289
0.0004995439700022283 0.08999861363277789 290
0.01990391550333689 0.02322386048740485 291
0.02006448236976838 0.02368689642160866 292
0.020131630159376 0.02417236029185075 293
0.02010277842026204 0.024661595993849 294
0.0199790359085804 0.02513580247394215 295
0.01976515797965942 0.02557675624303829 296
0.01946936384236341 0.02596751169508077 297
0.01910302069950538 0.02629305231718579 298
0.01868020691261777 0.02654086776581112 299
0.01821717097841397 0.02670143463224261 300
0.01773170710817188 0.02676858242185023 301
0.01724247140617363 0.02673973068273627 302
0.01676826492608047 0.02661598817105464 303
0.01632731115698433 0.02640211024213366 304
0.01593655570494185 0.02610631610483765 305
0.01561101508283683 0.02573997296197962 306
0.0153631996342115 0.02531715917509201 307
0.01520263276778001 0.02485412324088821 308
0.01513548497817238 0.02436865937064611 309
0.01516433671728635 0.02387942366864786 310
0.01528807922896798 0.02340521718855471 311
0.01550195715788896 0.02296426341945856 312
0.01579775129518497 0.02257350796741608 313
0.016164094438043 0.02224796734531106 314
0.01658690822493061 0.02200015189668572 315
0.01704994415913442 0.02183958503025423 316
0.01753540802937651 0.02177243724064662 317
0.01802464373137477 0.02180128897976058 318
0.01849885021146792 0.02192503149144221 319
0.01893980398056406 0.02213890942036319 320
0.01933055943260654 0.02243470355765921 321
0.029753248592597 0.00708926981356643 322
0.03015531560968007 0.007369494917248345 323
0.03049498781605647 0.007722774957973837 324
0.03075921179932553 0.008135533581899553 325
0.03093783357998873 0.008591908706585733 326
0.03102398882318743 0.009074362091928806 327
0.03101436663124192 0.009564353324893013 328
0.03090933677959249 0.01004305231718579 329
0.03071293550653661 0.01049206293499081 330
0.03043271040285469 0.01089412995207388 331
0.0300794303621292 0.01123380215845028 332
0.02966667173820349 0.01149802614171934 333
0.02921029661351731 0.01167664792238254 334
0.02872784322817423 0.01176280316558124 335
0.02823785199521003 0.01175318097363574 336
0.02775915300291725 0.01164815112198631 337
0.02731014238511224 0.01145174984893042 338
0.02690807536802916 0.01117152474524851 339
0.02656840316165275 0.01081824470452302 340
0.02630417917838369 0.0104054860805973 341
0.02612555739772049 0.009949110955911118 342
0.02603940215452179 0.009466657570568044 343
0.02604902434646729 0.008976666337603837 344
0.02615405419811672 0.008497967345311061 345
0.02635045547117261 0.008048956727506041 346
0.02663068057485453 0.007646889710422967 347
0.02698396061558002 0.007307217504046564 348
0.02739671923950574 0.007042993520777506 349
0.02785309436419192 0.006864371740114306 350
0.02833554774953499 0.006778216496915604 351
0.0288255389824992 0.006787838688861108 352
0.02102369080488416 0.05676954748406462 353
0.02103331299682967 0.05725953871702882 354
0.02094715775363096 0.05774199210237189 355
0.02076853597296777 0.05819836722705807 356
0.02050431198969871 0.05861112585098379 357
0.02016463978332231 0.05896440589170929 358
0.01976257276623924 0.0592446309953912 359
0.01931356214843422 0.05944103226844709 360
0.01883486315614145 0.05954606212009653 361
0.01834487192317725 0.05955568431204203 362
0.01786241853783417 0.05946952906884333 363
0.01740604341314799 0.05929090728818014 364
0.01699328478922227 0.05902668330491108 365
0.01664000474849678 0.05868701109853468 366
0.01635977964481486 0.05828494408145161 367
0.01616337837175897 0.0578359334636466 368
0.01605834852010953 0.05735723447135382 369
0.01604872632816402 0.05686724323838962 370
0.01613488157136272 0.05638478985304654 371
0.01631350335202592 0.05592841472836036 372
0.01657772733529497 0.05551565610443464 373
0.01691739954167137 0.05516237606370914 374
0.01731946655875445 0.05488215096002722 375
0.01776847717655947 0.05468574968697133 376
0.01824717616885224 0.05458071983532189 377
0.01873716740181645 0.05457109764337639 378
0.01921962078715952 0.05465725288657509 379
0.01967599591184571 0.05483587466723829 380
0.02008875453577143 0.05510009865050734 381
0.02044203457649692 0.05543977085688375 382
0.02072225968017884 0.05584183787396682 383
0.03753747307211108 0.04749437031865327 384
0.03769803993854257 0.04795740625285708 385
0.03776518772815018 0.04844287012309916 386
0.03773633598903622 0.04893210582509741 387
0.03761259347735459 0.04940631230519057 388
0.03739871554843361 0.0498472660742867 389
0.03710292141113759 0.05023802152632919 390
0.03673657826827956 0.0505635621484342 391
0.03631376448139196 0.05081137759705954 392
0.03585072854718815 0.05097194446349103 393
0.03536526467694606 0.05103909225309865 394
0.03487602897494781 0.05101024051398469 395
0.03440182249485466 0.05088649800230306 396
0.03396086872575852 0.05067262007338208 397
0.03357011327371603 0.05037682593608606 398
0.03324457265161102 0.05001048279322803 399
0.03299675720298569 0.04958766900634043 400
0.03283619033655419 0.04912463307213662 401
0.03276904254694657 0.04863916920189452 402
0.03279789428606053 0.04814993349989628 403
0.03292163679774216 0.04767572701980312 404
0.03313551472666314 0.04723477325070698 405
0.03343130886395915 0.0468440177986645 406
0.03379765200681718 0.04651847717655948 407
0.03422046579370479 0.04627066172793414 408
0.0346835017279086 0.04611009486150265 409
0.0351689655981507 0.04604294707189503 410
0.03565820130014895 0.04607179881100899 411
0.03613240778024211 0.04619554132269063 412
0.03657336154933825 0.04640941925161161 413
0.03696411700138073 0.04670521338890762 414
0.05037682593608605 0.03357011327371603 415
0.05067262007338207 0.03396086872575851 416
0.05088649800230304 0.03440182249485465 417
0.05101024051398468 0.0348760289749478 418
0.05103909225309864 0.03536526467694605 419
0.05097194446349103 0.03585072854718814 420
0.05081137759705954 0.03631376448139195 421
0.05056356214843421 0.03673657826827956 422
0.0502380215263292 0.03710292141113759 423
0.04984726607428672 0.03739871554843361 424
0.04940631230519058 0.03761259347735459 425
0.04893210582509742 0.03773633598903622 426
0.04844287012309918 0.03776518772815019 427
0.04795740625285708 0.03769803993854258 428
0.04749437031865328 0.0375374730721111 429
0.04707155653176567 0.03728965762348576 430
0.04670521338890763 0.03696411700138075 431
0.04640941925161161 0.03657336154933827 432
0.04619554132269063 0.03613240778024213 433
0.04607179881100899 0.03565820130014898 434
0.04604294707189503 0.03516896559815073 435
0.04611009486150264 0.03468350172790863 436
0.04627066172793413 0.03422046579370482 437
0.04651847717655946 0.03379765200681721 438
0.04684401779866447 0.03343130886395917 439
0.04723477325070695 0.03313551472666316 440
0.0476757270198031 0.03292163679774218 441
0.04814993349989625 0.03279789428606054 442
0.0486391692018945 0.03276904254694658 443
0.0491246330721366 0.03283619033655419 444
0.0495876690063404 0.03299675720298568 445
0.05828494408145159 0.01635977964481486 446
0.05868701109853466 0.01664000474849677 447
0.05902668330491107 0.01699328478922226 448
0.05929090728818012 0.01740604341314798 449
0.05946952906884332 0.01786241853783416 450
0.05955568431204202 0.01834487192317723 451
0.05954606212009652 0.01883486315614144 452
0.05944103226844709 0.01931356214843421 453
0.0592446309953912 0.01976257276623923 454
0.05896440589170929 0.0201646397833223 455
0.0586111258509838 0.02050431198969871 456
0.05819836722705808 0.02076853597296777 457
0.0577419921023719 0.02094715775363096 458
0.05725953871702883 0.02103331299682967 459
0.05676954748406463 0.02102369080488417 460
0.05629084849177185 0.02091866095323474 461
0.05584183787396683 0.02072225968017885 462
0.05543977085688376 0.02044203457649694 463
0.05510009865050735 0.02008875453577145 464
0.05483587466723829 0.01967599591184573 465
0.05465725288657509 0.01921962078715955 466
0.05457109764337639 0.01873716740181647 467
0.05458071983532189 0.01824717616885227 468
0.05468574968697132 0.01776847717655949 469
0.05488215096002721 0.01731946655875447 470
0.05516237606370912 0.0169173995416714 471
0.05551565610443462 0.01657772733529499 472
0.05592841472836033 0.01631350335202593 473
0.05638478985304651 0.01613488157136274 474
0.05686724323838959 0.01604872632816403 475
0.0573572344713538 0.01605834852010954 476
0.0009994702830604851 0 477
0.00199894056612097 0 478
0.002998410849181456 0 479
0.00399788113224194 0 480
0.004997351415302426 0 481
0.005996821698362911 0 482
0.006996291981423396 0 483
0.007995762264483879 0 484
0.008995232547544366 0 485
0.009994702830604852 0 486
0.01099417311366534 0 487
0.01199364339672582 0 488
0.01299311367978631 0 489
0.0139925839628468 0 490
0.01499205424590728 0 491
0.01599152452896777 0 492
0.01699099481202825 0 493
0.01799046509508874 0 494
0.01898993537814922 0 495
0.0199894056612097 0 496
0.02098887594427019 0 497
0.02198834622733067 0 498
0.02298781651039115 0 499
0.02398728679345164 0 500
0.02498675707651212 0 501
0.0259862273595726 0 502
0.02698569764263309 0 503
0.02798516792569357 0 504
0.02898463820875406 0 505
0.02998410849181454 0 506
0.03098357877487502 0 507
0.0319830490579355 0 508
0.03298251934099599 0 509
0.03398198962405648 0 510
0.03498145990711696 0 511
0.03598093019017744 0 512
0.03698040047323792 0 513
0.0379798707562984 0 514
0.03897934103935889 0 515
0.03997881132241937 0 516
0.04097828160547986 0 517
0.04197775188854035 0 518
0.04297722217160083 0 519
0.04397669245466131 0 520
0.04497616273772179 0 521
0.04597563302078228 0 522
0.04697510330384276 0 523
0.04797457358690325 0 524
0.04897404386996373 0 525
0.04997351415302421 0 526
0.0509729844360847 0 527
0.05197245471914518 0 528
0.05297192500220566 0 529
0.05397139528526615 0 530
0.05497086556832663 0 531
0.05597033585138712 0 532
0.0569698061344476 0 533
0.05796927641750808 0 534
0.05896874670056856 0 535
0.05996821698362904 0 536
0.06096768726668953 0 537
0.06196715754975001 0 538
0.0629666278328105 0 539
0.06396609811587098 0 540
0.06496556839893147 0 541
0.06596503868199195 0 542
0.06696450896505243 0 543
0.06796397924811293 0 544
0.06896344953117341 0 545
0.06996291981423389 0 546
0.07096239009729437 0 547
0.07196186038035486 0 548
0.07296133066341534 0 549
0.07396080094647582 0 550
0.07496027122953632 0 551
0.07595974151259678 0 552
0.07695921179565728 0 553
0.07795868207871776 0 554
0.07895815236177825 0 555
0.07995762264483872 0 556
0.08095709292789921 0 557
0.08195656321095969 0 558
0.08295603349402017 0 559
0.08395550377708065 0 560
0.08495497406014114 0 561
0.08595444434320162 0 562
0.08695391462626212 0 563
0.08784199706660119 0 564
0.08849136400533696 0 565
0.0890005297169395 0 566
0.08950026485846975 0 567
0 0.0009994702830604851 568
0 0.00199894056612097 569
0 0.002998410849181456 570
0 0.00399788113224194 571
0 0.004997351415302426 572
0 0.005996821698362911 573
0 0.006996291981423396 574
0 0.007995762264483879 575
0 0.008995232547544366 576
0 0.009994702830604852 577
0 0.01099417311366534 578
0 0.01199364339672582 579
0 0.01299311367978631 580
0 0.0139925839628468 581
0 0.01499205424590728 582
0 0.01599152452896777 583
0 0.01699099481202825 584
0 0.01799046509508874 585
0 0.01898993537814922 586
0 0.0199894056612097 587
0 0.02098887594427019 588
0 0.02198834622733067 589
0 0.02298781651039115 590
0 0.02398728679345164 591
0 0.02498675707651212 592
0 0.0259862273595726 593
0 0.02698569764263309 594
0 0.02798516792569357 595
0 0.02898463820875406 596
0 0.02998410849181454 597
0 0.03098357877487502 598
0 0.0319830490579355 599
0 0.03298251934099599 600
0 0.03398198962405648 601
0 0.03498145990711696 602
0 0.03598093019017744 603
0 0.03698040047323792 604
0 0.0379798707562984 605
0 0.03897934103935889 606
0 0.03997881132241937 607
0 0.04097828160547986 608
0 0.04197775188854035 609
0 0.04297722217160083 610
0 0.04397669245466131 611
0 0.04497616273772179 612
0 0.04597563302078228 613
0 0.04697510330384276 614
0 0.04797457358690325 615
0 0.04897404386996373 616
0 0.04997351415302421 617
0 0.0509729844360847 618
0 0.05197245471914518 619
0 0.05297192500220566 620
0 0.05397139528526615 621
0 0.05497086556832663 622
0 0.05597033585138712 623
0 0.0569698061344476 624
0 0.05796927641750808 625
0 0.05896874670056856 626
0 0.05996821698362904 627
0 0.06096768726668953 628
0 0.06196715754975001 629
0 0.0629666278328105 630
0 0.06396609811587098 631
0 0.06496556839893147 632
0 0.06596503868199195 633
0 0.06696450896505243 634
0 0.06796397924811293 635
0 0.06896344953117341 636
0 0.06996291981423389 637
0 0.07096239009729437 638
0 0.07196186038035486 639
0 0.07296133066341534 640
0 0.07396080094647582 641
0 0.07496027122953632 642
0 0.07595974151259678 643
0 0.07695921179565728 644
0 0.07795868207871776 645
0 0.07895815236177825 646
0 0.07995762264483872 647
0 0.08095709292789921 648
0 0.08195656321095969 649
0 0.08295603349402017 650
0 0.08395550377708065 651
0 0.08495497406014114 652
0 0.08595444434320162 653
0 0.08695391462626212 654
0 0.08784199706660119 655
0 0.08849136400533696 656
0 0.0890005297169395 657
0 0.08950026485846975 658
0.06332622284987874 0.06332674941647391 659
0.03510067478476581 0.05148372346029524 660
0.05143292066267743 0.03507096327987574 661
0.05865690893851452 0.02097627765344996 662
0.02101113841792597 0.05859085870929536 663
0.04928219821498184 0.03808067651930425 664
0.03808243136505335 0.04926120911583438 665
0.07989489419965559 0.04048529925264937 666
0.04050048261312201 0.07989788412363988 667
0.02046786601832604 0.02450436282561624 668
0.01752332037365907 0.0878550826196853 669
0.08784791597839881 0.01761898771535084 670
0.05995807998322719 0.01808362094279227 671
0.01806210981043017 0.05989519792447404 672
0.01792041185601134 0.05415033328147945 673
0.04638825350130892 0.03332232689674785 674
0.04397948392764264 0.07804058236325172 675
0.07803351074709527 0.04403577790762976 676
0.06608519273401137 0.0604536559211873 677
0.06051617694727864 0.06606370552487072 678
0.03689689294937271 0.08164620640662945 679
0.08161670309994914 0.03684590789931162 680
0.0296019713341336 0.01197793283180874 681
0.01808956228759858 0.02711352321342098 682
0.04741175675603519 0.07598933409405093 683
0.0759893340940509 0.04741175675603516 684
0.05746672409151229 0.06870101307070178 685
0.06871654291866662 0.05749458437224559 686
0.0333303583560553 0.08320197697269055 687
0.08318556916401507 0.03326569466820747 688
0.03673074648818975 0.0510108350633071 689
0.05106643855429323 0.03671350388019951 690
0.01962220118982914 0.05972798094799187 691
0.05979349620852367 0.01969840012798512 692
0.02146609043747767 0.08690696358754021 693
0.08696628243463835 0.02140205409841846 694
0.02526798462947955 0.08593602067992391 695
0.08593257059934192 0.02525563075711725 696
0.07118421614382817 0.05436047228216 697
0.05432682385980849 0.07123192456257191 698
0.05072899600706568 0.07379501759480639 699
0.07380984493374736 0.05073815492907583 700
0.02951475969804409 0.08456510347524587 701
0.08456446841802071 0.02951488724029378 702
0.01995566505914748 0.02602829920624838 703
0.05415863424938182 0.01849722827519616 704
0.0348284607410787 0.04558816404799734 705
0.03297297812173006 0.04680333805038194 706
0.03094131211042373 0.01091861018159465 707
0.0456184773866219 0.03482236731407204 708
0.01722516580448692 0.02139952259223639 709
0.02565801843432033 0.009804062725504055 710
0.04781213011690667 0.03241848837528108 711
0.01960249934922616 0.05435133132527317 712
0.01460028311810337 0.08836902912005973 713
0.01164611317888672 0.08884708717202233 714
0.08838259806546508 0.01460918608123912 715
0.08879793007881705 0.0117002247770359 716
0.01636989221342006 0.02689131565489303 717
0.07339690085596309 0.0008395375835304753 718
0.0008655666554579985 0.07346106580494557 719
0.0008655666554580055 0.04047854646394962 720
0.05463458701293606 0.02013845896375588 721
0.03235977787013476 0.04836956501187935 722
0.05472598884341413 0.01682967045749825 723
0.04758683330041945 0.03801875738721239 724
0.05701611099858507 0.02145192919261363 725
0.03352437196494461 0.05086642813067924 726
0.02792259007188079 0.01211193005722075 727
0.03797471040853527 0.04758555268957304 728
0.02142227079653875 0.05703230603620371 729
0.05083404426743243 0.03352815188185519 730
0.03655160697339091 0.04593694728767948 731
0.01652932895340785 0.05916543136422341 732
0.0591698039559484 0.01654248605639001 733
0.02011833160266518 0.02280487543927558 734
0.01642303104201524 0.05506741873906947 735
0.04591923581315172 0.03645031441983574 736
0.04351116075862611 0.000830770362268439 737
0.01569512228438663 0.02214506478050557 738
0.01891813294076181 0.02165271817993054 739
0.02089378567878043 0.05538209941648058 740
0.04948950130747469 0.0325638897648244 741
0.03143182353928024 0.0093089178686954 742
0.01137288512761244 0.0008894590651869344 743
0.02640406949058743 0.01127697142633084 744
0.08909524596386209 0.009180997842808153 745
0.0091773051276978 0.08909286600267834 746
0.0008655666554579985 0.04547589787925203 747
0.0684297752873918 0.0009469186330541002 748
0.0008655666554579985 0.06846371438964316 749
0.0008571745088854985 0.01262176035759372 750
0.05602307603248206 0.01583014212480356 751
0.0151553549261722 0.02569088729524243 752
0.0008655666554579985 0.0354811950486472 753
0.0008655666554579916 0.07845841722024799 754
0.07845841722024799 0.0008655666554579916 755
0.01570077641380596 0.05766682324225829 756
0.05770448357883255 0.01570903935069772 757
0.01486027655425762 0.02355644510168773 758
0.04836061758774093 0.0008424172562891546 759
0.01645020784954083 0.0008927494034160488 760
0.0008655666554579985 0.04947377901149397 761
0.06445936633384459 0.0008260222515287102 762
0.0008655666554579985 0.06446583325740123 763
0.0008599905308261449 0.01662034687602424 764
0.0008705529397656578 0.03161504632412043 765
0.05247218986067542 0.0008655666554580055 766
0.0008655666554580055 0.0534716601437359 767
0.03946975507185009 0.0008420695341717979 768
0.06039674143458505 0.000831995217517395 769
0.0008655666554579985 0.06046795212515928 770
0.05650798749696849 0.0008485997377166501 771
0.006706853332549369 0.08933915570461406 772
0.0893293780034594 0.006696070618226649 773
0.0008628068167614647 0.02061893339490651 774
0.0008677359433096332 0.02761645980402209 775
0.004722752826904 0.089476894907193 776
0.04571519657484821 0.0770250997262194 777
0.01948000533495028 0.08744378775176997 778
0.0313851446976439 0.08388817715899358 779
0.04908717052493212 0.07491879127053488 780
0.03506239114436428 0.08245382859349998 781
0.07705500682957613 0.045731928866277 782
0.08946823561960539 0.004688479402518209 783
0.02756848891347075 0.08524882802366361 784
0.05596638895498594 0.06995522065861622 785
0.03875801166581391 0.08078399965074609 786
0.05900904342749297 0.06735553219489146 787
0.06992995982148828 0.05592337439437643 788
0.08535771355091323 0.0271651133956068 789
0.08389924889986647 0.03135994554607111 790
0.07262514184638995 0.05241636045686669 791
0.02328526019222434 0.08646264587080416 792
0.05236424680250784 0.07266525463766557 793
0.04223892844478164 0.07896965067242261 794
0.08077398717214294 0.03870163525053195 795
0.08647207319105157 0.0233416823042417 796
0.08746553059658026 0.01947111745981647 797
0.06470687960746523 0.06187471541395102 798
0.0674455967416131 0.05897864175354992 799
0.0749159670514551 0.04910176315684606 800
0.07900481211729987 0.04224765119086267 801
0.08235820338491621 0.03510838611526615 802
0.06191182997912829 0.06472386641252392 803
0.02589432743738155 0.008122132567524695 804
0.0008543587540118802 0.008623173839620451 805
0.0008655666554579985 0.08245629835248992 806
0.08248915020717115 0.000842099639849013 807
0.03097158556963991 0.00769202489206244 808
0.02045928657608671 0.0008550965697158228 809
0.007496027122953636 0.0008655666554580055 810
0.03549102235322942 0.000960278351547543 811
0.03251894585349798 0.04947797541589675 812
0.05543076051198476 0.02094837241956968 813
0.03762506323315044 0.05023061530612733 814
0.01565600668006279 0.05647669436736655 815
0.05035161308511954 0.03762998977435749 816
0.03375755831682578 0.0460819868216799 817
0.02654125551658828 0.007163446551961741 818
0.02747447711235895 0.006619263967861465 819
0.01475693995667911 0.02468251641291411 820
0.02858887642868199 0.006358682737509693 821
0.0296688827065579 0.00661452526770677 822
0.01911707555896609 0.02676016769997941 823
0.03744414978065053 0.04660645851162991 824
0.04661458317111732 0.03744988221940391 825
0.0008655666554579985 0.05647007099291736 826
0.0008656233636653576 0.02461751991423539 827
0.003230730787532825 0.08950874791510172 828
0.01602105045897615 0.08816265216931256 829
0.01310476971027067 0.08852980352559581 830
0.08951211001455435 0.003228136368808782 831
0.0886328242344513 0.01316052889230981 832
0.08815770261301591 0.01604222775372198 833
0.0008522471149949168 0.005624233951443527 834
0.02341758646268656 0.0008854179971961515 835
0.0008879375374925974 0.08550363396038535 836
0.08541113405219423 0.0007983856721648017 837
0.03252653741545363 0.0008246227745300205 838
0.0266377606031761 0.0008778955706622363 839
0.004431394778857949 0.0008666978057366714 840
0.02957914111405724 0.0008473421412534543 841
0.001693887436687615 0.08952639879905819 842
0.08951738871136571 0.001694279016662498 843
0.0006657351096557088 0.0873979558464316 844
0.0873726894082994 0.0006937300847609171 845
0.07539875725438311 0.0009423546319852136 846
0.0008655666554579847 0.07546000637106655 847
0.08049706804993779 0.0009419457006918722 848
0.0008655666554579916 0.08045735778636894 849
0.06254296576480883 0.0008303979071984102 850
0.0008655666554579985 0.06246689269128024 851
0.04138556945897243 0.0008464141955946899 852
0.06643169173734295 0.0008455170846255189 853
0.07046265495576412 0.0008655666554579985 854
0.0008655666554579985 0.0664647738235222 855
0.0008655666554579985 0.07046265495576412 856
0.04647469222981725 0.0008230721942375369 857
0.05450874082386045 0.0009520459731591283 858
0.05847853686072894 0.0008293496977654566 859
0.0008655666554579985 0.05846901155903832 860
0.0505093913484659 0.0008382606344556204 861
0.0008655666554579985 0.03847960589782864 862
0.0008655666554579985 0.04347695731313107 863
0.0008655666554579985 0.04747483844537301 864
0.01460093237415382 0.0008872943326715191 865
0.0008642150577796368 0.02261822665451544 866
0.009521793510731784 0.0008979458461675777 867
0.000855766597871413 0.01062246709854969 868
0.0008585824866655239 0.0146210536167523 869
0.01849020023661897 0.0008655666554579985 870
0.0008691444097470163 0.0296157530640169 871
0.0008655666554580055 0.03348225448252623 872
0.0008655666554579985 0.05147271957761493 873
0.03748013561476816 0.0008655666554579985 874
0.000850839440741824 0.00362494069280455 875
0.0008613986409846952 0.01861964013540927 876
0.008194079321023937 0.08922826935923195 877
0.04485525427552735 0.07752586496536831 878
0.05674042631242667 0.06934500588498671 879
0.0582258198563815 0.06805885303766841 880
0.04991567987703551 0.07436853149796659 881
0.0395618022333992 0.08033834506242567 882
0.04136970244642338 0.07944055195078348 883
0.032316090079403 0.08352436905729924 884
0.05515163251258366 0.0705864679331175 885
0.01850855265479267 0.08763382368341292 886
0.005714339175092183 0.08941034843302105 887
0.03045198448575673 0.08423140872400253 888
0.03779554602749987 0.08120458529969825 889
0.02855762653040877 0.08491922197225243 890
0.03598733885687009 0.08202683072826854 891
0.08202048885550492 0.03598337748280726 892
0.04312921434379009 0.07847514311842874 893
0.02433067025885487 0.08622149972704531 894
0.06806809126411284 0.05825099960192718 895
0.02237247725906139 0.0867606405339133 896
0.08121006624237906 0.03781809800286185 897
0.05157185554095924 0.0732668317310262 898
0.01066323053393883 0.08893002355408892 899
0.08764520258572295 0.01852877206110445 900
0.03410244095073727 0.08288458548844886 901
0.07537666319283506 0.04828238404515135 902
0.07047083071578378 0.05517995038588584 903
0.07944260688643426 0.04137169801686333 904
0.07849477552073883 0.04312043368263372 905
0.08505390844700508 0.02810643454823537 906
0.04656516408714323 0.07651185045043501 907
0.08725338950446009 0.02038245499473591 908
0.0893057530802731 0.005715915311846502 909
0.0743979656429672 0.04987879131230592 910
0.02044089376386866 0.0871817402860513 911
0.0535668972809146 0.07176344255472569 912
0.06536355415346408 0.06119731881926753 913
0.02620415632279985 0.08565837207024689 914
0.06403829091163943 0.06263956860609671 915
0.08671475879479162 0.02237508079442432 916
0.08890107740739478 0.01063173778355088 917
0.08354176588055257 0.03226707500386468 918
0.08279663192380025 0.03416096188378587 919
0.08922779614409007 0.008206676240598364 920
0.06679525677512316 0.05975203865967238 921
0.06261733775830863 0.06402679491938962 922
0.06934673251481546 0.05666894820477783 923
0.08425153735320529 0.03045615399767298 924
0.05965932898753926 0.06676058508440327 925
0.06121395172292818 0.06540157306811883 926
0.07755687468976027 0.04487017907750628 927
0.07651416412770917 0.04657265753831303 928
0.07324148230628816 0.05151519919176577 929
0.04825325202936195 0.07545861814695679 930
0.07177307881110517 0.05361147012082198 931
0.08620530469127 0.02429521204342331 932
0.08563646763836497 0.02622522967991938 933
0.08033986633228314 0.0395964830924744 934
0.002559896509919064 0.0008961524388032202 935
0.0004544546973321711 0.08873024493982978 936
0.08874320341283758 0.0004399156468743656 937
0.0009473101962116162 0.001575670616742374 938
0.0008151446204805735 0.08954909890822869 939
0.08954966239225082 0.0007949329173608799 940
0.03311818897180598 0.0505572618733176 941
0.0330507452796831 0.0510459042348357 942
0.03346909245474928 0.0513576010836939 943
0.03299650174050028 0.05155493503175582 944
0.03257979957810647 0.05123319805990762 945
0.03253489677754545 0.05175598537379388 946
0.03210238360305286 0.05145378913958295 947
0.03204433963531902 0.0521260363955168 948
0.03143834759310784 0.05156656063509505 949
0.03132812876936834 0.05246158940837936 950
0.03063061328741303 0.05195235314616722 951
0.03204267870416931 0.05299340864382599 952
0.03127429423397336 0.05335495586122131 953
0.03210398249127951 0.05384854135406451 954
0.03125667938637253 0.05433814035340405 955
0.03210402075061283 0.05483195956079735 956
0.03130761598185623 0.0553310794332971 957
0.0321141968103065 0.05582870048328046 958
0.03135654167369647 0.05632946572158613 959
0.03213849242050908 0.05682789992657801 960
0.03131483921188664 0.0573291601188288 961
0.03213671157178967 0.05782771727959125 962
0.03127523102560167 0.05832913439760722 963
0.03213093022317157 0.05882768438205392 964
0.03126878418560396 0.05932912373170326 965
0.03213001031659792 0.0598276761941951 966
0.03126439187196737 0.06032912683700702 967
0.03213024306347537 0.06082767441007117 968
0.03126481672705098 0.06132912611971741 969
0.03299526006446209 0.06032622276209356 970
0.03299666840217926 0.06132622131410495 971
0.03386178109480374 0.06082476955518643 972
0.03386340131252317 0.06182476814412086 973
0.03472856526704201 0.06132331637286201 974
0.03473022934174339 0.06232331496589372 975
0.03559540914940871 0.06182186319326159 976
0.03559708317579775 0.06282186178674672 977
0.03646226728426876 0.06232041001396128 978
0.03646394368607338 0.06332040860749641 979
0.03732912890724791 0.06281895683469377 980
0.03559875795890492 0.06382186038030022 981
0.03733080589040572 0.06381895542823435 982
0.03819599139392302 0.06331750365542975 983
0.03819766852103015 0.06431750224897094 984
0.03906285409559616 0.06381605047616609 985
0.03906117691677741 0.06281605188262485 986
0.03992803967199915 0.06331459870336122 987
0.039926362498871 0.06231460010981996 988
0.04079322526935041 0.06281314693055633 989
0.04079154809432919 0.06181314833701506 990
0.04165841086682921 0.06231169515775144 991
0.04165673369203608 0.06131169656421019 992
0.04252359646511769 0.06181024338494656 993
0.04252191929025269 0.06081024479140531 994
0.04338878206341135 0.06130879161214167 995
0.04338710488855511 0.06030879301860041 996
0.04425396766173598 0.06080733983933678 997
0.04425229048687699 0.05980734124579552 998
0.04511915326006084 0.06030588806653189 999
0.04511747608520215 0.05930588947299064 1000
0.04598433885838679 0.059804436293727 1001
0.04598266168352806 0.05880443770018574 1002
0.04684952445671284 0.05930298452092212 1003
0.0468478472818541 0.05830298592738086 1004
0.0477147100550389 0.05880153274811722 1005
0.04771303288018016 0.05780153415457597 1006
0.04857989565336496 0.05830008097531234 1007
0.04857821847850622 0.05730008238177109 1008
0.04944508125169102 0.05779862920250745 1009
0.04944340407683229 0.05679863060896619 1010
0.0503102668500171 0.05729717742970256 1011
0.05030858967515835 0.0562971788361613 1012
0.05117545244834316 0.05679572565689766 1013
0.05117377527348441 0.05579572706335641 1014
0.0503069125002996 0.05529718024262004 1015
0.05117209809862566 0.05479572846981515 1016
0.05030523532544085 0.05429718164907878 1017
0.05117042092376691 0.05379572987627389 1018
0.05203728369695172 0.05429427669701025 1019
0.05203560652209298 0.053294278103469 1020
0.05290246929527779 0.05379282492420535 1021
0.05290079212041903 0.05279282633066409 1022
0.0503035581505821 0.05329718305553753 1023
0.05376765489360384 0.05329137315140046 1024
0.05376597771874509 0.0522913745578592 1025
0.0546328404919299 0.05278992137859555 1026
0.05463116331707116 0.0517899227850543 1027
0.05549802609025629 0.05228846960579097 1028
0.05549634891539727 0.05128847101224945 1029
0.0563632116885825 0.05178701783298614 1030
0.05636153451372337 0.05078701923944458 1031
0.05722839728690826 0.05128556606018096 1032
0.05722672011204939 0.05028556746663964 1033
0.05376430054388634 0.05129137596431794 1034
0.05809358288523417 0.05078411428737598 1035
0.05809190571037541 0.04978411569383472 1036
0.03906453125853628 0.06481604906970737 1037
0.04252527363995921 0.06281024197848786 1038
0.0572250429371906 0.04928556887309837 1039
0.05809022853551664 0.04878411710029346 1040
0.05895709130870147 0.04928266392102981 1041
0.05895541413384267 0.04828266532748855 1042
0.05982227690702752 0.04878121214822492 1043
0.05982059973216873 0.04778121355468365 1044
0.04598601603324552 0.06080443488726826 1045
0.06068746250535358 0.04827976037542002 1046
0.06068578533049482 0.04727976178187876 1047
0.05981892255730997 0.04678121496114239 1048
0.06068410815563607 0.0462797631883375 1049
0.06155097092882091 0.04677831000907388 1050
0.06154929375396215 0.04577831141553261 1051
0.06068243098077733 0.04527976459479624 1052
0.06154761657910341 0.04477831282199136 1053
0.06241447935228821 0.04527685964272773 1054
0.06241280217742946 0.04427686104918647 1055
0.06154593940424466 0.04377831422845011 1056
0.06241112500257073 0.04327686245564521 1057
0.06327798777575552 0.04377540927638158 1058
0.06327631060089679 0.0427754106828403 1059
0.062409447827712 0.04227686386210395 1060
0.06327463342603806 0.04177541208929905 1061
0.06240777065285324 0.0412768652685627 1062
0.06327295625117929 0.04077541349575779 1063
0.06240609347799447 0.04027686667502144 1064
0.06327127907632053 0.03977541490221654 1065
0.06413814184950535 0.04027396172295289 1066
0.06413646467464659 0.03927396312941163 1067
0.06326960190146176 0.03877541630867528 1068
0.06413478749978781 0.03827396453587037 1069
0.063267924726603 0.03777541771513403 1070
0.06413311032492905 0.03727396594232912 1071
0.06326624755174425 0.03677541912159277 1072
0.06413143315007029 0.03627396734878786 1073
0.06499829592325511 0.03677251416952421 1074
0.06499661874839635 0.03577251557598296 1075
0.06326457037688547 0.03577542052805151 1076
0.06586348152158117 0.03627106239671931 1077
0.06586180434672241 0.03527106380317805 1078
0.06672866711990724 0.0357696106239144 1079
0.06672698994504847 0.03476961203037315 1080
0.06759385271823326 0.03526815885110949 1081
0.06759217554337449 0.03426816025756824 1082
0.0667253127701897 0.03376961343683189 1083
0.06759049836851573 0.03326816166402698 1084
0.06672363559533091 0.03276961484329063 1085
0.06758882119365696 0.03226816307048572 1086
0.06845568396684183 0.03276670989122203 1087
0.06845400679198302 0.03176671129768079 1088
0.0675871440187982 0.03126816447694447 1089
0.06845232961712426 0.03076671270413955 1090
0.06931919239030913 0.03126525952487587 1091
0.06931751521545032 0.03026526093133463 1092
0.0684506524422655 0.02976671411059832 1093
0.06931583804059155 0.02926526233779338 1094
0.07018270081377637 0.02976380915852969 1095
0.07018102363891759 0.02876381056498843 1096
0.06931416086573278 0.02826526374425216 1097
0.07017934646405881 0.02776381197144719 1098
0.07104620923724363 0.0282623587921835 1099
0.07104453206238483 0.02726236019864226 1100
0.07017766928920002 0.02676381337790593 1101
0.07104285488752604 0.02626236160510101 1102
0.07017599211434122 0.02576381478436466 1103
0.07104117771266728 0.02526236301155974 1104
0.07190804048585209 0.0257609098322961 1105
0.07190636331099336 0.02476091123875485 1106
0.07103950053780853 0.02426236441801848 1107
0.0719046861361346 0.02376091264521359 1108
0.07103782336294978 0.02326236582447723 1109
0.0719030089612758 0.02276091405167233 1110
0.07103614618809101 0.02226236723093597 1111
0.07190133178641703 0.02176091545813108 1112
0.07103446901323224 0.02126236863739471 1113
0.07189965461155833 0.02076091686458981 1114
0.07103279183837351 0.02026237004385345 1115
0.07189797743669958 0.01976091827104854 1116
0.07103111466351478 0.0192623714503122 1117
0.07189630026184084 0.01876091967750729 1118
0.07102943748865603 0.01826237285677094 1119
0.07189462308698208 0.01776092108396606 1120
0.07276148586016691 0.01825946790470239 1121
0.07275980868530812 0.01725946931116116 1122
0.07102776031379726 0.01726237426322971 1123
0.07362667145849297 0.01775801613189751 1124
0.0736249942836342 0.01675801753835626 1125
0.07276987173446064 0.02325946087240868 1126
0.07449185705681902 0.0172565643590926 1127
0.07449017988196027 0.01625656576555135 1128
0.05549970326511526 0.05328846819933247 1129
0.04944675842654978 0.05879862779604871 1130
0.07535704265514508 0.01675511258628771 1131
0.07535536548028632 0.01575511399274646 1132
0.07448850270710153 0.0152565671720101 1133
0.07535368830542757 0.01475511539920522 1134
0.07622055107861241 0.01525366221994159 1135
0.07621887390375365 0.01425366362640036 1136
0.07448682553224274 0.01425656857846885 1137
0.04598098450866931 0.05780443910664448 1138
0.07708573667693849 0.01475221044713673 1139
0.07708405950207978 0.01375221185359548 1140
0.06239938477855942 0.03627687230085642 1141
0.06239770760370064 0.03527687370731517 1142
0.07016928341490625 0.02176382041019967 1143
0.04078987091886218 0.06081314974347381 1144
0.07795092227526458 0.01425075867433187 1145
0.07794924510040586 0.01325076008079063 1146
0.07016257471547122 0.01776382603603458 1147
0.07016089754061247 0.01676382744249332 1148
0.0615325220053746 0.03577832548012005 1149
0.06153084483051581 0.03477832688657881 1150
0.03039791383119168 0.06083057928802491 1151
0.03039928851140214 0.06183057803473537 1152
0.03296302589413874 0.05629985582804022 1153
0.07881610787359065 0.01374930690152704 1154
0.07881778504844933 0.01474930549506829 1155
0.07881443069873198 0.01274930830798578 1156
0.07794756792554719 0.01225076148724937 1157
0.07881275352387329 0.01174930971444452 1158
0.0692957119422864 0.01726527921529821 1159
0.06929403476742765 0.01626528062175694 1160
0.03033346275367158 0.05498193360845386 1161
0.02954491849539788 0.0613535339861658 1162
0.02953616460769434 0.06233561361219178 1163
0.06759552989309206 0.03626815744465074 1164
0.06066565923218977 0.03527977865938372 1165
0.060663982057331 0.03427978006584246 1166
0.07794589075068849 0.01125076289370813 1167
0.07967961629705808 0.01224785653518095 1168
0.07967793912219941 0.01124785794163971 1169
0.0286821082231297 0.06185916688040463 1170
0.0286717185126799 0.06283835953911369 1171
0.06842884916910158 0.01676673239456183 1172
0.06842717199424285 0.01576673380102056 1173
0.02780497899025415 0.06234002841039765 1174
0.02780466555889046 0.06333659529669323 1175
0.02867119656466902 0.06383457016688644 1176
0.02780564444530064 0.06433539061139926 1177
0.02867239083725144 0.06483373688611527 1178
0.02780712475477203 0.06533505001274967 1179
0.02867395471704974 0.06583354030180051 1180
0.02780875023595625 0.06633495954461688 1181
0.02867560439351943 0.06683349152208722 1182
0.02781041421187115 0.06733493539900381 1183
0.02867727478558379 0.0678334784303915 1184
0.02781208805633574 0.06833492825542668 1185
0.02694522509473457 0.06783638110949336 1186
0.02694690168292059 0.06883637869298677 1187
0.0260800387806249 0.06833783164914094 1188
0.02608171583604888 0.06933783003760929 1189
0.02521485302144365 0.06883928314482525 1190
0.02521653016935567 0.06983928169263307 1191
0.02434966738478019 0.06934073485158254 1192
0.02435134455317869 0.07034073343468453 1193
0.02348448177695572 0.0698421866080233 1194
0.02348615895016073 0.07084218519940585 1195
0.02261929617589215 0.07034363837611153 1196
0.02262097335072474 0.07134363697029875 1197
0.02175411057695528 0.07084509014786369 1198
0.0217557877519782 0.07184508874237887 1199
0.02088892497839831 0.07134654192027036 1200
0.0208906021528521 0.07234654051380358 1201
0.02002373937971551 0.07184799369245985 1202
0.02002541655419955 0.07284799228604523 1203
0.01915855378119311 0.07234944546492597 1204
0.01916023095565265 0.07334944405846913 1205
0.0286789502759424 0.06883347412087201 1206
0.02521820732678594 0.07083928025526867 1207
0.01829336818266271 0.07285089723737832 1208
0.01829504535712204 0.07385089583092108 1209
0.02175746492816243 0.07284508733732328 1210
0.01742818258413594 0.07335234900983691 1211
0.01742985975859474 0.07435234760337878 1212
0.01742650540967696 0.0723523504162948 1213
0.01656131981115035 0.07285380218875359 1214
0.01655964263669147 0.07185380359521164 1215
0.01829672253203606 0.07485089442446104 1216
0.01743153693312942 0.07535234619692036 1217
0.01569445703816485 0.07235525536767048 1218
0.01569277986370602 0.07135525677412854 1219
0.01829839970658339 0.07585089301800257 1220
0.01743321410761563 0.07635234479046216 1221
0.01482759426517946 0.07185670854658741 1222
0.01482591709072058 0.07085670995304549 1223
0.02088724780384036 0.07034654332655747 1224
0.01396073149219407 0.0713581617255043 1225
0.01395905431773516 0.07035816313196244 1226
0.01830007688060563 0.07685089161154518 1227
0.017434891281971 0.07735234338400424 1228
0.01482423991626175 0.06985671135950358 1229
0.01395737714327631 0.06935816453842053 1230
0.01309219154474972 0.06985961631087942 1231
0.01309051437029087 0.06885961771733751 1232
0.02348280460195734 0.06884218801355164 1233
0.01830175405497443 0.07785089020508726 1234
0.01743937089710153 0.07835717720087265 1235
0.01657017275688968 0.07785460102701755 1236
0.01657473021759142 0.07885956915564499 1237
0.01570515582377338 0.07835634380828774 1238
0.01570686110913389 0.0793563909032982 1239
0.01483933448639117 0.07885669870138086 1240
0.01482256274180291 0.06885671276596166 1241
0.01222532877176428 0.0693610694897964 1242
0.01222365159730542 0.06836107089625448 1243
0.01484112230247618 0.07985688819172851 1244
0.01397416732813565 0.0793581822899741 1245
0.01397488157344799 0.08035651948260836 1246
0.01310880894790393 0.07985933595152546 1247
0.01830945761197455 0.07885598021090157 1248
0.01916962122503808 0.07835028559488239 1249
0.01135846599877883 0.0688625226687134 1250
0.01135678882431998 0.06786252407517146 1251
0.01222197442284657 0.06736107230271256 1252
0.01135511164986113 0.06686252548162953 1253
0.01311064410845963 0.08085224847955291 1254
0.01224164591363149 0.08035614949097437 1255
0.01224171949658377 0.0793601936214561 1256
0.01137649611833448 0.07986154614241722 1257
0.01137518916348015 0.07886239788626206 1258
0.01138034712826813 0.08085483881223783 1259
0.02693749156024012 0.06283751247349656 1260
0.01222029724838772 0.06636107370917063 1261
0.01135343447540228 0.06586252688808761 1262
0.05979879645900495 0.03478123183864737 1263
0.05979711928414619 0.03378123324510611 1264
0.02785061330205737 0.06119533938534114 1265
0.06068913968021232 0.04927975896896128 1266
0.06846071549141809 0.03576670567184577 1267
0.06846239266627691 0.03676670426538707 1268
0.06932757826460294 0.03626525249258213 1269
0.06932925543946172 0.03726525108612339 1270
0.0701944410377878 0.03676379931331847 1271
0.07019611821264657 0.03776379790685972 1272
0.07106130381097266 0.03726234613405478 1273
0.07106298098583143 0.03826234472759605 1274
0.07192816658415747 0.0377608929547911 1275
0.0719305752599448 0.03876215365189416 1276
0.07106478007751166 0.03926255367173096 1277
0.05809526006009305 0.0517841128809172 1278
0.05722336576233181 0.0482855702795571 1279
0.04338542771369214 0.05930879442505918 1280
0.0381993456582238 0.06531750084251224 1281
0.03906620842513106 0.06581604766324863 1282
0.03820102282542769 0.0663174994360535 1283
0.03906788559733666 0.06681604625678987 1284
0.03820269999856842 0.06731749802959476 1285
0.03906956277146687 0.06781604485033113 1286
0.0382043771730194 0.06831749662313602 1287
0.03907123994613622 0.06881604344387239 1288
0.03820605434777859 0.06931749521667727 1289
0.03907291712094678 0.06981604203741365 1290
0.0399381027192701 0.06931459026460879 1291
0.03820773152261266 0.0703174938102185 1292
0.03993977989412031 0.07031458885815006 1293
0.04080496549244454 0.06981313708534521 1294
0.06154090787966842 0.04077831844782634 1295
0.0113601431732377 0.06986252126225531 1296
0.08054480189538418 0.01174640476237613 1297
0.08054312472052551 0.01074640616883488 1298
0.01917510435020581 0.0793483428834249 1299
0.02003644872486404 0.07884794315302869 1300
0.06756198639591679 0.01626818557382545 1301
0.06756030922105805 0.0152681869802842 1302
0.01050997424827743 0.07936378174773664 1303
0.01050835389097339 0.07836391355859515 1304
0.01049328040025225 0.06936397444117232 1305
0.01048824887687569 0.06636397866054651 1306
0.01048657170241685 0.06536398006700457 1307
0.07193203196055387 0.03976302832795615 1308
0.07106644082613241 0.04026273333745795 1309
0.04080664266730152 0.0708131356788865 1310
0.041671828265627 0.07031168390608164 1311
0.01135175730094344 0.0648625282945457 1312
0.01048489452795799 0.06436398147346264 1313
0.07279588277509225 0.03826091222968284 1314
0.07279349441877515 0.03725968659101207 1315
0.05893193368582014 0.03428268501791101 1316
0.05893025651096138 0.03328268642436975 1317
0.05979544210928744 0.03278123465156486 1318
0.05893678936778433 0.03228267406115041 1319
0.0597951332730423 0.03178123376307725 1320
0.05892690216124387 0.03128268923728724 1321
0.05979231581600553 0.03078123708199128 1322
0.05892258375818727 0.0302873491822443 1323
0.05979000838941746 0.02978201523027563 1324
0.05892304057427777 0.02928359786651019 1325
0.05978858183776205 0.02878152064000649 1326
0.05805515823135545 0.02978972981772374 1327
0.05805606650182597 0.02878522719797162 1328
0.05718821534423067 0.02929131089398212 1329
0.01484268883530875 0.08085669588846472 1330
0.05718917182644 0.02828673105210069 1331
0.056321333901689 0.02879279383522245 1332
0.0589336108606789 0.03528268361145228 1333
0.07535871983000383 0.01775511117982895 1334
0.06842549481938412 0.01476673520747931 1335
0.0675586320461993 0.01426818838674295 1336
0.06842381764452538 0.01376673661393805 1337
0.06755695487134057 0.01326818979320168 1338
0.06842214046966665 0.0127667380203968 1339
0.06755527769648183 0.01226819119966042 1340
0.06842046329480787 0.01176673942685554 1341
0.06670606570610681 0.01274186839741986 1342
0.06669107719128886 0.01176501528308316 1343
0.06584230891224582 0.01223792096486908 1344
0.06582517579265668 0.01126479684440423 1345
0.06497241278526553 0.01174464847619909 1346
0.06495796768959802 0.01076685047602177 1347
0.06410498689813585 0.01124708078619941 1348
0.06409095350911007 0.01026856691913384 1349
0.06322574267623354 0.0107700625692468 1350
0.06582017441451554 0.01027057830592725 1351
0.06322200192658856 0.009773652076336181 1352
0.06235646819337304 0.01027570917879749 1353
0.06510983434463327 0.01273046020928546 1354
0.08140998749371028 0.01124495298957131 1355
0.08140831031885162 0.01024495439603007 1356
0.08054144754566686 0.009746407575293631 1357
0.02003900170342999 0.07984626048420042 1358
0.02090281138236268 0.07934623689357104 1359
0.08140663314399296 0.009244955802488807 1360
0.05632230062466219 0.02778819763750468 1361
0.05545546716814276 0.02830854520994786 1362
0.01049495757471111 0.07036397303471424 1363
0.07193313043962093 0.04076116265122386 1364
0.07106801881398628 0.04126245139798456 1365
0.0623543890669017 0.009276409490304085 1366
0.06148907845415861 0.009778078635559691 1367
0.05807587506922342 0.03281784284957621 1368
0.01135008012648459 0.06386252970100376 1369
0.01048321735349915 0.0633639828799207 1370
0.009628094801725662 0.06986542621363125 1371
0.009629771976184559 0.07086542480717317 1372
0.009643172875859855 0.07886537574662336 1373
0.00962138610389025 0.06586543183946347 1374
0.03734086874942655 0.06981894698948213 1375
0.03734254592427907 0.07081894558302337 1376
0.07366037625429236 0.03775826630116332 1377
0.07365855094958103 0.03675801213007297 1378
0.05545560245331831 0.02729203608370201 1379
0.05459537541996395 0.02783164613247083 1380
0.05458989561794132 0.02679749476466448 1381
0.05373148026067597 0.02731848128727926 1382
0.05374352052758667 0.02633134208036461 1383
0.05285842556387732 0.0267957697829855 1384
0.05291387791653367 0.02569166889401848 1385
0.05200025771875443 0.02627793465674878 1386
0.05198864562604789 0.02529431748431379 1387
0.05112583496888855 0.02579178862681637 1388
0.05112217867639086 0.0247951072251937 1389
0.05025777817017819 0.02529519803148337 1390
0.05025518286953977 0.0242967758689606 1391
0.04938997509893599 0.02479826355251603 1392
0.04938814120773435 0.02379853368260296 1393
0.04852292579463819 0.02430003622780428 1394
0.04852121753126062 0.02330009088360046 1395
0.04765602178238638 0.02380155999336098 1396
0.04765433773434984 0.02280157316420189 1397
0.04678914929873608 0.02330302978722975 1398
0.04678747050546644 0.02230303396278936 1399
0.04592228416452393 0.02280448700548153 1400
0.04592060659616064 0.02180448908510497 1401
0.04505542080848107 0.02230594118175185 1402
0.04505374353647934 0.02130594275437836 1403
0.04418855789040384 0.02180739460885154 1404
0.04418688069139638 0.02080739605661628 1405
0.04332169508108728 0.02130884784991688 1406
0.04332001790020659 0.02030884926667591 1407
0.04245483229887968 0.02081030104461345 1408
0.04245650947323827 0.02181029963901016 1409
0.04158964669778682 0.02131175282215073 1410
0.04159132387286391 0.0223117514153185 1411
0.04072446109933772 0.02181320459516602 1412
0.04072613827417597 0.02281320318874239 1413
0.03985927550090473 0.02231465636815376 1414
0.03986095267577179 0.02331465496168095 1415
0.03899408990257392 0.02281610814096676 1416
0.03899576707743188 0.02381610673450941 1417
0.03812890430424374 0.02331755991377861 1418
0.03813058147910278 0.02431755850731934 1419
0.03726371870591748 0.02381901168658379 1420
0.03726539588077617 0.0248190102801251 1421
0.03639853310759125 0.02432046345938892 1422
0.03640021028244998 0.02532046205293016 1423
0.04245315512251716 0.01981030245364436 1424
0.0433183407205926 0.01930885068126818 1425
0.04245147794661526 0.01881030386188738 1426
0.04331666354476748 0.01830885208937989 1427
0.03553334750926515 0.02482191523219381 1428
0.03553502468412387 0.02582191382573506 1429
0.04244980077142164 0.017810305268919 1430
0.04331498636969187 0.0173088534962096 1431
0.04244812359647096 0.01681030667553504 1432
0.03466816191093907 0.02532336700499867 1433
0.03466983908579779 0.02632336559853993 1434
0.03553670185898263 0.02682191241927638 1435
0.03467151626065651 0.02732336419208119 1436
0.03380465348747171 0.0268248173713448 1437
0.03380633066233042 0.02782481596488605 1438
0.03467319343551522 0.02832336278562245 1439
0.03380800783718914 0.02882481455842731 1440
0.03467487061037393 0.0293233613791637 1441
0.03380968501204785 0.02982481315196856 1442
0.03467654778523264 0.03032335997270495 1443
0.03381136218690657 0.03082481174550982 1444
0.03467822496009142 0.03132335856624625 1445
0.03381303936176529 0.03182481033905108 1446
0.03294617658858049 0.03132626351831469 1447
0.0329478537634392 0.03232626211185595 1448
0.03208099099025441 0.03182771529111955 1449
0.03208266816511312 0.0328277138846608 1450
0.03467990213495029 0.03232335715978765 1451
0.03121580539192833 0.03232916706392442 1452
0.03121748256678704 0.03332916565746567 1453
0.03035061979360225 0.03283061883672928 1454
0.03035229696846096 0.03383061743027054 1455
0.02948543419527612 0.03333207060953406 1456
0.02948711137013487 0.0343320692030754 1457
0.02862024859695003 0.03383352238233892 1458
0.02862192577180879 0.03483352097588026 1459
0.02775506299862397 0.03433497415514383 1460
0.02775674017348272 0.03533497274868513 1461
0.0268898774002979 0.0348364259279487 1462
0.02689155457515664 0.03583642452149 1463
0.02602469180197175 0.03533787770075356 1464
0.02602636897683054 0.03633787629429486 1465
0.02515950620364563 0.03583932947355846 1466
0.02516118337850446 0.03683932806709973 1467
0.02429432060531966 0.03634078124636336 1468
0.0242959977801784 0.0373407798399046 1469
0.02342913500699354 0.03684223301916817 1470
0.02343081218185231 0.03784223161270946 1471
0.02256394940866742 0.03734368479197304 1472
0.02256562658352623 0.03834368338551433 1473
0.02169876381034142 0.03784513656477797 1474
0.02170044098520017 0.03884513515831921 1475
0.02083357821201537 0.03834658833758283 1476
0.02083525538687409 0.03934658693112409 1477
0.0199683926136893 0.0388480401103877 1478
0.01997006978854802 0.03984803870392895 1479
0.02083693256173281 0.04034658552466534 1480
0.01910320701536322 0.03934949188319257 1481
0.01910488419022195 0.04034949047673382 1482
0.01823802141703714 0.03985094365599744 1483
0.01823969859189587 0.0408509422495387 1484
0.04331330919478167 0.01630885490275639 1485
0.0424464464215883 0.01581030808203468 1486
0.01737283581871107 0.04035239542880232 1487
0.0173745129935698 0.04135239402234358 1488
0.01737115864385234 0.03935239683526106 1489
0.03812722712938547 0.0223175613202366 1490
0.03466648473608035 0.02432336841145741 1491
0.01650597304552627 0.03985384860806594 1492
0.01650429587066754 0.03885385001452469 1493
0.04331163201991038 0.01530885630923662 1494
0.0424447692467235 0.01481030948850381 1495
0.02948375702041742 0.03233207201599275 1496
0.02429767495503714 0.03834077843344585 1497
0.04157958364839707 0.01531176126130928 1498
0.04157790647353728 0.01431176266776986 1499
0.01563911027234147 0.03935530178732956 1500
0.01563743309748274 0.03835530319378831 1501
0.03121915974164576 0.03432916425100692 1502
0.04330995484504856 0.01430885771570067 1503
0.01477224749915666 0.03885675496659318 1504
0.01477057032429794 0.03785675637305191 1505
0.0389974442522877 0.02481610532805572 1506
0.02775841734834144 0.03633497134222639 1507
0.0355434105584175 0.03082190679344133 1508
0.04071272087521097 0.01481321444057512 1509
0.04071104370035203 0.01381321584703424 1510
0.04417681761823318 0.01480740453643735 1511
0.04417514044337369 0.01380740594289743 1512
0.02083190103715665 0.03734658974404157 1513
0.01390538472597186 0.03835820814585678 1514
0.01390706190083057 0.03935820673939804 1515
0.01390370755111315 0.03735820955231553 1516
0.01476889314943923 0.03685675777951066 1517
0.01390203037625442 0.03635821095877427 1518
0.02602301462711284 0.03433787910721222 1519
0.04504200321655856 0.01430595276363369 1520
0.04504032604169972 0.01330595417009263 1521
0.01303684477792835 0.03685966273157915 1522
0.0130351676030696 0.03585966413803789 1523
0.03984585810202587 0.01431466761983923 1524
0.03984418092716711 0.01331466902629805 1525
0.02342745783213464 0.03584223442562686 1526
0.04679082600071358 0.02430302918914151 1527
0.04590718881488451 0.01380450099082903 1528
0.04590551164002576 0.01280450239728781 1529
0.0147672159745804 0.03585675918596931 1530
0.04677237441321056 0.01330304921802419 1531
0.04677069723835184 0.01230305062448294 1532
0.04590383446516703 0.01180450380374656 1533
0.01216998200474355 0.03636111591084275 1534
0.01216830482988483 0.0353611173173015 1535
0.04676902006349313 0.01130305203094172 1536
0.04763588283667791 0.01180159885167806 1537
0.03897899532884101 0.01381612079910295 1538
0.03897731815398228 0.01281612220556171 1539
0.04763420566181921 0.01080160025813685 1540
0.04850106843500399 0.01130014707887319 1541
0.0459021572903083 0.01080450521020539 1542
0.01130311923155876 0.03586256909010636 1543
0.01130144205670004 0.0348625704965651 1544
0.0121666249844466 0.03436112336730777 1545
0.01129976176616531 0.03386257732049607 1546
0.04765265583405739 0.02180158265150126 1547
0.01824137576675461 0.04185094084307995 1548
0.01737619016842854 0.04235239261588483 1549
0.01824305294161334 0.04285093943662121 1550
0.01737786734328728 0.04335239120942609 1551
0.01824473011647207 0.04385093803016247 1552
0.017379544518146 0.04435238980296735 1553
0.0182464072913308 0.04485093662370373 1554
0.01738122169300473 0.04535238839650861 1555
0.01651435891981992 0.04485384157577223 1556
0.01651603609467868 0.0458538401693135 1557
0.01564917332149385 0.04535529334857712 1558
0.0156508504963526 0.04635529194211838 1559
0.01478398772316778 0.045856745121382 1560
0.01478566489802651 0.04685674371492324 1561
0.01391880212484168 0.04635819689418686 1562
0.01392047929970043 0.04735819548772813 1563
0.01305361652651556 0.04685964866699174 1564
0.01305529370137434 0.047859647260533 1565
0.01218843092818953 0.04736110043979663 1566
0.01219010810304828 0.04836109903333789 1567
0.01824808446618953 0.04585093521724499 1568
0.0191132700645156 0.04534948344444011 1569
0.01911494723937434 0.04634948203798137 1570
0.01998013283770041 0.04584803026517648 1571
0.01998181001255914 0.04684802885871774 1572
0.02084699561088521 0.04634657708591287 1573
0.02084867278574394 0.04734657567945412 1574
0.02171385838407001 0.04684512390664925 1575
0.02171553555892874 0.04784512250019051 1576
0.02258072115725481 0.04734367072738564 1577
0.02258239833211354 0.0483436693209269 1578
0.02344758393043962 0.04784221754812203 1579
0.01132324532986348 0.04786255221260151 1580
0.01132492250472221 0.04886255080614277 1581
0.01132156815500471 0.04686255361906025 1582
0.04849939126014527 0.01030014848533195 1583
0.04936625403333006 0.01079869530606832 1584
0.01045805973153741 0.04836400398540639 1585
0.01045973690639615 0.04936400257894764 1586
0.03811213255565619 0.01331757397836659 1587
0.03811045538079744 0.01231757538482532 1588
0.03897564097912354 0.01181612361202046 1589
0.03810877820593873 0.01131757679128407 1590
0.03897396380426482 0.01081612501847922 1591
0.03806791860071464 0.01031764391362236 1592
0.01043457876423591 0.03436402457874072 1593
0.01043290150283064 0.03336402613568481 1594
0.01129810050366505 0.0328625882836973 1595
0.01043122696560726 0.03236402916001486 1596
0.04936457685847134 0.009798696712527071 1597
0.05023143963165615 0.01029724353326346 1598
0.03896575622434523 0.00981613737758455 1599
0.02344926110529834 0.04884221614166329 1600
0.02431444670362441 0.04834076436885842 1601
0.0243127695287657 0.04734076577531716 1602
0.04936793120818878 0.01179869389960959 1603
0.03293946788914563 0.02732626914414966 1604
0.01132659967958094 0.04986254939968403 1605
0.01046141408125487 0.05036400117248889 1606
0.03805862261995156 0.009317658098168796 1607
0.01565252767121138 0.04735529053565966 1608
0.0484977140852865 0.009300149891790788 1609
0.05022976245679742 0.009297244939722206 1610
0.05109662522998223 0.009795791760458597 1611
0.0381138097305149 0.01431757257190784 1612
0.03724694695733009 0.01381902575117145 1613
0.03724862413218883 0.01481902434471273 1614
0.03638176135900401 0.01432047752397633 1615
0.03638343853386276 0.01532047611751761 1616
0.01129642909105142 0.03186258690904405 1617
0.01042955119072861 0.03136403037260015 1618
0.0251796323019505 0.04783931259605355 1619
0.02517795512709178 0.04683931400251229 1620
0.009592874133211339 0.04886545575821127 1621
0.009566039573135659 0.03286547888232871 1622
0.03551657576067794 0.01482192929678118 1623
0.03551825293553666 0.01582192789032243 1624
0.04941028871878271 0.02581818994864128 1625
0.04167350544048531 0.07131168249962291 1626
0.04253869103881122 0.07081023072681807 1627
0.01132827685443967 0.05086254799322529 1628
0.01046309125611359 0.05136399976603015 1629
0.06148731345162828 0.008778232754934855 1630
0.06062209237962077 0.009279746208634275 1631
0.03465139016235186 0.01532338106958602 1632
0.03465306733721057 0.01632337966312729 1633
0.03378620456402577 0.01582483284239089 1634
0.03378788173888448 0.01682483143593214 1635
0.03294140845247343 0.01632625041841305 1636
0.03292609438835402 0.01732627750927322 1637
0.0320558333673736 0.0168277363880006 1638
0.0320580769168649 0.01782773403163122 1639
0.0311825833883329 0.01734337431221137 1640
0.03119107527622587 0.01833155095459592 1641
0.03032421379704194 0.01783392277976294 1642
0.03032684195970395 0.01883131079458034 1643
0.0294603229135224 0.01833327534622217 1644
0.02946191190646251 0.01933239961782903 1645
0.02859509097406924 0.01883354347921998 1646
0.02859676117546268 0.01983359362574001 1647
0.02772990421349893 0.01933500384418796 1648
0.02773158255060183 0.02033499384556608 1649
0.02686455018152738 0.01983674248997531 1650
0.02685312275509243 0.01885369804546448 1651
0.02686628427811464 0.0208369355410631 1652
0.02599600602815737 0.01934111841709866 1653
0.02598432663767315 0.01835851185304018 1654
0.02512870489771925 0.01884333401746453 1655
0.02512695996868401 0.01784345326924823 1656
0.02426335174902485 0.01834216230640257 1657
0.02426193148361357 0.01734171700628164 1658
0.02339469228499336 0.0178448924978591 1659
0.02339507497664006 0.01684285144720568 1660
0.02252521907140884 0.01734955976761073 1661
0.02252777817442387 0.01634478718516068 1662
0.02166020820163205 0.01684937376259325 1663
0.02164675589484393 0.01587107874178324 1664
0.02079855713506746 0.01634303050941225 1665
0.02078556820977656 0.01536299621356942 1666
0.01994606298985459 0.01581976608434877 1667
0.01990963143417565 0.0148802420580036 1668
0.01907513171677154 0.01532834036019802 1669
0.01906147402103869 0.01435351720794201 1670
0.01821534165774056 0.01481822787438441 1671
0.0181693437609813 0.01389975141120051 1672
0.01734544642243597 0.01432521694680094 1673
0.01729651260500659 0.01340743106580783 1674
0.01646236649919965 0.01385388517599269 1675
0.01645551607558779 0.01286305285955481 1676
0.01559464151788935 0.01335686606810685 1677
0.0174925720814705 0.01240338613110686 1678
0.01559282064167646 0.01235712209337413 1679
0.01472832959989586 0.01285734320860485 1680
0.01473012253417884 0.01385713669255038 1681
0.01386337086342996 0.01335839301375375 1682
0.01386508584859869 0.01435832461268568 1683
0.01386171220564397 0.01235836161053592 1684
0.0129982478942049 0.01385973381650436 1685
0.01299993550724709 0.01485971391503656 1686
0.01213307861022472 0.01436115668255783 1687
0.01213475850414106 0.01536115045830718 1688
0.01126789716349295 0.01486260109931507 1689
0.01126957503028404 0.01586259846684838 1690
0.01126622022739041 0.01386260208273126 1691
0.01040271261117743 0.01536405101873471 1692
0.01040438996037121 0.01636404930337841 1693
0.01996775382306484 0.01386684406181331 1694
0.009537527275255305 0.01586550232659621 1695
0.009539204493847996 0.01686550084264692 1696
0.01040606727432179 0.01736404765046822 1697
0.00954088170909935 0.01786549936461802 1698
0.03896172084765898 0.008816142739165672 1699
0.01379243555321538 0.01532619945217256 1700
0.05109494805512351 0.008795793166917337 1701
0.05196181082830831 0.009294339987653728 1702
0.06321950767329225 0.008775074201673838 1703
0.01040774447909459 0.01836404619100589 1704
0.009542558885754233 0.01886549795497677 1705
0.05196348800316703 0.01029433858119498 1706
0.06756366357077551 0.01726818416736671 1707
0.0666968007975907 0.01676963734663031 1708
0.06669847797244943 0.01776963594017157 1709
0.03559373100943937 0.0608218645997485 1710
0.0805397703708082 0.008746408981752378 1711
0.01134840295202575 0.06286253110746182 1712
0.01048154017904031 0.06236398428637878 1713
0.0122152657250112 0.06336107792854484 1714
0.009616354580513707 0.06286543605883768 1715
0.009614677406054883 0.06186543746529576 1716
0.01047986300458148 0.06136398569283685 1717
0.009613000231596041 0.06086543887175383 1718
0.01998348718741786 0.047848027452259 1719
0.07193350645822184 0.04176095374182764 1720
0.07106946259830128 0.04226236865220048 1721
0.08227349591717775 0.00974350262322525 1722
0.08227181874231909 0.008743504029684004 1723
0.02431612387848314 0.04934076296239967 1724
0.01047818583012265 0.06036398709929493 1725
0.009611323057137203 0.0598654402782119 1726
0.01048065652868524 0.05936398154903653 1727
0.009610337194848616 0.05886544052521722 1728
0.01047978588509169 0.05836398160279973 1729
0.02090421631167881 0.08034635785615048 1730
0.02176931610885769 0.07984499995933728 1731
0.02004093835471205 0.08085500765226537 1732
0.04677405158806928 0.01430304781156546 1733
0.05718792687262689 0.02728597959733702 1734
0.03647568315109489 0.07032039876228698 1735
0.03647736032595267 0.07132039735582824 1736
0.02773324094643368 0.02133507409288937 1737
0.0268680905487135 0.02183650718258286 1738
0.07452542498817738 0.03725657838771693 1739
0.07452372964629465 0.03625654844949147 1740
0.03809446504083628 0.008317596577616337 1741
0.0113299540292984 0.05186254658676655 1742
0.01219513962762447 0.05136109481396166 1743
0.008747814633069471 0.06136689064421272 1744
0.05196013365344961 0.008294341394112476 1745
0.05546150529934613 0.0293055751522635 1746
0.02604481790027657 0.04733786082324868 1747
0.02604314072541785 0.04633786222970742 1748
0.06062039465453652 0.008279783347394831 1749
0.008762909203199082 0.0703668779860902 1750
0.008764586377657986 0.07136687657963212 1751
0.00867401893151018 0.01736695255168551 1752
0.01129486407126463 0.03086257835439957 1753
0.01042789294171191 0.03036403008656278 1754
0.01216238656097404 0.03136121677222238 1755
0.02954246001826527 0.06733202602641841 1756
0.04253701386395254 0.06981023213327682 1757
0.04340387663713717 0.07030877895401325 1758
0.04340219946227854 0.06930878036047203 1759
0.04426906223546324 0.06980732718120847 1760
0.04426738506060465 0.06880732858766724 1761
0.0451342478337894 0.0693058754084037 1762
0.04513257065893076 0.06830587681486246 1763
0.04599943343211551 0.06880442363559888 1764
0.04599775625725688 0.06780442504205766 1765
0.04686461903044163 0.0683029718627941 1766
0.04686294185558301 0.06730297326925287 1767
0.04772980462876776 0.06780152008998933 1768
0.04772812745390911 0.06680152149644807 1769
0.04859499022709388 0.06730006831718455 1770
0.04859331305223524 0.06630006972364327 1771
0.04946017582542001 0.06679861654437975 1772
0.04945849865056139 0.06579861795083849 1773
0.05032536142374613 0.06629716477157496 1774
0.05032368424888752 0.06529716617803372 1775
0.05119054702207227 0.06579571299877018 1776
0.05118886984721352 0.06479571440522873 1777
0.05205573262039837 0.06529426122596535 1778
0.05205405544553963 0.06429426263242391 1779
0.05292091821872449 0.06479280945316054 1780
0.05291924104386585 0.0637928108596193 1781
0.05378610381705064 0.06429135768035579 1782
0.053784426642192 0.06329135908681455 1783
0.05465128941537675 0.063789905907551 1784
0.05464961224051804 0.06278990731400988 1785
0.01130479640641747 0.03686256768364762 1786
0.03734422309913728 0.07181894417656465 1787
0.03647903750081113 0.07232039594936948 1788
0.03734590027399585 0.07281894277010592 1789
0.03648071467566974 0.07332039454291074 1790
0.03561385190248496 0.07282184772217433 1791
0.03561552907734364 0.07382184631571559 1792
0.03474866630415884 0.07332329949497915 1793
0.03475034347901753 0.07432329808852042 1794
0.03388348070583273 0.07382475126778396 1795
0.03388515788069141 0.0748247498613252 1796
0.03301829510750662 0.07432620304058876 1797
0.03301997228236531 0.07532620163413004 1798
0.03215310950918052 0.0748276548133936 1799
0.03215478668403919 0.07582765340693484 1800
0.03128792391085441 0.0753291065861984 1801
0.03128960108571312 0.07632910517973976 1802
0.03042273831252831 0.07583055835900326 1803
0.03042441548738703 0.07683055695254461 1804
0.02955755271420221 0.0763320101318081 1805
0.0295592298890609 0.07733200872534937 1806
0.03734757744885453 0.07381894136364715 1807
0.03475202065387627 0.07532329668206172 1808
0.02869236711587611 0.07683346190461293 1809
0.02869404429073482 0.07783346049815421 1810
0.0528286736014931 0.009792886808390119 1811
0.08141166466856896 0.01224495158311257 1812
0.009608909660895708 0.05786544151298401 1813
0.008743055153834011 0.0583668944073208 1814
0.008741308101370315 0.05736689593097662 1815
0.03215646385889802 0.07682765200047634 1816
0.05551273601185076 0.0632820030047872 1817
0.05551417467186848 0.06228738035287862 1818
0.01040942165923833 0.01936404477518279 1819
0.00954423606212057 0.01986549654584667 1820
0.06149073479328117 0.01077811345784274 1821
0.07193492787528039 0.04276090419499178 1822
0.0710710582484361 0.04326234566579133 1823
0.07279538537630319 0.04125968699570703 1824
0.03723070514470161 0.01082845924813769 1825
0.04254036821366981 0.0718102293203593 1826
0.05109327088026479 0.007795794573376088 1827
0.03896893227968875 0.007816129237855452 1828
0.02773493650741126 0.02233501513672405 1829
0.02686975397343831 0.02283645731791113 1830
0.06065550388847322 0.02927996321845973 1831
0.06065387836373609 0.0282798645850833 1832
0.04513592500864799 0.07030587400194489 1833
0.05637719458203892 0.06277929684560149 1834
0.05637913523767575 0.06178554031762246 1835
0.02345093828015705 0.04984221473520455 1836
0.02431780105334185 0.05034076155594093 1837
0.06584913501617733 0.01730131713756219 1838
0.06583621234360881 0.01827612571599763 1839
0.07539059126921074 0.03675509328559839 1840
0.07538890947135518 0.03575508671571632 1841
0.08313868151550385 0.009242050850420451 1842
0.08313700434064519 0.008242052256879198 1843
0.05283035077635184 0.01079288540193136 1844
0.02177088232135692 0.08084507608296149 1845
0.0295609070639196 0.07833200731889062 1846
0.02869572146559351 0.07883345909169544 1847
0.02600297670498185 0.02233805554395455 1848
0.02600458084493682 0.02333792359020749 1849
0.02687143059741313 0.02383644658047171 1850
0.02600624575549758 0.02433789887070392 1851
0.02687310565171052 0.02483643999253595 1852
0.02600792053287974 0.0253378927151582 1853
0.01820687595480733 0.01585498493747077 1854
0.04773148180362635 0.06880151868353056 1855
0.02691000349860265 0.04683640905044381 1856
0.02690832632374393 0.04583641045690255 1857
0.02604146355055913 0.04533786363616616 1858
0.02690664914888521 0.04483641186336129 1859
0.05285886274895017 0.02779286149213268 1860
0.01041109883522914 0.02036404336671809 1861
0.009545913237128615 0.02086549513912328 1862
0.008679050463944637 0.02036694831838553 1863
0.008680727638840941 0.02136694691186007 1864
0.009547590412019323 0.02186549373260782 1865
0.008682404813698572 0.02236694550540321 1866
0.009549267586883164 0.02286549232613995 1867
0.008684081988558211 0.02336694409894276 1868
0.04159300104735739 0.0233117500094847 1869
0.04943837255225604 0.05379863482834242 1870
0.04943669537739728 0.05279863623480117 1871
0.04857150977907122 0.05330008800760605 1872
0.04856983260421247 0.05230008941406481 1873
0.04770464700588641 0.05280154118686968 1874
0.04770296983102766 0.05180154259332843 1875
0.0468377842327016 0.05230299436613331 1876
0.04683610705784286 0.05130299577259205 1877
0.04770129265616892 0.05080154399978717 1878
0.04683442988298412 0.05030299717905079 1879
0.04769961548131017 0.0498015454062459 1880
0.04683275270812538 0.04930299858550953 1881
0.04769793830645144 0.04880154681270464 1882
0.04683107553326663 0.04830299999196828 1883
0.0476962611315927 0.04780154821916339 1884
0.04682939835840789 0.04730300139842702 1885
0.04769458395673395 0.04680154962562213 1886
0.04682772118354914 0.04630300280488577 1887
0.0459709214595168 0.05180444754539693 1888
0.047692230251775 0.04580272736845373 1889
0.04682525472357349 0.04530437660377951 1890
0.04596072686284484 0.0458046847162219 1891
0.04595823559704389 0.04480610164696529 1892
0.04596588993494057 0.04880445176477316 1893
0.04509465289580965 0.04530476633586882 1894
0.04509147823265987 0.04430737154361317 1895
0.04855965680004332 0.04630029390887938 1896
0.04854903954302921 0.04529287340731067 1897
0.04422793915844991 0.04480596037476037 1898
0.04422545003326834 0.0438073735834396 1899
0.04942342755468795 0.04579747444736182 1900
0.0494132698129966 0.0447886169852911 1901
0.04336040353057449 0.04430858349967162 1902
0.0433586142132673 0.04330877989707164 1903
0.04336517904385175 0.04529732682380203 1904
0.05028821812434067 0.04529532728490237 1905
0.05028243410794718 0.04428258864412007 1906
0.0511540010006586 0.04479299685242736 1907
0.05114138747313107 0.04376450171557361 1908
0.05201824743979293 0.04428862611038718 1909
0.05200941884282401 0.04327241507090452 1910
0.05288375080681486 0.04378824869739904 1911
0.05286602560730475 0.04281642522133219 1912
0.04249343310713854 0.04381022385893793 1913
0.04249173799057127 0.04281025646206378 1914
0.04162655015066 0.0433117121324901 1915
0.04162486961191896 0.04231171938799692 1916
0.04939141541390179 0.04374869390553812 1917
0.04249005464959798 0.04181026859003338 1918
0.04162319084872741 0.04131172355621549 1919
0.04075829627767551 0.04181317513844855 1920
0.04075637614408519 0.04081317746183021 1921
0.03989096221824465 0.04131658436725243 1922
0.03988944283461648 0.04031495677040906 1923
0.03902371794274973 0.04081841839805022 1924
0.03902250472166599 0.03981652777981426 1925
0.03815730656671232 0.04031799919097608 1926
0.03988776764562123 0.03931476066956025 1927
0.03902092470030958 0.03881608563763472 1928
0.03988610699399012 0.03831465523336135 1929
0.05374755956094936 0.04329455297176904 1930
0.05370308125970592 0.04217342630157343 1931
0.04508347718702471 0.0433067331598086 1932
0.05025330068666996 0.02329712669706943 1933
0.02244296676335869 0.01537281489472213 1934
0.05724596050544102 0.06228402242795036 1935
0.05724488005142839 0.06128505339360138 1936
0.01129320874322492 0.02986257781859177 1937
0.03901924697467658 0.03781609060551538 1938
0.03988443248120693 0.03731463942628081 1939
0.0268747829064851 0.02583643874438012 1940
0.02600959732147832 0.02633789054356878 1941
0.05369553637467792 0.01029143362912649 1942
0.007875999371753727 0.05786834790994813 1943
0.007874290029112399 0.05686834937035794 1944
0.007897723604672502 0.07086832975854915 1945
0.00789940077913141 0.07186832835209106 1946
0.007815542040514736 0.02186839868466518 1947
0.07193853545295298 0.04376197244932319 1948
0.07107367158842925 0.0442636024989265 1949
0.03810052256641626 0.00731758501161171 1950
0.03723507914474219 0.007819037216832012 1951
0.05195845647859089 0.007294342800571212 1952
0.03388180353097398 0.0728247526742427 1953
0.02782718151755002 0.07733491367741779 1954
0.05637811673171764 0.06078667816606362 1955
0.05724341210819416 0.06028541580025591 1956
0.05811026218976693 0.0607839407233732 1957
0.05810864875954744 0.05978405211238007 1958
0.05897548905359965 0.06028256014848601 1959
0.05897384974429585 0.05928262688671636 1960
0.05984071508188431 0.05978117813197634 1961
0.05983904464535211 0.05878119116448428 1962
0.05460782736092268 0.04277080268233432 1963
0.05461439156848373 0.04178993684964174 1964
0.06152075962486223 0.02877837735879997 1965
0.06151909413968065 0.02777835641744955 1966
0.07452204733111893 0.03525654098704502 1967
0.07538723207272546 0.03475508773608924 1968
0.07625426358106391 0.03525345834923389 1969
0.07625241451164359 0.03425359077264522 1970
0.07538555419121701 0.03375508130006868 1971
0.0762507396717681 0.03325362822018392 1972
0.0398343136183921 0.008314678543220023 1973
0.009631449150643467 0.07186542340071508 1974
0.07539205469020407 0.03775541368760241 1975
0.02604991202115117 0.01743664579850147 1976
0.0702062344187587 0.04376400183153599 1977
0.07020797188839242 0.04476403449056719 1978
0.0113735489590262 0.07786248352020292 1979
0.07711756854975807 0.0337521163754758 1980
0.07711567078380113 0.03275217287676866 1981
0.07624902045206192 0.03225363482054094 1982
0.07711394983628479 0.03175218433134947 1983
0.07107472120984328 0.04526233488238486 1984
0.07020109339508689 0.04574922922700343 1985
0.05032703859860475 0.06729716336511624 1986
0.03983387097226793 0.007314677879155306 1987
0.04248837618233134 0.0408102722437039 1988
0.02777351192207001 0.04533495868409768 1989
0.02777183474721129 0.04433496009055642 1990
0.0121968168024832 0.05236109340750293 1991
0.01306200240080927 0.05185964163469806 1992
0.05637658420694681 0.05978692914621874 1993
0.07624732897428566 0.03125363876733638 1994
0.07711251218879214 0.03075218741792095 1995
0.07797975736612046 0.03125271364148448 1996
0.07797780104506656 0.03025106589617095 1997
0.07711089174751586 0.02975224421680587 1998
0.0779760798981461 0.02925073757745038 1999
0.07884295000000788 0.02974933935238326 2000
0.07884126671791829 0.02874929496367823 2001
0.07797440292686166 0.02825074051041459 2002
0.07883958832161335 0.0277492872111042 2003
0.07797272558235754 0.02725074064478546 2004
0.07883791115240937 0.02674928865996588 2005
0.07970477392088184 0.02724783544536643 2006
0.07969687486348874 0.02624784728820292 2007
0.07883519699257288 0.02574929177166299 2008
0.0796926313331848 0.02524785299342937 2009
0.07883291926097694 0.02474929417878941 2010
0.07969664822232032 0.02424784484792743 2011
0.07883209100399433 0.02374929416003266 2012
0.07969741808863305 0.02324784214969177 2013
0.08059430936314216 0.0237938711009836 2014
0.08060997918068206 0.02279134896082055 2015
0.02176762463415963 0.07884501701307503 2016
0.04158461517306872 0.01831175704176982 2017
0.01391712494998284 0.04535819830064559 2018
0.04070069259449487 0.007813224768909152 2019
0.01125066152685709 0.0198626345680911 2020
0.060878847864918 0.05925340801905031 2021
0.06070423425394237 0.05827974631083498 2022
0.0113886914619703 0.05982155114469834 2023
0.03464971298749315 0.01432338247604479 2024
0.02345468912172572 0.05083860768048955 2025
0.0243198238393189 0.05134015920810615 2026
0.02339133248860303 0.01884960178287039 2027
0.02263608641354348 0.08034361138882218 2028
0.02263774817661902 0.0813436207504311 2029
0.0295558755393435 0.0753320115382668 2030
0.05983737081238026 0.05778119833690592 2031
0.06070255696768752 0.05727974752509497 2032
0.06154142473925022 0.05772999284697932 2033
0.06156307680667412 0.056770245630614 2034
0.06242916195330229 0.05726745076440443 2035
0.06243124338106463 0.05627393711923481 2036
0.06934128471088294 0.04526285466790889 2037
0.06934271162254455 0.04626241466220632 2038
0.07023775272462023 0.0467103812482698 2039
0.06935017744598306 0.04725586572716116 2040
0.0684795830594126 0.04676465769077252 2041
0.06848160307347073 0.04776478816027405 2042
0.06934852298652228 0.04826335696033705 2043
0.06848278211580971 0.0487660575064145 2044
0.06761582679722676 0.04826771881455684 2045
0.06761740552576631 0.04926796388834456 2046
0.01042622256229672 0.02936403088722775 2047
0.00956101639601338 0.02986548264159465 2048
0.01129140929319673 0.02886257901345728 2049
0.03901757024911724 0.03681608910670987 2050
0.03988275582491068 0.03631463747960563 2051
0.03815238464355784 0.03731754092628703 2052
0.04074961859434005 0.03681318432462544 2053
0.04074794150528249 0.03581318517627576 2054
0.0398810787740594 0.03531463808420605 2055
0.04074626436539184 0.03481318635662338 2056
0.03032875998266087 0.01983080071824304 2057
0.03379012528837579 0.01782482907956279 2058
0.03638511570872145 0.01632047471105883 2059
0.05202159081356453 0.04529288763294131 2060
0.02603978637570041 0.04433786504262491 2061
0.05547988077793189 0.04228529487690331 2062
0.05547934823952035 0.04128795361125772 2063
0.05461271439362499 0.04078993825610048 2064
0.06238596194246854 0.0282768938390478 2065
0.06238428755415652 0.02727688995434866 2066
0.06151742524539616 0.02677834225175262 2067
0.06238261222381795 0.02627688788358848 2068
0.06151574975805318 0.02577834048331561 2069
0.06238093563763188 0.02527688818136144 2070
0.06324779845769213 0.02577543491390627 2071
0.06326586447558785 0.02480950008339992 2072
0.06237925868025445 0.02427688917836141 2073
0.05975519971889263 0.008781251355732447 2074
0.05975351756277668 0.00778126142349695 2075
0.0606187023308932 0.007279811094243013 2076
0.07970406825064211 0.02225533592976774 2077
0.08057064173844611 0.021755132885899 2078
0.08142843641715619 0.02224493751852429 2079
0.0814282705913765 0.02124639595633485 2080
0.08056165970970483 0.02074809197415719 2081
0.08142508206743855 0.02024494033144178 2082
0.009641512197396306 0.07786541496196622 2083
0.008776323849537124 0.0783668604329443 2084
0.008778000565773832 0.07936685797623941 2085
0.007911140007528527 0.0788683162313492 2086
0.007912817474740316 0.07986831549588212 2087
0.007909463202193042 0.07786831848383947 2088
0.05109159370540607 0.006795795979834825 2089
0.05292259539358316 0.06579280804670183 2090
0.03031823481611174 0.01693545119796773 2091
0.040699280267155 0.006813225731171667 2092
0.04156611437187726 0.007311772599990163 2093
0.03723464811606532 0.006819036533282734 2094
0.03636962723821151 0.007320488029822159 2095
0.08400386711382997 0.008740599077615648 2096
0.08400218993897128 0.007740600484074399 2097
0.08400554428868862 0.009740597671156922 2098
0.08313532716578648 0.007242053663337956 2099
0.06844692556342437 0.04972069841249607 2100
0.06760207088145993 0.05026046195988181 2101
0.05369721354953663 0.01129143222266775 2102
0.007045955119670429 0.07936976963266303 2103
0.007047632412573956 0.08036976849768078 2104
0.007032538006145946 0.07136978153100811 2105
0.007030860831687018 0.07036978293746621 2106
0.007034215180604875 0.07236978012455002 2107
0.06329860298359347 0.05677334115020888 2108
0.06329763504739566 0.05577456624976915 2109
0.05975183703291096 0.006781268663571562 2110
0.05888665101378533 0.007282721168053938 2111
0.007009078547373745 0.05736980118622756 2112
0.007007391697682469 0.05636980260891272 2113
0.0649873560489176 0.01780864658055842 2114
0.02863869752039609 0.04483350691129281 2115
0.02863702034553736 0.04383350831775155 2116
0.08400051276411258 0.006740601890533097 2117
0.05200501405209888 0.04230966109609106 2118
0.02513772015005613 0.022839379186053 2119
0.05468617295978659 0.02575750655653356 2120
0.02514647848214309 0.02583933744799284 2121
0.02514877958160001 0.02683933486820572 2122
0.02956258423877828 0.07933200591243186 2123
0.02869739864045219 0.0798334576852367 2124
0.03815865306380808 0.04131871295146763 2125
0.03729213899551239 0.04081926136694256 2126
0.03048989666908327 0.05768512054032485 2127
0.06674933638457331 0.04976828242237752 2128
0.06675053296895442 0.05076809214279013 2129
0.02601200241058817 0.02733788777262425 2130
0.02514693813130393 0.02783933931801479 2131
0.06497208117870801 0.01877939676767122 2132
0.07020115652744177 0.04076382419723475 2133
0.04418184914286737 0.01780740031696188 2134
0.05547786183740279 0.04028839790569907 2135
0.01482927143963829 0.07285670714012925 2136
0.06411627470188119 0.02527966022076238 2137
0.06760657585348831 0.05126662549720305 2138
0.05456157017914373 0.03978913164774799 2139
0.02949385735011417 0.04434884394653937 2140
0.02950053498242878 0.04333485467962193 2141
0.0286350646771062 0.0428339760799895 2142
0.02950020385983687 0.04233260203314784 2143
0.0303670588970891 0.04283116180821143 2144
0.03036560477495276 0.04183078969823589 2145
0.03123250343426919 0.04232927642528777 2146
0.03123086941588614 0.04132920556339338 2147
0.08055754736857751 0.02682314795824703 2148
0.08229219673213659 0.02074372999073665 2149
0.08229030964768341 0.01974352903172986 2150
0.02064461704005316 0.01744993975293714 2151
0.05888497320962549 0.006282723668728243 2152
0.05801978743628265 0.006784175745848657 2153
0.06243089048065437 0.05527622337788295 2154
0.05378274946733282 0.06229136049327295 2155
0.05032200707402856 0.06429716758449189 2156
0.00955933692573574 0.02886548394401477 2157
0.00869414751684694 0.02936693569640687 2158
0.06414317337408161 0.04327395750357668 2159
0.04686126468072424 0.06630297467571139 2160
0.06413488905482939 0.02431467176967909 2161
0.03987940159803505 0.03431463949820183 2162
0.04074458719616685 0.03381318772665311 2163
0.02773996843821462 0.02533498683965618 2164
0.06238763995559446 0.02927689086606603 2165
0.04856480107963623 0.04930009363344105 2166
0.05456239914786271 0.0107899804498629 2167
0.02863363981737256 0.04183355496819861 2168
0.0692873260679927 0.01226528624759187 2169
0.06928564889313391 0.0112652876540506 2170
0.0415644765601946 0.006311773940429862 2171
0.04243134111583165 0.00681032075817678 2172
0.05195677930373213 0.006294344207029994 2173
0.06416469883191459 0.05627345988772878 2174
0.03636818520779521 0.006320489041901946 2175
0.06061702207206918 0.00627981786303598 2176
0.03550306625362152 0.006821940702932759 2177
0.03553713476727274 0.00778373839326962 2178
0.05552720413778957 0.06426057985431158 2179
0.02414660304836094 0.02733794921854456 2180
0.02428090320644961 0.028340792498033 2181
0.02514790753405576 0.02883933908423385 2182
0.02428260397371186 0.02934079105248499 2183
0.02344169515838884 0.0288870581459764 2184
0.02342172830676035 0.02984971183705398 2185
0.02255558385547133 0.02935240985161158 2186
0.02255377341289811 0.03034639176729123 2187
0.02168644909045731 0.02984704963946021 2188
0.02168746807086801 0.03084591290217544 2189
0.02082041867373256 0.03034704430845225 2190
0.02082195504552482 0.03134680005135804 2191
0.01995503770117051 0.0308481591266846 2192
0.01995668231365655 0.03184810156113044 2193
0.01908980501821473 0.03134952969655528 2194
0.01909147434563514 0.03234951475627418 2195
0.0182246078441678 0.03185096150592758 2196
0.08313364999092779 0.006242055069796699 2197
0.02518472142837971 0.05083920821978131 2198
0.02518640820354727 0.05183919012050657 2199
0.02432122420527266 0.05234063911117544 2200
0.02518801817624408 0.05283930556375984 2201
0.006167352407619384 0.07187123330346708 2202
0.006169029582078323 0.072871231897009 2203
0.08486737553729737 0.00723914871126953 2204
0.08486569836243868 0.006239150117728264 2205
0.008692469324324645 0.02836693708212371 2206
0.007827282921294171 0.02886838884806945 2207
0.03987772442412715 0.03331464089851217 2208
0.04074291002240553 0.03281318912601561 2209
0.04160977279558239 0.03331173594680337 2210
0.04161847349742468 0.0323117199465499 2211
0.04074296249383724 0.03181318763023291 2212
0.04161881424306452 0.03131171796818304 2213
0.04074190991344333 0.03081318798884714 2214
0.04160719961084687 0.03031173604140149 2215
0.04250867529003399 0.03083988207433369 2216
0.04247651513379308 0.02981522021931573 2217
0.04336828390738452 0.03034420634534597 2218
0.04334145955605991 0.02931555377893355 2219
0.04420215799376136 0.0298144084263409 2220
0.04340052228741989 0.06830878176693074 2221
0.007825605442707478 0.02786839024992803 2222
0.006960419659642662 0.02836984202082299 2223
0.006962096803711553 0.02936984061404593 2224
0.006958742403372836 0.02736984342619665 2225
0.06583555580513829 0.01927209781033673 2226
0.07015251166631875 0.01176383447478692 2227
0.07015083449145997 0.01076383588124567 2228
0.0710176972646448 0.01126238270198199 2229
0.07101602008978602 0.01026238410844076 2230
0.07014915731660121 0.00976383728770441 2231
0.07101434291492727 0.009262385514899506 2232
0.07014748014174245 0.00876383869416315 2233
0.07101266574006847 0.008262386921358243 2234
0.07014580296688361 0.007763840100621915 2235
0.07187952851325334 0.008760933742094617 2236
0.07187785133839453 0.007760935148553343 2237
0.07274471411157937 0.008259481969289717 2238
0.07274303693672063 0.007259483375748461 2239
0.07360989970990545 0.007758030196484862 2240
0.07360822253504673 0.006758031602943589 2241
0.07447508530823153 0.00725657842368 2242
0.07274135976186188 0.006259484782207239 2243
0.07447340813337283 0.00625657983013873 2244
0.07534027090655761 0.006755126650875139 2245
0.07361157688476429 0.008758028790026171 2246
0.04597259863437553 0.05280444613893819 2247
0.04510573586119072 0.05230589931820182 2248
0.04510741303604947 0.05330589791174307 2249
0.04424055026286466 0.0528073510910067 2250
0.04424222743772341 0.05380734968454796 2251
0.04337536466453859 0.0533088028638116 2252
0.04337368748967985 0.05230880427027034 2253
0.04250860781909501 0.05281043880672499 2254
0.04250539929960111 0.05181084734965478 2255
0.04251019672083606 0.05381028509722478 2256
0.04164344281782974 0.05331192611690622 2257
0.04164501749779072 0.05431174786969377 2258
0.04077815578715269 0.05381320288223475 2259
0.04077981605661962 0.05481317230786329 2260
0.03991295064296062 0.05431462093135436 2261
0.03991462456017505 0.05531461390428141 2262
0.03904776080397047 0.05481606538748058 2263
0.03904943727205187 0.05581606276157539 2264
0.02171218120921129 0.04584512531310799 2265
0.04167518261534373 0.07231168109316417 2266
0.04254204538852845 0.07281022791390057 2267
0.04167685979020235 0.07331167968670542 2268
0.04156778676865881 0.00831177120154513 2269
0.0623960304288418 0.0342768751137739 2270
0.03550143937686201 0.005821942025032625 2271
0.04254388038491887 0.07380995209066694 2272
0.04168022176310301 0.07431231502130374 2273
0.05454953479769968 0.01181526354263747 2274
0.05369889072439536 0.01229143081620901 2275
0.05542683833354388 0.01129274135380485 2276
0.03729276672115724 0.04182133316552272 2277
0.0598424030053335 0.06078119527072227 2278
0.01304997276144348 0.05283599101826715 2279
0.01395013394288612 0.052353972565331 2280
0.03723340999686164 0.005819037203367024 2281
0.04158533960647548 0.03636296448708776 2282
0.006180769728981933 0.07987122188148769 2283
0.006182446938080413 0.08087122055442392 2284
0.007049309716839106 0.08136976738873936 2285
0.006184124152207392 0.0818712192388855 2286
0.007050986919543683 0.0823697660470207 2287
0.006185801325724744 0.08287121783026943 2288
0.007052664098553187 0.08336976465099288 2289
0.006187478500951523 0.08387121642557176 2290
0.007054341273898389 0.08436976324656655 2291
0.006183748650079264 0.08486188594566497 2292
0.00791952687241863 0.08386831147409307 2293
0.007921204047024004 0.08486831006797114 2294
0.00879059668479 0.08435954318387222 2295
0.0242718680092266 0.05334322858858212 2296
0.02515548336725906 0.05383975916609495 2297
0.02345596980473321 0.05284221051582832 2298
0.03818257421723421 0.05531751545492054 2299
0.02350293428885842 0.08084216861903665 2300
0.0235046084352076 0.08184216932834504 2301
0.02263942287716059 0.08234362107252044 2302
0.05983569417593675 0.05678120067232537 2303
0.06588644301066013 0.05027080410975351 2304
0.009550944761742865 0.02386549091967939 2305
0.01041617746598241 0.0233641197955683 2306
0.04247040558679745 0.028812231296052 2307
0.06500332744783141 0.03977250995014797 2308
0.07796728966481145 0.0242507452883112 2309
0.05548132902550119 0.04328476200486542 2310
0.04333485245643403 0.02831028113496002 2311
0.05634617285815691 0.04178641185439752 2312
0.05546797195139716 0.03928833845768637 2313
0.0545909236453527 0.03877478303150119 2314
0.06325283015287418 0.02877543037326283 2315
0.064982648571337 0.02478025853774833 2316
0.08055851316768578 0.0197466768223572 2317
0.07533859373169895 0.005755128057333962 2318
0.07620545650488371 0.006253674878070308 2319
0.05724852338521377 0.0632855491826779 2320
0.006142200172748448 0.05687125439131124 2321
0.006143876359472732 0.05787125298650977 2322
0.006140520398016304 0.05587125580213044 2323
0.007005705562862074 0.05536980403181339 2324
0.006138840664282101 0.05487125721310121 2325
0.06233009787272915 0.05835031296339302 2326
0.0408016455464206 0.0528083610274336 2327
0.006095233943984028 0.02887129379217146 2328
0.006096911099287283 0.02987129238546998 2329
0.02959842385987744 0.04547430325412752 2330
0.08486735819816066 0.009239151553271915 2331
0.08487184511373103 0.01023914543438001 2332
0.05108991653054733 0.005795797386293607 2333
0.05801811012737092 0.005784177385395842 2334
0.04242967366445095 0.00581032214832751 2335
0.04329653548941748 0.006308868970654257 2336
0.06409173479951057 0.01828579352800269 2337
0.06416278710444263 0.01723775576922354 2338
0.06410199871077264 0.0192771009493941 2339
0.06675260134492861 0.05176908674810661 2340
0.06762993815345121 0.05228544552779332 2341
0.03209774536283882 0.04182773032379016 2342
0.03209607757635402 0.04082771600880011 2343
0.03122921636789821 0.04032916656782226 2344
0.03209440598736941 0.03982770806134575 2345
0.03818425122735793 0.0563175137642343 2346
0.05282364207691685 0.006792891027766271 2347
0.052821964902058 0.005792892434224983 2348
0.0104741368661733 0.05736398967074324 2349
0.01133974298405294 0.05785319279410039 2350
0.06498050764790786 0.02577366951230925 2351
0.03733583722530993 0.06681895120885833 2352
0.02691168067346137 0.04783640764398507 2353
0.05022473093222127 0.00629724915909842 2354
0.07019276386292908 0.0357638007197771 2355
0.0148377632684086 0.07785688292106632 2356
0.04069762034753911 0.005813227108690172 2357
0.04340893446530184 0.07330872899850779 2358
0.05359354825366103 0.03923667795277752 2359
0.06858757229221034 0.05170483719853883 2360
0.03463627326891114 0.006323393765148688 2361
0.08315492419203574 0.02023819151811023 2362
0.08315509255325801 0.01924140288780342 2363
0.08322833898934337 0.02135844067315893 2364
0.02425933762496056 0.05434373483089993 2365
0.0251603592279508 0.05483955321223907 2366
0.02955711516966047 0.08034457344697635 2367
0.02869073853067163 0.08084812004328172 2368
0.03042825597130032 0.0798326475566688 2369
0.03339832836555496 0.05185536393126365 2370
0.03463460772546486 0.005323395152099494 2371
0.01822293004792869 0.03085096184078463 2372
0.01735774155000357 0.03135240861296649 2373
0.008747573365534982 0.08535358831088732 2374
0.009653252418607736 0.08486540511676 2375
0.07620377933002498 0.005253676284529218 2376
0.07707064210320978 0.005752223105265478 2377
0.04249630930113833 0.03282607337864121 2378
0.0432948597771021 0.00530887037466006 2379
0.0441617226360077 0.005807417195252726 2380
0.05022305375736257 0.005297250565557153 2381
0.0493578681590365 0.005798702338361987 2382
0.02601317463187264 0.05350185116358307 2383
0.06329629679138857 0.05477515241377637 2384
0.06242949050467904 0.05427670305263133 2385
0.01041781538591335 0.02436405118186452 2386
0.03901253882578578 0.03381609267141604 2387
0.06498116944166653 0.02378060162583889 2388
0.01995833581091355 0.03284805932137353 2389
0.01909314626632051 0.03334950428862869 2390
0.02255422114497812 0.03134427050110751 2391
0.0251494706789639 0.02983933786670654 2392
0.04246716802912136 0.02781085530581829 2393
0.03122754414516364 0.03932915968162384 2394
0.03209273056884374 0.03882770652670944 2395
0.03295959347958755 0.03932625311709424 2396
0.0329579166203775 0.03832625399497855 2397
0.0399162999274405 0.0563146093790707 2398
0.06325450656124063 0.02977543042013714 2399
0.04333209356364453 0.02730917396689797 2400
0.05547009776485855 0.03828593805128229 2401
0.05633929195823997 0.0387865860041163 2402
0.05459505207539193 0.03777199246536521 2403
0.05456072197300399 0.009789981856321621 2404
0.06584488134626987 0.0242737120514027 2405
0.007035892355063821 0.07336977871809193 2406
0.006170706756537272 0.07387123049055094 2407
0.01046476843097232 0.05236399835957142 2408
0.009597905657787516 0.05186545153883501 2409
0.03123425431537432 0.0433291515928782 2410
0.05541357005213024 0.01231872679378035 2411
0.05629282592235235 0.01179280992680992 2412
0.005321391731652053 0.08437111335272082 2413
0.005317511685541718 0.08536152373167878 2414
0.03378960587523713 0.005789760856609823 2415
0.005302166809092845 0.07237268507592601 2416
0.005273655343992621 0.05537270898490983 2417
0.005271977789876245 0.05437271039290109 2418
0.007800948607697027 0.08582588832990319 2419
0.005317261372610779 0.0813726724026491 2420
0.01734507859836809 0.03035563139995141 2421
0.03073765852338488 0.05110057465666395 2422
0.02992023738805574 0.05136915987550963 2423
0.0302325470398942 0.05038322317079507 2424
0.04416004583048135 0.004807418601092031 2425
0.06416042669059902 0.05726319376000875 2426
0.03908411300885574 0.05392253210732129 2427
0.02432191830448754 0.05534112692600207 2428
0.02514435079855755 0.05583947696935921 2429
0.02432786410249414 0.05634075311718847 2430
0.02518338343647886 0.05683933462093037 2431
0.02424119393737852 0.05727212630573609 2432
0.02615176943136414 0.05622462700443236 2433
0.08569891701127465 0.006694378618351003 2434
0.08573508643921444 0.005712868122461585 2435
0.02266263820147688 0.0283206357565232 2436
0.0650272073259317 0.05677678455421456 2437
0.01128286332780828 0.02386300583407939 2438
0.02354853841885656 0.08303193147442048 2439
0.02437851296447154 0.08237234367270538 2440
0.02262571084757308 0.08341058802087896 2441
0.04341077384562373 0.07430844555258599 2442
0.04427580673700474 0.07380725930341976 2443
0.03298129460506719 0.05432208347785883 2444
0.03731738837977847 0.05581896681514027 2445
0.03728572115727626 0.0548711142455493 2446
0.0329942573767866 0.05832622998318442 2447
0.02783082349468622 0.08033735341879215 2448
0.02783227327232338 0.0813402603368065 2449
0.03126618795604656 0.0623291248414526 2450
0.06674139666662085 0.05280091710539918 2451
0.06763308254029969 0.05329388632146796 2452
0.03382477946909691 0.03882480068922727 2453
0.0338231023594354 0.03782480198650898 2454
0.03386504156005776 0.0628247667386136 2455
0.08486472160065497 0.005235013153776689 2456
0.07707231927806851 0.006752221698806696 2457
0.06584271203417891 0.02327286433893799 2458
0.07969337654826508 0.02024817581377076 2459
0.07969146264203045 0.01924794899695447 2460
0.03642838871754816 0.04131818272642864 2461
0.03643394629186617 0.04231775347751369 2462
0.03720807721992266 0.04295914130583464 2463
0.0113005055587242 0.02489663553411377 2464
0.0779375048763946 0.006250769926001806 2465
0.07793582770153584 0.00525077133246056 2466
0.07880269047472066 0.00574931815319691 2467
0.03993307119545011 0.06631459448398504 2468
0.02782550434269132 0.07633491508387653 2469
0.02696031874436523 0.07683636685668137 2470
0.02695864156950653 0.07583636826314012 2471
0.02609345597118044 0.07633782003594497 2472
0.02609177879632173 0.07533782144240372 2473
0.02522659319799565 0.0758392732152086 2474
0.02609513314649277 0.0773378186291519 2475
0.02522491602313692 0.07483927462166734 2476
0.02435973042481085 0.07534072639447223 2477
0.02609010162146299 0.07433782284886248 2478
0.01659362958658694 0.07986728692753035 2479
0.07621719672889499 0.01325366503285908 2480
0.07447173095851414 0.005256581236597668 2481
0.06756534074563439 0.0182681827609081 2482
0.06588472977102909 0.04927078626147977 2483
0.06502009919642025 0.04977249588556133 2484
0.06501832951760847 0.04877245431680732 2485
0.07015418884117752 0.01276383306832825 2486
0.06414485054894034 0.04427395609711795 2487
0.06501003614726641 0.04377250432431305 2488
0.06501171332212514 0.04477250291785431 2489
0.07280325817293254 0.04325204733741151 2490
0.07798192220181965 0.03325170836472603 2491
0.02953913484777216 0.06533207910759975 2492
0.006179092569422031 0.07887122332209409 2493
0.05888329570335484 0.005282725651438835 2494
0.07798244074072584 0.03424776100050923 2495
0.07884860052540255 0.03374993584608504 2496
0.07885086145360629 0.03474254901890127 2497
0.01916526248034418 0.07634943984028328 2498
0.04419862089139594 0.02780738625247527 2499
0.06587064572995628 0.05230738081879977 2500
0.06330011408962331 0.01175367656705021 2501
0.07277322608417819 0.02525945805949119 2502
0.02694024856779446 0.06483648008402929 2503
0.01735941910834457 0.03235240786785453 2504
0.06846406984113565 0.03776670285892832 2505
0.04771638722989763 0.05980153134165846 2506
0.07970812969467746 0.02924784331092002 2507
0.07970980544451575 0.03024783121892306 2508
0.08057499128034519 0.02974638122704119 2509
0.08057926557248085 0.03074186217919972 2510
0.04251185978567398 0.05481025934587891 2511
0.03121412821706961 0.03132916847038316 2512
0.009535850115074764 0.01486550370704732 2513
0.008670664562929024 0.015366955398027 2514
0.008668987398213424 0.0143669567865136 2515
0.007803801809274574 0.01486840854268556 2516
0.007802124637670948 0.01386840994337679 2517
0.006936939041451897 0.01436986171244822 2518
0.006935261867486914 0.01336986311732347 2519
0.007800447465961965 0.01286841134425473 2520
0.006933584693523846 0.01236986452219534 2521
0.007798770291777536 0.01186841274951887 2522
0.006931907518705132 0.01136986592858331 2523
0.007797093117037964 0.01086841415576674 2524
0.006930230343881558 0.01036986733497993 2525
0.007795415942205043 0.009868415562180016 2526
0.0069285531690245 0.009369868741435913 2527
0.007793738767350913 0.008868416968630714 2528
0.006926875994167213 0.008369870147892269 2529
0.007792061592493248 0.007868418375087668 2530
0.008658924365678 0.008366965195824222 2531
0.00692519881930868 0.007369871554350843 2532
0.008657247190819527 0.007366966602282636 2533
0.009524109964004296 0.007865513423019093 2534
0.009522432789145718 0.006865514829477778 2535
0.01038929556233047 0.007364061650214256 2536
0.01038761838747185 0.006364063056672975 2537
0.01125448116065661 0.006862609877409467 2538
0.009520755614287082 0.005865516235936494 2539
0.011252803985798 0.005862611283868197 2540
0.01211966675898275 0.006361158104604678 2541
0.01039097273718914 0.008364060243755543 2542
0.006070076269660978 0.01387131488924214 2543
0.006071753444602958 0.01487131348263572 2544
0.006063367570699099 0.009871320514239425 2545
0.01211798958412413 0.005361159511063432 2546
0.01298485235730888 0.005859706331799899 2547
0.01298652953216751 0.006859704925341145 2548
0.01385171513049363 0.006358253152536363 2549
0.01385339230535227 0.007358251746077602 2550
0.01471857790367839 0.006856799973272792 2551
0.01471690072881975 0.00585680137973154 2552
0.01558376350200449 0.006355348200467972 2553
0.01558544067686314 0.007355346794009232 2554
0.01645062627518926 0.006853895021204447 2555
0.0164489491003306 0.005853896427663166 2556
0.01731581187351539 0.006352443248399633 2557
0.01731748904837404 0.007352441841940886 2558
0.01818267464670017 0.00685099006913608 2559
0.01818435182155883 0.007850988662677333 2560
0.01904953741988493 0.007349536889872513 2561
0.01904262137245256 0.008334709068247591 2562
0.01989677732034402 0.007814227160885156 2563
0.0199114525394234 0.006842442358780391 2564
0.02077777023281025 0.007340048719802244 2565
0.02073872543415575 0.0082697230992336 2566
0.02077872761030825 0.006344595681547979 2567
0.02164593862891949 0.006843743351546468 2568
0.02164475858702466 0.005844602492096715 2569
0.02251544171136356 0.006336994651170956 2570
0.0224930856653556 0.00724126976238644 2571
0.02077797866933385 0.005346198627042248 2572
0.01731413469865675 0.005352444654858388 2573
0.02251080466243548 0.005342510995255713 2574
0.02338149030322345 0.005834553436431675 2575
0.006066721920397845 0.01187131770135495 2576
0.005300489634633934 0.0713726864823841 2577
0.04162822695192121 0.04431171137563492 2578
0.01393073279395071 0.05135748721354262 2579
0.01482173960420086 0.0518556425711125 2580
0.05897050857451626 0.05728265243979128 2581
0.05896883153271425 0.05628265407582077 2582
0.058103645912212 0.05678410581036376 2583
0.07796581801945583 0.02325074634981298 2584
0.02775338582376511 0.03333497556160248 2585
0.0398575983260577 0.02131465777459252 2586
0.03294953093829792 0.0333262607053972 2587
0.006060013220982562 0.007871323327155615 2588
0.006058336046123932 0.006871324733614344 2589
0.005193150447797827 0.007372776506419144 2590
0.005191473272939146 0.006372777912877901 2591
0.006056658871265264 0.005871326140073088 2592
0.005189796098080478 0.005372779319336635 2593
0.0173694814689936 0.03835239824171981 2594
0.05375168193255136 0.04429114838692703 2595
0.05806674808749408 0.03478413679071592 2596
0.07710073071923756 0.023752197957704 2597
0.07709910418231392 0.02275219927918429 2598
0.04505709795178091 0.0233059398292668 2599
0.0165579654622326 0.07085380500166967 2600
0.0277416456152932 0.02633498543759474 2601
0.02860683120288985 0.02583353364353627 2602
0.02860850837633028 0.02683353223426814 2603
0.02601465693263454 0.02933788609281589 2604
0.04591892911861493 0.0208044910092681 2605
0.0372670730556348 0.02581900887366662 2606
0.07362834863335173 0.01875801472543876 2607
0.05114255247933552 0.02677901568244891 2608
0.04425564483659405 0.06180733843287806 2609
0.03984753527688448 0.01531466621338064 2610
0.01043793363323267 0.03636402086291123 2611
0.01043961080809138 0.03736401945645249 2612
0.009572748034906597 0.03686547263571609 2613
0.009574425209765296 0.03786547122925734 2614
0.00870756243658051 0.03736692440852094 2615
0.008709239611439205 0.03836692300206219 2616
0.007842376838254422 0.03786837618132578 2617
0.007844054013113121 0.03886837477486704 2618
0.008710916786297897 0.03936692159560345 2619
0.00784573118797181 0.0398683733684083 2620
0.008712593961156603 0.04036692018914471 2621
0.007847408362830505 0.04086837196194956 2622
0.006978868414787051 0.03936982654767189 2623
0.008714271136015306 0.04136691878268597 2624
0.007849085537689208 0.04186837055549081 2625
0.00784069966339572 0.03686837758778452 2626
0.008715948310873994 0.04236691737622722 2627
0.0078507627125479 0.04286836914903206 2628
0.006983899939363117 0.04236982232829565 2629
0.006985577114221812 0.04336982092183689 2630
0.009581133909200082 0.04186546560342237 2631
0.006118714341037022 0.04287127410110047 2632
0.0061203915158957 0.04387127269464174 2633
0.006987254289080508 0.04436981951537814 2634
0.006122068690754393 0.044871271288183 2635
0.005255205917569616 0.04437272446744658 2636
0.005256883092428312 0.04537272306098784 2637
0.006123745865613109 0.04587126988172424 2638
0.005258560267287035 0.04637272165452911 2639
0.006125423040471822 0.0468712684752655 2640
0.005260237442145758 0.04737272024807038 2641
0.006127100215330562 0.04787126706880675 2642
0.005261914617004496 0.04837271884161164 2643
0.006128777390189324 0.04887126566234799 2644
0.00526359179186324 0.0493727174351529 2645
0.006130454565048047 0.04987126425588927 2646
0.00871762548573269 0.04336691596976847 2647
0.0104412879829501 0.03836401804999374 2648
0.01910991571479816 0.04334948625735759 2649
0.05204063804666922 0.05629427388409277 2650
0.05204231522152798 0.05729427247763402 2651
0.05290750081985404 0.05679282070482913 2652
0.05290917799471279 0.05779281929837039 2653
0.05377436359303885 0.0572913675255655 2654
0.06066733640704856 0.03627977725292496 2655
0.0165093273952437 0.04185384579514846 2656
0.04770632418074515 0.05380153978041093 2657
0.04070936652549319 0.01281321725349322 2658
0.03215143233432179 0.07382765621985232 2659
0.07538219596119614 0.03175509129682738 2660
0.03901086165115709 0.03281609407638717 2661
0.05205237827068075 0.06329426403888225 2662
0.009591196958352546 0.04786545716466997 2663
0.03293779071428691 0.0263262705506084 2664
0.02258788290592648 0.0503399625189555 2665
0.05029124288889263 0.0462966864582561 2666
0.02256730375838497 0.0393436819790556 2667
0.07362163993391671 0.01475802035127373 2668
0.04417346326851489 0.01280740734935628 2669
0.03554005620870002 0.0288219096063589 2670
0.05549467174053849 0.05028847241870817 2671
0.03293663104275225 0.01535130551260277 2672
0.03732745166953059 0.0618189582411529 2673
0.05196558869871642 0.02429432599413215 2674
0.03205907383491637 0.01882812745013954 2675
0.006975514065069639 0.03736982936058938 2676
0.006973836890210937 0.03636983076704813 2677
0.006108651291884849 0.03687128253985298 2678
0.006106974117026147 0.03587128394631172 2679
0.005241788518700045 0.03637273571911658 2680
0.005240111343841364 0.03537273712557532 2681
0.03639685593273252 0.02332046486584768 2682
0.008761232028740185 0.06936687939254826 2683
0.04859163587737644 0.06530007113010174 2684
0.02423732670571903 0.01634109830483869 2685
0.0294887885449936 0.03533206779661666 2686
0.03731906551478226 0.05681896533991734 2687
0.0381859282813246 0.05731751214919301 2688
0.005313907008018259 0.07937267517963864 2689
0.005312229842229732 0.07837267660596905 2690
0.006105296942167441 0.03487128535277046 2691
0.005238434168982647 0.03437273853203403 2692
0.006103619767308732 0.03387128675922921 2693
0.005236756994123931 0.03337273993849275 2694
0.05030188097572334 0.05229718446199631 2695
0.01125570484831988 0.01786262329945958 2696
0.02694857859062661 0.06983637682540855 2697
0.02602804615168929 0.03733787488783611 2698
0.0407378784980917 0.02981319334369487 2699
0.03987308527318113 0.03031464445843494 2700
0.03987108112047614 0.02931464641328104 2701
0.005243465693558755 0.03737273431265783 2702
0.005277010821591557 0.05737270617006397 2703
0.005278687370612004 0.05837270476465484 2704
0.0432982125062398 0.007308867564460569 2705
0.07191139483556966 0.02776090701937862 2706
0.07191307201042844 0.02876090561291986 2707
0.07277825760875455 0.028259453840115 2708
0.04513089348407208 0.06730587822132113 2709
0.02521317584004816 0.06783928453933313 2710
0.07276651738474307 0.02125946368532618 2711
0.07622390542832988 0.01725365940702407 2712
0.01215824178073262 0.02936112575605399 2713
0.01215024139003616 0.02837213062751286 2714
0.01302250647591031 0.02886151779469585 2715
0.07534194808141645 0.007755125244416454 2716
0.04502690856822 0.005305965421887937 2717
0.06401136991452791 0.02332662396793583 2718
0.008663955890223916 0.01136696097650133 2719
0.0762574150054911 0.03725368785542135 2720
0.07625887675576137 0.03825402455846741 2721
0.07711855031507081 0.03775226289304074 2722
0.07711544243980722 0.03876841413912188 2723
0.07625891776221896 0.03925707686873414 2724
0.01644727192547196 0.004853897834121927 2725
0.06928061736855762 0.008265291873426794 2726
0.06927894019369882 0.007265293279885565 2727
0.06841375459537277 0.007766745052690455 2728
0.06841207742051404 0.006766746459149191 2729
0.0692772630188401 0.00626529468634433 2730
0.06841040024565534 0.005766747865607907 2731
0.06754521464732924 0.006268199638412752 2732
0.06927558584398143 0.00526529609280306 2733
0.06754353747247056 0.005268201044871468 2734
0.06667835187414446 0.005769652817676336 2735
0.06411969279831027 0.0292739774362214 2736
0.01125112681093937 0.004862612690326909 2737
0.07622558260318862 0.01825365800056531 2738
0.07017263776462374 0.02376381759728211 2739
0.06931080651601519 0.02626526655716962 2740
0.05975687533753173 0.009781252655195839 2741
0.0588900050977146 0.009282718817283424 2742
0.07710753998968635 0.0277521924599933 2743
0.01649255581224358 0.03185386014530511 2744
0.07280558046975244 0.04425945357060833 2745
0.07367103132136459 0.04375349015203493 2746
0.07367578947733927 0.04475310282839254 2747
0.05715292447753324 0.006285629247768147 2748
0.05715124727174703 0.005285630708002823 2749
0.01731916622323271 0.008352440435482143 2750
0.04502858573717097 0.006305964015439102 2751
0.08055660878512716 0.01874645918693709 2752
0.02519640405053766 0.05783929853146613 2753
0.02416426073273141 0.05835575842095704 2754
0.01133845798256419 0.05686098171394731 2755
0.01219946050085707 0.05734940670366163 2756
0.008739470266261151 0.05636689760841194 2757
0.00613716332471017 0.05387125862342097 2758
0.005265268966721991 0.05037271602869416 2759
0.005230048308419472 0.02937274556450342 2760
0.00522837113061364 0.02837274697092381 2761
0.0857300239344936 0.004732871652570171 2762
0.005204890671664429 0.01437276666146307 2763
0.00520656784657799 0.01537276525490701 2764
0.03549979526235967 0.004821943376043025 2765
0.06323605840428637 0.01877544443784974 2766
0.0632522797849934 0.01975040482496383 2767
0.0233762775058647 0.004840787694789142 2768
0.01298317518245024 0.00485970773825866 2769
0.03377460591868395 0.006883469988912545 2770
0.006054981696406607 0.004871327546531842 2771
0.08573108877628913 0.009742005714482797 2772
0.08584614036879723 0.01083550248546684 2773
0.08489180233433148 0.01125544510465523 2774
0.08572573347888143 0.01181980757296844 2775
0.08487617883935131 0.01225554495997886 2776
0.08570024350370853 0.01268524143215162 2777
0.08487044471089826 0.01323313297475752 2778
0.07880101329986187 0.00474931955965565 2779
0.03377111603582981 0.004819000641363216 2780
0.03292667084589576 0.005284391739573013 2781
0.04426936608841539 0.03084277140858699 2782
0.04506613481680134 0.03031351768148721 2783
0.05108823935568866 0.004795798792752305 2784
0.06667667469928579 0.004769654224135056 2785
0.06581148910095969 0.005271105996939876 2786
0.02419229880880556 0.005355911961041446 2787
0.04242799724767457 0.004810323553514774 2788
0.08399479884653813 0.01968205387397943 2789
0.08402608169279753 0.01871254729499187 2790
0.08315462310915628 0.01823725958961329 2791
0.08402002229466984 0.01773513825245243 2792
0.08315044876913127 0.01724379980330693 2793
0.04935619098417779 0.004798703744820741 2794
0.02423244812958401 0.004343092383609817 2795
0.009581302903590563 0.08587867885841302 2796
0.01049975314373902 0.08531866611863295 2797
0.02920952655382539 0.05070615941903761 2798
0.02510030609211001 0.004969313428047926 2799
0.0304261018385098 0.08083940625676925 2800
0.03127895388805635 0.08035760785136158 2801
0.01993302086158579 0.02991127295526501 2802
0.05629780186909102 0.01278707268487693 2803
0.05715591072435659 0.01228791533042527 2804
0.01387349909273707 0.05330091129641584 2805
0.0858085089101589 0.01364893476945485 2806
0.0225088254622632 0.004343279682702532 2807
0.004435304036107361 0.07187413825484301 2808
0.004433626861648499 0.07087413966130107 2809
0.004436981210566279 0.07287413684838494 2810
0.08486259693966514 0.004237658519108671 2811
0.004406792173930751 0.0548741621646177 2812
0.004405114909675739 0.05387416357179067 2813
0.07793415052667707 0.004250772738919356 2814
0.004376602920373965 0.03687418749192142 2815
0.004378280095232667 0.03787418608546268 2816
0.004326287674613065 0.006874229685682715 2817
0.004327964849471753 0.007874228279223981 2818
0.07465547341377649 0.04429679722784007 2819
0.07458452879331573 0.04321105318994499 2820
0.01302198934845449 0.0278862343277327 2821
0.01380410119833536 0.02836869804365635 2822
0.05548098991227307 0.01333051359406758 2823
0.07711080754469701 0.03977162258574707 2824
0.04502523144900908 0.004305966828253363 2825
0.01731245752379808 0.004352446061317128 2826
0.005188118923221852 0.004372780725795347 2827
0.03644552721306569 0.05532911090823848 2828
0.03641051275247524 0.05438707845773984 2829
0.02350125720001841 0.0798421699656721 2830
0.05810196875583348 0.05578410724870733 2831
0.05896715435723963 0.05528265548121667 2832
0.07966787607304671 0.005247866380392027 2833
0.06587689892045123 0.04427105114504941 2834
0.06587522174559249 0.04327105255150815 2835
0.05723678315689135 0.05628555902044927 2836
0.03814567605279268 0.03331754584944 2837
0.01996000816380974 0.0338480495991673 2838
0.01909482176182324 0.03434949998601424 2839
0.01052032084227299 0.08434576095825799 2840
0.01138307956593065 0.08484251561772996 2841
0.01135270066343267 0.08578070066063571 2842
0.01221302851530424 0.08528705663136787 2843
0.01224728763507115 0.08432314984600979 2844
0.01311113128359094 0.08483552405752906 2845
0.01302389799135393 0.08590690829981382 2846
0.01397329108237415 0.08532130184788306 2847
0.01398328267684187 0.08433785078231087 2848
0.01484939753314385 0.08485669026263309 2849
0.0346899651560755 0.03832334876796799 2850
0.0346882879959922 0.03732335014968426 2851
0.04246505050413793 0.02681044238374149 2852
0.03900590642141162 0.02981609816780635 2853
0.06668002904900314 0.006769651411217659 2854
0.0147975792019108 0.0508564386291104 2855
0.01566471877670125 0.05135505264790891 2856
0.006963773869212819 0.03036983920616596 2857
0.07361996275905792 0.01375802175773247 2858
0.06065056421096375 0.02627979215953106 2859
0.06064888742612958 0.02527979283212389 2860
0.04510909021090823 0.05430589650528432 2861
0.07538051290001828 0.03075509270555769 2862
0.07451533508484515 0.03125654460485554 2863
0.06585844999700487 0.0332710666160956 2864
0.04337177274533878 0.05130890399341589 2865
0.04250332137798156 0.05081075023465673 2866
0.04161157068833503 0.0373202692504785 2867
0.0423948565965345 0.03693816406002537 2868
0.006145550039357735 0.0588712515859127 2869
0.005280363623716894 0.05937270335974207 2870
0.02517460077737433 0.04483931681542978 2871
0.02517292360251561 0.04383931822188852 2872
0.0407613589461142 0.04381317365327247 2873
0.04076369259915311 0.04480013549635312 2874
0.06153923070480966 0.03977831985428509 2875
0.0606740451064836 0.04027977162708998 2876
0.03209105389980081 0.03782770708614643 2877
0.06590275022040343 0.01632607475878399 2878
0.04419699962410942 0.02680744341479386 2879
0.04506358741433063 0.02730554971126535 2880
0.03382142522526997 0.03682480332482414 2881
0.03468661083037826 0.036323351540662 2882
0.00791353193650322 0.08186831870112445 2883
0.05715460164380673 0.007285627856237299 2884
0.05546879144108822 0.03728502166849489 2885
0.05460600569418998 0.03678994388193545 2886
0.07968970814399236 0.0182478758592209 2887
0.007037569529522829 0.07436977731163379 2888
0.01387542255415211 0.02935807143762901 2889
0.01475372806181093 0.02865282026704205 2890
0.006172383930996266 0.07487122908409265 2891
0.02517025493881635 0.05884179847778839 2892
0.02429014443863148 0.05936215852605121 2893
0.02605943666630851 0.05835291199734631 2894
0.02436140759966958 0.07634072498801349 2895
0.02349454482648478 0.07584217816727709 2896
0.01218250269369813 0.05333350125541785 2897
0.009599582832646236 0.05286545013237628 2898
0.06580981192610104 0.004271107403398589 2899
0.06494462632777492 0.004772559176203395 2900
0.02867611047010902 0.08184938638346494 2901
0.02793487711544388 0.08245034042837665 2902
0.00445522356825187 0.08487256526725911 2903
0.004456736981898329 0.08587256388448103 2904
0.005306148722578841 0.08636124127806974 2905
0.07982337450486607 0.03433730219705178 2906
0.0329054697338772 0.004318342156243389 2907
0.03207691344457698 0.004776779387978422 2908
0.004411824032570809 0.05787415794451956 2909
0.004447044251335311 0.07887412839592092 2910
0.004445367080526882 0.07787412981074571 2911
0.08659963399915652 0.005201474011034463 2912
0.08659563887437097 0.004255023266354192 2913
0.004469673984124595 0.08698035800301342 2914
0.004396729018678422 0.04887417061441654 2915
0.01577082690725376 0.05246000264007418 2916
0.01648020369664055 0.05185929943796931 2917
0.01651768646211642 0.05085470571126861 2918
0.01736329678498331 0.05148429658055301 2919
0.01738382032329346 0.05037451289705595 2920
0.01824096808246978 0.05087117243734778 2921
0.00439337466896092 0.04687417342733397 2922
0.004390020319243522 0.04487417624025143 2923
0.004388343144384826 0.04387417764671017 2924
0.07809881667978644 0.0382396870576897 2925
0.06754186029761192 0.004268202451330236 2926
0.004373248570656595 0.03487419030483885 2927
0.004363185525589897 0.02887419874364341 2928
0.004361508349123799 0.02787420015008157 2929
0.004364862699332304 0.02987419733717048 2930
0.03631330344245268 0.04330471457188811 2931
0.035580140457181 0.04281556652202596 2932
0.02943167258680221 0.04974238894688947 2933
0.07966619889818793 0.004247867786850774 2934
0.08154458373801993 0.03028863069713516 2935
0.004322933324895716 0.004874232498600153 2936
0.02901530434103776 0.05168952014097092 2937
0.05366380256822473 0.03712894414568811 2938
0.0537524262681749 0.03627489211147798 2939
0.05458979848809994 0.03581520980246535 2940
0.05364989266950805 0.03535215793443992 2941
0.05458943589911584 0.03484560361323394 2942
0.05368873306906881 0.03435944036323055 2943
0.05460224032492161 0.03388056551554425 2944
0.05378881210712259 0.03338354508548991 2945
0.05463365270467894 0.0329019148906776 2946
0.05378010550882704 0.03241344769512466 2947
0.08489019668461154 0.01820364125652207 2948
0.08488403313021342 0.0172537728891334 2949
0.02445947804801933 0.08338540349936233 2950
0.004339705073443403 0.0148742184340817 2951
0.004341382248319633 0.0158742170275919 2952
0.005208245021507317 0.01637276384832312 2953
0.004343059423197911 0.01687421562109846 2954
0.00520992219638107 0.01737276244183774 2955
0.004344736598057508 0.01787421421463816 2956
0.005211599371242465 0.01837276103537427 2957
0.004346413772917036 0.01887421280817806 2958
0.004338027898593305 0.01387421984052552 2959
0.005213276546101812 0.01937275962891451 2960
0.00434809094777585 0.01987421140171925 2961
0.03735142430928062 0.04378700869508169 2962
0.02436811750432855 0.08034071851163996 2963
0.02348783612478622 0.07184218379211407 2964
0.066756582446684 0.05388540099903187 2965
0.06764434360761098 0.05432340796692376 2966
0.06415322100590969 0.04927394190228952 2967
0.06415491102854005 0.05027394646461085 2968
0.008685759163416955 0.0243669426924839 2969
0.007818896390232206 0.02386839587174742 2970
0.02601631521172561 0.03033788471766475 2971
0.02688149776998126 0.02983643294989691 2972
0.03900415909891769 0.02881609969191245 2973
0.01043294434935445 0.02541257755530791 2974
0.03207260511596083 0.02682772232341327 2975
0.03207092794110207 0.02582772372987199 2976
0.03207428229081955 0.02782772091695453 2977
0.0164942329638633 0.03285385869876867 2978
0.01562737006168969 0.03235531165558011 2979
0.06494630350263356 0.005772557769744682 2980
0.06407944072944885 0.005274010949008201 2981
0.06407776355459016 0.00427401235546692 2982
0.0762339434066617 0.02325365101034049 2983
0.07623562471863282 0.02425364959694029 2984
0.07623227880857109 0.0222536523956947 2985
0.0382127630471806 0.07331748959084231 2986
0.03821429105602923 0.07431723081908805 2987
0.03732074266284986 0.05781896388723414 2988
0.03645388024990266 0.05732041729541743 2989
0.03818760543156947 0.05831751070026643 2990
0.04589377139016013 0.005804512242542567 2991
0.04589544857314468 0.006804510836070265 2992
0.06412136995187753 0.03027397607013302 2993
0.06325618435000288 0.03077542784966626 2994
0.07626248045008163 0.04025362705847273 2995
0.06670896763972811 0.02377036357399169 2996
0.0667071072473914 0.02277004886301609 2997
0.05628773882470839 0.006787081115334409 2998
0.06847167147746691 0.05382175295612264 2999
0.06240056766184646 0.01924736160409616 3000
0.06236473341229631 0.02029889337335901 3001
0.06224265124369421 0.01833741172039605 3002
0.03376675340294345 0.003823675654544292 3003
0.03204166060120879 0.00381793246963337 3004
0.03115060247310345 0.004422044773889564 3005
0.0182933864820976 0.05184442858467714 3006
0.01908340901073929 0.05133402115979948 3007
0.0443281295272101 0.07493396382928064 3008
0.04352372811466726 0.07543342561021668 3009
0.04518442545347554 0.07442516141504076 3010
0.01225097457611453 0.02438127080150827 3011
0.01214171930849337 0.02338271707320856 3012
0.0650337363265116 0.05773404861397179 3013
0.02347953777668091 0.05483841652351208 3014
0.006053304521547991 0.003871328952990548 3015
0.004321256150037062 0.003874233905058838 3016
0.07974764129055387 0.03543126036668884 3017
0.02510326817963875 0.003861408894377839 3018
0.02587983543414622 0.004359601892825977 3019
0.01485107470760242 0.08585668885617506 3020
0.01573939166432672 0.08551770461455124 3021
0.01572019680902467 0.08438698793313278 3022
0.01667748811717751 0.08502848855974324 3023
0.01660321530032855 0.08390105927965893 3024
0.01748587544628651 0.08441240164442448 3025
0.01746671758204514 0.0833913690302303 3026
0.01832480732029793 0.08389893447629378 3027
0.01833951705326265 0.08488731241683095 3028
0.01929457123134311 0.0844652818739999 3029
0.03296294410989579 0.04132625653257177 3030
0.0330392552494031 0.04252634443414937 3031
0.01644559475061333 0.003853899240580626 3032
0.0814102872584722 0.03119845756545472 3033
0.02942861210965911 0.06046679915027414 3034
0.0537760407678978 0.05829136611910701 3035
0.05291085516957156 0.05879281789191168 3036
0.05810029158395222 0.05478410866030307 3037
0.05896547718277456 0.05428265688835446 3038
0.06415154126149618 0.04827394211499203 3039
0.06587857609530996 0.04527104973859068 3040
0.05377771794275643 0.05929136471264817 3041
0.05291253234443028 0.05979281648545293 3042
0.08053306167137275 0.004746414607587165 3043
0.07793918205125336 0.007250768519543073 3044
0.06674208451877731 0.0437695993722445 3045
0.06674040734391853 0.04276960077870324 3046
0.06329396279810832 0.05377533226503214 3047
0.06242775005989736 0.05327681391127119 3048
0.06321257795626412 0.004775464128271831 3049
0.006990608638797913 0.04636981670246064 3050
0.06411317674243744 0.02025915014002663 3051
0.08144017664116784 0.02924492767331324 3052
0.03734922976271158 0.07481889706297251 3053
0.03821618814104503 0.07531706649318815 3054
0.03735093944576292 0.0758188613542376 3055
0.03821812446601992 0.0763168861083915 3056
0.0373526652303398 0.07681882440100984 3057
0.03819294204710309 0.07746996441522783 3058
0.03907833287019406 0.07684142356720067 3059
0.03727896914857037 0.07784444927548567 3060
0.03647487991796972 0.07732462238281124 3061
0.03643191147704586 0.07843735135614791 3062
0.03561061568843657 0.07784204024175842 3063
0.03553351275184401 0.07884483223541468 3064
0.03475705217845261 0.0783232924626856 3065
0.03480047892960395 0.0794744840382678 3066
0.04080328831758553 0.06881313849180395 3067
0.01298820670702614 0.007859703518882405 3068
0.01385506948021091 0.008358250339618855 3069
0.0129898838818848 0.008859702112423672 3070
0.00692016729473274 0.004369875773727071 3071
0.05978370180111455 0.02578124465513792 3072
0.05978202470181485 0.02478124591942248 3073
0.05891683909663071 0.02528269770513122 3074
0.05895051009430895 0.02433050528463693 3075
0.0597806792696445 0.02394476573378179 3076
0.05806157586758743 0.02479511601339702 3077
0.05807122178304136 0.02367028685717515 3078
0.05720691572030895 0.02428556411413542 3079
0.02002709373044225 0.07384799088109031 3080
0.07015922036575371 0.01576382884895205 3081
0.07016592906518879 0.01976382322311706 3082
0.05196516517802574 0.01129433717473623 3083
0.079674584772482 0.009247860754557188 3084
0.01308716002137315 0.06685962053025366 3085
0.06148388475205936 0.006778364845817217 3086
0.08053473884623151 0.005746413201128418 3087
0.04079490244375825 0.06381314552409767 3088
0.05376933206846261 0.05429137174494172 3089
0.01653253457686399 0.01492061153975422 3090
0.058960445658419 0.05128266110811233 3091
0.01656467416008086 0.07485379937583736 3092
0.05719559861009279 0.03030347242753046 3093
0.01824976164104831 0.04685093381078628 3094
0.02777686627178745 0.0473349558711802 3095
0.04336998918443952 0.0503089053657463 3096
0.04250310868024796 0.04981035853932188 3097
0.04163637112749541 0.0503121869870415 3098
0.04162590360329807 0.04933046391878915 3099
0.04249994891244811 0.04881340312790095 3100
0.04162251427139271 0.04833401844314943 3101
0.0407654221899276 0.04984611484689321 3102
0.0424910867795095 0.03379397425654614 3103
0.04334019064132538 0.03334429153212189 3104
0.04348778684898608 0.0342368487387233 3105
0.03815070757740727 0.03631754162981584 3106
0.04681831960306629 0.04429665085145292 3107
0.02512993270467129 0.01984086038428674 3108
0.03389882484284199 0.07884994306583064 3109
0.0338875155274814 0.07990048141343205 3110
0.0433552389113958 0.04130881914115582 3111
0.04335178514582216 0.04031190964635086 3112
0.04422113828979937 0.04080629973207751 3113
0.04421900919589347 0.03981461749775123 3114
0.04507860739719063 0.04029897004086536 3115
0.04763923718639536 0.01380159603876057 3116
0.04764091436125409 0.01480159463230184 3117
0.04850609995958016 0.01430014285949695 3118
0.04850777713443889 0.01530014145303821 3119
0.04937296273276496 0.01479868968023334 3120
0.0493746399076237 0.01579868827377458 3121
0.05023982550594977 0.0152972365009697 3122
0.05024574892079846 0.01630447429162516 3123
0.04937702478914744 0.01679989340016821 3124
0.05024825175343303 0.01730588050682751 3125
0.05115862158638766 0.01580200740315264 3126
0.04764259153611283 0.0158015932258431 3127
0.04937895752474632 0.01780032768612838 3128
0.05024586289138781 0.0182989471222679 3129
0.05111041498312975 0.01781324379374905 3130
0.05120794627355413 0.01885821397339743 3131
0.05026273959383559 0.0193079224937584 3132
0.05107799503773321 0.01983755177789476 3133
0.05111366665548468 0.01479682207507258 3134
0.05202895138113578 0.01529332013844023 3135
0.0450436803914173 0.01530595135717492 3136
0.03638008418414525 0.01332047893043509 3137
0.02603810920084169 0.04333786644908365 3138
0.02517124642765689 0.04283931962834726 3139
0.02430606082933081 0.04334077140115213 3140
0.02430438365447209 0.04234077280761088 3141
0.02516956925279816 0.041839321034806 3142
0.02343919805614601 0.04284222458041575 3143
0.01564749614663509 0.04435529475503586 3144
0.03729051993813493 0.03981911197943652 3145
0.05024501195484588 0.0203059737521172 3146
0.05111507415342825 0.02079577628941236 3147
0.05195665179764562 0.02024037471734294 3148
0.05196657452683275 0.0212692579734252 3149
0.04938351626756752 0.01980192196495041 3150
0.06067572228134235 0.04127977022063123 3151
0.05980885950815754 0.04078122339989486 3152
0.05981053668301627 0.0417812219934361 3153
0.0598071823332988 0.0397812248063536 3154
0.02860515402624291 0.02483353504645274 3155
0.03036235870200073 0.0398306111945978 3156
0.03036068284275463 0.03883061039797679 3157
0.02949549702515979 0.03933206253796162 3158
0.04771135570532141 0.05680153556103471 3159
0.02860012249864531 0.02183353925984374 3160
0.03814399887796589 0.03231754725569214 3161
0.007839022488537017 0.03586837899424328 3162
0.03983806100174742 0.01031467507111553 3163
0.02866806494489526 0.01777729458054343 3164
0.02515112646410485 0.03083933649568752 3165
0.01221358855055235 0.06236107933500291 3166
0.01308045132353779 0.06285962615608595 3167
0.01308134151924061 0.06186405720426023 3168
0.01394606481709133 0.06235891265724641 3169
0.01394662269675246 0.06136277034010581 3170
0.01493715938175287 0.06181580084613911 3171
0.01483362715441462 0.06285002395614178 3172
0.01573197393100419 0.06242645118131269 3173
0.01569193181750067 0.06336601544254197 3174
0.01654955060853043 0.06286099731175829 3175
0.01654915388959301 0.06385680292607163 3176
0.01740854056442941 0.06330108225503588 3177
0.0174130977429152 0.0643443128779282 3178
0.01827827361253272 0.06385090989550028 3179
0.01827995240847642 0.06484956702403705 3180
0.0191283945817097 0.06432034700853466 3181
0.01914402352958975 0.06534438011461625 3182
0.02000874385280432 0.06484230605374003 3183
0.01999024705840419 0.06381331761491411 3184
0.02087329638514022 0.06433982096301796 3185
0.02089194907095145 0.06337490855330896 3186
0.02174446254163847 0.06384870408932417 3187
0.01828116322663335 0.0658498376391651 3188
0.02001266877694804 0.0658462066846357 3189
0.01654839214505976 0.06485296998861216 3190
0.02174404753001563 0.06484509858629041 3191
0.0226095818262225 0.06434424749659412 3192
0.02174590827106179 0.06292894661583431 3193
0.02007976774581125 0.0628902167726488 3194
0.02261096841928113 0.0653437455211672 3195
0.01481979300431368 0.06385739482628211 3196
0.0234761637038544 0.06484231043434059 3197
0.02347448814373666 0.06384231462173737 3198
0.01739770868113225 0.06235324825709838 3199
0.06586515869643991 0.03727106099026056 3200
0.03986935047384228 0.02831464790941939 3201
0.0581051920623883 0.0627838567531475 3202
0.0581292744502335 0.06377887600329693 3203
0.05896140643197412 0.06329176715291515 3204
0.07275477716073186 0.01425947353053738 3205
0.04509546478971894 0.04630472874331359 3206
0.02177167200571997 0.08285623452082602 3207
0.006117037166178379 0.04187127550755922 3208
0.07279170090846865 0.03625948727676448 3209
0.02082519361618658 0.03334659757466282 3210
0.02082686962984365 0.03434659416564532 3211
0.02169205534352758 0.03384514259178163 3212
0.0364740059762363 0.06932040016874572 3213
0.03560882037790929 0.06982185194155056 3214
0.03560714320305045 0.06882185334800928 3215
0.0347419576047242 0.06932330512081414 3216
0.03474028042986543 0.06832330652727289 3217
0.03387509483153932 0.06882475830007777 3218
0.03387341765668057 0.06782475970653652 3219
0.03300823205835449 0.0683262114793414 3220
0.03300655488349574 0.06732621288580014 3221
0.03300990923321322 0.06932621007288267 3222
0.03387174048182183 0.06682476111299526 3223
0.03300487770863701 0.06632621429225888 3224
0.0321430464600284 0.06882766325214629 3225
0.03214472363488714 0.06982766184568753 3226
0.01563407874776529 0.03635530600670579 3227
0.01915687660673078 0.07134944687137801 3228
0.05894199673497273 0.04028267657915846 3229
0.05894031956011401 0.03928267798561721 3230
0.07709746650302512 0.02175220061937233 3231
0.07366257852865749 0.03876303746434585 3232
0.07968297064677542 0.01424785372226348 3233
0.06066085576404907 0.03227978249626887 3234
0.006147226477828595 0.059871250180689 3235
0.005282040756637379 0.06037270195335365 3236
0.004415177963207811 0.05987415513230494 3237
0.004416855127336299 0.06087415372586419 3238
0.005283717898599979 0.06137270054695008 3239
0.00441853229233586 0.06187415231942198 3240
0.005285395066066241 0.06237269914050374 3241
0.004420209466374198 0.0628741509129646 3242
0.00528707223928955 0.06337269773404774 3243
0.004421886640467873 0.06387414950650713 3244
0.005288749413481585 0.06437269632759014 3245
0.004423563814910506 0.06487414810004909 3246
0.005290426587893242 0.06537269492113215 3247
0.004425240989355358 0.06587414669359104 3248
0.005292103762341863 0.06637269351467409 3249
0.004426918163813541 0.06687414528713298 3250
0.0061539350120129 0.06387124455513127 3251
0.005293780936798866 0.06737269210821603 3252
0.006158966535325446 0.06687124033575718 3253
0.004428595338271842 0.06787414388067492 3254
0.07188288286297086 0.01076093092917709 3255
0.07623061031243529 0.02125365378759089 3256
0.01136182034769657 0.07086251985579721 3257
0.05806842526235284 0.03578413538425718 3258
0.007902755128049332 0.07386832553917483 3259
0.06841543177023156 0.008766743646231697 3260
0.06498655568243202 0.02977252404661213 3261
0.06498487850029165 0.02877252546687747 3262
0.005214953720960688 0.02037275822245559 3263
0.004349768122634635 0.02087420999526046 3264
0.007904432302508341 0.07486832413271668 3265
0.008769617901034824 0.07436687236025774 3266
0.05464122636622415 0.05778991434630248 3267
0.05463954919136532 0.05678991575276107 3268
0.06671054361998092 0.02477018756991919 3269
0.006078462144427858 0.01887130785610958 3270
0.04514792779114066 0.07332574158039804 3271
0.04608909311153545 0.07390330900498546 3272
0.07882619040131511 0.01974931724128846 3273
0.01385674665506959 0.009358248933160129 3274
0.05629349379280949 0.0107887338175742 3275
0.004455430129613053 0.08387412137734493 3276
0.04602075837102074 0.07282437074318271 3277
0.04697323191252763 0.0734219378550485 3278
0.04688853598062423 0.07232696859619259 3279
0.04779724722749842 0.07294546804300076 3280
0.04774297414965325 0.07183372011521123 3281
0.04860129406347694 0.07232661286930905 3282
0.04858585231559921 0.07131607974335827 3283
0.04960180034026855 0.07190967899470646 3284
0.04945992793217314 0.07083822605714904 3285
0.0503305586174676 0.07124138072578397 3286
0.05026020026256578 0.07033953388263245 3287
0.0511348384672369 0.07090851917763677 3288
0.05108851240679251 0.0698476939662496 3289
0.05194021060684501 0.07043421902432209 3290
0.05189934011587682 0.06937229135791925 3291
0.005216630895819467 0.02137275681599682 3292
0.0043514452974934 0.0218742085888017 3293
0.005218308070678246 0.02237275540953808 3294
0.004353122472352172 0.02287420718234297 3295
0.07968464782163412 0.01524785231580468 3296
0.08054983341996022 0.01474640054299993 3297
0.07881946222330802 0.01574930408860943 3298
0.01299156105674348 0.009859700705964959 3299
0.005219985245536948 0.02337275400307933 3300
0.004354799647210937 0.02387420577588423 3301
0.005221662420395762 0.02437275259662059 3302
0.004356476822069723 0.0248742043694255 3303
0.08055151059481891 0.01574639913654113 3304
0.08141669619314496 0.01524494736373638 3305
0.08488556510462988 0.01423160680381845 3306
0.0858977692654693 0.01469243489644495 3307
0.08401216223275169 0.01373833548532213 3308
0.02518799548775197 0.05984328088205195 3309
0.02432548711843872 0.06034497995664388 3310
0.02345214600968192 0.05987076751801191 3311
0.01220228520725045 0.0563594082815194 3312
0.01311223407118395 0.05686266614737619 3313
0.013212956377513 0.05781114601415088 3314
0.008732720059461435 0.05236690331163987 3315
0.008731042884602729 0.05136690471809863 3316
0.01133652913356762 0.05586215555789857 3317
0.006132131739906836 0.05087126284943051 3318
0.057291795707351 0.0133754602049371 3319
0.05799472576314593 0.01278422664278183 3320
0.05278122140484191 0.06983155112799153 3321
0.05267801294120352 0.06890006090646102 3322
0.07541260483137652 0.04364750074808561 3323
0.02181302309036024 0.08385055342858543 3324
0.03923100099100392 0.07792433692274303 3325
0.04004589319671907 0.07744049297329927 3326
0.07458170427618263 0.04540226219334142 3327
0.07370185338644034 0.04574061924903095 3328
0.0659794235144278 0.05726739067685895 3329
0.01485018002651696 0.06071100636619426 3330
0.07716660026452699 0.04075784801980099 3331
0.08053138449651404 0.003746416014045933 3332
0.08139824726969881 0.004244962834782331 3333
0.03130976407763131 0.08146717508463033 3334
0.05347480266252731 0.06924968247906294 3335
0.05347597236793698 0.06838551564148587 3336
0.04512032065200817 0.03932317142621806 3337
0.04594121292121112 0.03988296037383009 3338
0.04593034403289867 0.04079160373476008 3339
0.04671833604948276 0.0403366527779895 3340
0.0467647615151148 0.04126898288278735 3341
0.04761115490895182 0.04065234072703207 3342
0.02424400535955887 0.00634082344012608 3343
0.02827172055570883 0.05105394556681289 3344
0.04415836868509898 0.003807420007501339 3345
0.04518954112353044 0.03138019593584448 3346
0.04594914277140037 0.03092729513084467 3347
0.04590676018056055 0.02985117408727558 3348
0.04661974339871208 0.03034445075053043 3349
0.0467369385288782 0.02937492099975614 3350
0.04752802380932463 0.03008794137104849 3351
0.04759039304846656 0.02887542915358129 3352
0.04842671489242627 0.02942157653419184 3353
0.04850674654623324 0.03036775220956136 3354
0.0492642135089091 0.02990481336482032 3355
0.06321090078140541 0.003775465534730488 3356
0.06234571518307931 0.004276917307535488 3357
0.08674485218185542 0.01019423031316927 3358
0.08660252390649475 0.009281465040718345 3359
0.03735596332314825 0.07881893433135351 3360
0.003587570641360845 0.08437856929489745 3361
0.003588121708340136 0.0833760739137773 3362
0.03217205300036811 0.0509136174242577 3363
0.003570118437580781 0.07237559002730193 3364
0.003571795612039665 0.0733755886208439 3365
0.05898749835525732 0.06432569329579294 3366
0.05814853851873663 0.06475060049048503 3367
0.0598126586921276 0.06385079161312972 3368
0.05430439103320332 0.06890903979021126 3369
0.05421823455454755 0.0679560239331104 3370
0.03116539873506208 0.003343043872359286 3371
0.0303236871596292 0.003861942805735243 3372
0.00351141732204785 0.03737563926472628 3373
0.003513094496906531 0.03837563785826755 3374
0.004379957270091363 0.03887418467900395 3375
0.003514771671765268 0.03937563645180883 3376
0.03042940847468539 0.04932742110109815 3377
0.003605998114968319 0.08639608646307881 3378
0.003461102076286977 0.007375681458487594 3379
0.003462779251145701 0.008375680052028857 3380
0.003561732565286468 0.0673755970595919 3381
0.003563409739745227 0.06837559565313385 3382
0.003558378216371443 0.06537559987250799 3383
0.003555023867522426 0.063375602685424 3384
0.08659529039423006 0.01229804841602392 3385
0.02257488322096731 0.08436217528510967 3386
0.02187401064620273 0.08476483593880522 3387
0.003551669520382397 0.06137560549833729 3388
0.05813060396785327 0.01380759241254982 3389
0.05877953079880127 0.01325340217635985 3390
0.0588989687288491 0.01411709286161864 3391
0.05957517056865796 0.01365118606948641 3392
0.0595817169632159 0.01458524378796864 3393
0.06033717527113948 0.01405944030844441 3394
0.06034266381760061 0.01503067907403431 3395
0.06111615428636442 0.01447030041183198 3396
0.06110571332929745 0.01550812370380419 3397
0.06196337934052773 0.01489323342361915 3398
0.003539929316896728 0.05437561534366193 3399
0.003538252125079293 0.05337561675109077 3400
0.003541606492313491 0.0553756139371059 3401
0.02350556731177826 0.05774645850235134 3402
0.05501019798656014 0.06837152789115006 3403
0.05492234715879523 0.06749695035562822 3404
0.003523157546058725 0.04437562941951505 3405
0.003521480371200016 0.0433756308259738 3406
0.01898855561244323 0.05217834581809885 3407
0.01977584738099682 0.05190515567161201 3408
0.01990919134952463 0.05085132023665777 3409
0.003543766365987161 0.08752421910419303 3410
0.04930287277165379 0.02895611591263895 3411
0.05008123965934957 0.02954600060851619 3412
0.05001884469507594 0.03046383483162659 3413
0.05081944707965759 0.03011558443711322 3414
0.05074867919030326 0.03101612503581285 3415
0.0515200132916841 0.03068156632712417 3416
0.05141430264352768 0.0314868060449135 3417
0.003496322749413472 0.02837565192286872 3418
0.003494645574056279 0.02737565332932099 3419
0.05569114733850238 0.06792173765718859 3420
0.05566789040638775 0.06703685599866459 3421
0.05646239478352111 0.06749039842853814 3422
0.05638647262676005 0.06660836788397409 3423
0.03566690827516968 0.07985022869525099 3424
0.003487936874026119 0.02337565895514787 3425
0.003484582524308576 0.02137566176806531 3426
0.04502355428833781 0.003305968234688331 3427
0.04589041706234126 0.003804515055423313 3428
0.01645702093174013 0.08580663375654318 3429
0.003481228174591032 0.01937566458098286 3430
0.003477873824873128 0.017375667393901 3431
0.03980313656151964 0.04447244814759918 3432
0.04009908626247786 0.0453021586410147 3433
0.07626880674732033 0.04121398031071338 3434
0.003474519475146133 0.01537567020683553 3435
0.02968535021920755 0.04884512035479992 3436
0.05209520031759336 0.018232188015293 3437
0.003456070551710981 0.004375685677863672 3438
0.06110228395637634 0.01349666465872557 3439
0.05294251971485617 0.03293573903125205 3440
0.06587573739859706 0.05630804873575668 3441
0.06656960225601419 0.05668619325052362 3442
0.03044151516790072 0.04845534567061809 3443
0.02988069823127027 0.04797682776827542 3444
0.03070554995568931 0.04771614389025732 3445
0.03206545008625472 0.005664136196552351 3446
0.05463878633255123 0.03190756516910997 3447
0.05957851663720626 0.01270980028778191 3448
0.07972887239040545 0.03327310299096268 3449
0.08071910956589901 0.03369854119515808 3450
0.0173107803489395 0.003352447467775889 3451
0.01817764312212424 0.003850994288512363 3452
0.01401831558977569 0.06035616715603598 3453
0.04439528511153672 0.03883767648175906 3454
0.04762793859448421 0.04174441163429147 3455
0.04846426950163464 0.04122224124057505 3456
0.04856923047759855 0.04015249364813065 3457
0.04925461196762791 0.04070416261525153 3458
0.06197413960245593 0.01582744398702117 3459
0.06282163694415094 0.01533825517191354 3460
0.06120308710043244 0.0163395880430685 3461
0.07886268756632443 0.0357495964931523 3462
0.0797041880670146 0.03626029593090091 3463
0.08242333314402241 0.02967101928880038 3464
0.08226823497688227 0.02880803200735669 3465
0.01920199570879846 0.08340349717445299 3466
0.01903017854281156 0.08551657370812686 3467
0.01828098597151022 0.08585153166000552 3468
0.08574609945976981 0.01778742102347285 3469
0.08567578318677678 0.0186290586079895 3470
0.003580181482947392 0.07837558158537539 3471
0.003578504309713369 0.07737558299464069 3472
0.003581858657564101 0.07937558017927898 3473
0.005444339199264243 0.08744007069408856 3474
0.01474967645827244 0.02982253455801423 3475
0.003454393376852286 0.003375687084322461 3476
0.01471713675543827 0.05988286175418689 3477
0.01660178156641989 0.08287692736105884 3478
0.01747179125767945 0.08238389061392454 3479
0.05548624779939844 0.03341253534910606 3480
0.02006538850540285 0.05258447048335983 3481
0.02060678543595743 0.05221068903643282 3482
0.02058453348193715 0.05301660414879193 3483
0.01306689342314215 0.05586279654379531 3484
0.07701163703951627 0.04151784333891052 3485
0.01217548346816975 0.02537456840726079 3486
0.03559266818227812 0.05480753329309007 3487
0.03569991584724964 0.05369999883355012 3488
0.03643208606909898 0.05334665234444746 3489
0.05706966705036501 0.06698809078742643 3490
0.07966452172332926 0.003247869193309563 3491
0.03996472508447356 0.07634336851706722 3492
0.04103620448373933 0.07695339111865424 3493
0.01127369112414022 0.02086259734950565 3494
0.01203649084534283 0.02031498485757245 3495
0.05801184469571385 0.01176855949759321 3496
0.07539830220787211 0.04073030663831823 3497
0.02696702744379999 0.08083636123084639 3498
0.02523890304382652 0.08284258013059854 3499
0.02349286765162607 0.07484217957373585 3500
0.02262768205329998 0.07534363134654065 3501
0.02522323884827817 0.07383927602812611 3502
0.02608842444660422 0.0733378242553212 3503
0.02695528721978907 0.07383637107605763 3504
0.0269536100449303 0.07283637248251632 3505
0.02782047281811513 0.07333491930325275 3506
0.02781879564325641 0.07233492070971148 3507
0.02868565841644119 0.07283346753044788 3508
0.02868398124158252 0.07183346893690665 3509
0.02955084401476729 0.07233201575764303 3510
0.02954916683990858 0.07133201716410183 3511
0.03041602961309335 0.07183056398483824 3512
0.03127786086170235 0.06932911502495115 3513
0.02436643993386817 0.0793407201956477 3514
0.02349622200098101 0.07684217676019303 3515
0.03213969211031089 0.06682766606506377 3516
0.03213801493545218 0.06582766747152252 3517
0.06328805082490938 0.0497754008376302 3518
0.06329216560852557 0.05277538165432057 3519
0.06242604233759753 0.05227684155689834 3520
0.06156101992437059 0.05277829971691168 3521
0.06155932492106522 0.05177830129444375 3522
0.06414040707778312 0.0542733393289575 3523
0.01127965043298863 0.02788635111754476 3524
0.03469164233484343 0.03932334735496305 3525
0.06584021393796025 0.02227144935604066 3526
0.06670520646680744 0.02176966446781629 3527
0.06501339049698387 0.04577250151139558 3528
0.06588025327016872 0.04627104833213189 3529
0.007820573565090954 0.02486839446528868 3530
0.03727881327963874 0.03281899902850389 3531
0.03728049045450496 0.03381899762199696 3532
0.02601798567233673 0.03133788332233056 3533
0.02515279895496932 0.0318393350969895 3534
0.0156290472491401 0.03335531027083686 3535
0.01649591002442363 0.03385385709519265 3536
0.01476225363560558 0.0328567633006187 3537
0.06760727011710334 0.04326814759943956 3538
0.06760559294224458 0.04226814900589831 3539
0.03555515077554883 0.0378218969597509 3540
0.005223339595254506 0.02537275119016183 3541
0.0381389810937337 0.02931755145198242 3542
0.03900247878869496 0.02781610110362963 3543
0.03986766386446035 0.02731464933170115 3544
0.06408111790430747 0.00627400954254953 3545
0.03120741951763475 0.02732917409621814 3546
0.03120909669249346 0.02832917268975939 3547
0.0294720167977114 0.02533208186378939 3548
0.02947033962226861 0.02433208326909112 3549
0.005295458111257298 0.068372690701758 3550
0.006993962988515453 0.04836981388954318 3551
0.01652065766897015 0.04985766856132691 3552
0.01738661799758165 0.04935671036245533 3553
0.008685782081866662 0.02736694051138812 3554
0.009623063278349088 0.0668654304330054 3555
0.04676063418193568 0.006303059063247695 3556
0.01392215647455917 0.04835819408126937 3557
0.0718845600378296 0.01176092952271838 3558
0.07274974563615566 0.0112594777499135 3559
0.006098588242732551 0.03087129097860535 3560
0.006965451020609699 0.03136983779940271 3561
0.04935954533389524 0.006798700931903393 3562
0.02949382003302502 0.03833206363843707 3563
0.02862863442860813 0.03883351542144138 3564
0.02430270647961336 0.04134077421406962 3565
0.02516789207793943 0.04083932244126474 3566
0.05723846033164728 0.05728555761381338 3567
0.03994145706897512 0.07131458745169131 3568
0.02603475485112424 0.04133786926200113 3569
0.02603307767626551 0.04033787066845987 3570
0.008756200505363639 0.06636688361192239 3571
0.008754523330904804 0.06536688501838045 3572
0.07710586278749582 0.02675219366150457 3573
0.07624067718555695 0.02725364540721873 3574
0.0701424486171662 0.005763842913539458 3575
0.07014077144230754 0.004763844319998253 3576
0.07536709944348537 0.02275510415804083 3577
0.01304019912764578 0.03885965991866164 3578
0.01304187630250448 0.03985965851220289 3579
0.01390873907568927 0.04035820533293931 3580
0.01304355347736317 0.04085965710574416 3581
0.01391041625054795 0.04135820392648057 3582
0.01304523065222185 0.04185965569928541 3583
0.0121766907041784 0.04036111028500775 3584
0.01391209342540663 0.04235820252002182 3585
0.01304690782708054 0.04285965429282666 3586
0.06673873016905979 0.04176960218516194 3587
0.06760391576738584 0.04126815041235701 3588
0.04248462627418486 0.03981387767540388 3589
0.02344087523100473 0.043842223173957 3590
0.02257401245781993 0.04334367635322061 3591
0.02257233528296121 0.04234367775967936 3592
0.02170714968463513 0.04284512953248423 3593
0.006075107794706866 0.01687131066903329 3594
0.04248422648648069 0.04779394780796552 3595
0.02696511867770136 0.07983676996409687 3596
0.01218004505389576 0.04236110747209026 3597
0.01218172222875443 0.0433611060656315 3598
0.04336402315523654 0.04830661426136987 3599
0.03129154145399685 0.07933420148052306 3600
0.05204566957124546 0.05929426966471654 3601
0.05204734674610419 0.0602942682582578 3602
0.05628941600403923 0.007787079701099733 3603
0.01308548284691432 0.06585962193671173 3604
0.01395234561989975 0.06635816875779475 3605
0.03732241982914111 0.05881896246599335 3606
0.038189282600898 0.05931750928426602 3607
0.03905446819898608 0.05881605751105054 3608
0.04137731497869775 0.04727047561215575 3609
0.04071196940215863 0.04802346039367655 3610
0.07451365822612535 0.03025654603277505 3611
0.07364847445688454 0.03075799784148511 3612
0.0736501514573876 0.03175799642976435 3613
0.07278328904715234 0.03125944961857674 3614
0.07278496621897194 0.03225944821196771 3615
0.07191810353500494 0.03176090139354342 3616
0.07191978069499406 0.03276089998669936 3617
0.05196669052101571 0.01429436153291929 3618
0.05280940099795724 0.01481126041719268 3619
0.05288523823883924 0.01572074921291612 3620
0.05349275708056313 0.01531195405636255 3621
0.004381634444950086 0.03987418327254519 3622
0.003516448846624012 0.04037563504535006 3623
0.03474363477958287 0.07032330371435541 3624
0.06412304722550491 0.03127397447640064 3625
0.03381974805873425 0.03582480471734545 3626
0.03468493365844745 0.03532335294221775 3627
0.03555179643186359 0.0358218997625671 3628
0.04506210212022672 0.02630588105070492 3629
0.04592895104304341 0.0268044094395606 3630
0.04419526654167842 0.02580738906539276 3631
0.08227685026689499 0.01174349981030774 3632
0.0390794517933536 0.07381573615206724 3633
0.05110419215768752 0.01379596378870142 3634
0.06156431432076549 0.05477817106870136 3635
0.05980550515844008 0.03878122621281235 3636
0.03300320053377824 0.0653262156987176 3637
0.0321363377605934 0.06482766887798128 3638
0.07278664346570063 0.03325944680737144 3639
0.07192145787935289 0.0337608985804868 3640
0.07105459510816445 0.03326235175980222 3641
0.05893864238525526 0.03828267939207597 3642
0.02347777853892762 0.06584220163917159 3643
0.0226125980739968 0.06634366225500017 3644
0.06325786164364026 0.03177542621799322 3645
0.006150580664716992 0.06187124736804458 3646
0.06585174129508534 0.02927107224664161 3647
0.06585006411828148 0.02827107365678849 3648
0.04676231135989277 0.007303057656783907 3649
0.045897125762083 0.007804509429587891 3650
0.06757552913506128 0.02426839058007762 3651
0.067572093310998 0.0222682528198429 3652
0.06757038288035272 0.02126819684790693 3653
0.004443689907985542 0.07687413122159868 3654
0.003576827135319711 0.07637558440124823 3655
0.02434130436988671 0.06434078125908742 3656
0.02433961970653176 0.06334076976533544 3657
0.07709076820151468 0.01775220622776043 3658
0.008771295075493776 0.07536687095379968 3659
0.009636480674020311 0.07486541918134065 3660
0.05542255322394748 0.007288532892372978 3661
0.05542087604793758 0.006288534300833325 3662
0.08400206878252729 0.01474414976369931 3663
0.02520143557511385 0.0608392943120899 3664
0.02347708927886742 0.06082713021063313 3665
0.02259795412323632 0.06018274221694116 3666
0.008734397234320145 0.05336690190518113 3667
0.009601260007504941 0.05386544872591753 3668
0.005266946141580763 0.05137271462223542 3669
0.004400083368395938 0.05087416780149907 3670
0.02520742620561362 0.08385915346382941 3671
0.02441482983914401 0.08427115413796274 3672
0.05720156248916802 0.03528558856352083 3673
0.06280039888277771 0.01434274719049831 3674
0.06367157659449993 0.0148082676587765 3675
0.01378475923411644 0.02756525695615328 3676
0.03568391114492137 0.04365514847815751 3677
0.05377788340171869 0.03141866527316006 3678
0.01550926088885601 0.06048433466822135 3679
0.006918490119874131 0.003369877180185804 3680
0.007785352893058869 0.003868424000922299 3681
0.02423717861685187 0.003344877750286579 3682
0.07792625862907165 0.04008996749503082 3683
0.08139657009484011 0.003244964241241093 3684
0.08226343286802495 0.003743511061977484 3685
0.0440513717511688 0.03366251911104143 3686
0.04414332906070825 0.03478437962532576 3687
0.06234403800822066 0.003276918713994027 3688
0.06147885240989454 0.00377837048679882 3689
0.05721531726161785 0.01416319750131016 3690
0.05278757206511656 0.02066921864893009 3691
0.05283314241689559 0.02160470997245352 3692
0.05277543876617576 0.01985992477590567 3693
0.0536607151598045 0.02136407729772662 3694
0.05355281174699447 0.02209600939194524 3695
0.07436890073399621 0.04626127737810386 3696
0.07370417278434743 0.04663403414997623 3697
0.02280908381397124 0.05941308906663598 3698
0.02179793154437894 0.05994689449584958 3699
0.02189815645244393 0.06064132242891622 3700
0.02126878064075431 0.0602764051288503 3701
0.02123825681129118 0.06090771396797345 3702
0.02595511681053798 0.003345208541765662 3703
0.02682006950184529 0.004049613464825755 3704
0.08749127467500314 0.004687081061923504 3705
0.08737687566215087 0.003768785500871792 3706
0.08736806704572241 0.005675526108719742 3707
0.08659295917662418 0.003297547498886472 3708
0.08758348766910845 0.002887902434013129 3709
0.002721159043419547 0.08388030256081511 3710
0.01658490831698256 0.05265068198855231 3711
0.057141815141468 0.02349044321223973 3712
0.05648108883033373 0.02376497787804026 3713
0.0580588214281335 0.02287782407469683 3714
0.05634084460445044 0.0229571420287911 3715
0.05574281631870109 0.02339533899290183 3716
0.05567449395907695 0.02266185843521776 3717
0.05510630345708074 0.0230314534436773 3718
0.05510932843802986 0.02236149680144408 3719
0.002711641536846388 0.07687703617382916 3720
0.006051585039163875 0.002894942606650644 3721
0.06852740311106227 0.05474223329458047 3722
0.002674743705479633 0.05487706711602777 3723
0.02585568888292929 0.005176341663640144 3724
0.06407608637973149 0.00327401376192564 3725
0.06154724519010686 0.01880672429789958 3726
0.02881865839830752 0.08271769145692165 3727
0.02773158579362742 0.08326825632412371 3728
0.04938400730123754 0.0398911244291707 3729
0.0500303919450898 0.04033387654960838 3730
0.04998606290215307 0.03943615476721108 3731
0.05069139796583703 0.03992932621500635 3732
0.05067557468565952 0.03909653214574291 3733
0.05130239888922954 0.03949105294728719 3734
0.05127153852487223 0.03873038114833012 3735
0.0485410083588474 0.03943284251317247 3736
0.04493338573160665 0.03835637640505699 3737
0.05299101874596909 0.03689792351410184 3738
0.05291963373409356 0.0376461239273448 3739
0.002801862219270451 0.08692401457573561 3740
0.002657472614066313 0.08771900215969208 3741
0.05890806273343296 0.01488601947095455 3742
0.03024740442196056 0.004767189264055616 3743
0.02953243107566617 0.004271301133947025 3744
0.02947495771559406 0.003332696529100537 3745
0.02808127531776496 0.05202031180250739 3746
0.02883776221124769 0.05267013729128359 3747
0.05015421755120613 0.04128367265255301 3748
0.02131188570793701 0.05258466077148159 3749
0.02126676948048967 0.05335470551912825 3750
0.06920399537051888 0.05418489532910388 3751
0.06920546181109388 0.0533554722559159 3752
0.04435296454313448 0.03796208002261038 3753
0.01567818830873664 0.05327263804763019 3754
0.01927705111652879 0.053115947149877 3755
0.08735183037960917 0.009638165214121606 3756
0.08738198812111325 0.008913135446877385 3757
0.08740207662868349 0.01070971317376739 3758
0.01295812926235057 0.02392317229720998 3759
0.01296964866346244 0.02309879093241522 3760
0.03385414746516299 0.05165778286719973 3761
0.03379613810918365 0.05215228017312284 3762
0.01644010154168665 0.05365396501174474 3763
0.03058122426884516 0.08192319555051655 3764
0.04420847602923968 0.07569136867720411 3765
0.04336776372101277 0.07632898761331938 3766
0.05364709925014246 0.01449565413444264 3767
0.05440215572648025 0.01478260014052708 3768
0.04584637428199844 0.03163849578016653 3769
0.04507886383430362 0.03209075694299841 3770
0.02070334963921745 0.06054102986757924 3771
0.05081181600402408 0.03180181129046789 3772
0.05132165913463082 0.03214750959952263 3773
0.03485940814903617 0.04338087909926663 3774
0.03467586796125349 0.04417281509954181 3775
0.03549735272538442 0.04450095427621351 3776
0.0341240917873404 0.04371677111896466 3777
0.03412622925159718 0.04446165572506199 3778
0.03353009197142127 0.04406964819183843 3779
0.03346781392624569 0.04481828919276436 3780
0.03294924386341862 0.04440279294201085 3781
0.03286284814203266 0.04505866989019515 3782
0.03236893656305947 0.04469488653924641 3783
0.03233483007136945 0.04535087859656013 3784
0.03174876001501311 0.04493767069781858 3785
0.03176694227799231 0.04573310739309816 3786
0.01393269216782255 0.05735818739244252 3787
0.01390901589640959 0.05839822290131954 3788
0.04597405487106529 0.07468689616854518 3789
0.08658061327532257 0.01415309000713463 3790
0.08649665013086444 0.01529753848050647 3791
0.04268174630634498 0.07580870398448702 3792
0.0426614322382681 0.07669018511564585 3793
0.05270884899301698 0.06787309050752391 3794
0.06590559907057304 0.05818946876077737 3795
0.06509658934927456 0.0585911662929658 3796
0.02957398406719101 0.005175072141418359 3797
0.02891718293477653 0.004678759161848955 3798
0.01313418322593791 0.0587416712794646 3799
0.08571226015318352 0.0168748203251071 3800
0.04765067743426925 0.07367558639335242 3801
0.05101011544146071 0.02917756364579892 3802
0.05484434668283286 0.06657974365489722 3803
0.05155223670379833 0.04037382236209777 3804
0.07532030377031466 0.04572334672279538 3805
0.04937370805397189 0.07272750874355406 3806
0.03552114067437346 0.05290471241272537 3807
0.03496068188197277 0.05330978099863946 3808
0.03641672309504501 0.05258813505049634 3809
0.006119204340392918 0.08686716094298419 3810
0.006236834991090057 0.08780620039014111 3811
0.006862228783452284 0.08725013947995276 3812
0.0589612250530085 0.06524308952041678 3813
0.05821693704379344 0.06559122239178469 3814
0.03122400602877343 0.08218897861942873 3815
0.03209933847025757 0.0817545826990082 3816
0.03052616847595304 0.08263613282082086 3817
0.05084239881470716 0.03241641962824181 3818
0.07440836363393039 0.04703459073728936 3819
0.0737331116404466 0.04744658975717931 3820
0.07295855782414322 0.04704673991925903 3821
0.07309050427514636 0.04801347730694251 3822
0.02075123973463338 0.05998454590737019 3823
0.02597927569472558 0.08336593129525696 3824
0.04078524287119347 0.07770093733371009 3825
0.08061456732481781 0.03568330794662851 3826
0.06160815965427735 0.01779713308769205 3827
0.0206627525151677 0.06117479983460229 3828
0.02016718473480952 0.06082580908040402 3829
0.05980125924094844 0.06283875145184026 3830
0.06066607111027933 0.06331036962264251 3831
0.06058204706883647 0.06236559639970933 3832
0.06122945444972402 0.06282105373139023 3833
0.0613690409712524 0.06205777331215885 3834
0.0621820468381578 0.06232890177134928 3835
0.06206865521379051 0.06159246214768634 3836
0.06280848092183557 0.06195457757372924 3837
0.06271748107522609 0.06123172425373388 3838
0.06334104499894438 0.06151750127677234 3839
0.06335185562433301 0.06085820228117915 3840
0.06267935497518888 0.06045420426584903 3841
0.06352428945273544 0.06003130546743415 3842
0.06400768522356609 0.06061295744167396 3843
0.003498012264370472 0.08819287487638225 3844
0.05105872827759341 0.07173803443037066 3845
0.02073272187720354 0.05370662556123098 3846
0.02127264063634677 0.05403091379858076 3847
0.02183942511372464 0.0537121073257345 3848
0.02175440923820183 0.0544267927192623 3849
0.03117296171885721 0.04923477032035762 3850
0.03019959027490604 0.005499459795039671 3851
0.04338673557933927 0.03838352079583005 3852
0.03890879051001793 0.04482701112287173 3853
0.03906806924823882 0.0457795447793565 3854
0.03828668183643543 0.04531790682269147 3855
0.03810766231971303 0.04330575716327452 3856
0.05505471285781587 0.02386201367252043 3857
0.05432649457222026 0.01559831013253436 3858
0.06994137856168559 0.05382496836853951 3859
0.06993255618937116 0.05311935846909571 3860
0.08312188622278796 0.02917438022955318 3861
0.08297380093888045 0.02843473833126647 3862
0.08223860609792516 0.02792826194825471 3863
0.08319795889828378 0.02762121990875703 3864
0.07214844985320362 0.04752263633161394 3865
0.07222009446149033 0.04845921357506105 3866
0.07292322473642501 0.04893340230558652 3867
0.07234637473916139 0.04944593770937496 3868
0.07148282168809353 0.04897900882510054 3869
0.07161838745156053 0.04987444451807944 3870
0.07225966844193132 0.05018397561881444 3871
0.07179546449102987 0.05070741944009335 3872
0.07096156740651424 0.05039455167263424 3873
0.07114899148654144 0.05118544196023041 3874
0.08042500422539542 0.03652296527135138 3875
0.02776348469681276 0.0483611383036275 3876
0.02691084805668119 0.04884077021067733 3877
0.05732817806952664 0.065324983721514 3878
0.08300447484604301 0.03012485294738184 3879
0.06776846579643939 0.05525620284557678 3880
0.04490711171188802 0.03743432608825979 3881
0.04430288558117206 0.03720812917590267 3882
0.03475067741959095 0.04235233015287854 3883
0.0434510055852349 0.03510934824094893 3884
0.04414433856363344 0.03540540636736595 3885
0.02087236548495961 0.05429956290987575 3886
0.05561494716124676 0.02204503427170848 3887
0.04674930400741491 0.03942514491263693 3888
0.007783675718200239 0.002868425407381033 3889
0.008650538491384994 0.003366972228117493 3890
0.02736867462884541 0.05138449136650537 3891
0.02683058765918842 0.002873209229793693 3892
0.005341757933868922 0.08817122146223043 3893
0.05624045180891087 0.02480278982623739 3894
0.0259763884076512 0.0842441873742841 3895
0.02253831165080834 0.0852163844193797 3896
0.02185986518466782 0.08549104541859234 3897
0.02127160451217895 0.0851926952857452 3898
0.006908132042124468 0.08801952587451688 3899
0.007432725380054864 0.08768442585682062 3900
0.05028895336237085 0.06931252391909001 3901
0.0530288197860535 0.03484154306738747 3902
0.05198578522546453 0.02223443792090888 3903
0.06147717523503589 0.002778371893257567 3904
0.06061198963670977 0.003279823666062415 3905
0.07047891754491409 0.05343461775841634 3906
0.0705746064278269 0.05282245156303433 3907
0.07006142978603143 0.05230912055289519 3908
0.07029482900739294 0.05093845929572569 3909
0.002721827801071497 0.08287734820150522 3910
0.06847479601717199 0.05554152615282366 3911
0.08819923156462532 0.004335161242143268 3912
0.08361457765430853 0.02876036767826542 3913
0.05223771484227817 0.03737588784296823 3914
0.05226876516469179 0.03650600952017962 3915
0.002711672010672933 0.0758770347163045 3916
0.08228568192406162 0.02704117901983787 3917
0.08308306822988118 0.02670375258880233 3918
0.08231661085476581 0.02611596533959857 3919
0.08336210718902339 0.02580583776594212 3920
0.0823914775827955 0.02514587583735392 3921
0.08329152183620248 0.02475373220883941 3922
0.08400185538481043 0.02514861073962994 3923
0.08417746313741553 0.02437887538968068 3924
0.08338605434137414 0.02381211893711253 3925
0.08423263581126453 0.0235367208296576 3926
0.08375415314429929 0.02706778214316682 3927
0.004784366020433584 0.08783028002928141 3928
0.06061486185821838 0.06409046941671706 3929
0.01564528976943895 0.02918448117690193 3930
0.01550364384562398 0.02846730995165325 3931
0.01631705317935684 0.02894912999608363 3932
0.03423804399732422 0.05196862440177879 3933
0.002639811116775997 0.08591355561059916 3934
0.02859261470596378 0.08362665289980237 3935
0.002891982466968021 0.08854675415309296 3936
0.07440053202364189 0.04775162202041863 3937
0.01476151539499642 0.03185740901705994 3938
0.01628232639458447 0.028051994632284 3939
0.0448020226532786 0.0368677403599521 3940
0.007422637159639946 0.08829048646214095 3941
0.007939698374120757 0.08800251891885746 3942
0.04773123456793978 0.07080782439596761 3943
0.01661092995554921 0.08187162251320404 3944
0.0174826602866229 0.0813818087839034 3945
0.08647386278996806 0.01724791174662771 3946
0.0157386959833751 0.08236111475800784 3947
0.01833800241272507 0.08189222439845043 3948
0.03386009196306929 0.05982477092092545 3949
0.02522156167341939 0.07283927743458483 3950
0.02695193287007159 0.07183637388897507 3951
0.03127282933663884 0.06632911924416178 3952
0.02868230406672384 0.07083347034336537 3953
0.0606941635488475 0.05227975416029521 3954
0.05551140442060963 0.06028839094680674 3955
0.06069248744026508 0.05127975577743983 3956
0.06155432527853841 0.0487783071961564 3957
0.05809861440965512 0.05378411006773078 3958
0.05723342881134016 0.05428556184055475 3959
0.06674543886849482 0.04576959655932702 3960
0.01476387316012148 0.03385676198889122 3961
0.05377939511761498 0.06029136330618984 3962
0.08226846439260169 0.006743506842601547 3963
0.03641362768131889 0.0333204508012686 3964
0.02169373234407899 0.03484514088471995 3965
0.02255891793258019 0.03434368909497154 3966
0.02082854671670174 0.0353465926074244 3967
0.07967290759762327 0.008247862161015911 3968
0.03727713610478747 0.03181900043491445 3969
0.03389134911572034 0.07782894544700594 3970
0.00878912367715734 0.08335121312564361 3971
0.006997317338232938 0.05036981107662565 3972
0.0684724557154294 0.04276669582663465 3973
0.03034223391930863 0.02783062586902298 3974
0.03034391109416738 0.02883062446256426 3975
0.02947704832098256 0.02833207764182785 3976
0.02947872549584131 0.02933207623536913 3977
0.06583836267525403 0.0212711503973303 3978
0.04849100538585172 0.005300155517625582 3979
0.04848932821099301 0.00430015692408435 3980
0.04935451380931905 0.003798705151279475 3981
0.04848765103613425 0.003300158330543104 3982
0.0493528366344603 0.002798706557738201 3983
0.007865857286276628 0.05186835649090343 3984
0.03033720239507 0.02483063008906807 3985
0.03033552522005005 0.02383063149520739 3986
0.03120238799314411 0.02432917831576401 3987
0.03120071081824338 0.02332917972213953 3988
0.03206757359140613 0.02382772654283215 3989
0.03206589641653668 0.0228277279492697 3990
0.0311990336433501 0.02232918112852974 3991
0.03206421924166709 0.02182772935570688 3992
0.0329310820148537 0.0223262761764469 3993
0.0329294048399935 0.02132627758290265 3994
0.03379626761317832 0.02182482440363917 3995
0.0337945904383193 0.02082482581009722 3996
0.03466145321150414 0.02132337263083377 3997
0.03465977603664541 0.02032337403729241 3998
0.03552663880983019 0.02082192085802884 3999
0.03552496163497151 0.01982192226448757 4000
0.03639182440815629 0.02032046908522399 4001
0.03639014723329761 0.01932047049168273 4002
0.03725701000648239 0.01981901731241917 4003
0.03725533283162372 0.01881901871887791 4004
0.03812219560480849 0.01931756553961437 4005
0.03812051842994985 0.01831756694607311 4006
0.0389873812031346 0.01881611376680954 4007
0.03898570402827595 0.01781611517326829 4008
0.0381188412550912 0.01731756835253186 4009
0.07707399645292728 0.007752220292347949 4010
0.0779408592261121 0.008250767113084319 4011
0.07707567362778611 0.008752218885889229 4012
0.06061366681156845 0.004279822259603876 4013
0.05974680403838369 0.003781275438867325 4014
0.05974512686352497 0.002781276845326044 4015
0.05887994126519888 0.003282728618131024 4016
0.03900079884066826 0.02681610251473935 4017
0.03813561354542774 0.02731755428703594 4018
0.03986598465498639 0.02631465074157218 4019
0.08399715841439526 0.004740604703450516 4020
0.08399552339402711 0.003740357041319781 4021
0.08486071601810176 0.003238863757083349 4022
0.0839938192871327 0.002740517574932995 4023
0.06494798067749218 0.00677255636328597 4024
0.004442012733857428 0.07587413262881441 4025
0.06754856899704671 0.008268196825495365 4026
0.03041770678795208 0.07283056257837944 4027
0.03128289238627817 0.07232911080557462 4028
0.02861186272265634 0.02883352941463265 4029
0.0286135398975152 0.02983352800817398 4030
0.003459424901428261 0.006375682864946317 4031
0.002594239303102187 0.006877134637751192 4032
0.0252379248978404 0.08184508875558283 4033
0.008757877679822484 0.06736688220546433 4034
0.05021969940764501 0.003297253378474502 4035
0.007787030067917478 0.004868422594463573 4036
0.0121246982835587 0.009361153885228509 4037
0.01212637545841738 0.01036115247876977 4038
0.01125951268523263 0.009862605658033329 4039
0.01126118986009128 0.01086260425157459 4040
0.06760894729196223 0.04426814619298081 4041
0.07448514835738396 0.01325656998492763 4042
0.03552328446011283 0.01882192367094629 4043
0.04676398853857769 0.008303056250318856 4044
0.0641247244366215 0.03227397300119391 4045
0.02601966094748842 0.0323378819190194 4046
0.02515447503254449 0.03283933369234884 4047
0.02688484641570368 0.03183643014643012 4048
0.03728552196096318 0.03681899351977572 4049
0.01558040915228721 0.004355351013385411 4050
0.01557873197742862 0.003355352419844158 4051
0.02954748966505003 0.07033201857056069 4052
0.04938302578191736 0.02079868124148085 4053
0.04851652428548403 0.02030067430691293 4054
0.003524834720917448 0.04537562801305631 4055
0.005251851567852281 0.04237272728036404 4056
0.006177415442201406 0.07787122483682221 4057
0.01471354637910245 0.003856804192648985 4058
0.07537884387714125 0.02975509426354694 4059
0.07451198246262009 0.02925654746806575 4060
0.08141501901828641 0.01424494877019517 4061
0.06927390866912281 0.0042652974992618 4062
0.07013909426744885 0.003763845726456987 4063
0.07100595704063364 0.004262392547193412 4064
0.07100427986577496 0.003262393953652153 4065
0.07187114263895972 0.003760940774388571 4066
0.06927223149426409 0.003265298905720582 4067
0.07186946546410114 0.002760942180847339 4068
0.07273632823728592 0.003259489001583848 4069
0.01389703322711244 0.03335825129483726 4070
0.06498320134477251 0.02777252683666678 4071
0.06584838694632185 0.02727107505775034 4072
0.06671524972004385 0.02776962187746813 4073
0.06671357254575783 0.02676962328284097 4074
0.0770807051523624 0.011752214666513 4075
0.02782382716783263 0.07533491649033529 4076
0.03558533992988649 0.05582187163197307 4077
0.02003413134728232 0.0778481199009704 4078
0.07971499312257385 0.03124677787856806 4079
0.07277658043389579 0.02725945524657375 4080
0.06155600245339772 0.04977830578969826 4081
0.06841878611994906 0.01076674083331424 4082
0.007830636619717845 0.03086838602660802 4083
0.007832313790796599 0.03186838462010026 4084
0.07275813151044935 0.01625947071761991 4085
0.0658836076198873 0.04827104551921504 4086
0.04424390461258217 0.05480734827808923 4087
0.045110767385767 0.05530589509882558 4088
0.04424558178744096 0.05580734687163048 4089
0.03379291326346064 0.01982482721655596 4090
0.05978702419890486 0.02778130109104105 4091
0.009577779559482729 0.03986546841633986 4092
0.04851123297675054 0.01730031166964718 4093
0.02689994044945031 0.04083641748919626 4094
0.01392696922415412 0.05035802425029719 4095
0.01910152984050434 0.03834949328965115 4096
0.08227852744175376 0.01274349840384906 4097
0.06585677282214604 0.03227106802255438 4098
0.05891851627034639 0.02628269630082313 4099
0.00350974014718921 0.03637564067118501 4100
0.002644554548863046 0.03687709244398982 4101
0.02689826327459158 0.03983641889565499 4102
0.007889337732378179 0.06586833679083938 4103
0.01477560184887406 0.04085675215367571 4104
0.06929068041771017 0.0142652834346744 4105
0.04510405868633199 0.05130590072466057 4106
0.03293611353942819 0.02532627195706715 4107
0.02513602575562355 0.02183934916398062 4108
0.0242704599186364 0.02234073161455646 4109
0.02427245682897497 0.02334079321471041 4110
0.02347208448466758 0.02283578515792302 4111
0.02335074774337792 0.02381912735814074 4112
0.02341661494206573 0.02184705668960752 4113
0.02247515522892614 0.02239955309145851 4114
0.02255375442956117 0.02137241699826128 4115
0.02177139126043986 0.02170047512068995 4116
0.02176227721221308 0.02094888570014549 4117
0.02105059933907127 0.02134960226056417 4118
0.02107537577670088 0.02055122384099602 4119
0.02187039649080394 0.02273908318924861 4120
0.02033637476578288 0.02090290100677802 4121
0.0204187456608637 0.02017454218164159 4122
0.02106353382437127 0.01984510549399099 4123
0.0198150919956782 0.0204146242172531 4124
0.01982376367816496 0.01976288245429206 4125
0.01919363324138076 0.02013757792419199 4126
0.01920463250235728 0.01936754614245149 4127
0.01856778142089382 0.01973124406519491 4128
0.01855696825727299 0.01892514635203623 4129
0.01782372443261321 0.01934875461923334 4130
0.01784110594528927 0.01841937633622158 4131
0.01704537291579093 0.01883110267135333 4132
0.01703195000666331 0.01789764150971462 4133
0.01619473172288311 0.01842371939942218 4134
0.01630537046969124 0.01937535034307347 4135
0.01540093882553758 0.01893520400451967 4136
0.0154323417054207 0.01984448101080268 4137
0.01533318505884201 0.0179444769208359 4138
0.01452201053297535 0.01849461469604462 4139
0.01866375293307143 0.0180036090819478 4140
0.01857720582784034 0.02042663219633224 4141
0.01619700441949363 0.02021927623510166 4142
0.0155055752156489 0.02066398554270271 4143
0.01483019883418559 0.02029839949896074 4144
0.01488070298254134 0.02099378355311374 4145
0.0142551508395749 0.02069322926008873 4146
0.01433113778287435 0.02141441109598655 4147
0.0160833612335481 0.02087212285962605 4148
0.02037224527858831 0.02154395600530333 4149
0.01444797097198806 0.01749021205310665 4150
0.01528235186957171 0.01694278694469024 4151
0.01360874049569695 0.01803513325343924 4152
0.01374094567118592 0.01922600108043947 4153
0.01369863496678531 0.02111549236297951 4154
0.02774332277776781 0.02733498400660477 4155
0.04077356591756235 0.05080332132318124 4156
0.03992624264635705 0.05027703838729308 4157
0.03996672593773733 0.04924489190141935 4158
0.03998260652513872 0.05127426196268966 4159
0.0392238505778092 0.05080633679921352 4160
0.039269010536771 0.0516862597911443 4161
0.03849560448976107 0.05129213638150537 4162
0.03858642395289347 0.05201406280964129 4163
0.03797015732401852 0.05174114518146882 4164
0.03800916832970037 0.05235839482217515 4165
0.03747077007353623 0.05204061602742473 4166
0.03986092672419968 0.04337146987047658 4167
0.02171721273378745 0.04884512109373193 4168
0.02170882685949385 0.04384512812602548 4169
0.01817399518314826 0.02980184017450518 4170
0.04080999701701754 0.07281313286596902 4171
0.03035900566180511 0.03783061181463498 4172
0.07536039700486263 0.01875510977337024 4173
0.01568942551478834 0.06935525958704467 4174
0.0156877483403295 0.06835526099350275 4175
0.01655461111331492 0.06885380781458578 4176
0.0165529339388561 0.06785380922104381 4177
0.01741979671184154 0.06835235604212686 4178
0.01742147388630033 0.0693523546356688 4179
0.01828665948482695 0.06885090286320991 4180
0.01828498231036816 0.06785090426966797 4181
0.01915184508335358 0.06834945109075106 4182
0.0191535222578124 0.06934944968429296 4183
0.02776842961882388 0.04233504793569205 4184
0.04075296921640068 0.03881320561551964 4185
0.03127618368684357 0.06832911643140993 4186
0.03295456246066498 0.03632625648972029 4187
0.01568607116587065 0.06735526239996083 4188
0.009571070860047888 0.03586547404217482 4189
0.006970482540493532 0.03436983357996561 4190
0.03728384480120275 0.03581899482860531 4191
0.03905614537248386 0.05981605610224369 4192
0.07711983459192361 0.03674587461004164 4193
0.03811548690537372 0.01531757116544924 4194
0.03121077386735218 0.02932917128330065 4195
0.03302635680246975 0.07833109718732022 4196
0.02431109235390698 0.0463407671817759 4197
0.02863031160245174 0.03983351401668253 4198
0.01997845566284168 0.04484803167163522 4199
0.06929738911714522 0.01826527780883948 4200
0.009534172998229999 0.01386550501071347 4201
0.02428761220659005 0.03234078687169982 4202
0.03206254206680847 0.02082773076216573 4203
0.006081816494145513 0.02087130504319187 4204
0.03728719914623662 0.03781899204597279 4205
0.04503697169198223 0.01130595698301018 4206
0.04503529451712344 0.01030595838946901 4207
0.04417010891879741 0.01080741016227383 4208
0.04416843174393865 0.009807411568732598 4209
0.04330324614561259 0.01030886334153745 4210
0.07707902797750366 0.01075221607297175 4211
0.0762138423791776 0.01125366784577664 4212
0.07794421357582976 0.01025076430016687 4213
0.02430102930475463 0.04034077562052837 4214
0.05635818016400578 0.04878702205236201 4215
0.056356502989147 0.04778702345882076 4216
0.05549131739082095 0.04828847523162566 4217
0.05548964021596218 0.04728847663808441 4218
0.05462445461763613 0.04778992841088932 4219
0.05635482581428823 0.0467870248652795 4220
0.05462277744277735 0.04678992981734806 4221
0.05375759184445131 0.04729138159015298 4222
0.05375926901931007 0.04829138018369423 4223
0.05289240624612526 0.04779283336295789 4224
0.05289408342098402 0.04879283195649914 4225
0.0520272206477992 0.0482942851357628 4226
0.05202889782265796 0.04929428372930405 4227
0.05116203504947314 0.0487957369085677 4228
0.05116371222433191 0.04979573550210896 4229
0.06240273912827697 0.03827686948793895 4230
0.0390594997259746 0.0618160532890836 4231
0.039921330970943 0.05931460432966842 4232
0.03991965379610648 0.05831460573616544 4233
0.04078651656909033 0.05881315255655513 4234
0.04078483939420183 0.05781315396296248 4235
0.04334354640734703 0.04728225375071957 4236
0.04422632236804234 0.04779964396826278 4237
0.04423237528750687 0.04880570508521284 4238
0.01479180708999054 0.04985666174920828 4239
0.05203392934723423 0.05229427950992777 4240
0.02948040267070003 0.03033207482891039 4241
0.03732409700165022 0.05981896105548064 4242
0.02603140050140678 0.03933787207491861 4243
0.02689658609973285 0.03883642030211374 4244
0.04161227364941866 0.0452867841569775 4245
0.04937128555790624 0.01379869108669208 4246
0.05118048397291938 0.05979572143752143 4247
0.05118216114777811 0.06079572003106268 4248
0.05204902392096293 0.06129426685179905 4249
0.05118383832263688 0.06179571862460396 4250
0.05031697554945205 0.06129717180386757 4251
0.05031865272431079 0.06229717039740883 4252
0.04945178995112599 0.06179862357667245 4253
0.04945346712598475 0.06279862217021373 4254
0.04858660435279993 0.06230007534947737 4255
0.04858828152765869 0.06330007394301862 4256
0.04772141875447386 0.06280152712228226 4257
0.04772309592933262 0.06380152571582351 4258
0.04685623315614779 0.06330297889508715 4259
0.04685791033100657 0.0643029774886284 4260
0.04599104755782174 0.06380443066789206 4261
0.04599272473268052 0.06480442926143332 4262
0.04512586195949569 0.06430588244069699 4263
0.04512753913435447 0.06530588103423823 4264
0.04426067636116963 0.0648073342135019 4265
0.04426235353602845 0.06580733280704322 4266
0.0433954907628436 0.06530878598630685 4267
0.04339716793770242 0.06630878457984815 4268
0.04253030516451755 0.06581023775911177 4269
0.04253198233937634 0.06681023635265301 4270
0.04252862798965875 0.06481023916557052 4271
0.04425899918631086 0.06380733561996066 4272
0.04598937038296298 0.0628044320743508 4273
0.0477197415796151 0.06180152852874096 4274
0.04945011277626724 0.06079862498313117 4275
0.01391377060026532 0.04335820111356307 4276
0.01477895619859144 0.04285674934075821 4277
0.07623900000554074 0.02625364677500444 4278
0.07537381440575298 0.02675509853684874 4279
0.02343584370642855 0.04084222739333324 4280
0.06500500462269018 0.04077250854368923 4281
0.06587019022101623 0.04027105677088429 4282
0.01206653659521048 0.01635083719458376 4283
0.01308212849799665 0.06385962474962786 4284
0.04851298611901499 0.01830043977612826 4285
0.04764597909447246 0.01780164702863901 4286
0.04764765817212936 0.01880164886616345 4287
0.04678076028750423 0.01830304218573045 4288
0.06499494157353763 0.03477251698244174 4289
0.02861521707237398 0.03083352660171519 4290
0.02949214288760513 0.0373320649955985 4291
0.0303573284908377 0.03683061321457742 4292
0.02255724075608397 0.0333436904986063 4293
0.007887660557919347 0.06486833819729744 4294
0.05376094619416884 0.04929137877723548 4295
0.008775149470370763 0.08036030594119278 4296
0.01472193225339568 0.008856797160355277 4297
0.01472360942825438 0.009856795753896572 4298
0.01558879502658046 0.00935534398109171 4299
0.03560546602819148 0.06782185475446803 4300
0.075372137229791 0.02575509993503522 4301
0.07450695163103747 0.02625655170463466 4302
0.07450527445592356 0.02525655310918047 4303
0.04330492332047135 0.01130886193507871 4304
0.04243806054728653 0.01081031511434234 4305
0.04243973772214529 0.01181031370788359 4306
0.0648133102570867 0.02175619455918608 4307
0.03466313038636284 0.02232337122437505 4308
0.04597595298409304 0.05480444332602066 4309
0.04597763015895183 0.05580444191956192 4310
0.01655125676439727 0.06685381062750188 4311
0.03295288528801541 0.03532625789247966 4312
0.03208769968932113 0.0358277096659011 4313
0.05202554347294045 0.04729428654222152 4314
0.02428928910912448 0.03334078546569227 4315
0.0788279084860866 0.02074935527444445 4316
0.04506044760756506 0.0253059281533505 4317
0.04419358861141309 0.02480738894864529 4318
0.04332840364259251 0.02530884199078871 4319
0.04332672644675023 0.02430884335493617 4320
0.04246154094984451 0.02481029533224562 4321
0.05715627877796939 0.008285626520540084 4322
0.007877656024364216 0.05886834653790882 4323
0.06239099887319908 0.03127687939205477 4324
0.009638157848479274 0.07586541777488251 4325
0.01050334344700583 0.07536396600242354 4326
0.01050166627254683 0.07436396740888164 4327
0.01136852904553234 0.07486251422996451 4328
0.01136685187107331 0.07386251563642257 4329
0.01223371464405884 0.07436106245750543 4330
0.01223539181851785 0.0753610610510474 4331
0.01310057741704436 0.07485960927858834 4332
0.01310225459150335 0.07585960787213028 4333
0.01223203746959978 0.07336106386396349 4334
0.01396744019002988 0.07535815609967124 4335
0.01131485945556966 0.04286255924489509 4336
0.01131653663042835 0.04386255783843636 4337
0.01218339940361312 0.04436110465917276 4338
0.01131821380528704 0.04486255643197761 4339
0.01131318228071098 0.04186256065135383 4340
0.01045135103210226 0.04436400961124122 4341
0.01045302820696096 0.04536400820478248 4342
0.009586165433776182 0.04486546138404608 4343
0.009587842608634874 0.04586545997758731 4344
0.008720979835450098 0.04536691315685094 4345
0.008722657010308842 0.0463669117503922 4346
0.06586851304615744 0.03927105817734303 4347
0.06673537581934227 0.03976960499807935 4348
0.05203057499751673 0.0502942823228453 4349
0.0103943270869065 0.01036405743083814 4350
0.01039600426176517 0.01136405602437941 4351
0.04165170216734815 0.05831170078363251 4352
0.04165002499247808 0.05731170219007165 4353
0.007805478985697806 0.01586840713345465 4354
0.0467790886474192 0.01730305302814144 4355
0.02435637607509335 0.07334072920738978 4356
0.06673886861505025 0.01478292940868468 4357
0.008687428768322968 0.02536696767932499 4358
0.05807513396178795 0.03978412975842208 4359
0.05807681113664667 0.04078412835196334 4360
0.07796098532441684 0.020250750235579 4361
0.05375591466959255 0.04629138299661172 4362
0.08053809319594951 0.007746410388211125 4363
0.05893528803553765 0.03628268220499353 4364
0.05807010243721161 0.03678413397779843 4365
0.03301158640807192 0.07032620866642388 4366
0.05896212283327842 0.05228265970165427 4367
0.04166344239133269 0.06531169093837541 4368
0.06069584476139123 0.05327975293601127 4369
0.05195361651145702 0.01329439298857646 4370
0.05109931595655571 0.01279582692122161 4371
0.0364572343610684 0.05932041446353241 4372
0.07621216520431884 0.0102536692522354 4373
0.07534697960599276 0.01075512102504031 4374
0.07534530243113408 0.00975512243149905 4375
0.07448011683280797 0.01025657420430389 4376
0.07448179400766665 0.01125657279784515 4377
0.03639350158301499 0.02132046767876522 4378
0.07278832065412107 0.03425944540126413 4379
0.04330156897075388 0.009308864747996179 4380
0.005226693947182025 0.02737274837727316 4381
0.0546211002679186 0.04578993122380676 4382
0.01568439399141182 0.06635526380641887 4383
0.06755024617190548 0.009268195419036618 4384
0.0666833833987206 0.008769648598300258 4385
0.02347945292702505 0.06684219543279836 4386
0.02434463720555876 0.06634074138645865 4387
0.02261426686410491 0.06734364640527141 4388
0.02174740401372052 0.06684509945085744 4389
0.02174907977788777 0.06784509561496575 4390
0.0208822167569539 0.06734654836675533 4391
0.02088389365503939 0.06834654648420377 4392
0.04684281575727786 0.055302990146757 4393
0.07192313505805531 0.03476089717412766 4394
0.06673369864448349 0.03876960640453811 4395
0.06760056141766831 0.03926815322527445 4396
0.04157287494896049 0.01131176688714723 4397
0.04157119777410172 0.01031176829360601 4398
0.0770874138517972 0.01575220904067798 4399
0.04251688776565456 0.05781024901079369 4400
0.04251521059079259 0.05681025041724679 4401
0.04338207336397543 0.05730879723797979 4402
0.005298812460175072 0.07037268788884218 4403
0.04416675456907995 0.008807412975191345 4404
0.004329642024330463 0.008874226872765227 4405
0.003464456426004417 0.009375678645570096 4406
0.0381238727796672 0.02031756413315557 4407
0.07450862880582503 0.02725655029764168 4408
0.06585341846921257 0.03027107084156986 4409
0.07191642634578305 0.03076090279964193 4410
0.05629109317286067 0.008787078305138578 4411
0.05715795594503922 0.009285625127624497 4412
0.02520647347370892 0.06383930107217228 4413
0.04514287727459657 0.07231250861090199 4414
0.07622725977804742 0.01925365659410653 4415
0.07536207417972127 0.01975510836691144 4416
0.06239267607912419 0.03227687792669141 4417
0.0112628670349499 0.01186260284511579 4418
0.06757715609694476 0.02526830253784387 4419
0.01136517469661431 0.07286251704288069 4420
0.06930912934115641 0.02526526796362835 4421
0.06758043531912755 0.02726817010322658 4422
0.01559047220143915 0.01035534257463294 4423
0.01645565779976527 0.009853890801828146 4424
0.004331319199189193 0.009874225466306494 4425
0.00346613360086314 0.01037567723911135 4426
0.004332996374047923 0.01087422405984776 4427
0.003467810775721898 0.0113756758326526 4428
0.08228691331604654 0.01774349137155437 4429
0.006085170843862921 0.02287130223027454 4430
0.02520814914719976 0.06483929708000655 4431
0.07273800541214442 0.004259487595125018 4432
0.04762414261266697 0.004801608696889226 4433
0.003586836443692634 0.08237571260002682 4434
0.002720725222331744 0.08187710417464092 4435
0.003585320353488873 0.0813756126475631 4436
0.007906109476967037 0.07586832272625843 4437
0.0805548808551219 0.01774641166238413 4438
0.04762917413649226 0.007801604477514625 4439
0.004334673548906674 0.01187422265338902 4440
0.003469487950580621 0.01237567442619383 4441
0.004438658385025149 0.07387413544192686 4442
0.07360319101047064 0.003758035822320295 4443
0.01223036029514086 0.0723610652704217 4444
0.00271946256461654 0.08087704729281811 4445
0.00530887550684464 0.07637267944990155 4446
0.02603532931357683 0.06033855592711519 4447
0.02436308477299893 0.07734072358023807 4448
0.0234995770941365 0.07884217342129397 4449
0.02520479355028209 0.06283929774356711 4450
0.02347275568523333 0.06284222079450198 4451
0.008736074409462002 0.05436690049759432 4452
0.006133808915261517 0.05187126144210952 4453
0.009602937183918407 0.05486544731703014 4454
0.01046812278214037 0.05436399554484166 4455
0.03472330176672436 0.05530225481118537 4456
0.03470778388217849 0.05629325101714822 4457
0.002680897374282266 0.05587705820167803 4458
0.02340500300215005 0.02085138563411635 4459
0.01388984605316763 0.03035312443058196 4460
0.0519333375433564 0.03910912839880643 4461
0.004312741711405083 0.002886123802605889 4462
0.03006727975341946 0.0471622776072421 4463
0.05274985294691824 0.07063789861542796 4464
0.04415669151751762 0.002807421413947866 4465
0.0432915059195856 0.00330887318675202 4466
0.04502187711705654 0.002305969641141062 4467
0.01471186920424383 0.002856805599107712 4468
0.0138466836059177 0.003358257371912553 4469
0.01655839502478514 0.02065793770545629 4470
0.04677444653118559 0.04225880392792184 4471
0.04763127509714565 0.04274393804016444 4472
0.08667786220289159 0.002397985263174654 4473
0.05353136789698643 0.02053148993521629 4474
0.01817596594726559 0.002850995694971069 4475
0.01904282872045037 0.003349542515707515 4476
0.01904450589530899 0.00434954110924881 4477
0.01990969149363509 0.003848089336443997 4478
0.01990801431877653 0.002848090742902723 4479
0.02077487709196121 0.003346637563639218 4480
0.008021419172287061 0.08741960912352059 4481
0.008538473216887714 0.08771603670054617 4482
0.002650407848907792 0.03587708122050762 4483
0.01551413710375309 0.05967125502951477 4484
0.08486082617416763 0.0239573716228771 4485
0.08500381502291557 0.02323420442375527 4486
0.08441008407829667 0.0227494411100699 4487
0.08503760538450848 0.0225292040353723 4488
0.08457609550084676 0.02201338132513088 4489
0.08532199963056136 0.02187668486103943 4490
0.05635754554431201 0.06819300061393094 4491
0.08659642938760578 0.008389901126201676 4492
0.08738936131263367 0.008104000320946589 4493
0.03397571895214541 0.04502754336896403 4494
0.03203235291935184 0.002827756078422769 4495
0.0311651953818399 0.002331515261208311 4496
0.006066946133544596 0.08843621247621423 4497
0.05434179019462536 0.02344372818192196 4498
0.07519518035576211 0.04653479882695645 4499
0.06903248478311749 0.0552597281034338 4500
0.0190972282858777 0.08624796584846545 4501
0.01966476960659442 0.08591334709521187 4502
0.01841712401183949 0.08652836470545644 4503
0.07639942387087137 0.04209401730349953 4504
0.07701531011805275 0.04269834011448892 4505
0.07773047446873166 0.04216490376344683 4506
0.04567190412959199 0.03783144896235013 4507
0.0279064252855735 0.05300192418558012 4508
0.02865860460555496 0.05365038616826931 4509
0.02772514664989877 0.0539842657598848 4510
0.02847626475981292 0.05463284333128302 4511
0.05720142319155784 0.03430924043238626 4512
0.051957753525911 0.01732846645936712 4513
0.05261838635972744 0.01757118961472149 4514
0.07360602195060369 0.002765815356961812 4515
0.07446912796129544 0.003257880404212737 4516
0.05414398152141625 0.06970001613918247 4517
0.06579478053608027 0.05900847914637547 4518
0.06518495015830962 0.05931212428683874 4519
0.06453230052051843 0.05906126026872215 4520
0.0275334016833372 0.05496543573159968 4521
0.0282916462018588 0.05561547462865318 4522
0.01221450099187552 0.02143865896205583 4523
0.03970447981596809 0.04606514393478975 4524
0.03916817434744945 0.04668888977226922 4525
0.08802495276598485 0.008441637636707397 4526
0.08801465005525844 0.007771558509792581 4527
0.08750032183030534 0.007405311905448353 4528
0.08814187355650688 0.007181123635170587 4529
0.03841038018457647 0.04628646444763579 4530
0.01991981622953235 0.01896555653686274 4531
0.06634994761058718 0.05869594578564723 4532
0.05730624670838769 0.02256577978849901 4533
0.04473568433622281 0.03427178415142793 4534
0.06240336344038852 0.01728074596886127 4535
0.08475269770022638 0.02130841405851899 4536
0.08549788934472387 0.02114655180518282 4537
0.05270496785428869 0.01861222191779457 4538
0.03329464791048736 0.05238447495519659 4539
0.03377031723997911 0.05269610590657772 4540
0.07183667992571961 0.05143378431934854 4541
0.07135101002457409 0.05184674593313614 4542
0.01366841775900794 0.02328199318450774 4543
0.01358798952924672 0.02271430220240304 4544
0.01361493976028208 0.02405096741626327 4545
0.002604443118559611 0.005877116117683538 4546
0.05889623990693496 0.0659777554544317 4547
0.05827335662661361 0.06627417462033799 4548
0.05943971971069391 0.06565064039723423 4549
0.05952255300190784 0.0652419553915262 4550
0.03281591944768449 0.04564666824121519 4551
0.08721407947173118 0.01472588064149521 4552
0.04914010504292726 0.03912795683678538 4553
0.02134275311276157 0.08586457987134247 4554
0.002706932192317588 0.0728770384464919 4555
0.002703588890139191 0.07187704264734077 4556
0.00270894259232049 0.07387703648115562 4557
0.01453983811243263 0.05770486170236872 4558
0.0211013798845549 0.02231454746739278 4559
0.002699275330750109 0.06787704425610197 4560
0.002701407232540622 0.06887704208698575 4561
0.002698344386375701 0.0668770444110002 4562
0.02140682861624721 0.05173747248678588 4563
0.05005643245156019 0.03880097613703851 4564
0.02196230139391841 0.05908243312258075 4565
0.0131652507889569 0.02698930960381164 4566
0.01363573305599828 0.02646973061249984 4567
0.01450334642729355 0.026838931703542 4568
0.06099551106598047 0.01833064716308481 4569
0.04418657690442884 0.07655224482934583 4570
0.03082932129598629 0.04692163521344003 4571
0.03136492267530726 0.0473665234268182 4572
0.03124968166804529 0.0484481830854059 4573
0.08225716240516209 0.002751499181442671 4574
0.04430824302788652 0.03659311281554091 4575
0.04472843475370136 0.03625964229725621 4576
0.05794306219129118 0.01450233618038653 4577
0.07888697558561045 0.0366548257923514 4578
0.04355013216936317 0.0358463165531958 4579
0.08810941108039244 0.01013302460002272 4580
0.002664048999308569 0.04487707100002751 4581
0.002666739016096556 0.04587706789485331 4582
0.08055432429198814 0.03279105884998219 4583
0.08123870487905016 0.03313579261320557 4584
0.08134396968819183 0.03415503110245172 4585
0.05196075080158925 0.03196900354267856 4586
0.03077375427098855 0.005295846410506726 4587
0.03061349895218666 0.005864076623098818 4588
0.002656390033219602 0.03987707681316738 4589
0.002659201201375125 0.04087707350480092 4590
0.003519449013662287 0.04137563141999897 4591
0.002654483914032793 0.04187708282298856 4592
0.008523916967449568 0.08702253302749868 4593
0.009122351748114453 0.08742251627315123 4594
0.002716265869217735 0.07887703123002507 4595
0.05122790868484175 0.03264640031319727 4596
0.04791338548112006 0.0397918006257473 4597
0.04799289896634073 0.03914496146305501 4598
0.08641280556464578 0.01651713155562009 4599
0.08696401266609807 0.01677309600381776 4600
0.0869514979735925 0.01622022543745557 4601
0.083575444157394 0.02963745113998428 4602
0.07491905147905636 0.04751421606183696 4603
0.06207240452785029 0.06316358230307514 4604
0.06117167180686491 0.0637930313918923 4605
0.03846422445111047 0.0506296576474534 4606
0.002613492397839659 0.01187710937920294 4607
0.002616980776105525 0.01287710493503497 4608
0.002610427782558544 0.009877111706184393 4609
0.02010540163942209 0.0614430594505198 4610
0.01957430575149275 0.06101136199196522 4611
0.04581706508314289 0.03247301458778414 4612
0.05512025279523675 0.02176323070321148 4613
0.0859561705086522 0.02159563829703916 4614
0.08611151690143008 0.02101418619670149 4615
0.08571554147621861 0.02057740991809393 4616
0.01952983491740542 0.06170219163330791 4617
0.01903200682637285 0.06131840767128688 4618
0.01905699662628919 0.06076038886846696 4619
0.01858762944150725 0.0609668684386561 4620
0.01884075979458569 0.06203973324539189 4621
0.08073429053855176 0.03451810080082059 4622
0.08136565554543962 0.0347381122824026 4623
0.08183382129575587 0.03446711028462127 4624
0.02895438478769451 0.005468350588674668 4625
0.02838240297169376 0.005090801203989234 4626
0.02831254640765671 0.004472263337593936 4627
0.02783304465205149 0.004818218507793348 4628
0.02787155777975219 0.005411007985431288 4629
0.02735463277754534 0.005184426384208594 4630
0.05033700681454068 0.03212678162320795 4631
0.06653525799287792 0.05779015733053196 4632
0.06728718427964153 0.05733837971364562 4633
0.03912202755579487 0.04988383251197046 4634
0.03929156276792462 0.04912102413616341 4635
0.08853951249210643 0.007519374220770737 4636
0.01386306497910434 0.002389416302469909 4637
0.01298283059074049 0.002864903471859206 4638
0.08545432396141123 0.02370482048286887 4639
0.0319429222304104 0.08255425111644853 4640
0.02940752615887781 0.005718667435474618 4641
0.01298657094377146 0.001775774628967539 4642
0.01209785659824446 0.002377612182570224 4643
0.08501654744648322 0.0162450814641103 4644
0.08818145369652852 0.004934636368898238 4645
0.0140932712468137 0.02296349876907676 4646
0.08647514378333074 0.01795029046581746 4647
0.02663041428140199 0.08380679217512879 4648
0.02666855523158339 0.08445600001998167 4649
0.02716598419289838 0.08413151069836552 4650
0.002638152042915454 0.02787709052398424 4651
0.002637923545838014 0.02687708950075148 4652
0.002640987594444838 0.02887708717472187 4653
0.02532391879490723 0.08460722140254334 4654
0.05331777817629661 0.07031061929982872 4655
0.05463684305465733 0.03090633788949332 4656
0.05376997492145053 0.03040747138384699 4657
0.05550398096171993 0.03140624323317327 4658
0.03108715594402647 0.04532508060585822 4659
0.01409844753578805 0.02244623520401987 4660
0.01452777524584995 0.02269884240821729 4661
0.008460175242670464 0.08829720968174133 4662
0.05210732585834109 0.01900910794934392 4663
0.004880933459896986 0.0884577556302337 4664
0.02324599477433721 0.08482720095284624 4665
0.08628795121044407 0.02048426120156975 4666
0.08595308962826444 0.02005339285492564 4667
0.08648139124197173 0.01997692446069804 4668
0.08538892091023598 0.02422293470487611 4669
0.06133082494053912 0.06110597897352744 4670
0.02318873199539169 0.08550284994550617 4671
0.02371491405218946 0.08519498274079582 4672
0.02270046535856475 0.08580101431509893 4673
0.003451576658031301 0.002377669905962644 4674
0.002599511162849295 0.002877450087392625 4675
0.04155026494073533 0.0772962131445435 4676
0.04163780720027582 0.0780589042014343 4677
0.02080708391063157 0.08567852019683987 4678
0.02090046686181954 0.08620892048501907 4679
0.02057352362209014 0.08511671505979063 4680
0.02774234817107022 0.04936976226608895 4681
0.01961723879343293 0.08650006037540192 4682
0.06899151182635552 0.05585469724793853 4683
0.06851628221401598 0.05618080227809896 4684
0.03805208063695277 0.05095513340022797 4685
0.03105253409026595 0.0829987999939046 4686
0.03147726596070056 0.04675071333597232 4687
0.03190602092477198 0.0471185307338956 4688
0.03200359418963695 0.04660370917203693 4689
0.08488725240909616 0.02455513248474073 4690
0.04592245227635897 0.02781178091118024 4691
0.04679343959361187 0.02730244139000023 4692
0.04679376830093651 0.02630292069990949 4693
0.04766056968404915 0.02680146135950481 4694
0.06979210546271145 0.05453451141025184 4695
0.04417013148389845 0.03294921562425298 4696
0.04480593455310101 0.03325116887931372 4697
0.04837628711993011 0.03889652778569059 4698
0.03745472976139801 0.05266843326323305 4699
0.05328202921135246 0.01818235059615794 4700
0.08532391232637627 0.02000948705223278 4701
0.01557656044849233 0.002356213398822068 4702
0.01561092088286387 0.03030361275403395 4703
0.01833221802066055 0.08087427789470779 4704
0.07002465466638971 0.04994048606125444 4705
0.05632562170373906 0.03481433583290446 4706
0.01645758459133503 0.02109392583666473 4707
0.05889168299476982 0.01028271615508448 4708
0.05976101768952465 0.0107769648503527 4709
0.05330625550429036 0.07091701294175126 4710
0.05288814631253496 0.07121727785946455 4711
0.05181555886206751 0.07128361316089317 4712
0.04087742519261129 0.07583494989275488 4713
0.03995392575687209 0.07531826033145148 4714
0.07791889159776708 0.04115010797184104 4715
0.07852617605369017 0.04070218574237629 4716
0.03190863093862564 0.04769829777791524 4717
0.06566850568439166 0.059600996928272 4718
0.06523602481998074 0.05986627686284096 4719
0.02610012606804079 0.08033788229681157 4720
0.02609844246260116 0.07933789501769883 4721
0.0226260048785389 0.0743436327531678 4722
0.02176081928013149 0.07484508452583227 4723
0.02176249645497657 0.07584508311935012 4724
0.02089563368179227 0.0753465362986144 4725
0.03041099808851755 0.06883056820421485 4726
0.05723175163661422 0.05328556324724246 4727
0.05550976267216511 0.05928845347663635 4728
0.05637159756142279 0.05678701079818438 4729
0.05636992038705755 0.05578701220549438 4730
0.06329122284468336 0.051775394157288 4731
0.06674711604335357 0.04676959515286822 4732
0.004358153996928453 0.02587420296296688 4733
0.00349129122374367 0.02537565614223044 4734
0.0122370689929768 0.07636105964458935 4735
0.01310393176596231 0.07685960646567218 4736
0.08226678721774294 0.005743508249060246 4737
0.02169540947521983 0.0358451394028672 4738
0.06148220683459686 0.005778367543499779 4739
0.03226483269828482 0.0799261017992855 4740
0.07967123042276456 0.007247863567474644 4741
0.007822246211451549 0.02586839530967373 4742
0.003565617429424427 0.06937559335690807 4743
0.002702957053158095 0.06987704089412276 4744
0.0138986836783189 0.03435821978947341 4745
0.008726011360026494 0.04836690893747487 4746
0.008727688534885245 0.04936690753101616 4747
0.03561653301100706 0.07682591426594165 4748
0.03034055674444981 0.02683062727548167 4749
0.01563240157290646 0.03535530741316444 4750
0.01649926434609132 0.03585385423390082 4751
0.06501506767184284 0.04677250010493691 4752
0.06414820489865784 0.0462739532842005 4753
0.01218507657847186 0.04536110325271406 4754
0.07105124075942626 0.03126235457274714 4755
0.01652086113723347 0.04885433167452617 4756
0.03898402685341732 0.01681611657972706 4757
0.03985088962660206 0.0173146634004635 4758
0.04164834781760721 0.05631170359650943 4759
0.03648406615641873 0.07532037171487532 4760
0.06408279507916614 0.007274008136090922 4761
0.06494965785235091 0.007772554956827334 4762
0.07361828558419911 0.01275802316419124 4763
0.0286873355912999 0.07383346612398915 4764
0.01738600007143444 0.04835318806319425 4765
0.01825285506726504 0.04885178624417619 4766
0.0459138984367817 0.01780449693765277 4767
0.04591557484292185 0.0188044942206451 4768
0.01127878984317805 0.02187189281952674 4769
0.008697499388623027 0.03136693284728888 4770
0.08054473688229619 0.02778410143599291 4771
0.0139540227943586 0.06735816735133671 4772
0.009624740452807951 0.06786542902654734 4773
0.02687982008844405 0.02883643435719512 4774
0.02084196408630906 0.04334658130528909 4775
0.02084028691145032 0.04234658271174783 4776
0.05810699328203688 0.0587840909546085 4777
0.01822795885469506 0.03385095293428486 4778
0.01822963572733726 0.03485095100663473 4779
0.01909649845015259 0.03534949774050584 4780
0.01823131277073838 0.03585094937346914 4781
0.01909817552201347 0.03634949615642102 4782
0.01823298990652118 0.03685094789962159 4783
0.008752846156445924 0.06436688642483851 4784
0.007885983383460513 0.0638683396037555 4785
0.006100265418373343 0.03187128957215681 4786
0.005233402644536832 0.03137274275141189 4787
0.01915016790889477 0.06734945249720913 4788
0.05290582364499528 0.05579282211128787 4789
0.05637494382549289 0.05878699403460242 4790
0.03907791964100468 0.07281598777478551 4791
0.02946866244683839 0.02333208467441775 4792
0.03814903040204524 0.03531754303952889 4793
0.03294282223886306 0.02932626633123218 4794
0.04422326127594853 0.04180587413664607 4795
0.01224147587635213 0.06134508769262188 4796
0.0459122214156667 0.01680449860622132 4797
0.03900758541281396 0.03081609675830101 4798
0.02426475375807597 0.02433694308043346 4799
0.02338751372396736 0.02479304192283772 4800
0.0225676864996508 0.02441461067182509 4801
0.02258763975084492 0.02525108125167527 4802
0.02187490667150867 0.02481547470275414 4803
0.02185256446373608 0.02565639058674574 4804
0.02255409132702877 0.02603005037907494 4805
0.02186746796700652 0.02642603251097357 4806
0.02135777860037834 0.02523625511058775 4807
0.02196080649976839 0.02412768043501361 4808
0.02250886069077255 0.02370670607994671 4809
0.06067739945620109 0.04227976881417248 4810
0.059812213857875 0.04278122058697736 4811
0.05894535108469019 0.04228267376624097 4812
0.05894702825954892 0.04328267235978224 4813
0.05808016548636415 0.04278412553904585 4814
0.05808184266122286 0.04378412413258712 4815
0.05894870543440766 0.04428267095332349 4816
0.05808351983608159 0.04478412272612838 4817
0.0572166570628968 0.04428557590539201 4818
0.0589503826092664 0.04528266954686475 4819
0.05808519701094032 0.04578412131966964 4820
0.04160138692155901 0.02831174297734873 4821
0.01395066844544091 0.06535817016425283 4822
0.005246820043276181 0.03937273149974033 4823
0.05117880679806063 0.05879572284398017 4824
0.01211261995052416 0.003364769219449865 4825
0.01124491967035766 0.002865958061177641 4826
0.03300152335891946 0.06432621710517636 4827
0.03386838613210428 0.06482476392591269 4828
0.03213466058573463 0.06382767028444003 4829
0.03126947498740858 0.06432912205724492 4830
0.0407328474641699 0.0268131975622482 4831
0.0407311699562084 0.02581319896926561 4832
0.005248497218134876 0.04037273009328157 4833
0.003544029733166101 0.05637561127932194 4834
0.002683444975530573 0.05687705533535042 4835
0.08401192122596585 0.01174604574161 4836
0.0502968494511471 0.0492971886813726 4837
0.05029517227628835 0.04829719008783132 4838
0.05029852662600585 0.05029718727491385 4839
0.08227996045283527 0.01474018058716206 4840
0.00702247495939276 0.06536978996975634 4841
0.06671860407026992 0.0297696190635862 4842
0.01650094152095002 0.03685385282744209 4843
0.07710418560038487 0.02575219497609029 4844
0.02696362699027832 0.07883644513175042 4845
0.05983233995604202 0.05478120370923362 4846
0.0572099483634619 0.040285581531227 4847
0.006968805365634823 0.03336983498642435 4848
0.007835668138819609 0.03386838180716077 4849
0.07274806846129699 0.01025947915637229 4850
0.04765936328470018 0.02580157916125567 4851
0.02175075638196258 0.06884509322593781 4852
0.04165337934220047 0.05931169937716268 4853
0.01309722306812638 0.0728596120915046 4854
0.07624235435981364 0.02825364399624483 4855
0.05980382798358137 0.03778122761927109 4856
0.06067069075676616 0.0382797744400075 4857
0.03128121521141955 0.07132911221203343 4858
0.03214807798460435 0.07182765903276984 4859
0.0727799347836134 0.02925945243365615 4860
0.06415732974922177 0.05227661688071714 4861
0.008767940726575857 0.07336687376671586 4862
0.07365350625271097 0.03375799362846605 4863
0.0563357902405567 0.03579153357545049 4864
0.03641530485617855 0.03432044939480315 4865
0.03554844208299361 0.03382190257406697 4866
0.0103976814366237 0.01236405461792055 4867
0.01472528660311299 0.01085679434743772 4868
0.06234906968155902 0.006276914235953543 4869
0.06235074686871395 0.007276912808114454 4870
0.04589880293992599 0.008804508023124165 4871
0.04676566571360823 0.009303054843859682 4872
0.01050502062146461 0.07636396459596545 4873
0.06758211249401713 0.02826816869670931 4874
0.06843724412274066 0.02176674102745917 4875
0.06843555872275944 0.02076672824257345 4876
0.06756869700607956 0.02026818324469434 4877
0.06843892104246657 0.02276673918080298 4878
0.06843388115450315 0.01976672897027741 4879
0.07795931139598677 0.0192507547717902 4880
0.01299323823160214 0.01085969929950617 4881
0.006953710791906261 0.02436984764455223 4882
0.07968800962274612 0.01724785668647914 4883
0.07882281965543828 0.01774930424732301 4884
0.01646987638849151 0.01085386836119566 4885
0.01733735271332196 0.01030820356203776 4886
0.05455569044901394 0.006789986074677495 4887
0.05455736762377311 0.007789984668391967 4888
0.05455401327386368 0.005789987481643027 4889
0.05541919887214111 0.005288535708922563 4890
0.05455233609880003 0.00478998888845792 4891
0.05541752169709191 0.004288537115712414 4892
0.05455065892387537 0.003789990295031222 4893
0.05541584452219045 0.003288538522245414 4894
0.05368547332554403 0.004291442067845284 4895
0.05368379615067342 0.003291443474324668 4896
0.05628270729537341 0.003787085342984969 4897
0.0528186105523445 0.003792895247134498 4898
0.05281744113034161 0.002793772710846402 4899
0.05627832898217176 0.002791783432237183 4900
0.05714744270396796 0.003286416350658912 4901
0.05711814868586226 0.002327718216158077 4902
0.05195183240463287 0.003294494435945428 4903
0.01396576301557091 0.07435815750612931 4904
0.01483262578855641 0.07485670432721264 4905
0.01483430296301531 0.07585670292075447 4906
0.08141837336800349 0.01624494595727744 4907
0.02089731085536666 0.07634653489175437 4908
0.02176417362888013 0.07684508171279364 4909
0.02606308303843822 0.06133796003020463 4910
0.007869211637096946 0.05386835367552312 4911
0.005268623317529295 0.05237271321433887 4912
0.01865043477816783 0.06047050173997437 4913
0.01818896846176311 0.06066471002679816 4914
0.0181036963931168 0.0611560957314069 4915
0.01770607873899373 0.06081476895481272 4916
0.02596885069183665 0.002375112920536535 4917
0.05190634806031837 0.03839194601581193 4918
0.05123349432629233 0.03800659364097007 4919
0.01280648323668654 0.01869186969959377 4920
0.0636200435335694 0.01383064168892949 4921
0.06450257384005609 0.01429735054520009 4922
0.06271927240068752 0.01333205422427989 4923
0.008670898024713873 0.002404994923147441 4924
0.009519396874409031 0.002871857336741196 4925
0.009518013395352763 0.00386657519575867 4926
0.05174515678615914 0.07196434160590984 4927
0.02095169646211199 0.08335956263974897 4928
0.02091405401825739 0.08235055959029977 4929
0.06276354725163899 0.06258720556802058 4930
0.06317419469818708 0.06236182753823649 4931
0.02684300738956482 0.04985502714065717 4932
0.0260357493457852 0.04934168905745463 4933
0.06113076401212478 0.06436502963114683 4934
0.06069668631867212 0.06470827549009502 4935
0.02618206592693646 0.08479068080234803 4936
0.02667311649470482 0.08495371649768156 4937
0.07449507260029181 0.002324665100570743 4938
0.07533372069767864 0.002774859547127299 4939
0.07533539102249062 0.003758634807770937 4940
0.07620047666881848 0.003257550965436555 4941
0.07616398166167371 0.002306980304409664 4942
0.07705982483608979 0.002761755936058069 4943
0.05538863120538297 0.002346791581956879 4944
0.03501364127862731 0.05263457822241564 4945
0.03546008969352733 0.05234339747876912 4946
0.07700547311231357 0.001714273166795288 4947
0.07792581500862583 0.002285875585446955 4948
0.05081611745230474 0.0383674318335626 4949
0.04531965800660441 0.03702757920399796 4950
0.01493552105753826 0.0216159602032551 4951
0.03271027287742528 0.05025418845288239 4952
0.0224892479165873 0.02682464296474714 4953
0.02177082599113713 0.02716637865703616 4954
0.02118579499497439 0.02668192377807307 4955
0.02109365061773379 0.02743282424546938 4956
0.02055973194561432 0.0270335833301189 4957
0.02046783876098791 0.02763609718192055 4958
0.02091619432806658 0.0282519853057266 4959
0.02001137735548724 0.02727984518814831 4960
0.01992076809731438 0.02782540958948998 4961
0.01950441329838485 0.02749549220951932 4962
0.01940889900243661 0.02801145228672995 4963
0.01903606185319065 0.02769286133165904 4964
0.01891664643517994 0.02819201732700159 4965
0.01983061215436274 0.02839834110829065 4966
0.0185150782097017 0.0278073060573908 4967
0.0184179754831485 0.0283600581420825 4968
0.01800094151727444 0.0280351837462985 4969
0.0179237518427105 0.0285428172094693 4970
0.01751131134678097 0.02821205109013239 4971
0.01882765745443369 0.02868858012317679 4972
0.01741500974093253 0.02874079796590541 4973
0.05714611286022423 0.06766258089598343 4974
0.05761191457372861 0.06734185355740845 4975
0.05590040949225301 0.06852914630528124 4976
0.01728599854690817 0.002391423123569353 4977
0.01836252700716658 0.05264753264122473 4978
0.01765662796883727 0.05236626955790671 4979
0.01776324058299802 0.05303440977835323 4980
0.01824964704301687 0.05331369695139583 4981
0.02180949151988229 0.06137791285974623 4982
0.07101102203803281 0.05327162544271968 4983
0.0869624355820208 0.01765237545927302 4984
0.08740506685609861 0.01647507503167257 4985
0.05378220457237511 0.07059735548659289 4986
0.02959103005477589 0.05329602074083013 4987
0.05877679875771104 0.06655270272306743 4988
0.02236354352047527 0.05411931680864135 4989
0.0222808183131929 0.05475792507637919 4990
0.02178799829644228 0.05502623661989736 4991
0.02220477738341987 0.05535184751349724 4992
0.0217210266924329 0.05556798222590014 4993
0.02211286087269354 0.05586913177053029 4994
0.02250879677908248 0.05572518278161313 4995
0.02247778248575337 0.05621182165622168 4996
0.02198583379100015 0.05634871555081988 4997
0.0223711665884659 0.05671181375539953 4998
0.02286772065532512 0.05657406876915255 4999
0.05195468730182917 0.002328460897199222 5000
0.07033696964660009 0.05425992387212593 5001
0.08136798979134727 0.002314037235148884 5002
0.03325998363763352 0.05293137994550991 5003
0.03374000462179046 0.0533709647040226 5004
0.07207872481353225 0.04658992838858429 5005
0.08148411136013678 0.02557846180588019 5006
0.02772728175299249 0.003312062124472402 5007
0.02770139340314603 0.002335019161824388 5008
0.08243811559922784 0.03044488091504525 5009
0.08303289316965201 0.03067498034082282 5010
0.08257427826323499 0.03104021868415207 5011
0.0274309303468023 0.005708113661247682 5012
0.02791028311789211 0.005909721064609241 5013
0.03751337009026207 0.0514921313167948 5014
0.03704605028604767 0.05173078067740866 5015
0.06451188359780027 0.01528060708933585 5016
0.01671265423796415 0.01989131913282532 5017
0.0309755317354088 0.04986282408680984 5018
0.03155518009852033 0.04961565167469637 5019
0.03146222947942098 0.05020285489248398 5020
0.03168500259340748 0.04904925571679061 5021
0.02130513478883201 0.02471444585126614 5022
0.08307955258962518 0.03123131881731558 5023
0.08268090745311552 0.03158036578422702 5024
0.05371459163593342 0.002339470729705778 5025
0.01356514384651088 0.01705629807930814 5026
0.05504859458374264 0.06912856835171637 5027
0.05835814344576269 0.06680930583876314 5028
0.05356662134045853 0.01605816162369143 5029
0.05297552861653333 0.01648042632956299 5030
0.05359396286254767 0.01681191219784853 5031
0.05461775649519162 0.02204402072710653 5032
0.05465613421388328 0.02149685740392122 5033
0.002038777071009863 0.08732465874136042 5034
0.002021008547381131 0.08808912488043327 5035
0.0392283329719604 0.05243757284413712 5036
0.05299422447095617 0.03589358479889492 5037
0.02187362260677477 0.08611241141198514 5038
0.08740765320846068 0.01596160799587714 5039
0.0236228487164513 0.08571183792810506 5040
0.02411975837821095 0.08548985677391856 5041
0.01913840291623353 0.08679985601535097 5042
0.02079341597700241 0.002381518982152435 5043
0.02164343203360396 0.002850999126176881 5044
0.02163838551542883 0.001845187197293263 5045
0.02250505192895536 0.002346020757250669 5046
0.05018625847102845 0.07227732111454471 5047
0.05022575711507754 0.07309993787423613 5048
0.01906121641554347 0.06024269883525833 5049
0.08766156618749149 0.006780483709506051 5050
0.088233007829068 0.006598725131103732 5051
0.0198868227525863 0.02125331473858344 5052
0.0198924839956881 0.02177091145498179 5053
0.01934888656236004 0.02098648272076469 5054
0.02066864269386341 0.06183682472436386 5055
0.08865255203605917 0.004601374576298639 5056
0.08868158166787492 0.004092155066635399 5057
0.08867479600953374 0.005157008036476167 5058
0.088019931785873 0.00351783824592098 5059
0.08819679868194163 0.002688098960979449 5060
0.08740085515632053 0.002039651068669282 5061
0.08876099641451315 0.003166305056203841 5062
0.04578121185052209 0.03882404003812822 5063
0.02019387008731074 0.0535363569774263 5064
0.001838070066068724 0.0723784949786779 5065
0.08582676190579411 0.02218180715864829 5066
0.08576715032091708 0.02271615953557804 5067
0.04466602367781288 0.03511590375010951 5068
0.0232921448813823 0.08401806153153935 5069
0.05994834281631928 0.06547257918148768 5070
0.001809558100268262 0.05537851888846461 5071
0.06793840003106338 0.05595740026329103 5072
0.06808692966423016 0.05652691224743837 5073
0.06855200075808544 0.05665114642939598 5074
0.07947679752377845 0.03698841697338966 5075
0.03293185366710066 0.04355896592312178 5076
0.02060792466744355 0.02648507802340736 5077
0.02101664078750708 0.02608228401555788 5078
0.04180820367344665 0.07624615779536885 5079
0.02032939442528415 0.05411878667122172 5080
0.01611131276379964 0.02136102020588029 5081
0.059670660984062 0.01532127630241627 5082
0.03236328578156393 0.04592612222862599 5083
0.03363761365131261 0.04527599874958175 5084
0.08617644035028754 0.01955913188209909 5085
0.04846988018138658 0.073298831297886 5086
0.04834791732179274 0.07409354465741373 5087
0.07195155927744272 0.05200480505796504 5088
0.07157572542011367 0.05241300113177205 5089
0.07235351687717491 0.05164754508865869 5090
0.07233802419922958 0.05114017735829975 5091
0.08378994672592736 0.02794781612276236 5092
0.08441114683896228 0.02753886448188889 5093
0.06014741383776493 0.06451347738766326 5094
0.01756804790731274 0.02772966635540144 5095
0.0171531065660506 0.02788529848713443 5096
0.05430022072964539 0.02431212057999736 5097
0.03197884174286637 0.04996265027038011 5098
0.05404377060868284 0.01647447111852929 5099
0.06157516201396262 0.06409871074245568 5100
0.02693761262487005 0.005519823267608567 5101
0.02702507362755007 0.005985814336343442 5102
0.02213548897834929 0.05218327762693139 5103
0.04326610150839893 0.002350131017151438 5104
0.04242068860835708 0.002817202436670052 5105
0.0561341412543859 0.02228618540790551 5106
0.05603883688490949 0.02174973172668423 5107
0.04804947322879682 0.03863339478268708 5108
0.04762648717794644 0.03882569041848951 5109
0.05340607108525704 0.02383435894505567 5110
0.02029803156558962 0.02206002750950378 5111
0.02942105033283986 0.08237901879708892 5112
0.02946865921213997 0.08314665820809897 5113
0.06817637268900496 0.05701120759251362 5114
0.08200705278672027 0.0336169834079535 5115
0.05026773767637548 0.03161098522500409 5116
0.04984368981239899 0.03188832767425592 5117
0.04979690770328652 0.03140732023062683 5118
0.04937456750390604 0.03169157756372255 5119
0.04932040861323884 0.03120094301941933 5120
0.04891408259124153 0.03151168495537966 5121
0.04896814737620857 0.03197273683415429 5122
0.04849706163051983 0.03185974356894723 5123
0.05208955048388684 0.01633967003430426 5124
0.06045770052971102 0.01584417984748637 5125
0.06054450942593748 0.01657583312122955 5126
0.006939472997280673 0.08858153849780348 5127
0.007428941498198321 0.08883592701467591 5128
0.04844205938959523 0.03133814138330347 5129
0.04805474925336081 0.0316366451847256 5130
0.04797557050283237 0.03113968994757579 5131
0.04757874630248814 0.03145569176193606 5132
0.04660844053404829 0.03114670123899762 5133
0.04654202803418752 0.03199394971325029 5134
0.07099514563991435 0.00230093621534623 5135
0.07191447307856738 0.001716796861962008 5136
0.03467601465437652 0.04474623575854946 5137
0.08487008035628704 0.002284564342683884 5138
0.08397280236142951 0.001704285385535437 5139
0.04687981421793951 0.07417079895509145 5140
0.04761548272124395 0.07456956600226092 5141
0.005406267875878161 0.08871402973570108 5142
0.02088474031616839 0.0250467120929187 5143
0.03979561436879045 0.04696599275766483 5144
0.03918997470388472 0.04728992693136386 5145
0.03872403795928632 0.04698917053845641 5146
0.08829504194011234 0.005485036582975555 5147
0.08576847107214246 0.01560741526065428 5148
0.02273965517669653 0.05709630149990149 5149
0.022243165675732 0.05721746220432643 5150
0.02258281985601189 0.05760787671785242 5151
0.02207863844577645 0.05772702750700699 5152
0.02242361215251224 0.0581038887956211 5153
0.02194151424034578 0.05822592655856707 5154
0.08697181215297946 0.01815906922948505 5155
0.08659154271494704 0.01852266596956388 5156
0.0200597937797724 0.02674921704314785 5157
0.0867352894027207 0.01104891087088484 5158
0.08744511968411663 0.01131301768996193 5159
0.0879474736070596 0.0110059566685631 5160
0.0879664724420748 0.01153849672934947 5161
0.08756391607554473 0.0118947487067257 5162
0.08805223378678702 0.01205948891869132 5163
0.0876872539533298 0.01241413070521757 5164
0.0588961285396041 0.002316372524712937 5165
0.08346114457282755 0.03037656003405783 5166
0.0870214806191974 0.006925145573507881 5167
0.004363677172573188 0.08824956595426893 5168
0.004437666449605568 0.08876259327322686 5169
0.03871725315006267 0.04751818183016679 5170
0.03915707325290918 0.04781204805237818 5171
0.03867893494768221 0.04804537319446948 5172
0.03909262981334646 0.04832438256622629 5173
0.03861440240221134 0.04852226765947222 5174
0.03959787809808142 0.048108352143114 5175
0.01480856873057698 0.02795837946671556 5176
0.01556967162301506 0.02761181341762776 5177
0.02045521030312308 0.02594658999142029 5178
0.04275198978447827 0.03556077480976736 5179
0.01357613365906513 0.02025031648784394 5180
0.0485131510009762 0.002347050128357411 5181
0.04762531778623291 0.002809426575032734 5182
0.04938088191430057 0.001898784850294842 5183
0.0212222068934486 0.05970223667954117 5184
0.02075584597566075 0.05950413846777799 5185
0.08862020276975921 0.007004096201018307 5186
0.08670843206752998 0.01947251050061748 5187
0.04506519273659917 0.07527976146599735 5188
0.04495302051801327 0.07612847917958621 5189
0.04771363520906858 0.001765020207478311 5190
0.04679254373924228 0.002336414965962416 5191
0.02025767738053422 0.06027166149167847 5192
0.01300678863655627 0.0222690537012866 5193
0.02709217928632012 0.08277323499356176 5194
0.01395132045366048 0.05904871737974459 5195
0.06231602645561873 0.002322709785076253 5196
0.08816797689561326 0.01253685819471499 5197
0.08780087842855751 0.01289487581695464 5198
0.08733141545916887 0.01276831745294196 5199
0.08745352869103001 0.01327228513788464 5200
0.08689067414027851 0.01306936917560975 5201
0.08791380914892902 0.01335300133551309 5202
0.0876010587940345 0.01376102768142867 5203
0.08810660842805698 0.01381712570262396 5204
0.08774522915449857 0.01423468092881593 5205
0.04057805607387937 0.04661289651855649 5206
0.06728567197920052 0.05584627114655331 5207
0.0668214926195656 0.05505351152917207 5208
0.06589015396730996 0.05440405563861406 5209
0.08395865246154441 0.0261814196696924 5210
0.08461470427937018 0.02577420678407187 5211
0.08799817116394545 0.009109338170084812 5212
0.08843999882200698 0.008839641351763322 5213
0.08841148931724363 0.009388887401763562 5214
0.03795422310330592 0.05295859535179906 5215
0.01413945248458661 0.02348567344838127 5216
0.04334179448092226 0.077022711690337 5217
0.04287748378703701 0.07734882251267816 5218
0.04338926542747721 0.07755727432698079 5219
0.04383400777303208 0.07733196486483682 5220
0.01679074504108743 0.05469272398712153 5221
0.01631165021908294 0.05456935989552986 5222
0.01593651307197794 0.05495452640531551 5223
0.01581133429904409 0.05445577326285232 5224
0.01545615959810206 0.05482729103744415 5225
0.01532992350627995 0.05429416032502445 5226
0.01495247206300072 0.05470804780748184 5227
0.0150973509439549 0.055217833001027 5228
0.01457982644677381 0.0551090799615328 5229
0.01475135951089 0.0556244623024372 5230
0.01523526200035059 0.05568223320914508 5231
0.01491838706385911 0.05611032834820754 5232
0.01440302122416448 0.05602868549227977 5233
0.0145801077023491 0.05649640555866482 5234
0.01718287447670757 0.05437231795060315 5235
0.01443165547635464 0.054520257703058 5236
0.05043435300570943 0.03313481218472517 5237
0.01695797518360802 0.05949115820109571 5238
0.01646464034390741 0.05966514377080828 5239
0.01686106979953671 0.06000889869196324 5240
0.01639189837050468 0.06016187681662437 5241
0.01679005090351976 0.06049212727322781 5242
0.01629581934216741 0.06065638260092619 5243
0.01668223926021453 0.06102432447461836 5244
0.01550881718475646 0.06112180103758046 5245
0.04572162783945282 0.034378641203023 5246
0.04581687817551334 0.03395582105189058 5247
0.04541007499118889 0.03401642171600421 5248
0.04553368956599413 0.03352319140433563 5249
0.05500899300996429 0.0164559283267028 5250
0.05526130549226546 0.01613342693467218 5251
0.01559652029271079 0.05722319863950007 5252
0.01523971896321045 0.05753664822611414 5253
0.01534635736443712 0.05798428163875605 5254
0.02742428229517564 0.01200121529632032 5255
0.02756760864937955 0.01247320847981747 5256
0.02807802270163912 0.0125811287268981 5257
0.02773145270824736 0.01295821810737288 5258
0.02722389681357189 0.01284282757850423 5259
0.02822602926259573 0.01306627510121744 5260
0.02788777099945753 0.01345424390933088 5261
0.02842960551761763 0.01357750524227649 5262
0.02800623042265289 0.01403778932913765 5263
0.02866147339748227 0.01417605216378332 5264
0.02819573394774374 0.01481260275717213 5265
0.02734041604935243 0.01444965261752697 5266
0.02908261945959216 0.01358489907274159 5267
0.02935735928397567 0.01419808783679527 5268
0.02976541777820419 0.01372930587437098 5269
0.03010458510230472 0.01442408646925409 5270
0.03054177009257321 0.01371742373947017 5271
0.02753550224441699 0.01542095064717278 5272
0.0266151001846 0.01512277566904 5273
0.02638589788042347 0.01415040370201589 5274
0.02855338180758955 0.01269252973489828 5275
0.02570340674323857 0.01474805121838629 5276
0.02545408245837414 0.01386493534525627 5277
0.02476507847241526 0.01447416752456843 5278
0.0246024906765744 0.01349596874587657 5279
0.02528981209997363 0.01312256323285271 5280
0.02463035630806423 0.01260821729890261 5281
0.02374068455793075 0.01313973975989759 5282
0.02377697583555095 0.01211326149343935 5283
0.02284564043336928 0.01273866955414461 5284
0.02275990798650592 0.01174710598349629 5285
0.02360952154649144 0.01103493362898888 5286
0.02267511256920274 0.01075735727265719 5287
0.0218270068841901 0.01132623038966696 5288
0.02345949236942683 0.01022305233025841 5289
0.02258107841923675 0.009829752673716562 5290
0.02353592448255144 0.009255827051782989 5291
0.02513299158170485 0.01201220053723382 5292
0.02436203948370594 0.01073575311699164 5293
0.03096328371063188 0.0146023109532977 5294
0.03150570638954768 0.01388889707032032 5295
0.0310790336072027 0.01320323559848965 5296
0.03190362404139575 0.01313625637114021 5297
0.03178881936878863 0.01235303527552661 5298
0.03248494143968916 0.01253235931420732 5299
0.03224037479835666 0.01187208329999819 5300
0.03296761702733815 0.01193613147932954 5301
0.03260332795902775 0.0112436760029715 5302
0.03341596861331532 0.01130437364474395 5303
0.03311144516296025 0.01056523516430932 5304
0.03401561394892975 0.01068985186755275 5305
0.03360848487919355 0.009856619827105603 5306
0.03458546851757972 0.009978226402157703 5307
0.03435574754787565 0.01151371313168634 5308
0.03237366218509034 0.0105973616622147 5309
0.03096762158993726 0.0123438969459075 5310
0.0333227779008781 0.01268011322236216 5311
0.02848977242324324 0.01564721849491667 5312
0.0258759992230144 0.01230487317855237 5313
0.03416490570416996 0.009108537307637818 5314
0.03329195168301432 0.009092172900992491 5315
0.02951307525640499 0.01309313062863269 5316
0.0277924278322623 0.01635581752564922 5317
0.02695960764969427 0.01179607217384537 5318
0.0225233248448492 0.008939295353453194 5319
0.03162642931993787 0.01179359350759196 5320
0.03202110447846108 0.01102838824276903 5321
0.03179421555233684 0.01055811698943247 5322
0.03198522498315227 0.01006807205448881 5323
0.02299417469805099 0.01374306702271111 5324
0.02202632098318401 0.01334194359869035 5325
0.02582306994826467 0.01576950768285055 5326
0.0336353399000526 0.008403586087014438 5327
0.03284587002312867 0.008153960340022606 5328
0.03239568588714052 0.008838123721041074 5329
0.0216535487735587 0.009470948932105854 5330
0.03511924705702411 0.009233206065157686 5331
0.03553729625544728 0.01013072806629658 5332
0.03619677457545734 0.009340962837656765 5333
0.03019768787583138 0.01526524455400399 5334
0.03109276064269803 0.01549245163664976 5335
0.03039773860788356 0.01306474799925841 5336
0.02439072959698953 0.01138253323277604 5337
0.02489659792178507 0.0109847162362466 5338
0.02485841334981839 0.01044185509386306 5339
0.02532897403346198 0.01068079631108937 5340
0.02540045866616533 0.01118085669137822 5341
0.02417272014899538 0.009833211255392608 5342
0.02416640843243704 0.008939935683381403 5343
0.03246224404288298 0.0139836343063661 5344
0.03259623233880046 0.01006866534067104 5345
0.03234303928950317 0.009623575223694412 5346
0.02575318754310266 0.01085879736302365 5347
0.05499177780277044 0.02064975744553169 5348
0.05444773308506761 0.02063066803271829 5349
0.01470104921290593 0.02409919659460484 5350
0.01430326296999725 0.02449095466103781 5351
0.01437189578510176 0.0249934786419919 5352
0.01390584045117232 0.02480873447922424 5353
0.01397026827556938 0.02529523345808685 5354
0.01346581576246068 0.02512773980720005 5355
0.01323297800480595 0.02619203393236655 5356
0.01232552015491368 0.02636439399260566 5357
0.01443055414863482 0.02547527520590548 5358
0.0177239690389449 0.02132388936250508 5359
0.0174180205885663 0.02092470987073278 5360
0.01821132146812525 0.02127546808370731 5361
0.05823840917464978 0.02123843626798295 5362
0.05866296038510573 0.02148957035706167 5363
0.05910596730278528 0.02120012475546521 5364
0.05910700196096331 0.02171785190434605 5365
0.05954109417954458 0.02143622729352515 5366
0.05955296981198993 0.02194391974071079 5367
0.06000817800688117 0.02166827500231724 5368
0.0599819807716518 0.02113945031527132 5369
0.06047802055975517 0.02136497180319235 5370
0.06054195553860117 0.0220020324038991 5371
0.06041822179142154 0.02081735238961011 5372
0.06111896007174476 0.02162840292927927 5373
0.06120926850192189 0.02240690309326643 5374
0.05910206375071884 0.02226520475472898 5375
0.06193506973902108 0.02193516697087308 5376
0.05824053886005618 0.02176106346352899 5377
0.05995650471069216 0.02065444215747117 5378
0.06035673471039629 0.02031977870600427 5379
0.0608274268053745 0.02048502655326881 5380
0.06073568065987416 0.01999202965705124 5381
0.05965303668536233 0.02253963701989783 5382
0.05910877261991107 0.02288159329983368 5383
0.06159756596783894 0.01962597779887013 5384
0.06201308842141137 0.02282316929403553 5385
0.06280253637443939 0.02229993171920771 5386
0.06122531391106092 0.02326673209698581 5387
0.03135670127545758 0.008760052652308031 5388
0.04626232340941832 0.0371609565129119 5389
0.0466970611438213 0.03296660268181176 5390
0.04701935573821758 0.03261895070332366 5391
0.05134942249949261 0.03455590388368978 5392
0.05184810427600924 0.03475789845061096 5393
0.05174824159850497 0.03424203305692095 5394
0.05190155253320006 0.0352935424552222 5395
0.05222907021733916 0.03445530160243232 5396
0.05217271258691193 0.03394989046087499 5397
0.05171413032301699 0.03374494597738897 5398
0.05263357022768922 0.03414875026832705 5399
0.05211709118991002 0.03345126164602039 5400
0.0190757184023916 0.05421459049265082 5401
0.01944529019909565 0.05385708950881289 5402
0.01897265940154672 0.05377385595929871 5403
0.01591892150593525 0.0266672489898371 5404
0.01549846530503 0.02637740979219029 5405
0.01546248489043415 0.02686032218123336 5406
0.04571913489473467 0.0360397665028649 5407
0.04555992654116581 0.0355998766468457 5408
0.02558502302344668 0.009322262571031241 5409
0.02519663170622317 0.009623880685047086 5410
0.02513511367258312 0.009161271012070558 5411
0.05950219641108331 0.01688687837583951 5412
0.05964436579382085 0.01641711690033371 5413
0.05976062978669117 0.0173171288371029 5414
0.0593147479055874 0.01610908420892099 5415
0.0377972563508906 0.04699394413361932 5416
0.05646460137372694 0.01565407703278293 5417
0.05607674319956234 0.01533726658423714 5418
0.05653706104389483 0.01515319794076316 5419
0.05614652140292638 0.01484113602152384 5420
0.05567260856155917 0.01502920105429923 5421
0.05575371457003841 0.0145250097979259 5422
0.05632179594743655 0.0143564565375257 5423
0.05525736233586949 0.01472264980991023 5424
0.05521247459790127 0.01522840205598306 5425
0.02696151524574276 0.00681764605846126 5426
0.02646925999692348 0.006654322881806514 5427
0.02607021538770565 0.006975791900083253 5428
0.0259910448513999 0.006450723653634079 5429
0.02560285490532278 0.006746170777778636 5430
0.02549090730976193 0.006203913506401856 5431
0.02565294154571013 0.007245893770331253 5432
0.02519670893241138 0.007034360672700312 5433
0.02522047277498976 0.007508478524750128 5434
0.02478752619106848 0.00732262779724319 5435
0.02479310734990789 0.00781962948724987 5436
0.02431868398164233 0.007610627000587386 5437
0.02324642227574208 0.008372222359471264 5438
0.03010187573196652 0.01172337360403555 5439
0.03010707369049598 0.01216799846079606 5440
0.03535693454349193 0.04558631347431257 5441
0.03578117673055932 0.04556793978843259 5442
0.03794892430087916 0.04977543561474305 5443
0.03842525413949031 0.04958243141724478 5444
0.01535017455569966 0.02252567436471865 5445
0.02909577200403581 0.006373695318618915 5446
0.03127149777449513 0.00820092470695772 5447
0.03148238867655545 0.007686134315536396 5448
0.03119417348306524 0.007250104210313881 5449
0.03171062882156498 0.007231432867149664 5450
0.03175173928988675 0.008093361948901485 5451
0.03143315371470823 0.006808247860749791 5452
0.03090333708587437 0.00674031848747254 5453
0.03194238426414513 0.006778850232506229 5454
0.03224397658662866 0.007205967769115897 5455
0.03248268366909166 0.006717702611411594 5456
0.03119657733498953 0.006372880131166887 5457
0.03121985102523158 0.005835564906097025 5458
0.05817219192580257 0.01581072374527717 5459
0.05804106484193525 0.01536320309038326 5460
0.05748021668983212 0.01528255887419554 5461
0.03143597349008947 0.009821441293157738 5462
0.03269987739258145 0.04729577545914507 5463
0.03727853797883929 0.05068663904178257 5464
0.04984680492034523 0.03794718093979421 5465
0.03012446393907221 0.00679657872872684 5466
0.03335126195768975 0.04639975710024288 5467
0.04877485173613891 0.03821928045370296 5468
0.02038982925179201 0.02323079074644661 5469
0.02055515929184061 0.02371069028153515 5470
0.02088723442285386 0.02330658048287129 5471
0.02105225388082702 0.0237668286574868 5472
0.02917993744258954 0.01216319751013124 5473
0.03701562543590729 0.0461459707463569 5474
0.03694215893083151 0.04562260636779901 5475
0.03757997248477125 0.04610423510933571 5476
0.03652007101866526 0.04544038294411168 5477
0.03690802609677604 0.04513866457114968 5478
0.03646207678107694 0.0449424649690199 5479
0.03734303860508794 0.04534694732036371 5480
0.03732500067513151 0.04484701509495142 5481
0.03828111102476849 0.04457791459038488 5482
0.05991026144962983 0.01913558521820169 5483
0.05418053294369705 0.01798521442787193 5484
0.0542064589801821 0.01748638929880842 5485
0.05378236720176484 0.01765554916296579 5486
0.05750954961588756 0.02143327311980441 5487
0.05078653638679499 0.03720410942442849 5488
0.05128733498127949 0.03714784781713652 5489
0.0515472911887475 0.0367092756942777 5490
0.0169254158159035 0.02711925233649139 5491
0.01646815876542168 0.02738145054166843 5492
0.0256882762582228 0.008575931766202263 5493
0.03567244986086135 0.05140953553584342 5494
0.03620610063334309 0.05124476682375273 5495
0.03606005055826039 0.05175686402505604 5496
0.03421938034259722 0.04577685469208948 5497
0.01864410868001501 0.02702383641252219 5498
0.05420678108481547 0.01902761996957607 5499
0.0537544122653036 0.01879433377678339 5500
0.05376008714198065 0.01930680749581046 5501
0.05338670511476727 0.01910356721887636 5502
0.03061835438793451 0.01136170223167948 5503
0.02051958180230817 0.05500020943512785 5504
0.0210107808299435 0.05485327236000048 5505
0.04705470560722415 0.03775572212258542 5506
0.04655209869016936 0.03796862714842963 5507
0.04700035166538895 0.03823125641860327 5508
0.0161696707307714 0.05881297368975931 5509
0.05995437719845399 0.01860186085504224 5510
0.06036200277972226 0.01890256203319159 5511
0.0573055017212218 0.02183818609933143 5512
0.05683752561801465 0.02189038215815955 5513
0.04372477731574315 0.03687558366651005 5514
0.001856518985115678 0.08337847950763722 5515
0.001842422005209593 0.0842931247625318 5516
0.05430688859743157 0.01396520630527456 5517
0.03238219239750122 0.04894005282862374 5518
0.01851879110179626 0.05411087053637362 5519
0.05143878673268816 0.03560947430557643 5520
0.0519096689690369 0.03579824114562 5521
0.05431416164294785 0.01962713622756052 5522
0.05387020966278158 0.01981027779175303 5523
0.01746715828669898 0.05982855842509978 5524
0.001853164636198334 0.08137848232055347 5525
0.08897296872799312 0.007341812487406296 5526
0.02712478683778447 0.0846262647252112 5527
0.02761718938459065 0.08438183994127699 5528
0.0151181186922249 0.05706315152177697 5529
0.07532082806448476 0.04500630050741478 5530
0.07608570111622212 0.04442025422199553 5531
0.07586507639753837 0.04541568123223674 5532
0.07590576247767554 0.04598793171036625 5533
0.07632056209446486 0.04564111625762077 5534
0.07633713077150323 0.04524222979871008 5535
0.0301216796342004 0.006038787627720692 5536
0.06936417064993609 0.05075066996468727 5537
0.08852570935954446 0.008402850410069915 5538
0.001844778763903855 0.0763784893528445 5539
0.001846455938362766 0.07737848794638645 5540
0.01791875462959141 0.0209015859925223 5541
0.01760574185611909 0.02045881531830125 5542
0.02136940889097618 0.0234273490442447 5543
0.08501445331080815 0.01925187431483692 5544
0.04997495388529052 0.03282311188018219 5545
0.07640237548253061 0.04296554991084587 5546
0.0769956557251838 0.04329871593616733 5547
0.07750990677208816 0.0430646718562543 5548
0.07745885562473576 0.04356048043953804 5549
0.07703710402274758 0.04385503374245468 5550
0.05636588066194882 0.06871437046785908 5551
0.05599021866330544 0.06904148201735477 5552
0.01760572171943977 0.06130086218450237 5553
0.01800353049404009 0.06180764950697536 5554
0.05770263835245668 0.06786849874059106 5555
0.001833038542691956 0.0693784991980515 5556
0.05273037702873511 0.0385987803915798 5557
0.05268695109558526 0.03961589558091953 5558
0.001829684193774328 0.06737850201096775 5559
0.01451977195414428 0.02220739767515463 5560
0.08545793549378572 0.02479262333497385 5561
0.08498489906556911 0.02507163016537168 5562
0.07096760098291523 0.05372220215150472 5563
0.07366274883617877 0.04828805581217993 5564
0.07377865625536337 0.04908060332147429 5565
0.0628912261729342 0.01634289021620816 5566
0.05979032418981476 0.06596438553174547 5567
0.05297803271513585 0.03089748155806628 5568
0.05295834729472941 0.02990497264505343 5569
0.0537683093029602 0.02940493471809354 5570
0.02134270811042126 0.0575681637692291 5571
0.05171015438522361 0.03321654935658292 5572
0.05206735379535296 0.03295716893006358 5573
0.02924382205503854 0.04740802998828554 5574
0.02010047238994224 0.086267200311968 5575
0.01731540605612808 0.06032792966833952 5576
0.02732799067548791 0.05594735000857863 5577
0.02806941516752543 0.05660505612836363 5578
0.02904437449737627 0.05626679731878559 5579
0.02883895597461789 0.0572461062287396 5580
0.02788673197686957 0.05759045972587815 5581
0.02865200254772701 0.05822891664166763 5582
0.02774655174371685 0.05855703956382069 5583
0.02848200113220686 0.05917317990750796 5584
0.02757249681438419 0.05953235458945362 5585
0.02944345011789877 0.05888207619931266 5586
0.04650096806182821 0.03844696382659291 5587
0.02540209927188509 0.008229250170379069 5588
0.02119995722589443 0.05810119912729636 5589
0.06268995608583201 0.0593820731251777 5590
0.03184917852801813 0.008967731460772475 5591
0.02435572386057174 0.008133265388409895 5592
0.02064456854906683 0.02278972920833307 5593
0.06147142853754782 0.001853523016982425 5594
0.06631976463662512 0.05916998527530709 5595
0.0234313281410624 0.05899221642449784 5596
0.05360624884696812 0.04037387409816926 5597
0.06030713485606748 0.01941245601548276 5598
0.06074591442971477 0.01924481459516374 5599
0.02334137438904103 0.02660261728380333 5600
0.08320155706546134 0.03182267621614103 5601
0.08278342365132929 0.03209001440274285 5602
0.08228321076419934 0.03194100148921365 5603
0.08240753890681257 0.03244118178067927 5604
0.0818239532327675 0.03241660422528488 5605
0.08287382329189738 0.03258275385633878 5606
0.08253648535588616 0.03292984368758374 5607
0.04298912487792715 0.077890902637199 5608
0.04249655624041263 0.07769322159199399 5609
0.04260262197425903 0.07820761278379987 5610
0.04433553950376642 0.03197325432277496 5611
0.05695071851101915 0.01547536572115556 5612
0.01588768581281928 0.05849797567413753 5613
0.01566363735802755 0.05887166255514961 5614
0.05857467847603409 0.01595487573438721 5615
0.02837339200191694 0.005650477143171878 5616
0.001786077649971941 0.04137853859095997 5617
0.001787754824830734 0.0423785371845012 5618
0.04469132204952415 0.03566829067709046 5619
0.01778575094377303 0.05359258671270563 5620
0.01731692239448655 0.0533894987663824 5621
0.001836392891609792 0.07137849638513599 5622
0.04242971297200845 0.001908431916091649 5623
0.04158396727885951 0.002373655123736149 5624
0.04156316294401889 0.0033232367470033 5625
0.0406975768264988 0.002825453682521552 5626
0.04069571985901827 0.003817176740392905 5627
0.03982848083805447 0.00331737795642055 5628
0.03982950628122667 0.004315788633477508 5629
0.03896240115016619 0.003816587460664461 5630
0.03896075461029323 0.002816660847233608 5631
0.0380953608070693 0.003317588042953297 5632
0.0389640003380626 0.004816393381568751 5633
0.03807441882887203 0.002350813256128403 5634
0.03722467701268205 0.002825639562218568 5635
0.03722953837187599 0.003820139539091709 5636
0.03636256945921345 0.003321776005577454 5637
0.03633849613777168 0.002369115727150699 5638
0.0354964496623737 0.002821946174284946 5639
0.04080359723896506 0.001758424940054355 5640
0.03696259069504524 0.0523099936825008 5641
0.07655436461569186 0.04362265226552375 5642
0.05687454964871633 0.06855079686406648 5643
0.08713534404414183 0.01865101981203411 5644
0.01978764971785991 0.06049119712015659 5645
0.001777691775678318 0.03637854562325334 5646
0.001779368950536875 0.03737854421679458 5647
0.01407194337717808 0.05642002703433767 5648
0.03562607244927204 0.04518136727876661 5649
0.02878612840591982 0.01660104627082895 5650
0.08880063740692415 0.006482041231495213 5651
0.08743804141468457 0.01695002734021959 5652
0.01762784366443928 0.08533512941727814 5653
0.01739839048953162 0.0863242206942398 5654
0.03456000808615507 0.05130928590192402 5655
0.07552284066415305 0.04274719502186432 5656
0.07455911241414161 0.04221764026814866 5657
0.07486113347486817 0.04805921651845887 5658
0.07444860585792222 0.04833564399460599 5659
0.01384368195691364 0.0551288774172254 5660
0.05251254977112535 0.04047919603315812 5661
0.02685411841439694 0.004940140587007355 5662
0.001765425675855678 0.02826874705057777 5663
0.03022782767400353 0.04633253035894611 5664
0.07207943863887836 0.05252155508418154 5665
0.07169399097467051 0.05283131643240734 5666
0.001807880925809482 0.05437852029492266 5667
0.06672561527126712 0.05898910262722495 5668
0.06683817634952338 0.05856357919305522 5669
0.01588579535161102 0.02719216235385012 5670
0.0887574575171534 0.005670012756074067 5671
0.05860348755601201 0.01546707414822265 5672
0.07101901680475739 0.05231265093187997 5673
0.08661927522555196 0.02090060099942673 5674
0.007928375344412951 0.08852613609460484 5675
0.0523772506589263 0.03549216142442112 5676
0.03506973727128595 0.0520549995373408 5677
0.03119999074465263 0.01043764611789032 5678
0.02837535899377768 0.0601882566523673 5679
0.02338426612120044 0.05705123309737695 5680
0.08355030104015262 0.03094190904324165 5681
0.04550557977345428 0.03648458500338725 5682
0.08683966160809375 0.001486220468294566 5683
0.05418242204109719 0.0217091953792661 5684
0.08849753918626019 0.01214402747564273 5685
0.05082944849716782 0.03771075790832191 5686
0.08153034728965626 0.02452805986370999 5687
0.02226472211632368 0.0585871132701916 5688
0.0475172746941266 0.03089382929995376 5689
0.06529366697091527 0.01476487712878557 5690
0.01608155920351221 0.0592710384494988 5691
0.03062134385907607 0.01188616772388998 5692
0.04342548482334997 0.03140257924040873 5693
0.0153132467532002 0.02122145096004396 5694
0.02658141060411898 0.05518806610684369 5695
0.01673274808505631 0.05418600867323995 5696
0.001728732941549238 0.006272016270273847 5697
0.001729053704776114 0.007378586410556026 5698
0.05926540546594321 0.06642912834713735 5699
0.08839581080852521 0.01130755916562646 5700
0.02256916095326113 0.05336555541413091 5701
0.02654018545170404 0.005859138087901505 5702
0.03206525056475831 0.08098774640582226 5703
0.03270331411789168 0.08147510006581743 5704
0.0326299324908408 0.08215842590330838 5705
0.03322382007650682 0.08190540897246021 5706
0.03334153118693827 0.08126202189873025 5707
0.03381127758250958 0.08173461984807272 5708
0.03396175536554526 0.08115295552756988 5709
0.03438743434978501 0.08156341259957764 5710
0.03452822503589526 0.08099109752357016 5711
0.03494369980184482 0.08139698771981943 5712
0.03508276356922552 0.08083676397123174 5713
0.03548299156909708 0.08122881295301715 5714
0.03533935697163689 0.08174182150851406 5715
0.03366676364913106 0.0822425515319679 5716
0.03421849545490765 0.08203496052564757 5717
0.03560893420873701 0.08064518152910638 5718
0.0360236899975819 0.08108613132662791 5719
0.03619417296694544 0.08045223103576769 5720
0.03639809915216643 0.0798124223577148 5721
0.03679449579389467 0.08034682963720187 5722
0.03661534216668783 0.08090508005076411 5723
0.03715009053712992 0.08078241289495197 5724
0.03732489149264636 0.08031074503689969 5725
0.07299597888584763 0.04964848842985072 5726
0.07793117311024425 0.04332870224345284 5727
0.01585766209286938 0.05602898333769107 5728
0.07803087486384548 0.04283687125327046 5729
0.07841115392810155 0.04263712828144327 5730
0.05944464803306298 0.02017238953605124 5731
0.02598589544610154 0.05131069568012821 5732
0.01130959980698666 0.02590393124129029 5733
0.01038981996657434 0.02641524956745205 5734
0.009085646262815134 0.08813153345913544 5735
0.009628726665289362 0.08781947998111614 5736
0.009620539804870515 0.08829082387715849 5737
0.01007067116875819 0.08813888812834861 5738
0.0101467760522048 0.08762226326611322 5739
0.01057629996296634 0.08794888276895708 5740
0.01065490006728343 0.08741627956158585 5741
0.01112122713272054 0.08774140445022857 5742
0.01118965931415242 0.08716221806402552 5743
0.0116903115858883 0.08751974321515399 5744
0.01065266061103892 0.08679064544046175 5745
0.01101369558079374 0.0882190151303331 5746
0.01180654703260152 0.08687155211151266 5747
0.01225603698251265 0.08729582079874848 5748
0.01216122008952942 0.08786889482575522 5749
0.01269241246416297 0.08770005882992622 5750
0.01281123639206586 0.08712321491956329 5751
0.01323750925614604 0.08753158593758781 5752
0.01336852778001589 0.08697317458803663 5753
0.01379505657486096 0.08735218155482408 5754
0.01363509737067495 0.08784442097036899 5755
0.01392768916235861 0.08679861144285919 5756
0.0143448836098062 0.08719540467789685 5757
0.009919640960580917 0.08862565789077681 5758
0.01259107895884818 0.08820507971368105 5759
0.01164033339707864 0.08809029865305618 5760
0.01419247959049624 0.08770500598182109 5761
0.01471663434476468 0.08756813440329861 5762
0.0148809978002958 0.08707771508699558 5763
0.01523512431471355 0.08747142066969656 5764
0.01539997232688287 0.086971419325102 5765
0.01575027310997401 0.08735004356799005 5766
0.01591711560532795 0.08685700394430453 5767
0.01627282550180147 0.08723168874887134 5768
0.01506565835831774 0.08797568819497345 5769
0.01644856732124744 0.0867660655381135 5770
0.01679615998687837 0.08714437477825265 5771
0.01665271776730468 0.08760358199321797 5772
0.03793744983597908 0.04644263816500344 5773
0.06043105965860523 0.01833046394677656 5774
0.06036669481343775 0.01777523182918326 5775
0.01500580575873319 0.02662488143991608 5776
0.05284238504051303 0.03190486798881045 5777
0.03487606171247219 0.05422562682955841 5778
0.03109789854470858 0.04439112136035828 5779
0.05772824786993888 0.06668513744186788 5780
0.05707229377787285 0.06618572305954805 5781
0.05637014306279327 0.06572630382881853 5782
0.05485883685861753 0.01599805284340657 5783
0.02698874038878235 0.05696304891293426 5784
0.006910238341232885 0.08636068707265705 5785
0.03314867981358143 0.08244152478585187 5786
0.03272072612260075 0.08274349024939404 5787
0.04615179436552775 0.03765831227501066 5788
0.0140665764146175 0.02577640790340999 5789
0.01450341238739216 0.02596993802184117 5790
0.02144674609941283 0.0564568512726373 5791
0.08380141255300175 0.02219831913813922 5792
0.02033649146546646 0.05977980471948845 5793
0.01402335337381837 0.08817114693957281 5794
0.02122802838557337 0.05586310386059969 5795
0.0530753359719395 0.01711103827476393 5796
0.07895961805590637 0.0375470233530661 5797
0.07957312532250521 0.03800225616087524 5798
0.08019256565139775 0.0375962662917983 5799
0.02966491144714544 0.01250249596579808 5800
0.01453213570449294 0.05869265630374285 5801
0.05378050048055526 0.07112975804849901 5802
0.05032719197436177 0.03814321672017557 5803
0.06770923960771964 0.05689985628491327 5804
0.06948139179049324 0.05560285406625734 5805
0.06955530647910124 0.0550736836550021 5806
0.03244909068350148 0.04780566610120531 5807
0.03146638915767722 0.01094998741875741 5808
0.01214390041227682 0.08836963835629724 5809
0.01498206676804584 0.02708857797600927 5810
0.05118993511754101 0.03399617845347588 5811
0.02612866860818637 0.007580433383843885 5812
0.03287205894534503 0.00722509747877163 5813
0.0536208095913321 0.01343281900809635 5814
0.05137076125609676 0.03618177443318035 5815
0.01603703166978845 0.05550610445472784 5816
0.05914651463286608 0.02063202655928761 5817
0.01338469534085702 0.02451721627136576 5818
0.06586928334435815 0.05332590258192246 5819
0.03628962716883816 0.04397576042570373 5820
0.05554790311329696 0.02151201761070295 5821
0.08721760176977857 0.01425441517193088 5822
0.08787152047453255 0.01475370729671234 5823
0.06176938294573436 0.06006568709101399 5824
0.06370338817612554 0.05911573836443234 5825
0.02907680048970787 0.01272846991778285 5826
0.008857531858310716 0.08869233745312689 5827
0.08185416446553248 0.03495065785520692 5828
0.0814614740402245 0.03526951277597361 5829
0.08093759726188002 0.03515422404177612 5830
0.03748394454359995 0.05341754433087872 5831
0.02707715280351238 0.01233227602291354 5832
0.0267303932316563 0.01273218854229636 5833
0.02662367051544425 0.01220606632815856 5834
0.02688596899067528 0.01323902803784383 5835
0.02637470349034231 0.01308373882936802 5836
0.02353783427902473 0.05568814582924639 5837
0.08697608634688388 0.01992979507992698 5838
0.06288249406333027 0.02329554591391993 5839
0.03478143418295901 0.08186935316249722 5840
0.04519462467937236 0.03443978410813524 5841
0.0385928224863779 0.04906435921032404 5842
0.03994262205159101 0.07815656365093387 5843
0.03915846903846823 0.07878193004850727 5844
0.04067282580556753 0.07856851873430359 5845
0.03995377554153155 0.07894205633145618 5846
0.03850809863440793 0.07846137286047225 5847
0.03867421640089022 0.07918528174449908 5848
0.03921944450334913 0.07942053952438224 5849
0.03878999420819819 0.07975658853128408 5850
0.03825504080077698 0.07962193097790637 5851
0.03838854596113161 0.08011455281463768 5852
0.01993918477384695 0.001768576076498128 5853
0.03108208317990448 0.04614862810419317 5854
0.03284336505919127 0.0806954892573786 5855
0.05917431790514348 0.06686795404115702 5856
0.02422975586324356 0.08494052157139113 5857
0.02459154865929331 0.08529092049841942 5858
0.01550538441998241 0.08635925251183793 5859
0.08631219968441255 0.02199264209050117 5860
0.01493704737475567 0.05285508914552225 5861
0.03884892900157121 0.04390897911919228 5862
0.04074905204598383 0.0488944643214696 5863
0.02131817899920685 0.02285980998884098 5864
0.02151130224716754 0.05854223083894316 5865
0.0212998201494766 0.05903500633315518 5866
0.02578029168162031 0.01034372529688734 5867
0.03792004496848117 0.08001049314687428 5868
0.03805962701380213 0.08050789316393175 5869
0.0780640011683563 0.03925704735866605 5870
0.07865921486120146 0.03978097415675541 5871
0.0786374827976318 0.0387652524999085 5872
0.07935641324899081 0.03933874417567883 5873
0.06941914976782733 0.05612269829522006 5874
0.02327852886707825 0.0538921210274645 5875
0.06155225998133436 0.01708650158776886 5876
0.05979037648265228 0.01590829404979476 5877
0.02590755756530878 0.01133538468545298 5878
0.01330105121326062 0.05973497769813669 5879
0.016499894754428 0.02973362348655009 5880
0.02963064179069333 0.08149321639835413 5881
0.04211456114239415 0.07801878841422533 5882
0.03890620210083001 0.08025933930974356 5883
0.06167252711547544 0.06359021652380409 5884
0.01945650032534278 0.02149888968147223 5885
0.02004291030612483 0.08680288995438344 5886
0.05983796502441942 0.001726536952454033 5887
0.05514459752760419 0.02482111061023638 5888
0.01963996501488692 0.02644532556999794 5889
0.02470851223672556 0.009485777216095913 5890
0.06107331755421963 0.01755103301770521 5891
0.01311567264365463 0.08800110728961807 5892
0.08839500521685154 0.006034116221254451 5893
0.01499880396939981 0.02297441332191004 5894
0.05449355819570637 0.0226966251078701 5895
0.08627192704350906 0.01894454286845577 5896
0.0461770883642967 0.03279223098592726 5897
0.07750862769323551 0.04407100489111939 5898
0.07705186698973569 0.04433738921628332 5899
0.01706844412542386 0.0205731262284834 5900
0.02142195202279266 0.0863821744547083 5901
0.05427183125832295 0.02115097112410884 5902
0.01595765515463851 0.05975711423270356 5903
0.03460800301844748 0.08034681189124512 5904
0.05241438817513725 0.0349809249127568 5905
0.03806869830229387 0.04592818801791378 5906
0.06782059346427505 0.05739064560160935 5907
0.06746955395480606 0.05777630299692647 5908
0.08583211600422996 0.007719321286959957 5909
0.06207539300432902 0.06390528181092844 5910
0.08738986250447489 0.01786003866297341 5911
0.01468774509983091 0.01947062232663019 5912
0.0434829829143066 0.07801101648179562 5913
0.03510458454560228 0.04510632347773763 5914
0.03282080984305724 0.04627967830857612 5915
0.03047393547936175 0.006416066863033424 5916
0.06844759428478805 0.05279066727927606 5917
0.05315664228808155 0.04127723557744025 5918
0.08784544088401923 0.01667991597826272 5919
0.01659387611839741 0.06186918519371758 5920
0.0201111999056087 0.05461052720492204 5921
0.0600591774281673 0.01681140356527843 5922
0.03811766185916796 0.0502493590492504 5923
0.04836956501187933 0.03235977787013476 5924
0.06261794436388937 0.02133257023307281 5925
0.06364453034537362 0.02173975190386792 5926
0.08890432293301938 0.008653649717372494 5927
0.06389089810969364 0.06123127538028184 5928
0.06442818541881798 0.06101659566878659 5929
0.06385760339235011 0.06173368483382159 5930
0.06457416193791909 0.0605187214033202 5931
0.06430309955133967 0.06007264131975498 5932
0.06493847709458798 0.06087724279317892 5933
0.06431971547697488 0.06152228890253354 5934
0.01229202670553219 0.05924219294361451 5935
0.01236964961205471 0.06023411636287089 5936
0.05550043919813209 0.03040196890241637 5937
0.06040148475538108 0.02272801417305382 5938
0.05550206203084167 0.0688698380697375 5939
0.05557840958816974 0.06935456683994087 5940
0.05514181928785783 0.06968672085558703 5941
0.05297131914215066 0.02888004810142481 5942
0.01719478554708778 0.05282442657395432 5943
0.07118926314493937 0.04710808676269174 5944
0.04921693351294998 0.03858622986417452 5945
0.05368222288424317 0.0381928836523761 5946
0.04966800085621434 0.03844614890084753 5947
0.08192610548138898 0.03544281272179885 5948
0.03708022382437444 0.07971196664716226 5949
0.04245981917974868 0.0378862365545042 5950
0.01562756983272701 0.08781941309664482 5951
0.01367024041809571 0.05427765427221528 5952
0.01450045125416739 0.05379261456611057 5953
0.03437450504758632 0.05289418729157082 5954
0.003893137535460993 0.08857699243709308 5955
0.004046193307191234 0.08907527865311608 5956
0.003537893732632975 0.08904047806606981 5957
0.06347292575082317 0.01279649428055144 5958
0.0540594266357357 0.01698739516008733 5959
0.08824110365587134 0.0004384505987457613 5960
0.08849977902005926 0.0009009997122583907 5961
0.08901150335628395 0.0008636625930929995 5962
0.08877877289958142 0.001306321141798419 5963
0.08822991165264515 0.001354618861176153 5964
0.08863772687948826 0.001800581177921291 5965
0.0004885234181709608 0.08816241908297823 5966
0.0009271954038229113 0.08849110564411002 5967
0.000876211550851852 0.08901462763966352 5968
0.001312062621421854 0.08879602256880104 5969
0.001433642493757048 0.08827437817443878 5970
0.05644330143016921 0.06473448852264094 5971
0.01746210291815671 0.02717784709866205 5972
0.02248393379123437 0.001394474452327793 5973
0.05704269369783795 0.01502780209723052 5974
0.02974766990924695 0.05697281269404039 5975
0.02994938842261444 0.05602739112820535 5976
0.06096278035019111 0.0169535231756535 5977
0.04745438112934859 0.0393899319403448 5978
0.0137988395055258 0.02165523789671927 5979
0.02219934939293678 0.0143577101410365 5980
0.02112949669479804 0.01389969134809667 5981
0.02110291815057717 0.01286474794732556 5982
0.08621816310396763 0.02252412666021289 5983
0.01986530648886123 0.02232940657393937 5984
0.05185739309775968 0.03774622101905536 5985
0.03139653234812848 0.04792897619180476 5986
0.03188368256693001 0.04820190805318551 5987
0.02076824265731139 0.02190969871509818 5988
0.06993966162271079 0.05540326455337112 5989
0.0675745406490319 0.05639784656442266 5990
0.0393180377820845 0.07990279932253491 5991
0.03971773656727774 0.07961786647193643 5992
0.05348544900339418 0.0248516479841178 5993
0.02859659711960929 0.00280309615254197 5994
0.02853956085402442 0.00187345930545562 5995
0.02762049878003044 0.001392805681115314 5996
0.02941532496713119 0.002377211447715757 5997
0.08697313756787545 0.01567206390534521 5998
0.08741316117824649 0.01548091283708752 5999
0.08154220013919548 0.03576979101238404 6000
0.08157250272714546 0.03628579162437564 6001
0.08114038122133177 0.03603903577718461 6002
0.08118834230717584 0.03655964632295085 6003
0.08111706799502226 0.0370219354107628 6004
0.0007671960386927829 0.08646888462438949 6005
0.05340645232665462 0.01968867343029897 6006
0.01451198444337936 0.08660105318062522 6007
0.01816196998557398 0.06275479408329276 6008
0.04764886407139865 0.02781197543329317 6009
0.04853549098563559 0.02731341570938392 6010
0.03896042965561805 0.001780233763920738 6011
0.08843643827059849 0.01079680596475819 6012
0.04511291494868257 0.03537585220915131 6013
0.08781236445700562 0.00621204163425226 6014
0.02617510956544637 0.08245520752099314 6015
0.03285214451383262 0.00961092367775495 6016
0.03384873399438824 0.04185863824320052 6017
0.03383128704495445 0.04083043918885258 6018
0.0347092257368321 0.04133206270332906 6019
0.03381639654326715 0.04279875615702239 6020
0.06031865855405972 0.06504932358132214 6021
0.0604610331463739 0.06555304027618289 6022
0.02598707932660637 0.005889815753136629 6023
0.08492309129754533 0.01521045726114782 6024
0.08403913696885398 0.0157375429510359 6025
0.02342381359204915 0.006807047215737296 6026
0.06115587369437918 0.06489254071334263 6027
0.08645640581265034 0.02143681438761509 6028
0.01719233386872549 0.06081769935077535 6029
0.05213443064637072 0.02929665088127498 6030
0.05160260678176551 0.02830753448507656 6031
0.05077242323783122 0.0281542302500618 6032
0.06321835179735533 0.06281706441676692 6033
0.06284866216988831 0.06313306915837055 6034
0.08793135533933277 0.009686973761778263 6035
0.08845308995721488 0.009895646780975858 6036
0.08879668990397954 0.009573373297584148 6037
0.03433955447150921 0.04529714710625227 6038
0.05978020419592856 0.06184085336783705 6039
0.03815203787759553 0.04814198649636995 6040
0.0123681515709502 0.08663018354110519 6041
0.01747561636060007 0.08037345892972594 6042
0.05647918020929241 0.02146531536532531 6043
0.06481589266335248 0.06135132191077726 6044
0.06536925622814654 0.06069280234897116 6045
0.0890811578227334 0.00438443976055683 6046
0.0891083017591833 0.003888030980716065 6047
0.04678386084436061 0.04326715530133917 6048
0.07487832655735005 0.04856250163160836 6049
0.07448630289374765 0.0488573220147965 6050
0.07448461074337516 0.0493480110393956 6051
0.0488258566341484 0.03100677317304749 6052
0.03206659472462894 0.001699119258204033 6053
0.03289753851767793 0.002326304305617921 6054
0.03112597429141326 0.001484136983721331 6055
0.0128581083836126 0.02488882572697321 6056
0.004954283828765865 0.08900636989446593 6057
0.08795592683472531 0.0009414041018744809 6058
0.05113505687559113 0.01681562374817095 6059
0.01806826451064642 0.02010080548231008 6060
0.06024834845181459 0.01730914963922353 6061
0.0616109900630077 0.02041275266344796 6062
0.02874742933624208 0.005991775993190958 6063
0.01738428721758634 0.05391296075530044 6064
0.08412790699127053 0.02068054126093569 6065
0.02090632611758606 0.02556473654587146 6066
0.02046029123504695 0.02539797320739939 6067
0.08065286967985265 0.03181117282816799 6068
0.01451925166596002 0.02739790477214744 6069
0.04590866312582911 0.02882328515859243 6070
0.04766423299110649 0.0319363232511815 6071
0.04721935167301186 0.03180375959237058 6072
0.03647340088688491 0.08137349048144933 6073
0.03114951897832441 0.01139405041041214 6074
0.0736757238357109 0.04273928095160454 6075
0.06520617745419839 0.0137532722147937 6076
0.01911315284787733 0.06315754510109842 6077
0.03654429998624052 0.05201041343965805 6078
0.02683743812462096 0.01605132692194397 6079
0.02710268498121779 0.01710669702698222 6080
0.03695001483283743 0.05286615173431128 6081
0.04656035280197074 0.03248348808671285 6082
0.03358074503969567 0.0827442981730723 6083
0.08926337753634833 0.001251140779383604 6084
0.007876943941301947 0.001786621538092309 6085
0.01574417075817985 0.0813597442749829 6086
0.02314448164746509 0.02745578588252069 6087
0.01047006850740426 0.08845874610380539 6088
0.01958101077979258 0.02697016071150941 6089
0.02869363562115409 0.04895009353236313 6090
0.01486119681506702 0.02524209791218079 6091
0.02838831544751722 0.01221553499597666 6092
0.03071018849973588 0.007273553736738957 6093
0.03399920408917102 0.05118990211708822 6094
0.01281337506077126 0.01978412008652187 6095
0.02944817405789317 0.01587112139286981 6096
0.06569803567319542 0.06011722767222072 6097
0.06604659622740329 0.05987860251544931 6098
0.03393549032366243 0.05467417797070855 6099
0.06324326152092494 0.01781892533166252 6100
0.01809224942410633 0.001775504229631103 6101
0.001660078358091427 0.08605847739230599 6102
0.06373524526189095 0.01576437856454799 6103
0.06455855795818263 0.01626811526590759 6104
0.02012663353978225 0.08383205054305309 6105
0.01615944040761277 0.05408943522734623 6106
0.04849030711088917 0.04224036724789069 6107
0.0485083398507123 0.04323990898982506 6108
0.04937158684200796 0.04274124670739246 6109
0.05025644780330547 0.04324250939169987 6110
0.04851408219379175 0.04425373262144845 6111
0.05023938678519878 0.042242828186802 6112
0.05636172818312243 0.03088989634651127 6113
0.05636867765896852 0.0319006875408872 6114
0.05720934358377144 0.03135185291003602 6115
0.01124609528636348 0.001862616909703158 6116
0.04433497949322707 0.03602759024567336 6117
0.03384850468128591 0.05578673597792604 6118
0.0537513427415756 0.02835521470944932 6119
0.01617405209480793 0.01739444993069005 6120
0.01615081384365257 0.01644241155056716 6121
0.01528423754656403 0.01590946310138586 6122
0.01699804208251459 0.01691825320977557 6123
0.01704985684934662 0.01593436739643091 6124
0.0178599418224514 0.0174725193166602 6125
0.01874669931222683 0.01694039571658704 6126
0.01954869718646262 0.01767492788201685 6127
0.041734698593719 0.07530371272846598 6128
0.001257543299922524 0.08927536368739146 6129
0.0170516582933756 0.02836723818876473 6130
0.01714183200759199 0.08751729084153714 6131
0.01730874465185452 0.08705340247228591 6132
0.04519751838747857 0.0359975982058246 6133
0.03263774253353001 0.05073632227020633 6134
0.004341808449292807 0.001912017471222556 6135
0.003478112635936968 0.001421260584408154 6136
0.005100950137033176 0.001572353788900534 6137
0.02527342748806684 0.01013627938192797 6138
0.04081817540111618 0.05180420746935985 6139
0.07800154340209677 0.03621975069637028 6140
0.04153026048273458 0.04624909736149013 6141
0.04242191713842403 0.04671012676757857 6142
0.02701721808666955 0.08186553625217738 6143
0.07803088977173239 0.03719323740042664 6144
0.02276168430728889 0.05848747758267475 6145
0.02006067521076328 0.08286089250425632 6146
0.06181428224592544 0.05910799287522001 6147
0.05186488471800969 0.03629160305393948 6148
0.06500131068183947 0.05278757838325069 6149
0.01982343327502071 0.08522037986467032 6150
0.06295379583758068 0.06365149216801354 6151
0.06243579885484373 0.06348855854925775 6152
0.02056164761857359 0.08657911804087304 6153
0.02092402787862327 0.08701974889052096 6154
0.04849679911167355 0.02839103725050643 6155
0.04939220817094876 0.0279583949070782 6156
0.04938954036584468 0.02685721482804577 6157
0.05666187939512024 0.01472115991197186 6158
0.08248525412199058 0.02414254765008427 6159
0.08270751751363281 0.02321750185274433 6160
0.08164571933716719 0.02331936329654469 6161
0.02192718838735411 0.01231862339356758 6162
0.02100133588629818 0.01189304288808168 6163
0.02092880017537055 0.01090448317878631 6164
0.0201008002958861 0.0114685861035532 6165
0.02001861758250264 0.01046726531026594 6166
0.0191968410081866 0.01103150646456503 6167
0.01929676328748158 0.01198724308909848 6168
0.01908962647293055 0.01008211229904495 6169
0.01991836794520615 0.009520786599993919 6170
0.01836607609289284 0.01161918899626816 6171
0.01861957882695107 0.0125457165068258 6172
0.02020419985205551 0.01242756355648383 6173
0.0231733586040496 0.08598145107851959 6174
0.02270392129066286 0.08631600450564911 6175
0.01607402428106578 0.02766229105364972 6176
0.08573756338741997 0.00279049191327805 6177
0.0276562354529263 0.08386595973648216 6178
0.02809073014888943 0.08416165182300128 6179
0.02809589668031966 0.08464304513665351 6180
0.05563821105421408 0.01552302694596519 6181
0.08543306902083203 0.02530550430319812 6182
0.0860619751478278 0.02474778451966649 6183
0.08207072539511806 0.03285612927056686 6184
0.05888422672577318 0.01125909875341987 6185
0.05802494955932634 0.01078178771818936 6186
0.01693140756253388 0.05371871574881499 6187
0.0567236552060052 0.02239142355613399 6188
0.08577862258024485 0.02573185162066331 6189
0.08532915363856537 0.02587796702448544 6190
0.0851793292611287 0.02638557843045614 6191
0.04266183135942264 0.07871623023869263 6192
0.01739944623101434 0.01135231001106387 6193
0.04239163359069692 0.07718842134441911 6194
0.04251056024233271 0.03184927701372538 6195
0.04688435091779312 0.03875169468334345 6196
0.02626599329112524 0.01254619446866318 6197
0.0144367879213014 0.01654699679073623 6198
0.06503089082970323 0.05579784294364515 6199
0.03224973742175003 0.05042279913728295 6200
0.03177513435488488 0.05062197633482231 6201
0.05550875805273333 0.03241787646777365 6202
0.05634654296502786 0.03289442423018671 6203
0.07712093118368626 0.0357428169107604 6204
0.02713858284072663 0.0523484801865574 6205
0.0381309377645482 0.04234969633946919 6206
0.03901575224025243 0.04183057606627327 6207
0.03897646237328099 0.0428468506445552 6208
0.05807009384960982 0.03079985866114089 6209
0.01274666875615741 0.01765261473189982 6210
0.07283185399449027 0.04523326805210719 6211
0.0753956071768469 0.03975438114315925 6212
0.07453705017545995 0.04025334599047783 6213
0.07539315668268273 0.03875692661771252 6214
0.07453001255398764 0.03925925829718261 6215
0.0736656705196588 0.03976703275718201 6216
0.04508233301922158 0.04129083188680974 6217
0.04507820711791016 0.04229345937560523 6218
0.01135921910708919 0.05882499410313501 6219
0.02188366008677151 0.08660904973171199 6220
0.01573021089693424 0.08337047978206991 6221
0.01486648874515055 0.08285128487799982 6222
0.01485705106791203 0.08385681546586024 6223
0.01399419303879615 0.08333962292672212 6224
0.01399618376391613 0.0823445595062299 6225
0.01313040562203393 0.08283081083868235 6226
0.0131209454325935 0.08382886194141104 6227
0.0122607945540143 0.08331660053817844 6228
0.01225886490405419 0.08232937342148502 6229
0.01139902891958106 0.08280861972113246 6230
0.01138989705302554 0.08382204409037423 6231
0.01053158398130221 0.08330812833021267 6232
0.01053943430022191 0.08229903068473388 6233
0.009668966106313879 0.08278516324383675 6234
0.009673587980542114 0.08179661694829102 6235
0.009676817479444811 0.08382151585305543 6236
0.02426978239235039 0.02134311824529313 6237
0.02426003747294705 0.02034170412242916 6238
0.02339498503911184 0.01985041195356777 6239
0.02256124988061619 0.02042782463093049 6240
0.02254175043589903 0.01942114135146563 6241
0.02252611517302868 0.01836492478496463 6242
0.02153285637606002 0.01906846773371106 6243
0.04335251320169065 0.04627163969995347 6244
0.04422483792171857 0.04679380058254465 6245
0.07366690144730202 0.04075230058661382 6246
0.009546308561505734 0.02588212051756091 6247
0.009541939166977247 0.001916339941665485 6248
0.03908528405296136 0.07582524930510766 6249
0.05461996355854981 0.02988826742856808 6250
0.05632456697450485 0.02982291523228764 6251
0.07279908646133393 0.03926508237581387 6252
0.01302278900340935 0.02985908681312111 6253
0.01302703354123574 0.03085816997974911 6254
0.07193454861630172 0.04474193788190239 6255
0.02944980956283683 0.05428382876353516 6256
0.0329897908703751 0.05732621032868314 6257
0.03385711301560269 0.05782476617902153 6258
0.01832947388027892 0.08289543590371017 6259
0.01219092198898268 0.05537538160016474 6260
0.04164651796806216 0.05130901986135525 6261
0.003587978853087669 0.08537894142757772 6262
0.02513266956825932 0.02084057869596789 6263
0.02599851776599718 0.02033966299634519 6264
0.07972428485092052 0.03227308056191475 6265
0.07885008906950067 0.03176115507106057 6266
0.03385888280629868 0.05882477209742919 6267
0.03472355543449755 0.05832332131199526 6268
0.04600933428170442 0.07181285323686491 6269
0.03471985387247539 0.05731830324849358 6270
0.01661517870466197 0.08086936778918209 6271
0.01745316654144578 0.0793662269421081 6272
0.01216001889263466 0.03036088700771003 6273
0.01302933581417231 0.03185882402831008 6274
0.01216351924392299 0.03236105608887347 6275
0.02679395813408514 0.05421986892710206 6276
0.05546704324881675 0.03629057241708599 6277
0.02924258634249683 0.05528944423097416 6278
0.02089395650556447 0.07434653770379288 6279
0.02002877090781739 0.07484798947697466 6280
0.02435469890003504 0.0723407306138054 6281
0.02348951330140164 0.07284218238698556 6282
0.02523328829276872 0.07983929186563928 6283
0.02523161508369443 0.07883928614597918 6284
0.02426139072534622 0.01934467909450353 6285
0.03299490545839769 0.05932622605664693 6286
0.02089904284676444 0.07734655592522842 6287
0.02521988449865225 0.07183927884233141 6288
0.03040932122636532 0.06783057014997659 6289
0.02954413590972196 0.06833202240824307 6290
0.03040764410334544 0.06683057164618272 6291
0.02868062698463205 0.0698334719105897 6292
0.02781544132032306 0.07033492357000984 6293
0.03019981350612148 0.05975629209895343 6294
0.03126780903215859 0.06332912345881189 6295
0.03040261408410234 0.06383057523557574 6296
0.03213299650049019 0.06282767168529454 6297
0.03040429487675848 0.06483058274723819 6298
0.03213151360974074 0.06182767304812241 6299
0.01126794747123768 0.0228678420992593 6300
0.03040130227204592 0.06283117393313779 6301
0.0295367371096037 0.06333371991597792 6302
0.0347268767294813 0.06032331780920557 6303
0.05982898426429726 0.05278120640377158 6304
0.05636656603827438 0.05378701502002395 6305
0.06155767321630422 0.05077830403974951 6306
0.0606908146881351 0.05027975744215375 6307
0.05550808718454213 0.05828845779418661 6308
0.06415640358993857 0.05127439074758906 6309
0.06242118805172378 0.04927685401689328 6310
0.06241951087686459 0.04827685542335165 6311
0.06328966598601628 0.05077547267025514 6312
0.05636488886343499 0.05278701642651636 6313
0.05550138043996995 0.05428846679286646 6314
0.05205070109582188 0.06229426544534068 6315
0.0529158866941478 0.06179281367253591 6316
0.05032032989916962 0.06329716899095023 6317
0.03549800154955289 0.003822158605365063 6318
0.01223874423245525 0.07736105382306671 6319
0.01310560861792422 0.07785960432337033 6320
0.04858995870251758 0.06430007253656014 6321
0.0641498790757036 0.04727395048502674 6322
0.06328301880069631 0.04677540482488625 6323
0.06761237141577103 0.04626780462839216 6324
0.005225016770481539 0.02637274978370815 6325
0.006090202368500525 0.02587129801089929 6326
0.08313030266695851 0.004242016371282506 6327
0.04685958750586541 0.06530297608216987 6328
0.08140160161941679 0.006244960021864983 6329
0.05888161845479734 0.004282727186043292 6330
0.06061534415072185 0.005279820567473274 6331
0.03641865920223198 0.03632044660490095 6332
0.06497146112551519 0.02077253667286423 6333
0.01649758717590745 0.0348538556484219 6334
0.01476554199756176 0.03485676159372578 6335
0.0346313556723046 0.003323237909121556 6336
0.03465841914443505 0.002368231874222262 6337
0.03554676490813497 0.03282190398052572 6338
0.03468157930980883 0.0333233557533294 6339
0.0650217456240422 0.05077250336018475 6340
0.02515615191757067 0.03383933228637032 6341
0.02429096627093922 0.03434078405925527 6342
0.05982730748482473 0.05178120786285555 6343
0.05629261139098785 0.009787353289316746 6344
0.0268865232522594 0.03283642874053193 6345
0.0632863736500493 0.04877540224408802 6346
0.08309015913406291 0.002283917520300098 6347
0.05550473478928947 0.05628846397926231 6348
0.05550305761460511 0.05528846538602199 6349
0.002704580120364029 0.07087703957841229 6350
0.0277483553398519 0.03033497977925451 6351
0.04512921630921332 0.06630587962777972 6352
0.01909985267319337 0.03734949470912656 6353
0.01996503827043407 0.0368480429344499 6354
0.0658367508959595 0.02027126463465065 6355
0.03302374541641299 0.07732771541748326 6356
0.03388851223040894 0.07682474704840797 6357
0.0321584363303998 0.07782871998882374 6358
0.031291327476679 0.07732928200574878 6359
0.07880604482443829 0.007749315340279471 6360
0.007860825761700375 0.0488683607102797 6361
0.07880772199929703 0.008749313933820724 6362
0.003494658522961838 0.02637565190113564 6363
0.002628077437071094 0.0258771046079585 6364
0.002633884482658319 0.02487709346205262 6365
0.001760920027091467 0.02637855968784031 6366
0.05282028772720294 0.004792893840676701 6367
0.06756701831575201 0.0192681820364153 6368
0.01224034943072483 0.07836088947118586 6369
0.03554508773327635 0.03182190538698292 6370
0.03641027333160241 0.03132045361417778 6371
0.03640859615674349 0.03032045502063638 6372
0.03727545892992844 0.03081900184137275 6373
0.03984921245174344 0.01631466480692226 6374
0.04071607522492818 0.01681321162765866 6375
0.00786418011141796 0.05086835789736218 6376
0.06148052962463318 0.004778369010998054 6377
0.004432038106392991 0.06987414091946442 6378
0.005297150022250049 0.06937268927058431 6379
0.0381339359588885 0.02631755569418499 6380
0.0372687503424633 0.02681900746702025 6381
0.03727042751430562 0.02781900606056662 6382
0.03640356466898798 0.02732045923995111 6383
0.009530818663433884 0.01186550779719306 6384
0.04069625944013987 0.004814070803130996 6385
0.0355920519179487 0.05982186636722592 6386
0.02775170877251667 0.03233497696785635 6387
0.0744784396579493 0.009256575610762607 6388
0.05464290260825464 0.05878991133037776 6389
0.01045470538181976 0.04636400679832377 6390
0.03986430712750656 0.02531465214862207 6391
0.04072949266706235 0.024813200375916 6392
0.03120406516798777 0.02532917690927534 6393
0.06761421560124119 0.04726735969887884 6394
0.06847706422342995 0.04576542824158652 6395
0.06847559445276333 0.04476625866464375 6396
0.08226511121384195 0.004743502736946931 6397
0.05974848125782121 0.004781273954896192 6398
0.05801643288211489 0.004784178914259772 6399
0.07277723844109241 0.002301522598603577 6400
0.01305026217679794 0.04485965147990918 6401
0.02774667768928301 0.02933498118650139 6402
0.02515782904195017 0.03483933087999535 6403
0.04762581978631505 0.005801607290432505 6404
0.0381171640802325 0.0163175697589906 6405
0.03725197848190634 0.01681902153179538 6406
0.08227988439350646 0.01374294449676218 6407
0.07534865678085145 0.01175511961858151 6408
0.008724334185167729 0.04736691034393362 6409
0.01825135313763251 0.04785120892638911 6410
0.02003044808054176 0.07584798806928941 6411
0.004360112860122327 0.02687420108408107 6412
0.002653326337031761 0.03787707913860733 6413
0.00357386154963317 0.07437558656236101 6414
0.03128456956113684 0.07332910939911588 6415
0.03041938396281076 0.07383056117192069 6416
0.02861018554808152 0.02783353082165392 6417
0.007917260985307178 0.0828673639650494 6418
0.01651931383970153 0.04785405395817116 6419
0.02947537114673628 0.02733207904949996 6420
0.07536542476773966 0.02175510556030598 6421
0.07450024173795661 0.02225655732880109 6422
0.07450191886364349 0.02325655592242481 6423
0.07449856493044467 0.02125655873464332 6424
0.06234739238932224 0.005276915846506747 6425
0.04406522562790705 0.001705779012771975 6426
0.04499811668956426 0.001249889008350817 6427
0.06668170622386188 0.007769650004758981 6428
0.06581652062553567 0.008271101777563791 6429
0.05020027564582571 0.002353405123422615 6430
0.08054815624510155 0.01374640194945866 6431
0.04245986378840724 0.02381029676571025 6432
0.04332504938895483 0.02330884499743258 6433
0.004336350723760179 0.01287422124693923 6434
0.005305521158010751 0.07437268226300985 6435
0.006998994513174379 0.05136980967002326 6436
0.007000671689041144 0.0523698082622626 6437
0.01478063337345018 0.04385674793429947 6438
0.06581484345067701 0.007271103184022493 6439
0.06495133502720964 0.008772553550368684 6440
0.07534362525627543 0.008755123837957825 6441
0.07880939917415589 0.009749312527362011 6442
0.01565415766495075 0.04835540785026157 6443
0.0103926499120479 0.009364058837296848 6444
0.009527464313721753 0.009865510610101619 6445
0.0433988451125612 0.0673087831733894 6446
0.003567053738033614 0.07037559235442477 6447
0.003569045347312255 0.07137559042060396 6448
0.00445366972402704 0.08287422878294012 6449
0.03299824459484198 0.06232621990698191 6450
0.008759554854281367 0.06836688079900628 6451
0.0078926920812959 0.0678683339779233 6452
0.006091879558219535 0.02687129660461567 6453
0.01309890024258537 0.07385961068504628 6454
0.07187617416353581 0.006760936555012094 6455
0.07187449698867707 0.005760937961470869 6456
0.04251353400669834 0.05581025284298787 6457
0.04166176521655211 0.06431169234483411 6458
0.04079657961823906 0.06481314411763896 6459
0.04252695081481601 0.06381024057202919 6460
0.08226428212683415 0.02174643713502828 6461
0.07364344320715041 0.02775800206783278 6462
0.08401057581326443 0.01274059345178061 6463
0.03727378404512606 0.02981900324399091 6464
0.06760223859252709 0.04026815181881568 6465
0.06846742419085312 0.03976670004601076 6466
0.06846910136571194 0.04076669863955207 6467
0.0684707785405707 0.04176669723309341 6468
0.06933764131375561 0.04226524405382977 6469
0.06933932734810769 0.04326527804127576 6470
0.06933428809574117 0.04026525195170571 6471
0.06933260997779644 0.03926524912069901 6472
0.06933596545921716 0.04126525139274009 6473
0.0701995118153548 0.0397639014632049 6474
0.04675895700861935 0.005303060469703823 6475
0.04762749696015257 0.006801605883975714 6476
0.04849435973507209 0.007300152704709163 6477
0.01651770050208832 0.04685387486315062 6478
0.00349964166527824 0.02937564776292381 6479
0.003499950722215109 0.03037564865103165 6480
0.002643177059612728 0.02987708490906396 6481
0.002644375626430967 0.03087708430531279 6482
0.003503047231378661 0.03137564486408943 6483
0.002646209589000428 0.0318770826358914 6484
0.003504987093239993 0.03237564301705634 6485
0.002647666245722199 0.03287708159928006 6486
0.003506671296243005 0.03337564159880976 6487
0.002649307838915524 0.03387708025249793 6488
0.001770006756891866 0.03226815615474796 6489
0.001767890402082625 0.03026845131045164 6490
0.03473189878736326 0.0633233135595056 6491
0.072790002148688 0.03525945144293387 6492
0.07105627228468497 0.03426235035338652 6493
0.07018940951236416 0.03376380353267254 6494
0.07018773233764941 0.03276380493913512 6495
0.07105794946071561 0.03526234894695815 6496
0.07019108668755392 0.03476380212622237 6497
0.06932422391472312 0.03426525530549523 6498
0.06932590108963106 0.03526525389903786 6499
0.06325953884433841 0.03277542476254074 6500
0.06412640162182988 0.0332739715751115 6501
0.07361325405962314 0.009758027383567458 6502
0.04851790060451523 0.02130022263938224 6503
0.04938471302693007 0.02179869477253821 6504
0.04765104790148439 0.02080169075616197 6505
0.06670194777787729 0.01976983233010098 6506
0.00692352164445004 0.006369872960809524 6507
0.03206925076627296 0.02482772513638942 6508
0.03293443636457794 0.02432627336354275 6509
0.06757877066561156 0.02626819311313698 6510
0.06671196421657062 0.02576974347213561 6511
0.02523518201091941 0.08084025206413703 6512
0.0839989523247664 0.005739913568590126 6513
0.0744952114065365 0.01925656154617514 6514
0.01569613421262385 0.07335525396121229 6515
0.0200187078897013 0.06884799796930549 6516
0.003459727891622286 0.005375680950317263 6517
0.002605076136262464 0.004877113649539903 6518
0.004369894220939134 0.03287419311775627 6519
0.04504703482784881 0.01730594869208353 6520
0.008772972249952493 0.07636686954734147 6521
0.002663675476477383 0.0438770702200308 6522
0.001791109174547813 0.04437853437158365 6523
0.03809697803459368 0.004317888677268893 6524
0.0372317163259684 0.004819272070071878 6525
0.03809867915951714 0.005317717867771111 6526
0.03896558852758476 0.005816197477784814 6527
0.008699176602379149 0.03236693154428385 6528
0.06498163428163672 0.02677271821472091 6529
0.06411635692671075 0.02727401167185382 6530
0.01471522355396105 0.004856802786190197 6531
0.002657319940738895 0.03887707384708695 6532
0.00178272330025437 0.03937854140387736 6533
0.04512418478463691 0.06330588384715571 6534
0.04425732201145222 0.06280733702641936 6535
0.07276484020988438 0.02025946509178485 6536
0.04253533668909375 0.06881023353973556 6537
0.03388683505555018 0.07582474845486656 6538
0.08313199363810547 0.005241933449854505 6539
0.07105962663602398 0.03626234754051113 6540
0.008665633064944334 0.01236695957028721 6541
0.06242285382229904 0.05027686475970065 6542
0.03640524183132181 0.02832045783351331 6543
0.004324940527263163 0.005874230538626839 6544
0.003479550999732059 0.01837566598744195 6545
0.002622685836495241 0.0178771023989417 6546
0.002622964867599845 0.01687710052449629 6547
0.001753999161293013 0.0172703700523556 6548
0.002626029279678699 0.01887709819785566 6549
0.002627694161329623 0.01987709681201476 6550
0.001756407475661671 0.0192700744060388 6551
0.08572991638844593 0.003758742767880151 6552
0.04242627875684105 0.003813380739431368 6553
0.007891014906837034 0.06686833538438133 6554
0.006152257838096194 0.06287124596158838 6555
0.007017443436398409 0.06236979418912986 6556
0.007015766261902159 0.06136979559558795 6557
0.02089227932941291 0.07334653910905306 6558
0.00875116898198712 0.06336688783129657 6559
0.009618031754972542 0.06386543465237959 6560
0.08141328847290999 0.01324485809321584 6561
0.008652317688040805 0.00436714684614288 6562
0.008653909844735165 0.005366998752614038 6563
0.01564078744720019 0.04035530038087083 6564
0.009562690715043252 0.03086548164496471 6565
0.009564362160613037 0.03186547966800975 6566
0.01044967385724357 0.04336401101769997 6567
0.06413981902436412 0.04127396031649413 6568
0.06500668179754894 0.0417725071372305 6569
0.007790384417634768 0.006868419781546127 6570
0.04505877411075369 0.02430593687593292 6571
0.004386665969526179 0.04287417905316892 6572
0.04945514430084366 0.06379862076375531 6573
0.05895205978412513 0.04628266814040601 6574
0.05808687418579904 0.04678411991321089 6575
0.07879933612500319 0.003749320966114543 6576
0.06581316627581835 0.006271104590481184 6577
0.04156203835791682 0.004314993984895488 6578
0.06235252127511765 0.008276742337481279 6579
0.06841710894509029 0.00976674223977296 6580
0.06755192334676427 0.0102681940125779 6581
0.0148192083928852 0.06685671557887782 6582
0.001759242852232709 0.02537856109429905 6583
0.04851951735845002 0.02230013160782697 6584
0.07364008885748372 0.02575800488113231 6585
0.03293275918971775 0.02332627476999868 6586
0.03379962196289809 0.02382482159072618 6587
0.03475296000879344 0.07732803912356712 6588
0.03475369782873512 0.0763232952756031 6589
0.03993642554445367 0.06831459167106753 6590
0.04080161114273383 0.06781313989826268 6591
0.04166847391591103 0.06831168671899912 6592
0.01038569506236368 0.002374151602383849 6593
0.01042714102103063 0.001422645484936952 6594
0.03986262987483325 0.02431465355520526 6595
0.02262265052706722 0.07234363556578899 6596
0.06759888424280955 0.03826815463173321 6597
0.02781711847286173 0.071334922124067 6598
0.0269502557117438 0.07083637532523336 6599
0.02608507009978199 0.07133782707471492 6600
0.01903275607697311 0.002351222573605073 6601
0.01563072686334348 0.03435530900170548 6602
0.07363841168256345 0.02475800628713006 6603
0.03387006330696307 0.06582476251945396 6604
0.03473692608014789 0.06632330934019039 6605
0.03473524890528911 0.06532331074664906 6606
0.03560211167847396 0.06582185756738546 6607
0.03560378885333271 0.06682185616092673 6608
0.0364689744517365 0.0663204043881219 6609
0.03646729727681301 0.06532040579458066 6610
0.03473860325500667 0.06732330793373165 6611
0.01392383364941798 0.04935819267481069 6612
0.01305889111773808 0.04985961661127308 6613
0.04599440190753937 0.06580442785497481 6614
0.07020444769620224 0.0427638248362639 6615
0.0460010275848487 0.06980427898595865 6616
0.05375409109684655 0.04529134483263671 6617
0.05022640810708002 0.007297247752639735 6618
0.06499158722087373 0.03277251980094567 6619
0.0598155682075925 0.04478121777405987 6620
0.07101098856520971 0.007262388327817018 6621
0.07364679704494254 0.02975799924400512 6622
0.05282531925177558 0.007792889621307524 6623
0.05721833423775551 0.04528557449893326 6624
0.05635147146457073 0.0447870276781969 6625
0.05635314863942944 0.04578702627173815 6626
0.05548628586624467 0.04528847945100183 6627
0.04772645027905031 0.06580152290290651 6628
0.03905279102945092 0.05781605892669441 6629
0.04339213641312752 0.06330878879922433 6630
0.05464457344203329 0.05978989898326435 6631
0.05464625016706226 0.06078989680068742 6632
0.006083493669004219 0.02187130363673322 6633
0.07019782228057689 0.03876384942829254 6634
0.01305193935165677 0.04585965007345048 6635
0.005178457889373489 0.003390587413057332 6636
0.02164344358550379 0.004844735389775541 6637
0.06674915344521129 0.01372816556897948 6638
0.02607836159188636 0.06733783303099997 6639
0.01914778034756609 0.06634813055608371 6640
0.07275645433559064 0.01525947212407865 6641
0.07188959156240582 0.01476092530334231 6642
0.07188791438754702 0.01376092670980107 6643
0.071022728789221 0.014262378482606 6644
0.004413501025813282 0.05887415653836545 6645
0.00354831521599528 0.05937560831117887 6646
0.00354663811897972 0.05837560971750706 6647
0.002685637714496716 0.05887705447065579 6648
0.002687721154496038 0.05987705238281844 6649
0.001816266798103636 0.05937851326263315 6650
0.002685549239922029 0.05787705321258368 6651
0.03463360494140921 0.00432223522308945 6652
0.008746137458610602 0.06036689205067079 6653
0.004448721426861535 0.07987412699190903 6654
0.007025829308310465 0.06736978715684029 6655
0.007027506482769289 0.06836978575038219 6656
0.06325115468842783 0.0277754396041919 6657
0.07361493123448185 0.01075802597710872 6658
0.05981724538245123 0.04578121636760113 6659
0.00439840619353718 0.0498741692079578 6660
0.00353322059521112 0.05037562098076272 6661
0.003534897770615622 0.05137561957335503 6662
0.002673239247555331 0.05087706402495895 6663
0.002675783799740282 0.05187706116227894 6664
0.002672720442821311 0.04987706348875739 6665
0.001801172223700236 0.05037852593283127 6666
0.004401760543942188 0.0518741663938838 6667
0.06674376169363609 0.04476959796578576 6668
0.00355670104193001 0.06437560127896602 6669
0.002693149579934204 0.06387704890422895 6670
0.002692315676067536 0.06287704889637313 6671
0.001822975495939065 0.06337850763679989 6672
0.002695378639549856 0.06487704657216189 6673
0.002697435449625828 0.06587704452898777 6674
0.001826329844856679 0.06537850482388374 6675
0.003486259699167341 0.0223756603616066 6676
0.002628814460166815 0.02187709774599647 6677
0.002632061224056279 0.0228770937070588 6678
0.02256059506927274 0.03534368762269305 6679
0.02256227223592743 0.03634368620208591 6680
0.06761052965767625 0.04526780537545266 6681
0.05550641163842995 0.05728846201082198 6682
0.006068399095018467 0.01287131629531801 6683
0.06065147928590746 0.00232824550898364 6684
0.01471019202938516 0.001856807005566438 6685
0.01554482606090668 0.001406708289096989 6686
0.03561049755276791 0.07082185053509182 6687
0.03474531195444153 0.07132330230789666 6688
0.009606385556490703 0.0568654443401535 6689
0.02343416653156982 0.03984222879979198 6690
0.01997510131312425 0.0428480344845527 6691
0.01997342413826549 0.04184803589101144 6692
0.04243638337242778 0.009810316520801103 6693
0.04156951115662211 0.009311769715901693 6694
0.07535201113056877 0.013755116805664 6695
0.005310552679648486 0.07737267803965052 6696
0.006175738277581333 0.07687122626583072 6697
0.007042600946533122 0.07736977284846841 6698
0.007040923860323924 0.07636977445719462 6699
0.02337378823665676 0.00384227943230709 6700
0.01212302110870004 0.008361155291687222 6701
0.03718265832926544 0.008821529172095575 6702
0.03637169830985178 0.008320485962728764 6703
0.03720024045995401 0.009850253339096254 6704
0.01741477124599116 0.06535047640312425 6705
0.03214136928516962 0.06782766465860503 6706
0.004366867635515186 0.03087419538096457 6707
0.07017431493948244 0.02476381619082337 6708
0.06930745216629769 0.02426526937008707 6709
0.04685455598128906 0.06230298030154587 6710
0.07277490325905708 0.02625945665318324 6711
0.06754689182218795 0.007268198231954071 6712
0.002615775653304619 0.01087710414331817 6713
0.001748079802238192 0.01127125480250631 6714
0.009519200298797267 0.004865727893862332 6715
0.01038438636944654 0.00436427693598572 6716
0.01991226180045884 0.00584673376607954 6717
0.06498823283754591 0.03077252267759115 6718
0.07020281523883863 0.04176380142843322 6719
0.006065044745548351 0.01087131910779746 6720
0.01822628366897711 0.03285095777116381 6721
0.01817188402172009 0.008826582061022159 6722
0.06067907663105982 0.04327976740771374 6723
0.00436838955963343 0.03187419423487984 6724
0.02695696439464781 0.07483636966959889 6725
0.02428593604539528 0.03134078827647905 6726
0.02774500100041989 0.02833498259329127 6727
0.02084364126116776 0.04434657989883035 6728
0.01477392467401538 0.03985675356013444 6729
0.01564246462205886 0.04135529897441208 6730
0.04943166385282104 0.0497986404541775 6731
0.04943334102767977 0.0507986390477187 6732
0.03992468532179447 0.0613146015162787 6733
0.05895373695898388 0.04728266673394728 6734
0.066730344294766 0.03676960921745564 6735
0.01910823853993943 0.04234948766381633 6736
0.06928397171827516 0.01026528906050931 6737
0.032149755159463 0.07282765762631105 6738
0.03301494075778913 0.07232620585350626 6739
0.02256898093324373 0.04034368057259686 6740
0.03645136993218895 0.05632186668799572 6741
0.03647232880137652 0.06832040157520446 6742
0.04511244456062578 0.05630589369236683 6743
0.04424725896230002 0.05680734546517228 6744
0.04597930733381059 0.05680444051310318 6745
0.01305701138734082 0.04885964121468386 6746
0.04945926125275233 0.06779414343644169 6747
0.05031417251417925 0.06828654651761384 6748
0.05119390137178949 0.06779571018585276 6749
0.051184966540649 0.06678318951135923 6750
0.03648238722886676 0.07432038265156304 6751
0.03128624673599566 0.07432910799265713 6752
0.06500835897240767 0.04277250573077176 6753
0.01562395341789084 0.0313481188542865 6754
0.01298166375327907 0.003861175780742729 6755
0.01211600415289962 0.004362006506104549 6756
0.003560390209039657 0.06637559790450059 6757
0.01041209146494208 0.02236648045548228 6758
0.01217165917960226 0.03736111450438401 6759
0.06843052634396039 0.01776673098810315 6760
0.04253365951423541 0.06781023494619429 6761
0.02608339295572382 0.07033782853514464 6762
0.07104956358416842 0.03026235597919591 6763
0.01049160322579339 0.06836397584763038 6764
0.06414652772379907 0.04527395469065923 6765
0.06326289320202667 0.03477542193451027 6766
0.01477950348262635 0.01496668804265344 6767
0.03033384804503791 0.02283063290136214 6768
0.03033217087016156 0.02183063430778592 6769
0.0191182438221293 0.04834966785312549 6770
0.01911677169577869 0.04934421008832753 6771
0.01998462022308755 0.0488471795287644 6772
0.01996984115573561 0.04984211338941265 6773
0.02084910304869656 0.04934544657204272 6774
0.0207902279608629 0.05035362717030496 6775
0.007867534461999275 0.05286835508337759 6776
0.06242446385466094 0.05127686307972256 6777
0.006938616215652612 0.01536986030715531 6778
0.04677572876292801 0.01530304640510674 6779
0.06670075882674337 0.01877067609898839 6780
0.00530384398355177 0.07337268366946792 6781
0.05983401710925405 0.0557812022654267 6782
0.04678244333989361 0.01930305079957278 6783
0.04591725288253581 0.01980449424308676 6784
0.0450503892862258 0.0193059460568602 6785
0.03208602251476921 0.03482771107184605 6786
0.06928900324285145 0.01326528484113315 6787
0.05109830240484094 0.01079579035399985 6788
0.03292510950123146 0.01832634618157349 6789
0.03292605049027578 0.01932628039581952 6790
0.03379145318200973 0.01882483919457879 6791
0.03465655226493475 0.01832337845381876 6792
0.03465486067084251 0.01732337836561828 6793
0.03552161798985546 0.01782192515170384 6794
0.03638847184253915 0.0183204719105246 6795
0.03638679496503048 0.01732047331904717 6796
0.0104115291527729 0.02136600047716065 6797
0.05978537362940968 0.02678125316345149 6798
0.05892018721457255 0.02728270644838199 6799
0.06065222663134853 0.02727981827805151 6800
0.05805329327503886 0.02678421327549387 6801
0.01481753121842635 0.06585671698533585 6802
0.0770773508026449 0.00975221747943051 6803
0.0277667903964489 0.04133498578822394 6804
0.01212134393384139 0.007361156698145938 6805
0.01817932029698288 0.004850992882053609 6806
0.02869068994101744 0.07583346331107167 6807
0.02868901276615867 0.07483346471753041 6808
0.01478919649545542 0.0488567477311261 6809
0.05551291736763735 0.0612881061879668 6810
0.009557653461178255 0.02786548529384469 6811
0.06494294915291628 0.003772560582662093 6812
0.06580813475124239 0.003271108809857315 6813
0.06494127197805759 0.002772561989120848 6814
0.06405449889491441 0.002308634798452475 6815
0.06583566333420104 0.002313290243074896 6816
0.06667750538247919 0.002776179563112338 6817
0.06495276842442285 0.001722496742358672 6818
0.06667569502991223 0.003770742718270464 6819
0.01569110268924715 0.07035525818058663 6820
0.02437121335027099 0.08134712349190781 6821
0.01916190813010662 0.07434944265200263 6822
0.01050669234770812 0.07736395073703374 6823
0.009626417627266824 0.06886542762008929 6824
0.01221694289947005 0.06436107652208678 6825
0.009640294257783753 0.07985772414205813 6826
0.004408593696729801 0.05587416054948732 6827
0.005275354475383902 0.05637270754160276 6828
0.02434297573548764 0.06534076984602423 6829
0.02520982532945208 0.06583929396431618 6830
0.0174181195373827 0.06735235744858492 6831
0.02348112763711446 0.0678421897811034 6832
0.02257904398239609 0.04634367213384437 6833
0.02257736680753736 0.04534367354030312 6834
0.02344422958072218 0.04584222036103951 6835
0.00698054558964575 0.04036982514121314 6836
0.01558208632714583 0.005355349606926671 6837
0.07018437798863514 0.03076380775207101 6838
0.04337704537260172 0.05430880755340776 6839
0.01130647358127618 0.03786256627718887 6840
0.01130815075613491 0.03886256487073012 6841
0.01044296515780883 0.03936401664353499 6842
0.02174573651240851 0.06584511752072596 6843
0.00347284230028435 0.01437567161329986 6844
0.002618234119849266 0.01487710564588398 6845
0.002620432918613927 0.01387710055164599 6846
0.06581824770693823 0.009271013594651899 6847
0.0528269964266343 0.008792888214848856 6848
0.04249832936553706 0.04479438363400141 6849
0.04590886598974327 0.01480449958437024 6850
0.005253528742710942 0.04337272587390532 6851
0.06237074369053745 0.01127213784398876 6852
0.06150266543135575 0.01176333950601548 6853
0.02002206220529235 0.07084799509897943 6854
0.03636658929671061 0.005320529217496602 6855
0.0451208304349198 0.06130588666007316 6856
0.04511579891034324 0.05830589087944939 6857
0.05116874374890818 0.05279573128273268 6858
0.05290414647013654 0.05479282351774661 6859
0.05895876848356023 0.05028266251457107 6860
0.06155264810367968 0.04777830860261517 6861
0.06414149619922287 0.0422739589100354 6862
0.06412975597521153 0.03527396875524663 6863
0.06672195842047214 0.03176961624974942 6864
0.07016760624004753 0.02076382181665842 6865
0.03899241272771663 0.02181610954742307 6866
0.02689323175001536 0.03683642311503125 6867
0.02776009452320016 0.03733496993576765 6868
0.02862528012034192 0.036833518164946 6869
0.01823634424217832 0.03885094506245607 6870
0.01045638255667859 0.04736400539186505 6871
0.03724526978247134 0.0128190271576302 6872
0.03637840700928648 0.01232048033689385 6873
0.0355187455572284 0.01283146325915973 6874
0.03546372767023072 0.01173739191420396 6875
0.03643501528769288 0.01133614277564055 6876
0.02946361336344027 0.02033217630489793 6877
0.04683946140756033 0.05330299295967455 6878
0.01306119960284039 0.05085949345736551 6879
0.05203896087181047 0.0552942752905515 6880
0.006080139319286734 0.01987130644965068 6881
0.006945324917612804 0.01936985467684568 6882
0.006943647742754005 0.01836985608330445 6883
0.007810510515938895 0.01886840290404089 6884
0.006947002092471673 0.02036985327038688 6885
0.007812187690791336 0.01986840149759337 6886
0.03033887956987665 0.02583062868250609 6887
0.03991797670237412 0.05731460728259653 6888
0.04078316231308682 0.05681315553116306 6889
0.04078148688627906 0.05581315995364175 6890
0.0581020008413467 0.06178365490113139 6891
0.01391544777512408 0.04435819970710433 6892
0.01645230345004792 0.007853893614745679 6893
0.03552831598468888 0.02182191945157012 6894
0.03552999315954761 0.02282191804511136 6895
0.0234459067555809 0.04684221895458077 6896
0.0399297168513251 0.0643145972969025 6897
0.003532603857151512 0.04937562060867661 6898
0.002671413069116481 0.04887706427501529 6899
0.003531165055284891 0.04837562161534441 6900
0.002670128190395533 0.04787706502352787 6901
0.001797817873982609 0.04837852874574883 6902
0.003529592991947841 0.04737562284551361 6903
0.002669715565731028 0.04687706430911257 6904
0.04166679674105225 0.06731168812545786 6905
0.04079993396799558 0.06681314130472146 6906
0.02603643202598297 0.0423378678555424 6907
0.05548796304110341 0.04628847804454311 6908
0.05116538939919067 0.05079573409565019 6909
0.01048992605133454 0.06736397725408844 6910
0.04936289968361267 0.008798698118985926 6911
0.07620713367974248 0.007253673471611564 6912
0.01565570654206465 0.04935601731378875 6913
0.05202419666883543 0.02741079479447425 6914
0.04596421276008182 0.04780445317123191 6915
0.04423709899231298 0.05080738667046508 6916
0.01656810635457709 0.07685393087468015 6917
0.05022808528193874 0.008297246346181005 6918
0.05462948614221241 0.05078992419151304 6919
0.01571607211184008 0.08035821259212421 6920
0.08314035869036256 0.01024204944396174 6921
0.08227517309203639 0.01074350121676643 6922
0.04427586564001316 0.07281172316710233 6923
0.04427331155121474 0.07180916397281502 6924
0.01125615833551528 0.007862608470950754 6925
0.05377268641818017 0.05629136893202431 6926
0.05463787201640149 0.05578991715903846 6927
0.02608674727224329 0.07233782566307395 6928
0.01565802595695897 0.05035609076876864 6929
0.04944004972711479 0.05479863342188369 6930
0.04857318695392997 0.0543000866011473 6931
0.04857486412878875 0.05530008519468861 6932
0.05807387951350129 0.03380486380241105 6933
0.07884589934129752 0.03075148050976506 6934
0.02687825964276806 0.02783643557588308 6935
0.007855794237124007 0.04586836492965579 6936
0.007857471411982748 0.04686836352319707 6937
0.007859148586841551 0.04786836211673835 6938
0.007828959990558809 0.02986838744083805 6939
0.009529141488574502 0.01086550920365332 6940
0.004430378124556981 0.06887414229708726 6941
0.00616232334033167 0.06887123751872186 6942
0.03292772766513456 0.02032627898936087 6943
0.06932086956505076 0.03226525811841403 6944
0.04679243272461857 0.02530301320852138 6945
0.06501674484670238 0.04777249869847881 6946
0.01131989098014585 0.04586255502551893 6947
0.04245818664303984 0.02281029823119583 6948
0.00867234173591026 0.01636695399489481 6949
0.007807156159188387 0.01686840572941995 6950
0.063249478542048 0.02677544090687742 6951
0.01648835750263299 0.03082454254218226 6952
0.02947369397299904 0.02633208045818025 6953
0.04858492717794116 0.06130007675593605 6954
0.04678580409883424 0.02130305447293978 6955
0.04419023504881012 0.02280739322108115 6956
0.02954078575391287 0.06633203244704343 6957
0.06674994988611588 0.04876923177539716 6958
0.007044277881258092 0.07836977089253941 6959
0.005231780104970607 0.03037274406635428 6960
0.03555347360582972 0.0368218983586282 6961
0.05024684137595511 0.02129869215151724 6962
0.05024855355549729 0.0222974609539966 6963
0.03465815680702248 0.01932337747294663 6964
0.05892165136513765 0.02828308331330641 6965
0.03985162850798555 0.05324682753166499 6966
0.01124228343233936 0.01886264721422995 6967
0.003508343712181561 0.03437564020033251 6968
0.002651942874756029 0.03487707723953656 6969
0.001771232532714523 0.03424584652165515 6970
0.060630047371633 0.01127225322218775 6971
0.06063099887041604 0.01241432396804625 6972
0.02599916456743567 0.0503237751723414 6973
0.08055901462346379 0.02875268592335353 6974
0.002607363098755942 0.007877114033280851 6975
0.05462613179249489 0.04878992700443056 6976
0.04158629234817329 0.01931175563489049 6977
0.04071942957471883 0.01881320881461542 6978
0.0407211067495736 0.01981320740816341 6979
0.03380836857820584 0.01486516713273208 6980
0.03359943435938927 0.01372421556611461 6981
0.02088037358315689 0.06634625385107898 6982
0.03646058970208058 0.0613204114204255 6983
0.01299656386014452 0.01285974737651446 6984
0.03815406192712477 0.03831753881689835 6985
0.04162475123037659 0.03429007641908088 6986
0.04175759391382883 0.03537921482405851 6987
0.03987512913650953 0.0313146424370407 6988
0.03645555743569507 0.05832041653577619 6989
0.07275309998587307 0.01325947493699616 6990
0.07188623721268833 0.01276092811625977 6991
0.0364119505064598 0.0323204522077289 6992
0.03642033637440391 0.03732044520966592 6993
0.03642201355561312 0.03832044376896695 6994
0.04070583077563511 0.01081322037065104 6995
0.003491190054234802 0.02437565490544892 6996
0.01212805263327597 0.01136115107231097 6997
0.05463451766678817 0.05378991997213579 6998
0.05115626663754898 0.04579465431644873 6999
0.05202364376524733 0.04629387319306477 7000
0.04075465078426548 0.03981325902057758 7001
0.04161948990136548 0.03931234550960064 7002
0.04418520353029989 0.01980739754948431 7003
0.04505206650759203 0.02030594461161567 7004
0.03813225867563927 0.02531755710082498 7005
0.04158796952354891 0.02031175422754763 7006
0.04072278392458049 0.02081320600145121 7007
0.02696198823559374 0.07783637896483091 7008
0.007854117062265308 0.04486836633611455 7009
0.03728887073326081 0.03881901106403707 7010
0.0364236842036289 0.03932046624092907 7011
0.01217333635446098 0.03836111309792525 7012
0.01303852195278705 0.03785966132512041 7013
0.05111666178513218 0.02379557159318035 7014
0.0519325628812318 0.02327968745757875 7015
0.02861857144269303 0.03283352378876347 7016
0.02688820025905221 0.03383642733435171 7017
0.06148559388882482 0.007778307864664276 7018
0.008744630595736626 0.0593668931714862 7019
0.007879312823088958 0.05986834516562443 7020
0.02946698527185976 0.02233208608063891 7021
0.07361660840934039 0.01175802457064999 7022
0.05542423039901582 0.008288531485549908 7023
0.0545590447986503 0.008789983261901502 7024
0.04678412959615179 0.02030306148017291 7025
0.0217021181600589 0.03984513375186047 7026
0.02170379533491763 0.04084513234540172 7027
0.04156301093631933 0.005312451923164804 7028
0.0277634488585366 0.03933496714693215 7029
0.0251662149030807 0.03983932384772348 7030
0.02516453772822198 0.03883932525418222 7031
0.04685287880643029 0.0613029817080046 7032
0.02781376448513008 0.06933492556254892 7033
0.03296179415979939 0.04032719533267425 7034
0.03295623957168278 0.03732625519016736 7035
0.03208937682984249 0.03682770831694254 7036
0.06066901358190738 0.03727977584646622 7037
0.02430773800418953 0.04434076999469339 7038
0.02262935922793995 0.07634362993996295 7039
0.02263103640032801 0.07734362853251953 7040
0.01568464028623125 0.06435752779802979 7041
0.03127450662477894 0.06732911803256664 7042
0.02430941517904826 0.04534076858823464 7043
0.06931248369087399 0.02726526515071091 7044
0.0727715489093293 0.0242594594660239 7045
0.07363673430060232 0.0237580076935788 7046
0.02085034996060266 0.04834657427299537 7047
0.07883221005155336 0.02275054361030391 7048
0.03901589314883028 0.03581609003097169 7049
0.07883098330541308 0.0217507624905583 7050
0.03122586806409832 0.03832915925645369 7051
0.03122419117295794 0.03732916018780742 7052
0.07880436764957947 0.00674931674673819 7053
0.04512250760977837 0.06230588525361443 7054
0.02949717415619859 0.0403320612048822 7055
0.02949877477029901 0.04133218800444194 7056
0.05289576059584279 0.04979283055004039 7057
0.04684449293213663 0.05630298874029828 7058
0.04858157282822372 0.05930007956885355 7059
0.06154426222938592 0.04277831563490885 7060
0.03820940869746469 0.07131749240375977 7061
0.04167015109076906 0.06931168531254038 7062
0.0814049559691343 0.008244957208947579 7063
0.05632105375870489 0.02678789585247073 7064
0.04418352635679108 0.0188073989719589 7065
0.03294449941372177 0.03032626492477343 7066
0.03381471653662404 0.03282480893259248 7067
0.03381639371148271 0.03382480752613368 7068
0.03034894261874353 0.03183062024318802 7069
0.04763756001153664 0.0128015974452193 7070
0.01651268174496119 0.04385384298223097 7071
0.01564581897177637 0.04335529616149459 7072
0.0494568214757026 0.06479861935729699 7073
0.05291756386900685 0.06279281226607761 7074
0.03302171925461244 0.0763264529937165 7075
0.02773829160618697 0.02433498908870545 7076
0.02776465057072538 0.04631677450993683 7077
0.04942626309634598 0.04679839767037344 7078
0.05029333772316677 0.04729706592001121 7079
0.04856136639876617 0.04730008795517215 7080
0.04942820834621785 0.04779857975565402 7081
0.04856309365677112 0.04830008303946191 7082
0.0442209875947519 0.04280517308123816 7083
0.04075442798332829 0.04282264591522166 7084
0.07538386946841716 0.03275508679259741 7085
0.06156493460379171 0.05577634614173281 7086
0.06324964228926225 0.0577287508942721 7087
0.03036399969787257 0.04083067037222891 7088
0.02172955809413772 0.02885732866469205 7089
0.0207280968631331 0.02929569323218328 7090
0.0208235409139196 0.03234664118485436 7091
0.03808458565966062 0.0543042879457267 7092
0.03905111407333332 0.05681606071056072 7093
0.03211375195892701 0.04309738284820794 7094
0.06415527671027282 0.05527781575788635 7095
0.03382706933701694 0.03982589693182147 7096
0.03469631864879959 0.04032592217385546 7097
0.0355634997379408 0.0408210446717019 7098
0.03814735322756116 0.03431754444356497 7099
0.03728216762914188 0.03481899621697244 7100
0.03901421599605281 0.03481609129464824 7101
0.04161336105435715 0.03832591912593759 7102
0.04074967650477166 0.03781697882936722 7103
0.03207595946567826 0.02882771951049578 7104
0.06156269160768135 0.05377828143445585 7105
0.04336782598504954 0.04930874786489126 7106
0.04248420966629175 0.03884154241400015 7107
0.03119735646848355 0.02132918253497292 7108
0.03119566987066083 0.02032921120768801 7109
0.03905782254811235 0.06081605469558277 7110
0.01997677848798297 0.04384803307809396 7111
0.03035397414331967 0.03483061602381179 7112
0.03122083691643291 0.03532916284466806 7113
0.06069725560876576 0.06035894242404956 7114
0.009579456734341421 0.04086546700988112 7115
0.05894367390983146 0.0412826751726997 7116
0.05807848831150543 0.04178412694550458 7117
0.0624161564438744 0.0462768581975825 7118
0.06065722895232562 0.03027994437453862 7119
0.06065924720707379 0.03127981022237414 7120
0.04158126082326114 0.01631175985484156 7121
0.04596247899024994 0.04680429619742929 7122
0.02687660177906344 0.02683643701344262 7123
0.02260884587458622 0.06335834720745659 7124
0.02248747001897011 0.06223924670633096 7125
0.04073452663232745 0.02781319615244643 7126
0.01051065768869948 0.08034894639549252 7127
0.06929235759256891 0.01526528202821566 7128
0.01916716187314565 0.07734960230255639 7129
0.02337574728558835 0.01584743776253068 7130
0.02318808096385832 0.01478503448284706 7131
0.02423433277293242 0.01527348981935926 7132
0.07625532418378847 0.036251002954462 7133
0.02428498957112952 0.03034203449772207 7134
0.04419527003415168 0.02880953193233125 7135
0.004374925745515304 0.03587418889838016 7136
0.02690328633605611 0.04283642884831514 7137
0.02693883878348317 0.06383694228237263 7138
0.04243300879267865 0.007810319367647891 7139
0.03041267526337621 0.06983056679775594 7140
0.06499997309811385 0.03777251276306547 7141
0.06066234289187815 0.03327978140855269 7142
0.07968129347191674 0.01324785512872221 7143
0.08054647017515656 0.01274638800867773 7144
0.04503864886684095 0.01230595557655143 7145
0.04763252848693251 0.009801601664595743 7146
0.05023311680651484 0.01129724212680471 7147
0.0276755829915618 0.0181530780474663 7148
0.01042527363365458 0.02837217223263612 7149
0.07013741709259011 0.002763847132915699 7150
0.06923292735156578 0.002320179095407549 7151
0.06839984038515465 0.002775467853970259 7152
0.06152243949722334 0.02977837981847396 7153
0.04335664910592213 0.04230819521803481 7154
0.03815570981332962 0.03931766241117286 7155
0.05461540494406174 0.04378661325560364 7156
0.006061690395840848 0.008871321920697527 7157
0.01396911736448882 0.07635815469321319 7158
0.01483599779688666 0.07685673198316777 7159
0.0433233722542557 0.02230884642458136 7160
0.03640188748210709 0.02632046064642993 7161
0.03380297631261299 0.02582481877780354 7162
0.03553837904402736 0.02782191101280056 7163
0.04157622929867809 0.01331176407422944 7164
0.02602133767267134 0.03333788051330574 7165
0.0251724782917058 0.04983758469291879 7166
0.02517627795223306 0.04583931540897103 7167
0.02860179960804922 0.0228335418707901 7168
0.02690497056350788 0.0438364156318261 7169
0.02777010104804045 0.04333505615068846 7170
0.05118719267235463 0.06379571581168705 7171
0.02613754867497958 0.05239595332080509 7172
0.03120574234283531 0.02632917550279442 7173
0.03034558826902611 0.02983062305610552 7174
0.06240106195341823 0.03727687089439766 7175
0.03725030130704761 0.01581902293825409 7176
0.009576102384624009 0.03886546982279859 7177
0.05204894252959482 0.06627965072506237 7178
0.05286993303878312 0.06677486173226678 7179
0.05379296122625143 0.06622093891305464 7180
0.04166008804187753 0.06331169375129277 7181
0.02862360294647013 0.03583351956975206 7182
0.02258443054432148 0.04934305058295929 7183
0.0232852833726569 0.05193594816647126 7184
0.02861839894860448 0.04583574959498904 7185
0.02690160561298107 0.04183643619649514 7186
0.01308883719583202 0.06785961912379559 7187
0.02688317198060785 0.03083643154834948 7188
0.043390459238277 0.06230879020568297 7189
0.02343248935671106 0.03884223020625072 7190
0.01135165319427668 0.06185986700578003 7191
0.0459272232557868 0.02580443967863831 7192
0.03726204153105878 0.02281901309304245 7193
0.03726036435619999 0.02181901449950131 7194
0.03899912158499611 0.02581610392133321 7195
0.03898067250369977 0.01481611939264429 7196
0.02523164385425282 0.01673015403215419 7197
0.01122114954161063 0.016860942768742 7198
0.02513780243629019 0.02383871381445211 7199
0.02601326412329909 0.02833788703346116 7200
0.02342023293564349 0.03084423948851924 7201
0.0312124510422109 0.03032916987684191 7202
0.007837345313678315 0.03486838040070201 7203
0.008702530912004389 0.03436692862789715 7204
0.006972159715352234 0.03536983217350687 7205
0.008704208086863102 0.03536692722143842 7206
0.07881107634901462 0.01074931112090328 7207
0.03725365582447083 0.01781902012650068 7208
0.01656299698561147 0.07385380078229553 7209
0.03907459429579458 0.0708160406309549 7210
0.0390762666365656 0.07181603088395419 7211
0.04080831984215931 0.07181313427242775 7212
0.03207763664053698 0.02982771810403704 7213
0.03207931381539569 0.0308277166975783 7214
0.05289911494556028 0.05179282773712286 7215
0.009619708929431398 0.06486543324592153 7216
0.03984250375230836 0.01231467043275685 7217
0.04162111835582662 0.04031244257788862 7218
0.05283202795121054 0.01179288399547262 7219
0.00354496082069794 0.05737561112417263 7220
0.001812912449185695 0.05737851607554835 7221
0.02694355086232378 0.06683638758466368 7222
0.07360654536018792 0.005758033009402454 7223
0.05281827728009911 0.01280492287421908 7224
0.05456919882964691 0.0129744405093093 7225
0.02860347689746067 0.02383353726260783 7226
0.01395569996881746 0.06835816594487865 7227
0.02090676592391873 0.08134782408798431 7228
0.02177255949581567 0.08184507467650337 7229
0.01047156735909735 0.0563638273319622 7230
0.02002038503637369 0.06984799651498121 7231
0.003527947532094136 0.04637562419878098 7232
0.001794463524265148 0.04637853155866582 7233
0.05117712962320191 0.05779572425043891 7234
0.05549098029705646 0.02631982254499721 7235
0.05633462387448455 0.02583278072048772 7236
0.04330827767018901 0.01330885912216087 7237
0.03551995160119952 0.01682192651681298 7238
0.02604400629249401 0.04833922525350234 7239
0.03900932400517385 0.03181609524885214 7240
0.0398764852888684 0.03231464156950679 7241
0.0130938687192086 0.07085961490442121 7242
0.03380129913775611 0.02482482018426595 7243
0.01911159288965687 0.04434948485089885 7244
0.03036906871704824 0.04383060336568307 7245
0.0580734567869292 0.03878413116488085 7246
0.0572149798880381 0.04328557731185074 7247
0.02946530517053184 0.02133210205561718 7248
0.02859843981930995 0.02083356866472385 7249
0.05720314188897925 0.03628633603024954 7250
0.05720490054304431 0.03728571056280122 7251
0.07449353423167779 0.01825656295263387 7252
0.0675972070679508 0.03726815603819197 7253
0.05805471617594032 0.0277846568140986 7254
0.01651100457010243 0.04285384438868971 7255
0.03983239645794569 0.006314689853180649 7256
0.06411534175964612 0.02627515590673834 7257
0.04160374452011883 0.02931215879651113 7258
0.02776512390040672 0.04033496931230294 7259
0.01043625637182741 0.03536402241985528 7260
0.02084531843602648 0.04534657849237161 7261
0.06411801906856453 0.02827398523151237 7262
0.02679088641615839 0.001895179465775026 7263
0.07016425189033001 0.01876382462957581 7264
0.04418017198242611 0.01680740174811799 7265
0.04417849479550742 0.01580740313407329 7266
0.03294114506400434 0.02832626773769092 7267
0.04596924428465807 0.05080444895185568 7268
0.04510236535800088 0.05030590759220946 7269
0.04423505985732072 0.04980709268601716 7270
0.05634467373785661 0.04078682662297337 7271
0.006977191239928356 0.03836982795413064 7272
0.006110328466743566 0.03787128113339423 7273
0.006113682816460974 0.03987127832047672 7274
0.05204399239638672 0.05829427107117528 7275
0.06757386796145971 0.02326841959451369 7276
0.05805532167358422 0.02578899196372781 7277
0.007896046430213584 0.06986833116500721 7278
0.007029184066576332 0.06936978434323766 7279
0.07024071317431324 0.04771053550628575 7280
0.07030753102699791 0.04880114507454614 7281
0.004395051843819678 0.04787417202087529 7282
0.02257065810810247 0.04134367916613811 7283
0.04252024211537427 0.0598102461978699 7284
0.04685120163157155 0.06030298311446335 7285
0.05635985733886456 0.04978702064590328 7286
0.06068075380591856 0.04427976600125499 7287
0.06240441630313572 0.03927686808148019 7288
0.01996671543943837 0.03784804151789466 7289
0.02948207984555877 0.03133207342245156 7290
0.02429935212989589 0.03934077702698711 7291
0.01478231054830897 0.04485674652784073 7292
0.02517707280234051 0.04883988982186456 7293
0.03119371430268626 0.01932978888231187 7294
0.0121313974349846 0.01336116517713616 7295
0.02773661486499326 0.02333499787620172 7296
0.02514105728019965 0.0248393449446044 7297
0.02863196910719626 0.04083354554912202 7298
0.03470373918780877 0.007307307953993713 7299
0.01909125059755123 0.03037668884715896 7300
0.04164667700844482 0.05531171598609583 7301
0.06584620919584333 0.02527310793413701 7302
0.04333017200772173 0.02630893080651269 7303
0.0104664456060728 0.05336399695281063 7304
0.01133064316537166 0.05385794531454449 7305
0.008705885261721807 0.03636692581497968 7306
0.04246325917885349 0.02581033391671328 7307
0.03813729410354851 0.0283175528749029 7308
0.05377100924330393 0.05529137033845284 7309
0.04850958917584083 0.01630036997364261 7310
0.04509539066526123 0.04730213793446984 7311
0.03206079637174705 0.01982790294791426 7312
0.05031529837459329 0.06029717321032631 7313
0.04419191212283594 0.02380739170292473 7314
0.05463619484158854 0.0547899185655762 7315
0.035617205003764 0.07482183982592239 7316
0.05724178661552312 0.05928550637717286 7317
0.05723510598517408 0.05528556043232797 7318
0.06154258505452717 0.04177831704136759 7319
0.02343752088128729 0.04184222598687449 7320
0.03641698203103741 0.03532044798834311 7321
0.01829169100820438 0.07185089864383726 7322
0.01829001383374489 0.07085090005029424 7323
0.07797087555232188 0.02625074215288242 7324
0.01656636430882422 0.07585382035467227 7325
0.03042705613761185 0.07883175336357041 7326
0.04425061331201754 0.0588073426522543 7327
0.07102608313893852 0.01626237566968845 7328
0.06494574112157285 0.02280263554952555 7329
0.05888832988344057 0.008282716814718524 7330
0.07190971766071425 0.0267609084258625 7331
0.05980047363386372 0.03578123043218863 7332
0.06587354457073374 0.04227105395796687 7333
0.01650765022038498 0.0408538472016072 7334
0.03983447408651982 0.009314679680547305 7335
0.01040103528780796 0.01436405268833393 7336
0.03290074930095348 0.003324046279618825 7337
0.04510038078488736 0.04930558540509397 7338
0.08488143202411759 0.008236091528042909 7339
0.01385003795563497 0.0053582545589951 7340
0.04071439805007088 0.01581321303411459 7341
0.04244309207186341 0.01381031089496491 7342
0.04596751049226606 0.04980439824641543 7343
0.0415997738319856 0.02731180508695582 7344
0.04073620132323294 0.02881319475015361 7345
0.0121750135293197 0.03936111169146649 7346
0.01736109623164368 0.03335240637246981 7347
0.01997174696340675 0.0408480372974702 7348
0.02257568963267865 0.04434367494676187 7349
0.01385842382992824 0.01035824752670134 7350
0.0278288497278363 0.07833492803805817 7351
0.02425751043177076 0.02529954838063613 7352
0.01996168430190727 0.03484804640475344 7353
0.0121936486933551 0.05036106665039812 7354
0.07623731933898178 0.02525364816670616 7355
0.0614851931228015 0.02482855683789078 7356
0.06061612444731926 0.0243477992543283 7357
0.03814235797648739 0.03131754860128346 7358
0.03034726544388483 0.03083062164964676 7359
0.04081210442365604 0.07381297775360243 7360
0.07624568686906474 0.03025364998344779 7361
0.006093556773835794 0.02787129519866729 7362
0.006101942592580359 0.03287128816568962 7363
0.07017096058976498 0.02276381900374088 7364
0.05291420951928885 0.06079281507899434 7365
0.05023973396100424 0.01429744040759273 7366
0.05023648833292912 0.01329730923628412 7367
0.02088557069487116 0.06934654484583094 7368
0.03733919157458995 0.06881894839594087 7369
0.02342099869575645 0.03184266926784582 7370
0.04850274560986272 0.01230014567241444 7371
0.04417178609365616 0.01180740875581507 7372
0.01911660050669358 0.04734955815654317 7373
0.00952578713886296 0.008865512016560228 7374
0.008660601540535742 0.009366963789367203 7375
0.01563014467189171 0.01436108004425156 7376
0.04509742863345336 0.04830366288817408 7377
0.01916358530654182 0.07534944124646542 7378
0.04850442278472146 0.01330014426595566 7379
0.03819431419345588 0.06231750506188859 7380
0.02516286055336321 0.03783932666064098 7381
0.01219184120866218 0.04936109024047972 7382
0.009594551308070062 0.04986545435175253 7383
0.0330166179326479 0.0733262044470475 7384
0.03388012635611529 0.07182475408070145 7385
0.03042106113766961 0.07483055976546193 7386
0.009553533498376059 0.02487635842437027 7387
0.06586012717186368 0.03427106520963683 7388
0.04944843560140851 0.05979862638958994 7389
0.02949046571807115 0.03633206639314061 7390
0.0312711530765702 0.06532912213690154 7391
0.05116033164490393 0.04779571738597993 7392
0.03561821147567454 0.07582251801465646 7393
0.008700853783438361 0.03336693015506372 7394
0.009567716370139021 0.03386547730472476 7395
0.04165505651709663 0.06031169797067574 7396
0.03993474836990612 0.06731459307752628 7397
0.01910656136508069 0.04134948907027507 7398
0.01132852178798276 0.05285718031276897 7399
0.05464164686505064 0.06476312542289438 7400
0.03474698912930015 0.07232330090143793 7401
0.007817219215373365 0.02286839727820658 7402
0.04597427580923427 0.05380444473247942 7403
0.04423881733961983 0.05180737434467007 7404
0.06239435325265456 0.03327687652275147 7405
0.006988931463939203 0.04536981810891939 7406
0.02602972332654804 0.03833787348137736 7407
0.03387677200639804 0.06982475689361901 7408
0.02955252118962594 0.07333201435118425 7409
0.06670352210983385 0.02076965348246297 7410
0.06069750935942828 0.05427972746575781 7411
0.03898905837799329 0.01981611236035073 7412
0.05981389103273374 0.04378121918051862 7413
0.06328469289446929 0.04777540198702583 7414
0.01290687693683316 0.015828166822778 7415
0.06069991373211844 0.05627808212756751 7416
0.05810532191562741 0.05778410238274195 7417
0.01564414179691755 0.04235529756795334 7418
0.07363337998624711 0.02175801050635074 7419
0.007872572184731502 0.05586835084578029 7420
0.03814067897991686 0.03031755001078949 7421
0.02862695729259006 0.03783351676285882 7422
0.07015586601603624 0.01376383166186955 7423
0.06327966495061427 0.04477540786992286 7424
0.04592396092085805 0.02380448611534428 7425
0.04938309137173767 0.01880161581173943 7426
0.06500165027297262 0.03877251135660671 7427
0.05802146504940852 0.00778417357734023 7428
0.02510069886957332 0.002851135744347345 7429
0.02505286126654604 0.0017678069393244 7430
0.02783025649942465 0.07933540222160496 7431
0.07447676248309032 0.00825657701722133 7432
0.008667310237753786 0.01336695816745924 7433
0.06067236793162487 0.03927977303354873 7434
0.006115359991319708 0.04087127691401796 7435
0.01038594121261319 0.00536406446313166 7436
0.0312225140695951 0.0363291614745416 7437
0.07537045598388598 0.02475510134380336 7438
0.06840872307079671 0.004766749272066599 7439
0.06497183740975518 0.01977192449582393 7440
0.005315584180131658 0.0803726737678046 7441
0.05982562963951506 0.05078120924114978 7442
0.02087747777341227 0.06534413394324817 7443
0.05722001141261425 0.04628557309247454 7444
0.07188120568811214 0.009760932335635866 7445
0.03033047928765648 0.02083068452153417 7446
0.008749491807528317 0.06236688923775464 7447
0.006157289360868713 0.06587124174221523 7448
0.01049663474917001 0.07136397162825608 7449
0.007914495349260621 0.08086831569396774 7450
0.0130838056724555 0.0648596233431698 7451
0.01828833665928583 0.06985090145675191 7452
0.04684617010699536 0.05730298733383959 7453
0.05031194402487583 0.05829717602324381 7454
0.0216888544409519 0.03184541001013885 7455
0.06934075761819886 0.04426485368601789 7456
0.07969958502680848 0.02825517471506922 7457
0.02162032318155217 0.007743253026069024 7458
0.01221862007392889 0.06536107511562871 7459
0.03725143846848141 0.01182321028240195 7460
0.04859364369650515 0.06829484992566659 7461
0.04859019633638175 0.06930520441888419 7462
0.04773019779641729 0.06980169485702285 7463
0.01137020621999126 0.07586251282350646 7464
0.05628606166071464 0.005787082502901289 7465
0.03994484928540245 0.07331450063732863 7466
0.07794253640097094 0.009250765706625599 7467
0.07622222825347114 0.01625366081348284 7468
0.009596228482928786 0.05086545294529375 7469
0.065871867395875 0.04127105536442557 7470
0.06498991003166324 0.03177252123461648 7471
0.006995640163374197 0.04936981248308446 7472
0.06673705299420105 0.04076960359162063 7473
0.07364176603228983 0.0267580034742781 7474
0.04857654130364748 0.05630008378822981 7475
0.01563575592262401 0.03735530460024704 7476
0.02171050403435257 0.04484512671956673 7477
0.05115839435545001 0.04679538063599704 7478
0.05549299456567972 0.04928847382516692 7479
0.03732577441644346 0.06081895964784778 7480
0.00524514286841745 0.03837273290619907 7481
0.02169040810084052 0.03284519561405173 7482
0.01217836787903709 0.04136110887854902 7483
0.02344255240586345 0.04484222176749825 7484
0.06671692689446307 0.02876962047184264 7485
0.04851551274191355 0.01930131472098376 7486
0.04078819374395343 0.05981315115004553 7487
0.03035565131387502 0.03583061462455936 7488
0.008719302660591403 0.04436691456330971 7489
0.006112005641602268 0.03887127972693548 7490
0.04511412173548456 0.05730589228590821 7491
0.0450487121489061 0.01830594753269374 7492
0.06238931756139018 0.03027689014313533 7493
0.01477727902373275 0.04185675074721696 7494
0.01304858500193924 0.04385965288636792 7495
0.04159807605538968 0.0263117875192749 7496
0.04159636950491374 0.02531176078609986 7497
0.04504535776291138 0.01630595028593044 7498
0.007823084851495243 0.02686839238083503 7499
0.0070048119362221 0.08535029563893701 7500
0.03983089523208311 0.005315061209638823 7501
0.07708238232722109 0.01275221326005424 7502
0.06672907358204702 0.01580559411689395 7503
0.01472025507853702 0.007856798566814038 7504
0.03994749786963658 0.07431458946072404 7505
0.04944172690197354 0.05579863201542493 7506
0.01996336118725114 0.03584804449900916 7507
0.04426570788574599 0.06780732999412595 7508
0.0736300258082104 0.01975801331897995 7509
0.05022137658250379 0.004297251972015803 7510
0.003478188952661138 0.01637566545892431 7511
0.04598769320810434 0.06180443348080951 7512
0.05637327300874261 0.05778700641109671 7513
0.01138491982989299 0.06083143249968381 7514
0.01738289673995531 0.04635239300676586 7515
0.07710921674144314 0.02875220021507131 7516
0.02001703080022738 0.06784799952216249 7517
0.07362331710877545 0.015758018944815 7518
0.04072781546022079 0.02381320178236884 7519
0.04764428542031034 0.01680162030628032 7520
0.07537549158021702 0.02775509712742971 7521
0.01742482823521824 0.07135235182275304 7522
0.01568339854583918 0.06535550150069178 7523
0.06062461877279524 0.01027832883331162 7524
0.03896695052259146 0.006816143880527613 7525
0.0380999664815061 0.00631761966239084 7526
0.06928229454341638 0.009265290466968057 7527
0.03018129978676633 0.001754492109483953 7528
0.02694189428122592 0.06583642447147411 7529
0.01044799668238487 0.04236401242415874 7530
0.02435302172559981 0.07134073202293498 7531
0.006982222764504449 0.04136982373475439 7532
0.05722168858747303 0.04728557168601583 7533
0.007010762042493651 0.0583697997691686 7534
0.05715644296870964 0.01128423833593013 7535
0.05289069198246078 0.04679276564348071 7536
0.05455356205122511 0.002813612628860818 7537
0.01558711785172181 0.008355345387550478 7538
0.02083022388704102 0.03634659119317151 7539
0.05628438447760245 0.004787083923710925 7540
0.006992285813656681 0.04736981529600191 7541
0.04339381358798772 0.06430878739276558 7542
0.06241783300806752 0.04727685650742255 7543
0.002635548532634702 0.02387708926468508 7544
0.00176084740887468 0.02326948374563316 7545
0.05982395345119194 0.0497812107060151 7546
0.04938590722775705 0.02279867309960577 7547
0.03553167033440641 0.02382191663865258 7548
0.03208434533996161 0.03382771247821918 7549
0.01650261869580874 0.03785385142098342 7550
0.04599607908239815 0.06680442644851627 7551
0.0537771874422915 0.06525912716119874 7552
0.02255569157436154 0.03234391242279218 7553
0.02435805324995212 0.07434072780093101 7554
0.03985592115122942 0.02031465918099925 7555
0.02600983692575277 0.05934170446716073 7556
0.01824729423110499 0.04985253636424559 7557
0.06586683587129867 0.03827105958380179 7558
0.03992300814602488 0.06031460292288215 7559
0.07710242020679323 0.02475219653150621 7560
0.0779688145463102 0.02525074414987376 7561
0.02342248930405557 0.03284234696086341 7562
0.03821108023255811 0.07231748126666872 7563
0.07796291383652781 0.02125100300849998 7564
0.05724012982984503 0.0582855429623393 7565
0.00869582510446721 0.0303669343829502 7566
0.05897218149570146 0.05828264369420805 7567
0.05110642029044066 0.02278334747008839 7568
0.05286293674455323 0.02281560901180726 7569
0.08053072723632759 0.002767425343820157 7570
0.07970377286447193 0.002309192519617226 7571
0.04337871934695497 0.0553088006249199 7572
0.07189294591212331 0.0167609224904248 7573
0.01222700594622312 0.07036106808333824 7574
0.009569393560852957 0.03486547569913852 7575
0.06584704580567304 0.02627165624564902 7576
0.05462780896735366 0.04978992559797181 7577
0.075363749954107 0.02075510696280258 7578
0.07967626194734072 0.01024785934809847 7579
0.04426403071088724 0.06680733140058459 7580
0.0467774098245065 0.01630305162491741 7581
0.04764955267284279 0.0198019068216613 7582
0.01038334160463816 0.003366570796589335 7583
0.03647065162660825 0.06732040298166318 7584
0.007901077953590387 0.07286832694563294 7585
0.0165562882877737 0.06985380640812777 7586
0.01742315106075927 0.07035235322921091 7587
0.06845736114167356 0.03376670848476255 7588
0.02434799025146243 0.06834073632891288 7589
0.01395184267805602 0.06335729231934917 7590
0.02001503969562451 0.06684743191298755 7591
0.01394985391692917 0.06435815408518458 7592
0.03381807088575065 0.03482480612066419 7593
0.02522827037286712 0.07683927180814076 7594
0.007852439887406602 0.04386836774257331 7595
0.08401058458638339 0.01074422190554448 7596
0.07966955324790563 0.006247864973933353 7597
0.006160644119132176 0.06787123892861259 7598
0.01130982793099364 0.03986256346427137 7599
0.01044464233266758 0.04036401523707626 7600
0.05109958944669918 0.01179579551089764 7601
0.0268949089248741 0.0378364217085725 7602
0.007024152133852098 0.0663697885632983 7603
0.007020797784944667 0.0643697913762144 7604
0.006155612186432315 0.06487124314867325 7605
0.0770890910266559 0.0167522076342192 7606
0.04591054402452886 0.01580449964395351 7607
0.05118551549749575 0.0627957172181455 7608
0.007894369323979449 0.0688683325713508 7609
0.05376262336902761 0.05029137737077671 7610
0.07192651743213965 0.03676094271080699 7611
0.01478736375065062 0.04785676323349468 7612
0.03642612278748518 0.04031999352012524 7613
0.07365182898817182 0.03275799503258885 7614
0.05203225217237548 0.05129428091638653 7615
0.05636824321294413 0.05478701361323901 7616
0.07100931139035098 0.006262389734275797 7617
0.05031362119973458 0.05929717461678507 7618
0.02175243343905967 0.06984509161730709 7619
0.04592561077004929 0.02480447220348815 7620
0.07015754319089497 0.01476383025541082 7621
0.04503026297556475 0.007305962608873794 7622
0.07102440596407977 0.0152623770761472 7623
0.07189126873726456 0.01576092389688355 7624
0.004391936766821897 0.04587417443248994 7625
0.07882452053557704 0.01874932569417896 7626
0.0226344291701 0.07934359981224995 7627
0.05975015890441726 0.005781271728190679 7628
0.03819095981474396 0.06031750787562803 7629
0.06932435318910721 0.04925590965339349 7630
0.03639517875787379 0.02232046627230636 7631
0.009634803499561324 0.07386542058779877 7632
0.01049998909808783 0.07336396881533974 7633
0.07104788641163695 0.02926235738571307 7634
0.02342411400500988 0.0338422553185791 7635
0.04244141489700419 0.01281031230142454 7636
0.0364828825395288 0.07632185202225536 7637
0.06153755352995093 0.03877832126074386 7638
0.05980215080872249 0.03678122902572986 7639
0.07969810633975963 0.02125114239476624 7640
0.07276316303502564 0.01925946649824364 7641
0.01738450432197674 0.04735260877140954 7642
0.04340767984512063 0.07230980848670657 7643
0.04340577778271255 0.0713092562059103 7644
0.008655572849899727 0.00636697289831031 7645
0.009582811084058784 0.0428654641969636 7646
0.06755404423295502 0.01126742109014569 7647
0.03561217472762634 0.07182184912863308 7648
0.04856815542935371 0.05130009082052357 7649
0.02433601937509981 0.06133893998608987 7650
0.002623708680487447 0.01587709787053521 7651
0.001752318262294703 0.01527066447881882 7652
0.06673202146962473 0.03776960781099688 7653
0.05896379978438005 0.05328265827531713 7654
0.08053641602109059 0.00674641179466982 7655
0.03733751439985215 0.06781894980239964 7656
0.03295120811304626 0.03432625929912333 7657
0.07105291793312223 0.03226235316625656 7658
0.02782214999297388 0.07433491789679404 7659
0.04772477310419149 0.06480152430936503 7660
0.04330660049533011 0.01230886052861992 7661
0.007813864865648914 0.02086840009113654 7662
0.03994313491518744 0.0723145623143594 7663
0.0416651195662135 0.06631168953191663 7664
0.05023434168898919 0.0122972600313281 7665
0.05718820805017358 0.02628984571542333 7666
0.04159468056963433 0.02431175084197088 7667
0.05289743777070154 0.05079282914358162 7668
0.07452036918890396 0.03425653962158666 7669
0.06328134212547305 0.0457754064634642 7670
0.04157455212381929 0.01231176548068835 7671
0.01654977584260384 0.06585339686356532 7672
0.07706896492835104 0.004752224511724412 7673
0.01904718449141274 0.006348372377042236 7674
0.03985428005421053 0.002330228376409796 7675
0.05720791844574006 0.03928550791888024 7676
0.08227014156746038 0.007743505436142779 7677
0.006073430619347411 0.01587131207637942 7678
0.02776177168792365 0.03833496854628104 7679
0.05802314224493291 0.008784172134948469 7680
0.003484847280293926 0.02037565991756194 7681
0.006165675233160504 0.07087123470992518 7682
0.006952951118213514 0.002399726133498488 7683
0.01482088556734405 0.06785671417241973 7684
0.03042598191501479 0.07783078512215437 7685
0.006148903524463942 0.06087124877444531 7686
0.003554039123781591 0.06237560293055339 7687
0.01741644236292382 0.06635235885504302 7688
0.08140327879427553 0.007244958615406305 7689
0.07448347118252524 0.01225657139138638 7690
0.05983065921805223 0.05378120094640764 7691
0.04684113858241909 0.05430299155321577 7692
0.08314421680467307 0.012242955111606 7693
0.05721156618680116 0.04128544233739587 7694
0.005235108571697844 0.03237274129673119 7695
0.02342578242339959 0.03484223886232468 7696
0.03645891306810512 0.06032041292571012 7697
0.05288640233099633 0.04479084863936111 7698
0.04770800135560391 0.05480153837395216 7699
0.006967128191992619 0.03236983639289889 7700
0.01481713513365505 0.06485709398810505 7701
0.04856647825449496 0.05030009222698228 7702
0.08142347197942691 0.01924500641365349 7703
0.03898234967855863 0.01581611798618581 7704
0.005250174392993648 0.0413727286868228 7705
0.044163399456437 0.006807415789388437 7706
0.01125783551037395 0.008862607064492038 7707
0.01303178263529399 0.03385973008934702 7708
0.04762322035835551 0.003802912614219008 7709
0.01818088484623925 0.005850797155713336 7710
0.03301326358293055 0.07132620725996505 7711
0.007012432749038622 0.05936979837355836 7712
0.06846574704743059 0.03876670159371839 7713
0.07709583924675723 0.02075224437558875 7714
0.05196133205400788 0.01229635991085394 7715
0.01645398062490661 0.008853892208286918 7716
0.04765768641168051 0.02480155752808911 7717
0.002677979723758148 0.05387706028336497 7718
0.04770967853046266 0.05580153696749337 7719
0.04849268256005386 0.00630015411116806 7720
0.03733248291639982 0.06481895402177579 7721
0.0399313940236147 0.06531459589044379 7722
0.06668757454142997 0.01076819078724984 7723
0.01137188022893704 0.07686250419072743 7724
0.01915519943320666 0.07034944827944628 7725
0.02170547250977638 0.04184513093894297 7726
0.05807177689609685 0.03778415337337262 7727
0.02261761903370086 0.06934363983815509 7728
0.02083860973659156 0.04134658411820658 7729
0.03386671129215596 0.06382476533232519 7730
0.03299986298203333 0.06332621850880527 7731
0.05030020380086459 0.05129718586845508 7732
0.005194827622656439 0.008372775099960525 7733
0.009584488258917483 0.04386546279050484 7734
0.01303348615540159 0.03485967784445011 7735
0.0112489378196904 0.003863865243085685 7736
0.06069906987618387 0.05527952152129191 7737
0.007880958216385452 0.06086834381246903 7738
0.07535033395571016 0.01275511821212278 7739
0.05634127771568308 0.03978687307343039 7740
0.04329317603613061 0.004309381077158607 7741
0.07363170281682077 0.02075801191280021 7742
0.04942996477714694 0.04879862927532307 7743
0.04852774422777042 0.0253032920667164 7744
0.002612807536227196 0.008877106308455073 7745
0.001746011259362149 0.009271549879566444 7746
0.006921844469591376 0.005369874367268317 7747
0.01131150510585235 0.04086256205781259 7748
0.01828316524047038 0.06685062082005433 7749
0.0164394900581354 0.002861399189867553 7750
0.03984061494395229 0.01131467219416253 7751
0.04243469180950608 0.008810317951391141 7752
0.002714800358831364 0.07787703228171003 7753
0.06320151615859645 0.002788868490304519 7754
0.03551581927686387 0.01382351922815013 7755
0.06412807879974208 0.03427397016286327 7756
0.06847413289028811 0.04376669442017575 7757
0.004383532118505423 0.04087418149627102 7758
0.009589519783493677 0.0468654585711286 7759
0.08314285604081503 0.01124323672854803 7760
0.04338039629905217 0.05630879883411692 7761
0.07451701213576287 0.032256542668731 7762
0.006956923893300819 0.02636984532838564 7763
0.05721324830761984 0.04228545241321816 7764
0.05542699536825627 0.0102895534750661 7765
0.01730948703275476 0.009321207715651807 7766
0.04338375053883405 0.05830879583152049 7767
0.07451869003753063 0.03325653984067311 7768
0.05116706657404942 0.05179573268919144 7769
0.00607678496956791 0.0178713092625704 7770
0.03725868718134108 0.02081901590596036 7771
0.05633973124055956 0.03778703752340823 7772
0.05808855136065783 0.04778411850675218 7773
0.03379794478803871 0.02282482299718371 7774
0.02261594238278799 0.06834364214649752 7775
0.04943501820253852 0.05179863764125994 7776
0.07537716829778214 0.02875509571214206 7777
0.08228868972054867 0.01874260540645232 7778
0.07795259945012326 0.0152507572678731 7779
0.06248476860656264 0.01226849311299228 7780
0.03819263706137681 0.06131750646853061 7781
0.0563481171148533 0.04278703049111441 7782
0.0589369647577342 0.03728268426554025 7783
0.01044631950752619 0.04136401383061748 7784
0.04686570581580932 0.06930283293594883 7785
0.04251856494051727 0.05881024760433974 7786
0.007833990971554072 0.03286838323268543 7787
0.06153587635509217 0.03777832266720262 7788
0.06668525826337901 0.0097693034529573 7789
0.003511434816534424 0.03537563642246345 7790
0.03733416005898513 0.06581895261531708 7791
0.04853049954446378 0.02631585884559131 7792
0.0727463912864382 0.009259480562831025 7793
0.008766263552116911 0.072366875173174 7794
0.04424893613715914 0.05780734405871407 7795
0.03985424397633592 0.01931466058751754 7796
0.05802456149324701 0.009783773946353182 7797
0.02434631374719437 0.06734073888987148 7798
0.06929906636880823 0.01926527653489605 7799
0.06933093713317465 0.03826525866577023 7800
0.03554173338355869 0.0298219081999001 7801
0.04070767229898768 0.0118132186885507 7802
0.05633656643384079 0.03678770196291506 7803
0.00437157139579776 0.03387419171129746 7804
0.007862502936559056 0.04986835930382101 7805
0.05288872244311801 0.04579218382301606 7806
0.07365518436358229 0.03475799364948929 7807
0.06153419918023339 0.03677832407366132 7808
0.007884306209065408 0.06286834101021346 7809
0.06321766257604937 0.007775367588057896 7810
0.01384838840505758 0.004358500404791368 7811
0.0356004346086421 0.06482185897384377 7812
0.03127953803656093 0.07032911361849231 7813
0.05542578285046248 0.009288746945549081 7814
0.04936953586376625 0.01279870736538066 7815
0.05634952720787435 0.04378640904148001 7816
0.004410295596690025 0.05687415910152803 7817
0.06152585792325992 0.0317783332839796 7818
0.06152413613108075 0.03077833251241379 7819
0.03636478396793824 0.004320833169785376 7820
0.04070185220426745 0.008813224230498847 7821
0.04329988567374661 0.008308866164722886 7822
0.07365686922462225 0.03575800565596618 7823
0.04858325000308242 0.06030007816239481 7824
0.01823466707092089 0.03785094647512563 7825
0.04513916255138636 0.07130869106999295 7826
0.007788710549038094 0.005868426892501985 7827
0.0554839069335521 0.04428720401023554 7828
0.05461874517352917 0.04478912019336859 7829
0.04676291977951551 0.003310141258110993 7830
0.002631262531491804 0.02087709223368629 7831
0.001758529202489853 0.02126977924052795 7832
0.03467182930814216 0.01331920634510486 7833
0.08139992463971746 0.005244960275228347 7834
0.03387844918125672 0.07082475548716025 7835
0.01991119586595402 0.004847789783130836 7836
0.06152917399033658 0.0337783282828326 7837
0.07101937443950357 0.01226238129552319 7838
0.007019120610663017 0.06336979278267214 7839
0.07795427662498192 0.01625075586141427 7840
0.004385246043146877 0.04187418002817641 7841
0.01736277299307072 0.03435240425301664 7842
0.0710076342154923 0.005262391140734561 7843
0.06845903831650893 0.03476670707830319 7844
0.005196504797514975 0.009372773693502014 7845
0.06152754331688375 0.03277832998684611 7846
0.07014412579202489 0.006763841507080686 7847
0.03473357294740994 0.06432331215308942 7848
0.007014100008784628 0.06036979698372901 7849
0.0450319401638566 0.008305961202392527 7850
0.03812554995452706 0.02131756272669481 7851
0.01390035348672866 0.03535821320338347 7852
0.05720617931176832 0.03828552109124324 7853
0.04079825679380761 0.06581314271118022 7854
0.01218675375333072 0.04636110184625535 7855
0.02775003230471448 0.03133497837314365 7856
0.005320451660941583 0.0833724281300319 7857
0.009633126325102354 0.0728654219942569 7858
0.01904597530532844 0.005349181233329107 7859
0.06840612450661721 0.003768203306689782 7860
0.07450359636096254 0.02425655451619901 7861
0.06758546684385866 0.03026816588355648 7862
0.05714949504961307 0.004285762605092301 7863
0.02004581758340454 0.08186994462490998 7864
0.07796454867528087 0.02225100004355982 7865
0.04771806440475636 0.0608015299351997 7866
0.02955419836448471 0.07433201294472552 7867
0.05715833585835325 0.01028525203916469 7868
0.02521149965577061 0.06683928765152382 7869
0.007882630094058204 0.06186834241489461 7870
0.03466480756122234 0.02332336981791772 7871
0.03304989423515885 0.07931732716357233 7872
0.07624402698212679 0.0292536547312098 7873
0.06310247397294097 0.001731467707688381 7874
0.06585509563777556 0.03127106944704826 7875
0.07621551955403627 0.01225366643931788 7876
0.07102105161436228 0.01326237988906464 7877
0.0234911904767967 0.07384218098044637 7878
0.04427118596109367 0.07080818189764748 7879
0.006164000992363441 0.0698712361114629 7880
0.008729365709743985 0.05036690612455742 7881
0.04416507589082078 0.007807414384171596 7882
0.01570306028942264 0.07735562339267617 7883
0.07451030578925572 0.02825654888899388 7884
0.07620881085460134 0.008253672065152828 7885
0.008662278715383158 0.01036696238292837 7886
0.06758378966871351 0.02926816729055835 7887
0.07192482194068187 0.03576091251535038 7888
0.05369385919990328 0.009291435035438764 7889
0.03646562038953982 0.06432040720103853 7890
0.04070348783314894 0.009813222893720074 7891
0.07621048802946015 0.009253670658694167 7892
0.0649932643974753 0.03377251839118244 7893
0.06588423703744674 0.0512767267087131 7894
0.06326121602490556 0.03377542334525852 7895
0.03899073555286522 0.02081611095386933 7896
0.02175914210432972 0.07384508593160627 7897
0.02169708664041811 0.03684513797974828 7898
0.07536877591514848 0.02375510275313482 7899
0.05801130302977688 0.00279693321740844 7900
0.05799327521532111 0.001732143286212781 7901
0.02077650676332157 0.004346495459719095 7902
0.0727681945309884 0.02225946227891549 7903
0.02607502190295371 0.06533786110151155 7904
0.07191474918235041 0.02976090420638738 7905
0.07278161185250712 0.03025945102488407 7906
0.08314539021493855 0.01324204522458564 7907
0.06843220357548158 0.01876672967940767 7908
0.0736350570910502 0.02275800910001686 7909
0.002605740218711544 0.003877166115516514 7910
0.001741283458209147 0.004272295993332877 7911
0.07187281981381835 0.004760939367929762 7912
0.002608072158457174 0.001922701376616216 7913
0.001720667830482768 0.002378593442849672 7914
0.06672028124339784 0.03076961766040912 7915
0.02337102121528905 0.002844654827097448 7916
0.02420518124760427 0.00236967798484268 7917
0.08314278043490005 0.01423830132443028 7918
0.06753992192494496 0.003271166859603568 7919
0.06844897526731139 0.02876671551723793 7920
0.0762289426703834 0.02025366225030715 7921
0.006940293390414715 0.01636985890086762 7922
0.02607669227060208 0.06633784796741488 7923
0.006952033617047455 0.02336984905101118 7924
0.04589209421963868 0.004804513648993994 7925
0.07018605516236548 0.03176380634558329 7926
0.03214640080974574 0.07082766043922867 7927
0.06932254673980565 0.03326525671195252 7928
0.02170999334091557 0.0498423344742213 7929
0.003550757621160971 0.06037560562129354 7930
0.06844562300450109 0.02676672193069896 7931
0.0580143722309115 0.003786457815265633 7932
0.005198181972372033 0.01037277228704623 7933
0.06408688043204896 0.009272734270175782 7934
0.07275142281101436 0.01225947634345485 7935
0.07709244591744482 0.01875220534292698 7936
0.07709413072217275 0.01975221226171644 7937
0.03985256680147568 0.01831466199397902 7938
0.0460027573465983 0.07080529327184849 7939
0.06844729844026065 0.02776671752380597 7940
0.02607339742870788 0.06433795332293835 7941
0.0779559543135761 0.01725075495022735 7942
0.003520323818263907 0.04237563135925738 7943
0.0684439586987001 0.025766745540895 7944
0.08312173329256138 0.003250303125209263 7945
0.04503361734156235 0.009305959795928992 7946
0.009532495835411322 0.01286550639583922 7947
0.01039935833254532 0.01336405370569922 7948
0.0260718283866262 0.06333814110328798 7949
0.03555968261166419 0.03982211158389107 7950
0.02164233506668762 0.003845979972264033 7951
0.02429264372956482 0.03534078315785399 7952
0.008675696112084432 0.01836695113509972 7953
0.0104983119236289 0.07236397022179786 7954
0.04158293799815622 0.01731175844832065 7955
0.002662559595756453 0.04287707068509981 7956
0.06844230247187885 0.02476678309031379 7957
0.05368715050045188 0.005291440661301557 7958
0.04589639578384557 0.0028112545039434 7959
0.005318938553681082 0.08237267101134434 7960
0.002690894452135183 0.06187704987355705 7961
0.002690328667325666 0.06087704941601831 7962
0.001819621147021534 0.06137851044971664 7963
0.006948679267329012 0.02136985186393058 7964
0.01126454237910474 0.01286260468240919 7965
0.05195510212887386 0.005294345613487406 7966
0.008774648862240393 0.07736686685238599 7967
0.06408463977335288 0.008273715450532411 7968
0.01397081508784609 0.07735818871113131 7969
0.04936122250867112 0.00779869952544484 7970
0.04675862517352287 0.004304458623890062 7971
0.08142176919985551 0.0182448197653 7972
0.06321425516114716 0.005775462669607427 7973
0.0467673428886018 0.01030305343740062 7974
0.03376959002571972 0.002831724759323098 7975
0.00695035644218862 0.02236985045747022 7976
0.02250740899057599 0.00334553563296644 7977
0.05195343905826209 0.004294371354867835 7978
0.006941970566285337 0.01736985749261589 7979
0.04071775239982495 0.01781321022113452 7980
0.08228355896632947 0.01574349418447264 7981
0.035557023106229 0.0388219357794115 7982
0.06844064129476721 0.02376681209872349 7983
0.06930578511241675 0.02326528823894018 7984
0.07273968258700304 0.005259486188666125 7985
0.007808833338851615 0.01786840431444827 7986
0.07364512014938945 0.02875800065711145 7987
0.03218066949262341 0.07884442499772454 7988
0.0155940719603623 0.01135563471775495 7989
0.03555011925753133 0.03482190116814471 7990
0.008677373288874239 0.01936694972521957 7991
0.03041435243823478 0.07083056539129706 7992
0.01212972312482007 0.01236116150775565 7993
0.06930410248733611 0.02226528024176775 7994
0.01396240866665294 0.07235816031904603 7995
0.01472698717740776 0.0118569120082111 7996
0.01299489851004559 0.01185972783114428 7997
0.005203213496798115 0.01337276806793557 7998
0.01650071722976715 0.01186422902900838 7999
0.03468325648433576 0.03432335434742612 8000
0.005201536322018988 0.01237276947425351 8001
0.03129583546772095 0.07833319449309081 8002
0.005199859147215311 0.01137277088061482 8003
0.04595987735026447 0.001689034469109695 8004
0.06588193044502774 0.04727104692567315 8005
0.03640691936761024 0.02932045642644833 8006
0.06321594121182385 0.006775445830062298 8007
0.004452070842289567 0.08187417050687379 8008
0.06495346686478767 0.009771761585893608 8009
0.01136349752215542 0.07186251844933891 8010
0.07882114123942388 0.01674930445723315 8011
0.02861689440971239 0.03183352519498716 8012
0.04763085131188753 0.00880160307105491 8013
0.07795763666992295 0.01825075853903449 8014
0.003472342231128828 0.01337567104552402 8015
0.001750500439169932 0.01327095913507424 8016
0.04590048011538147 0.009804506616664405 8017
0.002718048249015531 0.07987703274919843 8018
0.001849810287280367 0.07937848513347016 8019
0.01397249581726418 0.07835819343327999 8020
0.06930242307577548 0.02126527778909674 8021
0.07449688818264009 0.02025656014038544 8022
0.007907786594576513 0.07686832118950247 8023
0.006086848018721534 0.02387130082381571 8024
0.004450398606236985 0.08087412559671925 8025
0.01386009109295678 0.01135829043725609 8026
0.006088525193590634 0.02487129941735719 8027
0.01222868312068199 0.07136106667687998 8028
0.02954581254425299 0.06933202007030187 8029
0.06930074410451376 0.02026527609610319 8030
0.06674878361647588 0.0477694607028832 8031
0.0736048681853293 0.004758034415861367 8032
0.07968632654526814 0.01624785240245828 8033
0.01310719160642276 0.07885939984846529 8034
0.06756335001700793 0.002333001840244736 8035
0.05108271079531242 0.002810869507730289 8036
0.03727210799260765 0.02881900464856742 8037
0.01736780429707842 0.03735239965325489 8038
0.003583693441261235 0.08037558198285598 8039
0.05809693719763136 0.05278411147109734 8040
0.04849603691017036 0.008300151298250041 8041
0.0536905048501481 0.007291437848421421 8042
0.01736612713096609 0.0363524010747974 8043
0.05369218202502839 0.008291436441925301 8044
0.006955363670640126 0.02536984669602613 8045
0.01736445002401854 0.03535240259837344 8046
0.05368882767540874 0.00629143925467246 8047
0.009639834021206866 0.07686541407826256 8048
0.01396408584111185 0.07335815891258772 8049
0.05723007445554406 0.05228556465315674 8050
0.08055319192147008 0.01674640173265979 8051
0.0744702042824901 0.004257382691759348 8052
0.007039246700962176 0.07536977589825508 8053
0.01309554589366754 0.07185961349796291 8054
0.05108621626734081 0.003798339906964369 8055
0.01569781138708531 0.07435525255475411 8056
0.07533696691339745 0.004755846794829904 8057
0.006174061101529731 0.07587122766863766 8058
0.03386575856546471 0.001763027836568808 8059
0.01483094861409778 0.07385670573367088 8060
0.08142006080028089 0.01724492721119826 8061
0.002710733001268083 0.074877034884774 8062
0.00184142441498663 0.07437849216576184 8063
0.004440400353325595 0.07487413392676512 8064
0.01569949072392709 0.07535525487917805 8065
0.07620214443609587 0.004255026547079099 8066
0.07880608841981168 0.002769599609884127 8067
0.01570122040610884 0.07635534406752147 8068
0.003575917797346159 0.07537558452004454 8069
0.07706633912464179 0.003754684140766046 8070
0.005307209130760743 0.07537268083687021 8071
0.06501527873540751 0.05178253281654242 8072
0.03028764395767046 0.002833483670933855 8073
0.08228298244474193 0.01674722670192647 8074
0.07793192567347489 0.003262001496198187 8075
0.05103891178137984 0.001746197624220951 8076
0.05378107100518428 0.06129135967869162 8077
0.05464779581993387 0.06178966847125121 8078
0.030405973665833 0.06583058455485456 8079
0.02686354159523741 0.06081333864704322 8080
0.02953758041078215 0.0643322907849502 8081
0.0226243277027161 0.07334363415921971 8082
0.02693161400159371 0.06181033644527735 8083
0.02612209801211942 0.08136338802009138 8084
0.0260686538813226 0.06233375678335068 8085
0.02609680109905931 0.07833783346040159 8086
0.02520198542841849 0.06183833225536799 8087
0.02436476060126514 0.07834072484900903 8088
0.02433792715025436 0.06234074467690576 8089
0.02346438754485561 0.06180145329654863 8090
0.0226327362121678 0.07834361240600114 8091
0.02522994667176492 0.07783927196522558 8092
0.02090098495594806 0.07834649219868904 8093
0.02003222624724084 0.0768480401550137 8094
0.007004026478063252 0.05436980544421904 8095
0.02349790284697956 0.07784217325820912 8096
0.007002348947251755 0.05336980685335711 8097
0.02176593311304134 0.07784506463138446 8098
0.01220017114990954 0.05436109059063259 8099
0.01133269803004866 0.05486409379066103 8100
0.01046941147511104 0.05536416090848493 8101
0.009604587237419759 0.05586544609894294 8102
0.008737755015903625 0.05536689910574329 8103
0.007870890881353232 0.05486835226677891 8104
0.006135486104135709 0.05287126003231031 8105
0.005270300527869275 0.05337271180297053 8106
0.004403437728716479 0.05287416498270436 8107
0.003537586886894165 0.05237561646634842 8108
0.002678302004707714 0.05287705834092556 8109
0.001804526576761722 0.05237852312276112 8110
0.03472530518371639 0.05932331954894957 8111
0.03559039993218861 0.05882186842384052 8112
0.03558448718780626 0.05681626369943197 8113
0.03558795568542759 0.05782009841915915 8114
0.03384767870267606 0.05680818709655212 8115
0.01827274438253377 0.01064386465494523 8116
0.01216493445669076 0.03336114799150477 8117
0.008681803165812307 0.02636971920544243 8118
0.07452726728300027 0.0382582467926206 8119
0.05533540883504008 0.01411532564149885 8120
0.08404145467633528 0.01674633950729802 8121
0.08156055342648828 0.0008536655214730834 8122
0.06545573971595844 0.0008139504970228681 8123
0.08346412704205539 0.00081337827974403 8124
0.03443179000886661 0.0008599585029957224 8125
0.01947632466734346 0.0008355890859800541 8126
0.01350304334054777 0.0008456401577531455 8127
0.05748572943820116 0.0008190948303155796 8128
0.03847490048236533 0.0008329854732233091 8129
0.07646642796275466 0.0008344831460242244 8130
0.07432912371872348 0.0008578222457800919 8131
0.02450573749148833 0.000846365815795079 8132
0.02552592852614464 0.0008348504260832779 8133
0.05343228864805098 0.0008589646583745669 8134
0.05557978530836517 0.0008642733961168741 8135
0.008444193962968069 0.0008575394686966969 8136
0.03656207338658565 0.0008712609193555626 8137
0.05148973114414937 0.0008237940215310574 8138
0.06736274706063043 0.0008588767218286816 8139
0.006496556839893156 0.0008655666554580332 8140
0.06950417351773969 0.0008538815976411804 8141
0.07243449113040309 0.0008190012001026495 8142
0.01753098029633918 0.0008524931050153325 8143
0.01247641526023438 0.0008415790182622895 8144
0.07942332279839473 0.0008491092974571152 8145
0.03348225448252623 0.0008655534387944433 8146
0.01303039035471843 0.03285953756355467 8147
0.05895650634097432 0.06129248904490848 8148
0.07711711923709082 0.03474701615014313 8149
0.01389634793182416 0.0323574961892569 8150
0.002720666629749062 0.0848414384276947 8151
0.04686572786837649 0.07030415041658186 8152
0.02600076077028168 0.02133851485398237 8153
0.08682223635745584 0.02187413489265336 8154
0.04164227468461635 0.05231280580423742 8155
0.0254475673005452 0.005635698443860936 8156
0.07798059864854889 0.0322532042995466 8157
0.01389409310319173 0.03135828032208397 8158
0.03987613796949693 0.04233355033370462 8159
0.03908277311164965 0.07481802209360443 8160
0.04083431226659967 0.07481613419805042 8161
0.04258170012026476 0.0748234694795866 8162
0.03769050207145107 0.0795250852361552 8163
0.08896124308754091 0.01008041157241799 8164
0.0009059989993301792 0.08453091851310743 8165
0.08657693242756997 0.02285969555732556 8166
0.0185985388053483 0.05997795134649987 8167
0.04505316829077747 0.02831058787670011 8168
0.02162241659195733 0.01789289958991054 8169
0.02073780836230878 0.01843343607697212 8170
0.0008805181314536503 0.08350653069784184 8171
0.02946042320385469 0.01733523983813465 8172
0.001858959210592578 0.08237847400848761 8173
0.01995166761849629 0.08730413017906148 8174
0.05747013070665585 0.01466199190095833 8175
0.07279870103412878 0.04026138228241612 8176
0.008776977819014604 0.08136686986159385 8177
0.06413615659040557 0.05327622906262716 8178
0.07033958898798928 0.05470518686748906 8179
0.0148698026588539 0.08185280416801594 8180
0.05378981319363617 0.07015786297894511 8181
0.05424863784623177 0.07034107831483195 8182
0.05469084261033094 0.07000996947071017 8183
0.02156281836069345 0.0008899585600923576 8184
0.08661216753740451 0.006184608150332636 8185
0.0008608576785947147 0.08145682806942947 8186
0.06227147977595386 0.06439890085623443 8187
0.07277773585405077 0.05136400508227529 8188
0.07276476100349247 0.05089481756826925 8189
0.07285052022229932 0.05190401575018921 8190
0.03815720297473742 0.04872746640503287 8191
0.06369402702951854 0.06297929957801805 8192
0.07117077131910832 0.04803394389707319 8193
0.08445171263996887 0.0007965755190676369 8194
0.0583306733947682 0.01496205162914279 8195
0.05913200673937141 0.01541852487088019 8196
0.001857356282163131 0.08037847388396237 8197
0.08520742653299943 0.02763435262554849 8198
0.08479479855840427 0.0272847645264275 8199
0.04698856961866388 0.07625193506098552 8200
0.04697149718641723 0.07575380528076968 8201
0.047393600938945 0.07549101500189478 8202
0.04695310626654415 0.07525564680769163 8203
0.04653229513413361 0.07551881243169782 8204
0.002230929242434614 0.08953651067852134 8205
0.001999865791695754 0.08908640911814837 8206
0.002480994935112217 0.08910564382749515 8207
0.05276893230830672 0.07237365696502779 8208
0.0522956221468785 0.07216876219654679 8209
0.05271444157661891 0.07188992279459633 8210
0.05188685988331322 0.07248159088949335 8211
0.05134904435821846 0.07233330613278316 8212
0.05080228481069768 0.07226902744554846 8213
0.05101742277188473 0.07275723509551134 8214
0.05224591183148965 0.07165919710824274 8215
0.0523737254079652 0.07112785688244805 8216
0.003755364293354671 0.08949701389247311 8217
0.002966818415339835 0.08900859266764723 8218
0.0895350089972395 0.002230994505763938 8219
0.08911304145697567 0.001981226832256891 8220
0.08913592071533608 0.002476659376541582 8221
0.0519640180473177 0.07296907954412005 8222
0.05860662126593852 0.06773375330695269 8223
0.05812581823189505 0.06757002943106846 8224
0.0578183028367828 0.06836850558900093 8225
0.02573300225348103 0.0857937089440016 8226
0.02537608685979122 0.08547591896447204 8227
0.007205982063011346 0.08930690286805099 8228
0.04180899006134441 0.07920981740901278 8229
0.04141335986901377 0.07895742008420323 8230
0.0409777059935007 0.07918985546695247 8231
0.01367701909057818 0.08856586609612441 8232
0.02998319774378398 0.08439959199196367 8233
0.03007238722421073 0.08391169604381615 8234
0.03055317529673427 0.08372341584232118 8235
0.03013341392602861 0.08341672643964182 8236
0.03055450191174524 0.08318297935810426 8237
0.03105781317584397 0.08348748312525942 8238
0.03151079827477341 0.08328973780100433 8239
0.03183378313639264 0.08366931882161663 8240
0.07625306336115026 0.04699120282665922 8241
0.07579198970403576 0.04693321577599128 8242
0.07543381231688079 0.04734029445439732 8243
0.05031649034267294 0.07407227550900465 8244
0.04985865277144448 0.07384721858870703 8245
0.04946385147794316 0.07414385912041047 8246
0.04941374844220369 0.07365082298742615 8247
0.04906214234637421 0.07396007323698595 8248
0.07088357622976502 0.05475642903098047 8249
0.03735839635327483 0.08142899146003833 8250
0.04093618520196091 0.07967364758511106 8251
0.04950043471821579 0.07464401968713949 8252
0.01802024521754412 0.08774012182291453 8253
0.01816011022161649 0.08727882830119546 8254
0.01870408978481256 0.08715243603112384 8255
0.0570862734057502 0.0690210496007535 8256
0.05556671296782222 0.07027951577859318 8257
0.03823044560662968 0.08094316853993809 8258
0.03093081411548932 0.08404411843655837 8259
0.04444205297552403 0.07778780602185212 8260
0.04434895103339447 0.07728761191833373 8261
0.04485176072082762 0.07704715740194032 8262
0.04528543393775557 0.07727908851231223 8263
0.04614132359849066 0.07677060736978124 8264
0.0461271620444975 0.07627151722100596 8265
0.02904281929441006 0.08473368101771031 8266
0.02914290246257084 0.08425545717998363 8267
0.08822750414997337 0.01557178772785753 8268
0.02481221888688815 0.08608087522187875 8269
0.08857394663982773 0.01363296893678833 8270
0.03552171625462107 0.08220049689524175 8271
0.01900587968547687 0.08755195688963555 8272
0.02383979943450593 0.08637065680411977 8273
0.04783370635004529 0.07572550928615648 8274
0.07353954279816195 0.05114064336700979 8275
0.07323610903011854 0.05069534622405616 8276
0.07359484439542391 0.05028693696614146 8277
0.07312737429791429 0.05015835505024127 8278
0.08099005106119452 0.03825388252780165 8279
0.0804938632300578 0.03831169780557651 8280
0.08027630407079644 0.03874265724395742 8281
0.05116052925829465 0.07354581146110307 8282
0.05071794497398095 0.07324670441279467 8283
0.08406367767251351 0.03091999345920798 8284
0.0894201189497225 0.005186161587291155 8285
0.0267126752052641 0.08543047892586178 8286
0.006209851910626684 0.08936114447676866 8287
0.00647316373783401 0.08887226859361599 8288
0.08372471276853398 0.03182086355426748 8289
0.08440445527556195 0.02998460997656371 8290
0.08408047888702364 0.02960122712141254 8291
0.08426654825864568 0.02914509289717341 8292
0.08473279378175222 0.0290452888601176 8293
0.0844291364520269 0.02867723282226143 8294
0.06774843110678325 0.05862961702639599 8295
0.07729485718343959 0.04529564525882119 8296
0.0563740702529626 0.06963642711086337 8297
0.009675676650858528 0.08904565784300697 8298
0.04867138534074568 0.07519021308102311 8299
0.048244799608955 0.07498382772953867 8300
0.06904966700476171 0.05711604742703057 8301
0.03281911541501024 0.08327028333988709 8302
0.07148704918021279 0.05396619033109144 8303
0.08055719501313385 0.03915070798342952 8304
0.08299282304096024 0.03371158691657581 8305
0.08243317435848521 0.03378121996510112 8306
0.08230207979172913 0.03429405682980147 8307
0.07572733815496402 0.04783427803687949 8308
0.08011945521561442 0.04004152500335921 8309
0.07962285718226876 0.04008607586508259 8310
0.07940505772591233 0.0405093564098346 8311
0.07967041733741043 0.04092867147275026 8312
0.08634305454692916 0.02382110807260189 8313
0.0859839972830678 0.02348624063488555 8314
0.08753452081024365 0.01899538206210109 8315
0.07921603386116231 0.0418107504507681 8316
0.07873098649384963 0.04181595654609416 8317
0.08330945176208998 0.0327459257486619 8318
0.06840063385337403 0.05787640927466815 8319
0.07409261216632501 0.05032924320627419 8320
0.027178869110529 0.08544222385364122 8321
0.06437527523666595 0.06229831004136292 8322
0.05473299327583177 0.07091807890287262 8323
0.07679910159423306 0.0461644639476589 8324
0.08829646800659684 0.01508737979059196 8325
0.01116745116796115 0.08890821746708995 8326
0.08932408326725734 0.006239636889170536 8327
0.03455896507902263 0.08266620542377248 8328
0.08260784396681388 0.03463479673116538 8329
0.04006493301760227 0.08014563287385029 8330
0.008681677328312341 0.08915786561643566 8331
0.0164114745541059 0.001914938624393139 8332
0.05288783307035735 0.001745285112101889 8333
0.04687342736581608 0.07131513500544445 8334
0.05113388919163474 0.04274083085588189 8335
0.05107279578955938 0.04182256549722681 8336
0.0008591063757832154 0.07945788750330854 8337
0.07884456055120245 0.03275521575274697 8338
0.03712520912713276 0.001766964379036895 8339
0.001855753015900484 0.07837847376000348 8340
0.08056619719570483 0.02477521353695223 8341
0.04768145784763018 0.04479455909042247 8342
0.07279760459347882 0.04225248002704697 8343
0.002221784791560343 0.08865828221884128 8344
0.05051455432114783 0.07270915723442387 8345
0.05027277102150393 0.07356701387437574 8346
0.000857355408286381 0.07745894693718754 8347
0.06898250634438277 0.05635089985414726 8348
0.05025607230104957 0.02633414181156648 8349
0.04765642078534418 0.04375743853123637 8350
0.04907572042454761 0.07444951141643369 8351
0.08489692852932411 0.02857757564097821 8352
0.05169787546240769 0.03263580225055673 8353
0.02334770262957681 0.001899941553584444 8354
0.01475500088506382 0.03084051332267676 8355
0.0008564800508523499 0.07645947665412711 8356
0.02845697042373794 0.0500600654027006 8357
0.07145065694998491 0.0008123890894065205 8358
0.04594115781660309 0.043798441559177 8359
0.06413188764272232 0.05828576623715473 8360
0.04422676450187325 0.04579637042670715 8361
0.001853347479038162 0.07537847357513375 8362
0.01917726127338099 0.08034023590419678 8363
0.04858963669672609 0.07032334083003336 8364
0.000854729589764007 0.07446053608800605 8365
0.002733935105876259 0.08951248888471566 8366
0.05316166327412593 0.07209841158354884 8367
0.08953409183449955 0.00273232105922766 8368
0.00877825432024883 0.08235681375512767 8369
0.01398311578451244 0.08135090134091877 8370
0.01520174845005628 0.02206863357377216 8371
0.001851743360108037 0.07337847345260605 8372
0.04654961662471883 0.07601500282602122 8373
0.0296047108213955 0.08407769043576996 8374
0.02918265835614994 0.08371672448017695 8375
0.04782748306505513 0.07524992046797985 8376
0.04743153668418256 0.07502839055771644 8377
0.04678236745323457 0.02830722650733786 8378
0.00085297946859169 0.07246159552188507 8379
0.05854701007307789 0.02252047498506386 8380
0.05545603068470037 0.03531849718258037 8381
0.0008521045360561849 0.07146212523882459 8382
0.01212574178416806 0.02245190705182953 8383
0.001836185373588567 0.07034229372946232 8384
0.08573412380320271 0.008753167503984499 8385
0.01888551685251894 0.01342797058267634 8386
0.05110670042121023 0.02178765152199452 8387
0.0008632934459612829 0.06949765050213699 8388
0.04044141460573487 0.0008342720756720698 8389
0.02485787603319357 0.008363380581777692 8390
0.02473248844005466 0.08478649541397484 8391
0.03204364006209108 0.04939913158733987 8392
0.03325882211292802 0.04591314199646743 8393
0.001834333849274714 0.0683423860651117 8394
0.07746617675424304 0.0008131476017859685 8395
0.02974144622210945 0.05232127808888124 8396
0.0008617736750759775 0.06749862213756429 8397
0.005219585172423796 0.08944845388351043 8398
0.001832566763636467 0.06634247825916793 8399
0.01832047069304463 0.07985975379417751 8400
0.0355776463934932 0.04182615670897963 8401
0.0008602578238416994 0.06549959376684866 8402
0.01693008640601622 0.02098501510401938 8403
0.02606403118059255 0.05734490084769611 8404
0.05416609082451061 0.02018588702973733 8405
0.04866537353405347 0.07472531710682898 8406
0.001830697527620093 0.06434257062457381 8407
0.01482268276557757 0.05739106058378216 8408
0.07998147362257554 0.03837038605652975 8409
0.07977710482718062 0.0387781134661776 8410
0.08007512521803552 0.03917757714567806 8411
0.07978855148225511 0.03959413174709484 8412
0.0008587377985631514 0.06350056540356697 8413
0.05718118283250826 0.02529918139223478 8414
0.02164436797334929 0.05083222731773697 8415
0.07798521619489665 0.03523894507752366 8416
0.06008401940212706 0.06637052090462697 8417
0.04338694182884471 0.03933385741851587 8418
0.02132176581303248 0.0257361610105341 8419
0.001828911931146149 0.06234266284972667 8420
0.007701670340816071 0.08927540787809869 8421
0.0008433599621538168 0.0614674224082198 8422
0.0242459550838415 0.02628386556867526 8423
0.07606279177685767 0.04650200322446221 8424
0.02584610811447191 0.08529904420649481 8425
0.005854810076332519 0.08890687063941527 8426
0.08065135410321034 0.03783686697136075 8427
0.04183188885724348 0.07873372691891692 8428
0.04571447532699555 0.07654096049270333 8429
0.04571394539350325 0.07604854958367702 8430
0.04529372201083728 0.07680073363572465 8431
0.04611550602141452 0.07577993778922787 8432
0.045673226196079 0.07553800142700534 8433
0.01768098409912001 0.08738085680113625 8434
0.01781460833798173 0.08697226973883937 8435
0.02859094512016674 0.08438136817353466 8436
0.07895260452235855 0.04140645747250114 8437
0.07845361101746863 0.04140027134058479 8438
0.07817337556290041 0.04180792005220096 8439
0.07757896158689302 0.04166739742501274 8440
0.07917242358389934 0.04095403704665915 8441
0.08314767417568433 0.01524439508242489 8442
0.0238154921047715 0.08452422335578363 8443
0.001827132932891717 0.0603427550638394 8444
0.04054215573147012 0.07942935162204483 8445
0.07391926434550364 0.0499043168651066 8446
0.08315754266684605 0.01624379970507748 8447
0.07005468300896039 0.001729094884940066 8448
0.05946848184209884 0.0008417618954934744 8449
0.0008416120964983009 0.05946848184209883 8450
0.07123932035165197 0.0528015149386483 8451
0.02241909016137582 0.05131124929956175 8452
0.03549823909526118 0.001944462527571113 8453
0.001825279820935721 0.0583428474022796 8454
0.01225329776444121 0.08134600823348563 8455
0.06470782191174648 0.05965185829277226 8456
0.01312208532456959 0.08184231697005909 8457
0.0770563838860425 0.0448425186493797 8458
0.03037936599809121 0.0586965151088417 8459
0.02082998658406486 0.009978672141608767 8460
0.0008398645850805631 0.05746954127597784 8461
0.06500173168345183 0.05477253372344117 8462
0.001021354714032405 0.08801074708970487 8463
0.001823427251325255 0.05634293973983599 8464
0.07057744455974616 0.05178604028698506 8465
0.08205394318940341 0.03141816639289995 8466
0.0008381174298707147 0.05547060070985688 8467
0.01918320024059122 0.0823949174515341 8468
0.04814569957938562 0.03816200827965183 8469
0.08705868576070852 0.01367830407162376 8470
0.02802147969765151 0.006413396014580148 8471
0.009236369740628428 0.08673424926050445 8472
0.04739725434748042 0.0008270758430744748 8473
0.0008501578414814165 0.05450647934086841 8474
0.04244823393710569 0.0009600121750709609 8475
0.01040194855980184 0.02739415323939183 8476
0.07887490424789478 0.001722354927065253 8477
0.001820743644132192 0.05334307808749488 8478
0.06346636297434077 0.0008362691028833275 8479
0.05976089844861777 0.0117592201703912 8480
0.05666193547368298 0.01376734920923867 8481
0.009538766695868478 0.02687748399242529 8482
0.0008503965129489435 0.05250590938244175 8483
0.01315974275123937 0.06081619607567191 8484
0.07908981323862323 0.04014599786401189 8485
0.04944797968997948 0.06877178352258639 8486
0.001818872477758068 0.05134317046631184 8487
0.0494179930685117 0.0009564353669803682 8488
0.03183756099653037 0.04399288709237868 8489
0.08887405271882165 0.01115290296322474 8490
0.0008488781125908645 0.05050688101961841 8491
0.05616085888242861 0.001750481291086237 8492
0.08386014727014188 0.030085325756672 8493
0.01261818264994361 0.08868759203693583 8494
0.01139518632338159 0.08183102635796571 8495
0.03951083825848224 0.04865003231182354 8496
0.04012108247550385 0.04846535475230239 8497
0.05730784370221932 0.06819745600260778 8498
0.04954111691204498 0.03885370426081698 8499
0.001817103841793635 0.04934326266314044 8500
0.0736764994988485 0.04174164977685314 8501
0.04485164146633495 0.03263002821317288 8502
0.04532665281492266 0.0330035101563769 8503
0.01413347852734547 0.0239886856947238 8504
0.000847364430517604 0.04850785264902309 8505
0.08710136423596387 0.02087775836598559 8506
0.0858749094512487 0.02394689915800896 8507
0.01701503966183376 0.08672138612017291 8508
0.03039316767362613 0.05386755944432842 8509
0.05953785268163435 0.02094555794373378 8510
0.01558128973775839 0.05529623550597711 8511
0.001815360970912575 0.04734335481683154 8512
0.01918623964757907 0.08137110132101073 8513
0.0008458521364311314 0.04650882427655625 8514
0.04338749122091529 0.03239710395268053 8515
0.02479754950711837 0.009939301622885796 8516
0.07659253804472556 0.04460110566967359 8517
0.001813411071447051 0.04534344731777169 8518
0.04505535907364691 0.02932041752712125 8519
0.03469610025874756 0.008304106633633145 8520
0.08226424847159901 0.0332977692753965 8521
0.08458259586251594 0.0282263335482164 8522
0.0008443311321657682 0.04450979591915474 8523
0.08054422549150966 0.02577897883729866 8524
0.01909857254370263 0.05033335819175074 8525
0.001805263103530227 0.0433295666090069 8526
0.03665023953389496 0.07910859311137625 8527
0.0008267697373557786 0.04247748703007059 8528
0.02189291062807469 0.05683758861832086 8529
0.08910607306033877 0.002963998849413764 8530
0.01052049208137242 0.08132608727819074 8531
0.0008393807509822493 0.04151276972673387 8532
0.06678940513897699 0.001739024806655443 8533
0.06707393347457152 0.05931291291495693 8534
0.07453349112907798 0.04122662853778264 8535
0.001802311617488013 0.04032976063134024 8536
0.05269544355353974 0.01921239928685835 8537
0.03586238319560905 0.0815528201473941 8538
0.05454572331782408 0.001926611374163251 8539
0.03199615583793793 0.048687672752469 8540
0.0008402597632522213 0.03951162120004085 8541
0.05554264095624697 0.06523329222355699 8542
0.07498008852227894 0.04698299015041695 8543
0.001800474333767649 0.03832988976095043 8544
0.0008224093889335343 0.03748013561476816 8545
0.06967388095492054 0.05162862278577496 8546
0.03778474828069077 0.04504498626292229 8547
0.0008352389736988458 0.03651518910550994 8548
0.045923611275299 0.04178505310996118 8549
0.05640560227927235 0.06377110476778752 8550
0.05374295870645519 0.01823065847045947 8551
0.001797476075971305 0.03532202341957494 8552
0.009630451760402552 0.08083041004450198 8553
0.04593079346206386 0.04278494107230217 8554
0.05239084174276586 0.03601808569340603 8555
0.06020520372846663 0.01629105062503923 8556
0.02852431440571149 0.000842812508573057 8557
0.000865160506991286 0.03455367957630775 8558
0.06147054976623313 0.0009453594765956863 8559
0.05722474276099171 0.03235024287036948 8560
0.001753638570808166 0.03320553386836218 8561
0.08652481636677239 0.01350698386877168 8562
0.0008598914608662148 0.03255895729850072 8563
0.03461569124706653 0.0522835156297027 8564
0.001752557363101384 0.0312316107273115 8565
0.08640866384600195 0.01592125818634587 8566
0.05807395779877076 0.03181419343159338 8567
0.04577134086274237 0.03735935517683726 8568
0.04608991493029618 0.03813621686888361 8569
0.05459594988444844 0.02887561960344311 8570
0.01940046452730409 0.02197092314472439 8571
0.0008766908524494507 0.03061642478209834 8572
0.05895109485226007 0.06230522877862997 8573
0.05848234641629042 0.06727041877585799 8574
0.001750198643293475 0.02923200442934266 8575
0.03893638603521841 0.0502847586578937 8576
0.000875417445367635 0.02861712841373451 8577
0.04818700413628048 0.07453699976512759 8578
0.001780267000773703 0.02731325688338461 8579
0.02696118148933777 0.05793596837347074 8580
0.01511479340645207 0.05659198919080689 8581
0.01755192775145662 0.019887557313217 8582
0.0008128249580864402 0.02648596250110284 8583
0.01566930991447159 0.05397207486291631 8584
0.02738665428575022 0.01334723151758166 8585
0.01357377541581276 0.02560146332969189 8586
0.03167024352173517 0.006298726135862711 8587
0.08557057876612176 0.02324217553662708 8588
0.03198317057680208 0.007652890736684972 8589
0.03225119320645804 0.008070520136947625 8590
0.03205105305439845 0.008478130890369813 8591
0.036854549979724 0.04469177023062162 8592
0.03763833228418256 0.08071270484431829 8593
0.05868445465164535 0.02199093869617673 8594
0.000839750640292708 0.02556426724570462 8595
0.05858227992661171 0.02310394337465575 8596
0.05799387265838625 0.02230556106241622 8597
0.07373510582960677 0.001735868789458556 8598
0.08404471486999929 0.02835759505028428 8599
0.02698799573453921 0.05330525041380354 8600
0.006524909980374763 0.08834314916645833 8601
0.01780796389900121 0.06033382566231593 8602
0.001744226614627267 0.02425121652213778 8603
0.06840052620178395 0.001909748731941593 8604
0.05112415734869984 0.06884506177582189 8605
0.08213599654727596 0.001723634610194646 8606
0.000872485407491165 0.02362192502339409 8607
0.0324709827137485 0.04682754750944867 8608
0.08584888794836155 0.00170021387389855 8609
0.001742156602844991 0.02223338202992204 8610
0.07533984934228277 0.001901681231783185 8611
0.001512658122781875 0.0007980946472803535 8612
0.0872426900669315 0.0122241263170353 8613
0.0008712846133126645 0.02161959058191214 8614
0.05332251385972242 0.07134712992601704 8615
0.001740572010291437 0.02023377443447563 8616
0.01905717608839014 0.02932125677542986 8617
0.08139958368596234 0.0283187319091974 8618
0.0008701974906165505 0.01962029390169819 8619
0.0198040984383952 0.01674110178183414 8620
0.02502336260974112 0.01151795261183938 8621
0.001737585379169751 0.01823416919069326 8622
0.03052646325787795 0.01234755803279706 8623
0.0004192529199745845 0.08922908801169424 8624
0.08923415187183407 0.0004132312674699143 8625
0.0008688289520455972 0.0176209976935999 8626
0.07780146013144018 0.04444599524661064 8627
0.05596072779794618 0.02124689755704218 8628
0.02168897006369444 0.05602323234883591 8629
0.0017360389648612 0.01623456153161128 8630
0.03829050911223596 0.04722885365088109 8631
0.0008678217074412631 0.01562170087968029 8632
0.0458981024806551 0.0332177601404351 8633
0.01838798952936056 0.02087413183821508 8634
0.07203969425663079 0.05312391499148586 8635
0.001733596886699704 0.01423495537491531 8636
0.01299250413370389 0.05478725733099681 8637
0.02176447990874408 0.01037890510819618 8638
0.02284671212460579 0.05526890413727165 8639
0.06077384699183441 0.06521583459682553 8640
0.0008666423869034545 0.01362240435449479 8641
0.06844441468669046 0.05068962782014541 8642
0.006153675626061048 0.0858270120252617 8643
0.01225626481683039 0.0583037673063545 8644
0.049439747766265 0.06983107736299277 8645
0.05258018024885351 0.03365326332252705 8646
0.001731000371380999 0.01223534947743463 8647
0.02516737647200561 0.006549647358597564 8648
0.06190051852372307 0.01387270886936382 8649
0.08146813774803348 0.02651931620902881 8650
0.08053142506378481 0.001898615435633022 8651
0.0008653368800626907 0.01162310804107925 8652
0.03467950351538338 0.01238057218572831 8653
0.0349644582907926 0.01081435686791998 8654
0.03297881938216 0.05203458387292596 8655
0.001729016169278633 0.01023574255319994 8656
0.08113924399748992 0.03558317431078938 8657
0.0493290632930941 0.04173908644174412 8658
0.04246341214694278 0.04576822640730052 8659
0.06089601199538079 0.01880526025638797 8660
0.0008641921300873434 0.009623811458180958 8661
0.0471037632926055 0.03128813185189566 8662
0.02044519432084318 0.02494401993748492 8663
0.05449712150609458 0.01634744512597193 8664
0.04976901644248564 0.07324937140532958 8665
0.001745771160540616 0.008289510137249878 8666
0.01870344840961367 0.05307185878981256 8667
0.02872782052732968 0.01314492081821696 8668
0.02550079325538129 0.01164692755272252 8669
0.0007962979448358845 0.007496027122953636 8670
0.0008351620919444455 0.006589965934613917 8671
0.08551838233409624 0.02669890755375274 8672
0.02714721857052222 0.08350269876444311 8673
0.001720912420294159 0.005236732042674316 8674
0.08866087657219202 0.01262309262404889 8675
0.01987077239415103 0.05392616383551101 8676
0.01967215545843111 0.0534879921080297 8677
0.05394968795019521 0.02069973975616111 8678
0.03971088681190487 0.04756268257456892 8679
0.000860880405706678 0.00462557253796661 8680
0.08452591683439273 0.02489806149971332 8681
0.03202579163428197 0.01481277104763708 8682
0.001740342843953274 0.003290172499198073 8683
0.05731404628122186 0.06428199251647583 8684
0.01452271688844896 0.02321104532419149 8685
0.03548301828666411 0.05185065920645464 8686
0.02024258890334798 0.08570837498762578 8687
0.0008351037417986679 0.002573052784266019 8688
0.05312206593123283 0.0338044763997432 8689
0.05508213221640255 0.02124720022242615 8690
0.05544482332487627 0.03435467312372394 8691
0.03186958601908414 0.009521226383763438 8692
0.0377307557701716 0.04558006991312453 8693
0.08711168942446421 0.01917943577074642 8694
0.02958919447572825 0.006149305469521419 8695
0.01219599624325557 0.02740976367670153 8696
0.01867280658365337 0.02124230696979674 8697
0.01728292800876165 0.02949633606692603 8698
0.03167324738551764 0.04627598726868493 8699
0.04489956269323395 0.07657388699999979 8700
0.05720431348473627 0.03333976003092403 8701
0.08501788873112373 0.02681689324449803 8702
0.08470663847898879 0.02648993592148314 8703
0.01540346886967109 0.05609275846233472 8704
0.05990058738395303 0.0201928730175421 8705
0.04223159623320027 0.07848601326733926 8706
0.03293730706213758 0.05531318011258424 8707
0.0268508870275214 0.05892611082020151 8708
0.004216580860809789 0.08768889035336801 8709
0.08459662374799316 0.02686701040761405 8710
0.08473010338696807 0.02777865406241418 8711
0.006050324327501397 0.001821170649265458 8712
0.01384764480021784 0.05589928557531507 8713
0.01542085997993789 0.05847508553315906 8714
0.01517497611065906 0.05892388493757628 8715
0.005143740990865044 0.002444114485242697 8716
0.0886764126866136 0.002706719614990437 8717
0.08840451494129574 0.002271776717557718 8718
0.04927858334245349 0.03064461684166947 8719
0.06595267026593592 0.05538229013465529 8720
0.07526359972372088 0.0478060778233448 8721
0.02590183912588201 0.01183119389526061 8722
0.02703977339382658 0.01377480048144668 8723
0.01496764056543627 0.05834397425081914 8724
0.01462072713849156 0.05925940351401623 8725
0.07637848818164245 0.04611011967595353 8726
0.08613045140084452 0.02302896692836312 8727
0.05280264902533394 0.01385556849257442 8728
0.03890320415902516 0.04948133815187047 8729
0.05200047086581451 0.06729619161855641 8730
0.05631944360034704 0.03385797431656214 8731
0.03031059128025898 0.04493133480753292 8732
0.08891009545326345 0.007803970074419651 8733
0.08849332821697148 0.01411671020360916 8734
0.01309875149648471 0.02153996079754938 8735
0.01782436381036165 0.02909062349346094 8736
0.01820720096516098 0.05377429437162091 8737
0.03243348510641619 0.08302661173100639 8738
0.009715110188137817 0.08720807479755845 8739
0.02519957213393584 0.008696230073240635 8740
0.05216934983044147 0.03122444344545438 8741
0.02096455952032165 0.08438434339069192 8742
0.008339345305055128 0.08880826620471857 8743
0.04076864693229047 0.04573495943596524 8744
0.05777218338015799 0.02182779456905885 8745
0.05771720222753045 0.06602369880053591 8746
0.0649851519106953 0.05379589771323534 8747
0.02392080702362703 0.01415191122587667 8748
0.02467734970823684 0.008950280300118456 8749
0.004226362807832583 0.08951421549544297 8750
0.03641045870435172 0.08183722475486387 8751
0.02232900038839149 0.08608454537089466 8752
0.03608911027827656 0.0452179243629587 8753
0.0358966065280538 0.04478197804332565 8754
0.05290922894961907 0.03535645881599625 8755
0.05470678758833332 0.02100979421343763 8756
0.03059205007069931 0.0008045790877434164 8757
0.02992980999472402 0.01287617569763162 8758
0.05171639539037658 0.03723097814932069 8759
0.04703926804286891 0.07466433985928933 8760
0.04650983606140928 0.07498065159326808 8761
0.07148409155826456 0.05322920290200458 8762
0.01956666767162851 0.08700456258186155 8763
0.06086474688530637 0.06574237400184602 8764
0.04732017038187906 0.03225411036163892 8765
0.02266136141333619 0.06120946902751057 8766
0.02861835024484936 0.003854003692322243 8767
0.08378487599452343 0.02920339255563572 8768
0.02174659173705285 0.02799287944610794 8769
0.0616086802502936 0.01275326881698968 8770
0.0311695427182644 0.01641845711834596 8771
0.06158021893847207 0.06506488867190499 8772
0.01463407313166958 0.02637410705354832 8773
0.01703323856871529 0.08796515770473905 8774
0.05093190189377073 0.03305700633628421 8775
0.04199029748940417 0.07753288900261088 8776
0.03259760971581001 0.007668587260057046 8777
0.01664986823080275 0.02149764305302599 8778
0.08678657629421259 0.02042529918372384 8779
0.07111074737839401 0.04618182605783307 8780
0.0812209629653879 0.03252234609838885 8781
0.07678709726777827 0.04534223485592855 8782
0.02969236590798495 0.08365389912150079 8783
0.03002765763048735 0.08283838832235602 8784
0.02891443009102215 0.08328721149145131 8785
0.08738704501435623 0.01743286301061015 8786
0.05149403904069146 0.07282408605379313 8787
0.01651354711255635 0.08804909456735045 8788
0.04255677993676395 0.03470490113992188 8789
0.01841434497873992 0.02740342057897681 8790
0.03415893912822797 0.05239894268055058 8791
0.07544699617223941 0.04170496134672112 8792
0.03049311337354436 0.05287562611496795 8793
0.0277666850283619 0.004148639946411264 8794
0.02294528164935446 0.05797400297100556 8795
0.07901453894453167 0.03829379200610682 8796
0.05693604966285949 0.02291799349039594 8797
0.02558218019365178 0.007765164927960616 8798
0.05129227706857365 0.03346685030000873 8799
0.03831484703874487 0.04675311594662851 8800
0.04898775269730184 0.07345141449652295 8801
0.05402491745379256 0.07155707587871059 8802
0.02074777355177209 0.05904908845467616 8803
0.05254331099159962 0.01696615814254396 8804
0.05324000246684955 0.01766656905590864 8805
0.05377430701998579 0.02286109134949431 8806
0.07200198212379062 0.04570289127050919 8807
0.05883769626308166 0.01221185534276912 8808
0.05464020376639355 0.06570073383313782 8809
0.02757422471867368 0.05041333548260934 8810
0.08783295332432681 0.01528023003922533 8811
0.01125512976158859 0.02694336680621816 8812
0.08200424160967168 0.03087807085093743 8813
0.05406093400314957 0.01599316001235374 8814
0.02176676637323549 0.05738575941589256 8815
0.05378473392496338 0.06726129939397044 8816
0.01905637201812891 0.02059863147219285 8817
0.0314774594880324 0.08269023546975915 8818
0.0319818283441738 0.08304210553166558 8819
0.03109764163297424 0.01187483546986834 8820
0.04638984967209371 0.03891634897243742 8821
0.07829831823282284 0.0435945762844064 8822
0.08143455795808277 0.03737156130875272 8823
0.08699542806903932 0.01173228049045407 8824
0.01611804143379579 0.02182583736128104 8825
0.01910969956848783 0.02722106864912282 8826
0.05351644502173661 0.0173107919632742 8827
0.02426825780178988 0.007020668588910907 8828
0.02491214538057153 0.005982856015157825 8829
0.0707961507113216 0.04952006545160434 8830
0.02135532679271119 0.05525091328201642 8831
0.0546659258073102 0.06948686292148146 8832
0.02675280908411032 0.0179697025289206 8833
0.03167035884751648 0.01132200079282445 8834
0.03173488744484788 0.05113181210079458 8835
0.06729637898364282 0.0585553493484637 8836
0.06702464632603043 0.05811766896746899 8837
0.03203699464297395 0.0158714953536082 8838
0.01613966396388995 0.08770274569056452 8839
0.05204989200651404 0.04139918990650264 8840
0.05322766508551373 0.02013183224799082 8841
0.001765328665276983 0.08861326116649719 8842
0.08950321747218139 0.004196767329035553 8843
0.0890445619367552 0.00488690200980009 8844
0.08272097205850197 0.03332479675098275 8845
0.03804659026607288 0.07898846687133607 8846
0.02503460843809088 0.08513287842241937 8847
0.06358197153467789 0.06250114506803969 8848
0.04893052789867683 0.07296112964143059 8849
0.03918059132627524 0.08065515053627725 8850
0.02063735312473539 0.02232424527928627 8851
0.02855223391629869 0.04686944373467687 8852
0.01402171021839528 0.08611385616959738 8853
0.05523662781375328 0.01572436932790332 8854
0.05467651234051656 0.01543383859994892 8855
0.07243421200682645 0.05281615571018969 8856
0.03662689790747282 0.05147832688348097 8857
0.02956611747662717 0.05793014211216752 8858
0.07079932041546047 0.05413520528818468 8859
0.0523353595890166 0.03259357512900822 8860
0.03335663712227954 0.007692151399186473 8861
0.03234240783841028 0.04635957190259365 8862
0.0307485532150481 0.01269859117002798 8863
0.05014107173470608 0.03108875730420219 8864
0.05027230113981552 0.02746884299663577 8865
0.07891838257468226 0.04057805467819998 8866
0.06931808255306923 0.05248467975691611 8867
0.08091814116526511 0.03745793343093091 8868
0.08065115552079986 0.03704179493081612 8869
0.07812857701115287 0.04230890303364614 8870
0.02126683727684492 0.05449026211938211 8871
0.01497026491022118 0.02613824641267975 8872
0.08501468385666495 0.02064124868316162 8873
0.01017705996562065 0.08905433279516818 8874
0.08906722666861935 0.003410690499555571 8875
0.007727721925763008 0.08683683457358485 8876
0.02918467850197841 0.0149652511273484 8877
0.04893138423102229 0.03244486446706221 8878
0.02476267002290096 0.006708497312122648 8879
0.01817028262178614 0.009730409958860483 8880
0.02491811732242459 0.01584811709889034 8881
0.08835115148474974 0.01174618634270486 8882
0.03094233031959337 0.05048449344903413 8883
0.05961899938405879 0.06449758019765768 8884
0.04737121033969245 0.03847713130951236 8885
0.03463471213652827 0.05177987461524618 8886
0.02804380781864375 0.08508716964714674 8887
0.07668368515590288 0.04415578022927003 8888
0.06101188058980685 0.02097032865359156 8889
0.06177659637329434 0.02109635247060395 8890
0.08563412987476726 0.01961255840313913 8891
0.02632362441283543 0.0852264585005266 8892
0.02573042419972141 0.08487246933353654 8893
0.02380092197938416 0.007922321535181711 8894
0.055135013357346 0.07013175308357231 8895
0.03222453315218777 0.009232847042395124 8896
0.0371636941706172 0.05114716370476107 8897
0.03761467070544852 0.05101693664799206 8898
0.05470030881719488 0.07044852413552205 8899
0.05143408674059432 0.0376043737573063 8900
0.08645417948473202 0.0006804456807323472 8901
0.03855677206274195 0.04580805698255236 8902
0.001591677144755402 0.0877278767005657 8903
0.06026831622526586 0.01986792770740248 8904
0.01708341415896963 0.06136297968240354 8905
0.08954778593994732 0.003723229037457691 8906
0.01929739151270575 0.02861493451514852 8907
0.01974335794143138 0.02907795947026225 8908
0.01558835494174818 0.02162404509994412 8909
0.06422614400091602 0.01228191471615818 8910
0.08036279999743137 0.03505341847284421 8911
0.03291285837556661 0.006226676210421479 8912
0.06578425980499973 0.06085394062761137 8913
0.05040152647383561 0.03265037326858117 8914
0.02875868307208984 0.0609880715836905 8915
0.07854106787859425 0.04032374499024123 8916
0.05324678693936473 0.01856463618381798 8917
0.08779604489958728 0.01575998333733286 8918
0.08892927420479811 0.006046394239674395 8919
0.0191557736824111 0.01613691777608775 8920
0.08793382016852727 0.0171266241633325 8921
0.07287952415445735 0.04615791350491115 8922
0.0249323223408472 0.08561071897505934 8923
0.02937076628026103 0.04642400371052479 8924
0.01135030218014339 0.08852502093260178 8925
0.08358525785364938 0.02298150462408905 8926
0.06054948681963865 0.06138797094872238 8927
0.08419502426491479 0.02662720836755395 8928
0.04646350131828877 0.07447047104642472 8929
0.02031718530894355 0.02817722063403744 8930
0.01201759072485879 0.01931295091443211 8931
0.03901005242669197 0.04879190270159169 8932
0.02591761829533591 0.05448789650559061 8933
0.02732571007484019 0.004628207778049259 8934
0.07000748831466322 0.05497673519329822 8935
0.05233029335263698 0.03795179183935202 8936
0.06418447452658838 0.02242502649166128 8937
0.001410462838777507 0.0869662953187301 8938
0.06922225904130228 0.05475901035847441 8939
0.07233046256924133 0.05066800941953173 8940
0.06336750911101929 0.02074504154461859 8941
0.06500632202217201 0.06049010693624438 8942
0.0222737065153972 0.0231031666025259 8943
0.07605103805470306 0.04485778419509942 8944
0.07032618568562202 0.05559684357384032 8945
0.06024482906075922 0.01326628305849691 8946
0.01490065746652864 0.02241869379901492 8947
0.0280049778311714 0.01719878669029402 8948
0.08675362380947731 0.007635211886198329 8949
0.06792722445956227 0.05782985114641463 8950
0.06653072546991839 0.05827136400749616 8951
0.01502988273962858 0.08657322579214716 8952
0.08367069159610219 0.02662238469635448 8953
0.03145731426003106 0.005198874335004815 8954
0.01298616125679208 0.05374333812290567 8955
0.04430547165369611 0.0007572876766782435 8956
0.08775919064567046 0.01808069019276547 8957
0.08218066454616524 0.03467094329504105 8958
0.04335513793758035 0.03743548381307528 8959
0.07346402876086236 0.04982895295402907 8960
0.07340905368002484 0.04928311048600638 8961
0.01569491353952594 0.01516657037371463 8962
0.0369908667729439 0.08119647863174445 8963
0.05422216697351061 0.07078574782232311 8964
0.04004680786745233 0.05227500861975551 8965
0.005501029352193765 0.0007381419283865806 8966
0.04989959289698806 0.03235731726114911 8967
0.002544170515358359 0.08830383405406995 8968
0.01930406125935951 0.05986710933704742 8969
0.04844287427867096 0.03852201982025307 8970
0.01803075537838361 0.02759517974713835 8971
0.01850465569140592 0.06146059999166627 8972
0.08801235904546315 0.001849976533324679 8973
0.07560266234466881 0.04636784648234923 8974
0.02670096864478398 0.006303144562276982 8975
0.06597830916492536 0.0152710399701308 8976
0.06435628315403272 0.01328168894248639 8977
0.04728931231526363 0.03991917419675012 8978
0.02160303887328629 0.05935978477383564 8979
0.03872020608451816 0.04989753910739043 8980
0.0207228520670823 0.02416359002682603 8981
0.02117486395997931 0.02425695535854634 8982
0.02653480748757741 0.01170445756853144 8983
0.0555752829169024 0.0661475495705082 8984
0.03228692053064581 0.04734916351632198 8985
0.04012780171636112 0.07969680597722789 8986
0.08499652220962853 0.02555998545527145 8987
0.08860458972112203 0.003575877278557849 8988
0.02335138663681369 0.02567958406808123 8989
0.05683873442362362 0.06803334085530301 8990
0.02147993310937767 0.01490264223909882 8991
0.03350755277033902 0.08065743970023823 8992
0.01212380059357911 0.0888047346289936 8993
0.06006535045350647 0.01552610731843293 8994
0.04605060725950526 0.07525307433077938 8995
0.01689317626683118 0.02894894483193278 8996
0.01611946739852326 0.08627282019916371 8997
0.05412417109979509 0.02228138839113645 8998
0.06392433961185852 0.06217875058839334 8999
0.02679610719142178 0.05986847777856708 9000
0.02189302826848161 0.02356812193484608 9001
0.02387057375016484 0.008498077062953 9002
0.08138192816126869 0.02739850182737922 9003
0.06152865389064846 0.06459114027380672 9004
0.01901371819775131 0.009193454649860044 9005
0.01297208175655627 0.02553914118770846 9006
0.014719508770311 0.05693178211410455 9007
0.01677732404845386 0.05323881673721501 9008
0.03642194760750785 0.01041231146764304 9009
0.08347671095427441 0.03145893688854762 9010
0.05010483035851115 0.02867829270289631 9011
0.01552204530188608 0.08826573539811143 9012
0.01684168741315884 0.02761436221296577 9013
0.04572296008363993 0.03282071013698366 9014
0.04807954780075463 0.03204219565005403 9015
0.02855337654597177 0.04799060572535289 9016
0.02068887478615638 0.0513150819865884 9017
0.08295850008506195 0.02233657992535094 9018
0.01198670894436809 0.01831091479794397 9019
0.03159278807241209 0.01022213992186296 9020
0.07526639885968239 0.04872033555924629 9021
0.07311119958115178 0.05111663469674788 9022
0.066470668338098 0.060098627972549 9023
0.0519341219394002 0.06834706772535587 9024
0.05754775638724692 0.02221184050805222 9025
0.02447049072475284 0.08576819877448794 9026
0.08454894460098183 0.02536792512504461 9027
0.01428510678779195 0.05555807814975805 9028
0.03396406011899387 0.04541368835707876 9029
0.03520446629356037 0.08026911213331417 9030
0.05785302956489652 0.01495442833501329 9031
0.05844227420323894 0.01445501851093046 9032
0.01837081997703213 0.02896752931968743 9033
0.009352212820786458 0.08868172910402117 9034
0.02286104518303674 0.08671529364594996 9035
0.04148815862512056 0.07850097309862025 9036
0.06208098958154804 0.01658059680846053 9037
0.05932311185502057 0.01505276610805491 9038
0.04510888700912577 0.03365122257834027 9039
0.01611643071739356 0.06119513420098866 9040
0.06827117132026334 0.05744889680543872 9041
0.0659378651912384 0.01323250958136297 9042
0.02752763318851759 0.006143177657765578 9043
0.01510297281531198 0.08840731618217459 9044
0.02641113988187528 0.005366639377283863 9045
0.05275613104274103 0.04199518762058792 9046
0.05804239790185908 0.06714613941472519 9047
0.006980769616101508 0.001544611880565969 9048
0.02443432919091558 0.01024470923173698 9049
0.05223771980985715 0.01955873013099356 9050
0.08407851874759201 0.02149804432934274 9051
0.04061852933910501 0.07897048513435875 9052
0.0651385442288048 0.06161976986694594 9053
0.01903066689017532 0.02124904901934603 9054
0.06074773555014142 0.01793374729476472 9055
0.0455797747935149 0.03834020741164533 9056
0.03425144496681732 0.05375494715591216 9057
0.0258528237984178 0.01282110147156489 9058
0.07952301484786464 0.03845232626950598 9059
0.07925176790564084 0.03887272299085336 9060
0.08585554281116928 0.01915606942487273 9061
0.04567689640563001 0.0007523991343396097 9062
0.01513752208224671 0.05946396067291883 9063
0.03276561822695394 0.01322028065803203 9064
0.02162090458286976 0.05793200836026831 9065
0.07763284291404042 0.04258876362916884 9066
0.001824411206117448 0.0851941758630973 9067
0.08615209923766669 0.01836679578705989 9068
0.04929495070692798 0.07320804945485267 9069
0.01200923507296245 0.00153860025766607 9070
0.08703820692953096 0.01518504854208545 9071
0.08739209245687869 0.01994740437980726 9072
0.08073061044952384 0.03627470367505564 9073
0.08010706594339012 0.03705532190103614 9074
0.05085437515070373 0.04095921028553023 9075
0.02288498964228785 0.05452128108102455 9076
0.06209571038651898 0.06087285028093881 9077
0.01386844340993083 0.02437131170452297 9078
0.02175617391764341 0.02004377479187328 9079
0.003298857933461741 0.08858021953385525 9080
0.01747001109223889 0.01517068173896825 9081
0.01900614303577776 0.00151929172423447 9082
0.02674759935669539 0.05081628569070749 9083
0.05574714939017798 0.02414443021563353 9084
0.08468755336600944 0.02003922776887661 9085
0.08757835294687508 0.001372825252849395 9086
0.04952203099729381 0.03930417333446424 9087
0.02982237578025094 0.005785090584037596 9088
0.0879196030988259 0.002347481142908857 9089
0.07854717693401167 0.04222326639730201 9090
0.06508970148902618 0.01686563161001845 9091
0.06332269884589387 0.01702103670333008 9092
0.0882280972114183 0.0129685227778201 9093
0.02105620024144785 0.08659930563200552 9094
0.02298263659243515 0.05601272494142428 9095
0.06757104229685082 0.05821772748533861 9096
0.07921991379473847 0.03971004945518988 9097
0.06346194812221241 0.06200153685176674 9098
0.07381771342497873 0.04946552382232264 9099
0.05269832028631721 0.03640987959465624 9100
0.02197210767266848 0.05298083641136025 9101
0.03230795142702893 0.08262060638113927 9102
0.01827987749109217 0.06025568704768864 9103
0.02084388719749128 0.0625288268969116 9104
0.04106312393847331 0.07869402988930778 9105
0.04107273758688958 0.07821359654702323 9106
0.06418199751628645 0.02105453496411269 9107
0.01859320694204886 0.05357024133503528 9108
0.01195659711497022 0.01734123916169242 9109
0.08903738156611846 0.005351522708078427 9110
0.08703836158900705 0.01721598482985036 9111
0.02599083457447046 0.001533939758145683 9112
0.05555876394828648 0.06977932032790399 9113
0.04539987718223069 0.03251183348134763 9114
0.03614873056164365 0.05219210760134998 9115
0.03590266088811853 0.05252231728256668 9116
0.01777228320426935 0.0166241041153849 9117
0.01395168054447214 0.001545205329421775 9118
0.02878835231585952 0.08400043621053122 9119
0.0458648117155915 0.03690705902054 9120
0.04937739541157083 0.03212312168137137 9121
0.0723763398522711 0.05207393663971827 9122
0.0198269230115112 0.008672847026691428 9123
0.03003734849976375 0.0822539903778273 9124
0.02125657439813712 0.021912058780772 9125
0.03409861034354168 0.08060975721121108 9126
0.08231639918961882 0.03557809846209713 9127
0.03237663863844505 0.05004243021827204 9128
0.0504808758077331 0.03860582134746546 9129
0.03296773674115028 0.001495725522743047 9130
0.04690941190193863 0.03213000111349935 9131
0.04614040606507618 0.03216967688521311 9132
0.01451968175710008 0.08795780092794514 9133
0.02616622241951001 0.01090428105019698 9134
0.06973413284776746 0.05638418844813806 9135
0.02017297000922533 0.02635096417737222 9136
0.06237210465394583 0.06292095458152971 9137
0.0379798707562984 0.001510042885789285 9138
0.03380156245954758 0.01210783150321364 9139
0.04533112011276191 0.07636399391273946 9140
0.02827935198376242 0.00609348683231957 9141
0.04386647024518838 0.07689178117492373 9142
0.0548651244996908 0.01491676145697927 9143
0.05484677468779643 0.01436161114321496 9144
0.05642649827680189 0.02195066946212703 9145
0.07964979253642057 0.03915225790509654 9146
0.02039940274574516 0.05934513856215021 9147
0.03787535728979051 0.05058839128326482 9148
0.08579972156064307 0.02437475847635182 9149
0.08151344833541993 0.03188850427105359 9150
0.02058275402188351 0.01937499841291176 9151
0.0328908393905947 0.05348739048861699 9152
0.03272088649112991 0.0525304656679123 9153
0.07415184120057002 0.04911403104999374 9154
0.07403097607497233 0.04867237300547622 9155
0.04462874924162693 0.03379095378033146 9156
0.01495405740245753 0.0578581191617622 9157
0.01673839839737818 0.02801750103507993 9158
0.08779103492902107 0.01622501303672741 9159
0.02237932972155359 0.02757014333727568 9160
0.009981274469455317 0.086632881691768 9161
0.02910007893325868 0.01313785510934352 9162
0.02491966581992988 0.08438100610457758 9163
0.0305962794645521 0.05669565826127511 9164
0.04447255875157757 0.07686477983650811 9165
0.04449519404538607 0.0762381780335 9166
0.08639026279069231 0.01161483094209271 9167
0.02618810905503079 0.01659606572917217 9168
0.06120214815393768 0.0192156114677191 9169
0.06102389676717161 0.01964159473494502 9170
0.02159643689696922 0.008621600619088374 9171
0.03836808484948752 0.04776597310930052 9172
0.07882630885839938 0.04272250906546082 9173
0.05199749480061898 0.03981381906445381 9174
0.02814318721725106 0.08367836500931405 9175
0.03850188673106133 0.05019973012814257 9176
0.04312311111035994 0.03646433748434461 9177
0.0271232156708631 0.006391006316235525 9178
0.0324925820829683 0.008442198684999746 9179
0.01301308011551577 0.08661099209582068 9180
0.05714413712817525 0.02217952242203524 9181
0.03965706805712087 0.07913915187966727 9182
0.08384393415149484 0.03056332505889119 9183
0.05912557372889471 0.02356953765650921 9184
0.0671966765711161 0.05683971809222229 9185
0.02150518040988187 0.0239250941579487 9186
0.04027269405142823 0.07870023093799705 9187
0.05255252873003782 0.02380345608275169 9188
0.01287344046410044 0.02441773459213049 9189
0.08929878200422495 0.007653327413638181 9190
0.05895882661380449 0.001486957064206179 9191
0.06599247665781219 0.01424058121327735 9192
0.04556356529465486 0.075030169708176 9193
0.01412171023012532 0.05965642550042408 9194
0.04524712754073108 0.07584213497712426 9195
0.06334281168394978 0.02399755332494041 9196
0.02065447665423855 0.01458248318411636 9197
0.02756351630250143 0.08480240589818938 9198
0.0181539215907587 0.02054607310976981 9199
0.08967658877323798 0.00124445846387141 9200
0.05385734990311568 0.02554058405929317 9201
0.008542576228167335 0.0862945591247411 9202
0.039943356477007 0.001520524378066004 9203
0.001854511423955693 0.001548939302412296 9204
0.0519724547191452 0.001492739215051754 9205
0.08014074168566615 0.03795972386460787 9206
0.06398073136915611 0.001483389337563104 9207
0.02303151802300832 0.05749517455769755 9208
0.01596025172604422 0.06028669168439316 9209
0.01587811597184353 0.06074886883842197 9210
0.05557936529356854 0.02550680205169845 9211
0.0878655429976333 0.005320351255374035 9212
0.05964564922827022 0.06632866822811151 9213
0.0612903783318386 0.0633238655612065 9214
0.01700219346606904 0.05228069792095413 9215
0.08192701653968618 0.03649442200280695 9216
0.02089281910164247 0.001555920448883419 9217
0.01952228201295805 0.06236541745236186 9218
0.02088699489136576 0.0246048697328939 9219
0.02753756725264071 0.01381317997671525 9220
0.04792518937906301 0.03061308335616522 9221
0.03096040259765231 0.04817837190058007 9222
0.01373636004758743 0.026056069415969 9223
0.01416692180036405 0.02632447624247723 9224
0.08313833249299485 0.03227145657406747 9225
0.02052341964204598 0.05457089017545481 9226
0.01421803482076849 0.01998771373079261 9227
0.03856079534751383 0.05265043437167336 9228
0.01602857182009068 0.05363674509669575 9229
0.06592584602072889 0.001488232705217751 9230
0.0587793127244267 0.06697588168927944 9231
0.05701051570360896 0.001502167641940347 9232
0.03406020444511138 0.08243849714171554 9233
0.0594328014580591 0.06717238794593079 9234
0.08488253519716582 0.02608928134303568 9235
0.03774828402337729 0.04453446505362291 9236
0.03728008332529152 0.0443549115296045 9237
0.02120166083687076 0.06148038311852744 9238
0.04035633441510583 0.04734909511860402 9239
0.03162069767133997 0.0007724079137864798 9240
0.04514746660719645 0.03493808378153481 9241
0.03217723693703643 0.006333859492801741 9242
0.02459088318641013 0.01192683303483824 9243
0.0665595367943649 0.05604143202696393 9244
0.08934183894965347 0.00715867781883087 9245
0.08348996189691556 0.02829779480040683 9246
0.01520322090489082 0.05365832899240409 9247
0.02410344113169122 0.001559403302791876 9248
0.03304342249830364 0.01454326524045967 9249
0.01917900907862035 0.08719051985394838 9250
0.01023014427762406 0.08713402895149747 9251
0.06003152495964314 0.02217637566797576 9252
0.01280205889557266 0.01678524480335742 9253
0.06065979310769704 0.01741304672682418 9254
0.01991720037735596 0.05999765710766034 9255
0.04722007223929682 0.03901676644157096 9256
0.04186080241164686 0.07835968118010722 9257
0.06522247823354219 0.01579605763716038 9258
0.01929623553512154 0.0185499296760067 9259
0.03054173143409924 0.006866604955362673 9260
0.02878525568311568 0.01231250706487405 9261
0.0559094466862439 0.01395092962635036 9262
0.0560945620769214 0.0134203369687762 9263
0.02071040166824221 0.00910773466855018 9264
0.02918584717193278 0.0596933208016831 9265
0.01290631450338746 0.02074058892575383 9266
0.07096807205752567 0.001472969818916439 9267
0.01347743985057506 0.08646378583675665 9268
0.07870564715414319 0.04106680774025436 9269
0.04382254504164976 0.036342476543492 9270
0.02226025303784143 0.08574108018719015 9271
0.02579110167146548 0.05531592395969299 9272
0.01535711668411187 0.02726087859380784 9273
0.01509043278789713 0.02756001027604777 9274
0.03747177285095693 0.07989323296143508 9275
0.02752316092791182 0.06032943602205666 9276
0.02247270046846129 0.008083302232034066 9277
0.05117503364245542 0.07313647292982475 9278
0.02399818339761557 0.08593653000300336 9279
0.08299399959829507 0.001473583797651584 9280
0.05268349086155005 0.02467543964248008 9281
0.08181017867728357 0.03324745923559283 9282
0.0686183725239236 0.05707391206683612 9283
0.0599606564208028 0.01766950995722722 9284
0.087274995930146 0.006357950019638785 9285
0.07794884835576704 0.001464562642438265 9286
0.05598437928931081 0.06944646613942801 9287
0.04880773937597166 0.03881986013148221 9288
0.001248814314106089 0.08967707465896085 9289
0.08848468984964369 0.01035068239472555 9290
0.02156733464033753 0.06209033935694788 9291
0.00447745184405985 0.08916707044468897 9292
0.05637217963306978 0.06913345680776778 9293
0.01563061407605507 0.0592867151337012 9294
0.07537498235430433 0.04686691483551605 9295
0.08220089109597045 0.02257296394563851 9296
0.05768102657082791 0.02258719280551991 9297
0.06422881531612429 0.06191465827195743 9298
0.08403039107130281 0.0287991418194189 9299
0.04376062191576872 0.07770517647800196 9300
0.01715418213420009 0.001565421697204993 9301
0.04862442862047418 0.07380051137175833 9302
0.03308769380818705 0.01003195924075195 9303
0.008811153721338588 0.001572688343553903 9304
0.07834617754747315 0.0409929325600259 9305
0.003903034839840322 0.08804650854506105 9306
0.05221344592266632 0.03031892446960329 9307
0.04687859819362669 0.001515975333215402 9308
0.0054416360099344 0.08910341031440397 9309
0.02012496936782525 0.06212775615501897 9310
0.06195693728191422 0.02357380896528836 9311
0.07598968609843398 0.04342554848010841 9312
0.02399454442563737 0.01034531631604257 9313
0.08495173454691228 0.001463403776961532 9314
0.04971116321775217 0.03096109444550888 9315
0.05942383967828911 0.01568523629438865 9316
0.05898425517026217 0.01582336799623561 9317
0.003498145990711674 0.000597884214678629 9318
0.000731663027855517 0.000731663027855517 9319
0.0756309683216058 0.04437251513947605 9320
0.03509516758404813 0.04459529414562112 9321
0.06676084224814113 0.05726755638047035 9322
0.0356259992348079 0.00859065239698862 9323
0.07288035110704497 0.001491772857768636 9324
0.03267107712823238 0.009177983483749277 9325
0.05305645984531276 0.07167432921976219 9326
0.01047795896631567 0.0006191608377512162 9327
0.07886479896275994 0.03928746510617534 9328
0.05046844909767861 0.07182687722156536 9329
0.0003640800745487935 0.08963485700964813 9330
0.08963485700964829 0.0003640800745487172 9331
0.02353200881107265 0.08610402017604195 9332
0.03374929499090765 0.08311781352099724 9333
0.05008014308146556 0.001534081336229141 9334
0.03355000031768796 0.04340998600480899 9335
0.08844632316600833 0.007979994703787074 9336
0.02270991580224912 0.05268471181075487 9337
0.07603774208505 0.001515128844058279 9338
0.02751872619604374 0.000607260685303701 9339
0.01926623722233816 0.05351326039030836 9340
0.01830636382285009 0.08687327175027468 9341
0.01795895390883318 0.08648957464596357 9342
0.01768128678670599 0.08595905213286803 9343
0.06017521106851536 0.06582008803185604 9344
0.05121247053789481 0.02759117429160722 9345
0.03732231024535392 0.04575996589139597 9346
0.01456086182299098 0.02183715753069073 9347
0.01871486535590712 0.08662461323216575 9348
0.05197952190399391 0.03682123878531587 9349
0.04469567608383972 0.03463225513442596 9350
0.06484428783506929 0.06013065956426812 9351
0.08814496744698061 0.0142855448670805 9352
0.05383902706776458 0.001547661826030652 9353
0.01550057933804165 0.0006060649901661955 9354
0.006931801150921516 0.08900327541164944 9355
0.02349678474897728 0.05640330124093757 9356
0.01563459975131068 0.05568062382880451 9357
0.05956921661167426 0.02056203587234767 9358
0.08676378705891843 0.01895403498428353 9359
0.059758556289153 0.02320467589628827 9360
0.03605558246623315 0.05295975320808746 9361
0.06350089201888201 0.02265261430148005 9362
0.05137202349896348 0.03300452171132597 9363
0.02999487695520138 0.01329244360716652 9364
0.03162503895106245 0.04852180404274682 9365
0.02321408333741224 0.007633452772695944 9366
0.05705471920521894 0.01459517145466229 9367
0.06051348180236614 0.01699630671957698 9368
0.01365937714424257 0.01624387652518883 9369
0.0347890458334514 0.001579191818581085 9370
0.030206550025743 0.01258726993746962 9371
0.05393861567137286 0.04128088221658503 9372
0.022851361882353 0.02321061255863831 9373
0.04549634651111235 0.03518102910995092 9374
0.03678710473816261 0.04430178374526163 9375
0.08082243609958345 0.03668420912218736 9376
0.080535706376095 0.03742404838522517 9377
0.01997338937055294 0.05425220714091097 9378
0.0890463490853701 0.001603190543515383 9379
0.03164658245039882 0.008475184349955811 9380
0.07406319508832872 0.0481124803893709 9381
0.04833508449037445 0.03089308801393067 9382
0.04678087984209024 0.03166236337046234 9383
0.03526130766681061 0.04410855414953707 9384
0.03046121638761418 0.04564237542613159 9385
0.04314578814624518 0.001556414543323163 9386
0.0879862192752615 0.01052688156803594 9387
0.06116901977846471 0.02007199841602969 9388
0.07134456851410612 0.05356013818962848 9389
0.03135895156169107 0.04881017953121888 9390
0.0309453722728656 0.04874858420142825 9391
0.03461256814517288 0.08223963894148546 9392
0.05372166533133811 0.02019370148321969 9393
0.01550683307992291 0.05684445539156802 9394
0.01424731225082355 0.05688288137076233 9395
0.01377738168587841 0.05678025303001727 9396
0.01354950865888195 0.05637112690975982 9397
0.0144786856920198 0.02371661922153193 9398
0.01125505722762036 0.08645049380666754 9399
0.02248808628910413 0.0005933323117496628 9400
0.03583595993365318 0.04423005537892559 9401
0.02652124247623815 0.01354189533213803 9402
0.05981799468046536 0.06495242082576186 9403
0.02175379056305197 0.02314729588471198 9404
0.01573169508013827 0.02113962224689556 9405
0.07055812439459047 0.05230756583369864 9406
0.02037679290063174 0.01316028595064819 9407
0.08426936954667402 0.02716161639255654 9408
0.02158072095925872 0.02440362951755463 9409
0.07416856016669653 0.0495617234412539 9410
0.06909770627337569 0.001535642611002308 9411
0.06701549696029942 0.05765801307780868 9412
0.02438558635692081 0.008576987803328089 9413
0.01413243411509985 0.08859205421229771 9414
0.01347297133446497 0.08820935506856262 9415
0.03203660154303009 0.04617430036480011 9416
0.08872041225172493 0.009112955457254605 9417
0.07274054377633613 0.05044960485244596 9418
0.066375044798095 0.05959949587824399 9419
0.02029582924299688 0.02867937490190706 9420
0.07983155156638949 0.001528733993919271 9421
0.0882929539741055 0.003865331681769439 9422
0.08788267716465495 0.0039598387434156 9423
0.03405403185079068 0.01283476715704367 9424
0.03742759693188356 0.08105083340097632 9425
0.0641837963237962 0.05952370458540303 9426
0.04786126124314342 0.0748737409045247 9427
0.04790096006943156 0.07411313113962317 9428
0.04739975350995843 0.07412652596527908 9429
0.05835630773112276 0.02214039859412735 9430
0.07615778549029653 0.04397291035359215 9431
0.08929093206240594 0.008700570311976831 9432
0.001604561523534109 0.08906856395950172 9433
0.08440015135144585 0.02615649036141762 9434
0.08414773587786267 0.02573908174096643 9435
0.002110198320785052 0.08663740032774625 9436
0.06205565599008349 0.06349929899269172 9437
0.03620300801999614 0.001582416380932365 9438
0.03030620328350972 0.01609739869507353 9439
0.05669561658592993 0.06895068774913277 9440
0.01055379150314614 0.08614201109609648 9441
0.0332218457553288 0.04539044902185164 9442
0.03003939858243018 0.006436600620087593 9443
0.02623201332229252 0.01202700665373236 9444
0.08191857984705107 0.03401569080218904 9445
0.05350786840163778 0.01792302645714787 9446
0.02543561464869555 0.08507406271848031 9447
0.03792917664928859 0.05129949658559781 9448
0.01673418954030156 0.02029194839167629 9449
0.01476104981291296 0.02568927877924396 9450
0.03422411743257203 0.05157909876043557 9451
0.0531829008871498 0.03641501660307006 9452
0.07742549576986962 0.04449072143799816 9453
0.01721184629069018 0.02750413215986173 9454
0.08291353196006621 0.03296266599303189 9455
0.08880735622315346 0.002237333015035918 9456
0.01579994743285155 0.0280538525078438 9457
0.01526907184468938 0.02804835758558086 9458
0.05309858021980669 0.03434612032763257 9459
0.05753253021578632 0.02301825337142109 9460
0.01536783702777009 0.02602569060143774 9461
0.05450081828309496 0.01720202219882861 9462
0.05565375047694487 0.01602439920545195 9463
0.04613494034518326 0.03366130092463504 9464
0.01757188970540708 0.05436618200689489 9465
0.04741243130150267 0.0326697401929298 9466
0.03269022546955603 0.04983335222080768 9467
0.05884186789129618 0.01625745106175224 9468
0.05727197929788544 0.01571480775886448 9469
0.0361484325198858 0.04577978611560284 9470
0.01582816217446137 0.058079282671586 9471
0.08426380277882578 0.02793216578978098 9472
0.05240850090759785 0.03311820161177426 9473
0.02928190219273537 0.001592693231755128 9474
0.0526570145360397 0.03458012539957007 9475
0.07050483743031509 0.05387538348775424 9476
0.01950131160654374 0.0601701102426772 9477
0.02331258488039752 0.05840348422610038 9478
0.01424740966030806 0.02789122268744012 9479
0.02193835710731521 0.08698686321796366 9480
0.04775886902735449 0.03840228954085951 9481
0.02519457152375776 0.007904801150934653 9482
0.03311069711934374 0.08286498507357702 9483
0.02667856270214452 0.05175334419276297 9484
0.08794720433146505 0.005745414360515212 9485
0.02186462935220043 0.05867040418225053 9486
0.02240684466275406 0.05901155207111691 9487
0.07065517217587661 0.05446577816694299 9488
0.01416682128383882 0.02196628550735504 9489
0.002593236843016822 0.08874748712395304 9490
0.04501184323537588 0.03401765740304959 9491
0.08735420928868247 0.01825853326425241 9492
0.05434789732551466 0.01674816475216229 9493
0.05446345621381238 0.01592461145207754 9494
0.06117317237197362 0.01799198562924617 9495
0.04171558210476994 0.001575798237240723 9496
0.07477261791360999 0.04958713179093116 9497
0.01450576257436182 0.01574906274453027 9498
0.03844664003425195 0.08051557662250848 9499
0.02961081959025958 0.01660166627060394 9500
0.01438819651146243 0.05728290664289781 9501
0.01087758707030072 0.08862324891153461 9502
0.08534446588994554 0.02288999154978853 9503
0.04526388832511469 0.03875894462533822 9504
0.05307240243378455 0.01939475773670326 9505
0.02029709075781788 0.0224558925227196 9506
0.01369186910170942 0.0222372736415592 9507
0.02355726629331876 0.02809557333059273 9508
0.08633627840758665 0.0129346052147934 9509
0.06316635762140287 0.05852346984804457 9510
0.04535970103657776 0.0375274532818148 9511
0.04515384916793064 0.03789738822010498 9512
0.05552595421203931 0.06842306248083935 9513
0.0607651904182069 0.001549940679819353 9514
0.01882032698863562 0.02088724622905784 9515
0.03130368481985799 0.05087299043841782 9516
0.06893546737915329 0.05673476163560773 9517
0.08901300517155789 0.006936539671395469 9518
0.05064708929271693 0.03803552813825022 9519
0.03316471487887092 0.08004740246038314 9520
0.01955843425711728 0.01290260395792433 9521
0.01714506285068797 0.01948240301248365 9522
0.02015222438965834 0.08459525034434798 9523
0.03215029551479797 0.04801885923604635 9524
0.02003375138799305 0.05950993637073189 9525
0.07656483760495053 0.04497717463375826 9526
0.02553140188693115 0.008946472352029708 9527
0.06384687297057623 0.016537185147956 9528
0.06218267739204383 0.001551659514652207 9529
0.05678312945661532 0.01432066692294174 9530
0.03580992660645833 0.05211378762185299 9531
0.0691915394872135 0.0499900044672161 9532
0.03940412421977951 0.05021457970260707 9533
0.06665792299113639 0.05936470707108107 9534
0.05006451912540381 0.03840812568395674 9535
0.02012307209711147 0.0256170842244097 9536
0.01989758232457034 0.05308455428605958 9537
0.02619206151068917 0.01159321525678252 9538
0.07478530068818456 0.04658533816747425 9539
0.08162648253425478 0.03284372716768686 9540
0.03795023488848136 0.0440395044676099 9541
0.01449489385490332 0.05813531005798179 9542
0.04602449562805412 0.03928310517632696 9543
0.01733981330068568 0.0617701525943915 9544
0.01846515098707662 0.02157936274092748 9545
0.02049944351706761 0.08606660175849527 9546
0.007914232735600341 0.0889477790231708 9547
0.040177680434202 0.07925723643317342 9548
0.02921941711004996 0.04826922516053026 9549
0.04868514495555909 0.07431283164983984 9550
0.03511590669482019 0.08206187700465378 9551
0.06049579283462914 0.02357571852528196 9552
0.04864735952462106 0.001581503491593833 9553
0.06533267781311075 0.06028140985028586 9554
0.01655778495477889 0.0284703345410024 9555
0.02708776633473658 0.08504573135820806 9556
0.08745924644441207 0.01501445973057683 9557
0.06187991486696706 0.06435357052512843 9558
0.03365842440879199 0.04567308521226911 9559
0.05523674790757226 0.001568040723296478 9560
0.0508110266176424 0.03870004161877527 9561
0.01484138022187559 0.05422328820970073 9562
0.02427181287925131 0.009353825371269317 9563
0.01483665359019603 0.02199740785987746 9564
0.08586374961649137 0.01623314135836752 9565
0.01648606178942141 0.02775903408939313 9566
0.05938165409493956 0.0648521478462311 9567
0.026292154590745 0.004814576904408958 9568
0.03872944878950079 0.04657762474417502 9569
0.03893517573272329 0.0462029475642471 9570
0.04190467719112288 0.07690036342453707 9571
0.02380515213845556 0.007398823422622651 9572
0.04612147608451184 0.03857302852770527 9573
0.0307193409007848 0.05582999936466515 9574
0.01380473730043254 0.02369818646980183 9575
0.03135454327187446 0.01220889550676169 9576
0.03130703251570782 0.01265731847797561 9577
0.07269398802823815 0.04997727233214547 9578
0.03083925318258522 0.006216639358739489 9579
0.01713633672699221 0.02009752823283115 9580
0.01619423101739129 0.01567484365677424 9581
0.02004342141475872 0.01825639377483488 9582
0.03576448902233427 0.01088618621834082 9583
0.05434132119144294 0.02506063990757729 9584
0.04363556031691729 0.07839529361062689 9585
0.02633770765428355 0.006231428987751142 9586
0.04700173792037884 0.03077583570601733 9587
0.03406164319569668 0.007707511068385537 9588
0.06703720564994552 0.05636229221613716 9589
0.08752586695467179 0.0145562092280404 9590
0.06141631131436499 0.05850301030825181 9591
0.03359023670738233 0.05398707147691736 9592
0.03770722084348402 0.0803349111366756 9593
0.01522740492439379 0.06003221693658567 9594
0.05790053462662469 0.02144154503480123 9595
0.04520585669697122 0.03334462337786952 9596
0.03540361235402253 0.04487103242864 9597
0.02219619240192421 0.05949941595782667 9598
0.06770916074115822 0.001557514146744911 9599
0.02164330676324673 0.05891431712097008 9600
0.08881733148288209 0.008171863258361563 9601
0.04428820538129064 0.03423856430408595 9602
0.05348307872221032 0.06983792670356687 9603
0.0360605279288313 0.07928091260984119 9604
0.01205552897609337 0.08601888609535677 9605
0.08888239062783211 0.01216972165782777 9606
0.08636163936595848 0.007056352082713952 9607
0.04813185180914212 0.07365451215050572 9608
0.07666805119353895 0.04579797272068775 9609
0.02159125884930818 0.02228597034011492 9610
0.02145646745973803 0.02612358135567139 9611
0.01896252061841524 0.05340903272486638 9612
0.0189524819195623 0.05272209295655468 9613
0.0867408201404495 0.0147180679565996 9614
0.03970260495519064 0.07860737829521744 9615
0.0538752441146433 0.01729366737220624 9616
0.08708256771034495 0.01955881927841937 9617
0.05264057553568474 0.07151977927388423 9618
0.07782387272876454 0.04369804529715506 9619
0.01945233936867895 0.05262174239515224 9620
0.04408569381401888 0.07761760433608085 9621
0.08813430111294472 0.01643126812349714 9622
0.06073509271051088 0.01618947626611255 9623
0.0363647396480178 0.04450656073467107 9624
0.0134012356305978 0.02366089091770756 9625
0.06061618858761877 0.01963176454200905 9626
0.0284411659016261 0.08396969482323671 9627
0.04988974803853125 0.0726437600682244 9628
0.03893518813523395 0.04911804720569563 9629
0.05109851135265797 0.03746855261796864 9630
0.08753722621519133 0.01016510660637869 9631
0.08150626590736598 0.03364491639275846 9632
0.05491370813226637 0.01366712350509977 9633
0.01877552724057779 0.02738389352954752 9634
0.07347649975447468 0.04872735561219196 9635
0.01939260159577147 0.06053711961630272 9636
0.03677124699306653 0.04373488546999027 9637
0.03713546720340836 0.05411453258807671 9638
0.01708189240635157 0.08579729756505071 9639
0.04046533592723148 0.07813005669621118 9640
0.08550503377675894 0.02244244510207287 9641
0.01894591965683641 0.05988713839339854 9642
0.04508183432390649 0.03654506291974025 9643
0.0309605849649785 0.08254041932882439 9644
0.08829514493533684 0.01337180253910712 9645
0.07497567536151815 0.04614581162850342 9646
0.06570494347125883 0.06048642475387545 9647
0.01749914741000696 0.08671217073430032 9648
0.02291520929549891 0.05888878217009034 9649
0.003073731299939146 0.08811453746619188 9650
0.05301479875169123 0.01890834622138267 9651
0.06134965423228891 0.02402790897069989 9652
0.01176294705135204 0.08847920372362675 9653
0.03087171471457731 0.01162918895896248 9654
0.04128202260835664 0.07768589771397735 9655
0.01621332015720069 0.05315214158698536 9656
0.05165373907358354 0.0194718439255169 9657
0.05941645350313941 0.06606739042567322 9658
0.005693711655257019 0.08845895504583966 9659
0.005781446611672056 0.08806837718548849 9660
0.0614779798056356 0.01829910880577981 9661
0.05153949047636788 0.02991805795218292 9662
0.07741902262217584 0.04127329918889133 9663
0.02110794734980033 0.05933821925809722 9664
0.06168257852909235 0.06319304586166866 9665
0.02507317387064099 0.0151614417097541 9666
0.08121860657576682 0.001546379700628299 9667
0.02915886135251569 0.005940358961096112 9668
0.04899302939138453 0.03954253550013841 9669
0.02388038674338409 0.05675288169123678 9670
0.03830760389760376 0.0499391539770052 9671
0.0390197523965579 0.05318215303677036 9672
0.04012545906055912 0.0478929714095555 9673
0.02220035456206869 0.08641118313999838 9674
0.03169871742713945 0.08214232945738127 9675
0.0746595817490576 0.001552478399915555 9676
0.03229358480644508 0.04973126440638571 9677
0.04230320180475847 0.03611767542385264 9678
0.03437780409244982 0.04493335383941449 9679
0.0736411560748523 0.04793568161787784 9680
0.0197491652399507 0.02087886909508633 9681
0.03971976972692584 0.07998405879557571 9682
0.06707757420200748 0.05886655039851347 9683
0.02660483947968325 0.08318077294987675 9684
0.01803548957259575 0.01315353882995033 9685
0.05391141665936596 0.01562567884409263 9686
0.05408630813913955 0.01520786444737211 9687
0.03244026940980722 0.04394938306899313 9688
0.05148084771896038 0.07156039289692193 9689
0.08312255289938375 0.02969445744237709 9690
0.01563374195953712 0.0600463225102837 9691
0.01601767426277245 0.02852951713429484 9692
0.04977641081576301 0.0390987521248827 9693
0.04631121192146684 0.03158974701982242 9694
0.02596264844118869 0.01343955373538496 9695
0.01940512642030483 0.02057761697490941 9696
0.02539907007164895 0.01247876827241667 9697
0.03471730954506083 0.04513421662995162 9698
0.05331221864886326 0.02094314063908929 9699
0.03202674772273443 0.04901902822130581 9700
0.0283558922202693 0.08317141960166496 9701
0.0576913363700013 0.01408775137381087 9702
0.05250110969524674 0.03692298032719195 9703
0.0328887511174228 0.008684670869636611 9704
0.05286456219152937 0.01813819256394894 9705
0.04473091833782106 0.07568975051825139 9706
0.04394136817665383 0.07618933098975161 9707
0.01406667544819094 0.05781402602787832 9708
0.08766583625100016 0.009336903148215517 9709
0.0444140467574488 0.0334134643487349 9710
0.08020916767548393 0.03607442716238055 9711
0.0567198599738386 0.02330677943626545 9712
0.02390609665843474 0.08384615479981371 9713
0.06180181265034911 0.06278071502310678 9714
0.01579145173704333 0.06171541220441473 9715
0.08917760374436363 0.0096669552562124 9716
0.08390782962194568 0.02754014085553658 9717
0.03943564788110309 0.04970378413188731 9718
0.0486915395624075 0.03215928068507462 9719
0.0255621386515263 0.0120547926872372 9720
0.03882854859672421 0.04540620830382946 9721
0.01705782933547103 0.05404750078198963 9722
0.07722810833301758 0.04212187759575457 9723
0.01396254382878154 0.0269309349817719 9724
0.08340475274915804 0.02998372946409461 9725
0.03567769881968427 0.08188049231985461 9726
0.02143507048682874 0.05480949542011174 9727
0.03203231908065997 0.01145194836923103 9728
0.03213664151159148 0.08223252900961586 9729
0.07974165236377401 0.03752483475746222 9730
0.0781265619142967 0.04064529000507301 9731
0.03779572036576283 0.07831819607762996 9732
0.01865590063152609 0.0861487095279357 9733
0.05237911302982437 0.02835128037985519 9734
0.04557868792838038 0.03204399560222572 9735
0.03836723276321802 0.05347663132546447 9736
0.08827683487164514 0.003118843087397502 9737
0.03940201849915775 0.04530875248824355 9738
0.01675339636820463 0.08628140397888062 9739
0.02600242076141714 0.01060842885689461 9740
0.06604093837651907 0.05945151194872957 9741
NMARK= 3
MARKER_TAG= wall
MARKER_ELEMS= 283
3 1 9 
3 9 10 
3 10 11 
3 11 12 
3 12 13 
3 13 14 
3 14 15 
3 15 16 
3 16 17 
3 17 18 
3 18 19 
3 19 20 
3 20 21 
3 21 22 
3 22 23 
3 23 24 
3 24 25 
3 25 26 
3 26 27 
3 27 28 
3 28 29 
3 29 30 
3 30 31 
3 31 32 
3 32 33 
3 33 34 
3 34 35 
3 35 36 
3 36 37 
3 37 38 
3 38 39 
3 39 40 
3 40 41 
3 41 42 
3 42 43 
3 43 44 
3 44 45 
3 45 46 
3 46 47 
3 47 48 
3 48 49 
3 49 50 
3 50 51 
3 51 52 
3 52 53 
3 53 54 
3 54 55 
3 55 56 
3 56 57 
3 57 58 
3 58 59 
3 59 60 
3 60 61 
3 61 62 
3 62 63 
3 63 64 
3 64 65 
3 65 66 
3 66 67 
3 67 68 
3 68 69 
3 69 70 
3 70 71 
3 71 72 
3 72 73 
3 73 74 
3 74 75 
3 75 76 
3 76 77 
3 77 78 
3 78 79 
3 79 80 
3 80 81 
3 81 82 
3 82 83 
3 83 84 
3 84 85 
3 85 86 
3 86 87 
3 87 88 
3 88 89 
3 89 90 
3 90 91 
3 91 92 
3 92 93 
3 93 94 
3 94 95 
3 95 96 
3 96 97 
3 97 98 
3 98 99 
3 99 100 
3 100 101 
3 101 102 
3 102 103 
3 103 104 
3 104 105 
3 105 106 
3 106 107 
3 107 108 
3 108 109 
3 109 110 
3 110 111 
3 111 112 
3 112 113 
3 113 114 
3 114 115 
3 115 116 
3 116 117 
3 117 118 
3 118 119 
3 119 120 
3 120 121 
3 121 122 
3 122 123 
3 123 124 
3 124 125 
3 125 126 
3 126 127 
3 127 128 
3 128 129 
3 129 130 
3 130 131 
3 131 132 
3 132 133 
3 133 134 
3 134 135 
3 135 136 
3 136 137 
3 137 138 
3 138 139 
3 139 140 
3 140 141 
3 141 142 
3 142 143 
3 143 144 
3 144 145 
3 145 146 
3 146 147 
3 147 148 
3 148 149 
3 149 150 
3 150 151 
3 151 152 
3 152 153 
3 153 154 
3 154 155 
3 155 156 
3 156 157 
3 157 158 
3 158 159 
3 159 160 
3 160 161 
3 161 162 
3 162 163 
3 163 164 
3 164 165 
3 165 166 
3 166 167 
3 167 168 
3 168 169 
3 169 170 
3 170 171 
3 171 172 
3 172 173 
3 173 174 
3 174 175 
3 175 176 
3 176 177 
3 177 178 
3 178 179 
3 179 180 
3 180 181 
3 181 182 
3 182 183 
3 183 184 
3 184 185 
3 185 186 
3 186 187 
3 187 188 
3 188 189 
3 189 190 
3 190 191 
3 191 192 
3 192 193 
3 193 194 
3 194 195 
3 195 196 
3 196 197 
3 197 198 
3 198 199 
3 199 200 
3 200 201 
3 201 202 
3 202 203 
3 203 204 
3 204 205 
3 205 206 
3 206 207 
3 207 208 
3 208 209 
3 209 210 
3 210 211 
3 211 212 
3 212 213 
3 213 214 
3 214 215 
3 215 216 
3 216 217 
3 217 218 
3 218 219 
3 219 220 
3 220 221 
3 221 222 
3 222 223 
3 223 224 
3 224 225 
3 225 226 
3 226 227 
3 227 228 
3 228 229 
3 229 230 
3 230 231 
3 231 232 
3 232 233 
3 233 234 
3 234 235 
3 235 236 
3 236 237 
3 237 238 
3 238 239 
3 239 240 
3 240 241 
3 241 242 
3 242 243 
3 243 244 
3 244 245 
3 245 246 
3 246 247 
3 247 248 
3 248 249 
3 249 250 
3 250 251 
3 251 252 
3 252 253 
3 253 254 
3 254 255 
3 255 256 
3 256 257 
3 257 258 
3 258 259 
3 259 260 
3 260 261 
3 261 262 
3 262 263 
3 263 264 
3 264 265 
3 265 266 
3 266 267 
3 267 268 
3 268 269 
3 269 270 
3 270 271 
3 271 272 
3 272 273 
3 273 274 
3 274 275 
3 275 276 
3 276 277 
3 277 278 
3 278 279 
3 279 280 
3 280 281 
3 281 282 
3 282 283 
3 283 284 
3 284 285 
3 285 286 
3 286 287 
3 287 288 
3 288 289 
3 289 290 
3 290 2 
MARKER_TAG= anode
MARKER_ELEMS= 128
3 5 353 
3 353 354 
3 354 355 
3 355 356 
3 356 357 
3 357 358 
3 358 359 
3 359 360 
3 360 361 
3 361 362 
3 362 363 
3 363 364 
3 364 365 
3 365 366 
3 366 367 
3 367 368 
3 368 369 
3 369 370 
3 370 371 
3 371 372 
3 372 373 
3 373 374 
3 374 375 
3 375 376 
3 376 377 
3 377 378 
3 378 379 
3 379 380 
3 380 381 
3 381 382 
3 382 383 
3 383 5 
3 6 384 
3 384 385 
3 385 386 
3 386 387 
3 387 388 
3 388 389 
3 389 390 
3 390 391 
3 391 392 
3 392 393 
3 393 394 
3 394 395 
3 395 396 
3 396 397 
3 397 398 
3 398 399 
3 399 400 
3 400 401 
3 401 402 
3 402 403 
3 403 404 
3 404 405 
3 405 406 
3 406 407 
3 407 408 
3 408 409 
3 409 410 
3 410 411 
3 411 412 
3 412 413 
3 413 414 
3 414 6 
3 7 415 
3 415 416 
3 416 417 
3 417 418 
3 418 419 
3 419 420 
3 420 421 
3 421 422 
3 422 423 
3 423 424 
3 424 425 
3 425 426 
3 426 427 
3 427 428 
3 428 429 
3 429 430 
3 430 431 
3 431 432 
3 432 433 
3 433 434 
3 434 435 
3 435 436 
3 436 437 
3 437 438 
3 438 439 
3 439 440 
3 440 441 
3 441 442 
3 442 443 
3 443 444 
3 444 445 
3 445 7 
3 8 446 
3 446 447 
3 447 448 
3 448 449 
3 449 450 
3 450 451 
3 451 452 
3 452 453 
3 453 454 
3 454 455 
3 455 456 
3 456 457 
3 457 458 
3 458 459 
3 459 460 
3 460 461 
3 461 462 
3 462 463 
3 463 464 
3 464 465 
3 465 466 
3 466 467 
3 467 468 
3 468 469 
3 469 470 
3 470 471 
3 471 472 
3 472 473 
3 473 474 
3 474 475 
3 475 476 
3 476 8 
MARKER_TAG= cathode
MARKER_ELEMS= 64
3 3 291 
3 291 292 
3 292 293 
3 293 294 
3 294 295 
3 295 296 
3 296 297 
3 297 298 
3 298 299 
3 299 300 
3 300 301 
3 301 302 
3 302 303 
3 303 304 
3 304 305 
3 305 306 
3 306 307 
3 307 308 
3 308 309 
3 309 310 
3 310 311 
3 311 312 
3 312 313 
3 313 314 
3 314 315 
3 315 316 
3 316 317 
3 317 318 
3 318 319 
3 319 320 
3 320 321 
3 321 3 
3 4 322 
3 322 323 
3 323 324 
3 324 325 
3 325 326 
3 326 327 
3 327 328 
3 328 329 
3 329 330 
3 330 331 
3 331 332 
3 332 333 
3 333 334 
3 334 335 
3 335 336 
3 336 337 
3 337 338 
3 338 339 
3 339 340 
3 340 341 
3 341 342 
3 342 343 
3 343 344 
3 344 345 
3 345 346 
3 346 347 
3 347 348 
3 348 349 
3 349 350 
3 350 351 
3 351 352 
3 352 4 
