NDIME= 2
NELEM= 21384
5 5178 7527 11086 0
5 7891 6605 7892 1
5 1744 8248 8250 2
5 4949 9090 10845 3
5 8220 8217 10003 4
5 1406 5070 5071 5
5 7892 7895 8828 6
5 4335 3453 10643 7
5 6491 1518 9306 8
5 6490 6491 9306 9
5 9744 8438 10752 10
5 4524 8067 8068 11
5 4908 4906 5130 12
5 1272 4976 11076 13
5 5311 9331 9451 14
5 9880 5777 10062 15
5 1744 8250 8254 16
5 4811 4809 5001 17
5 3754 10157 10432 18
5 10829 5623 11286 19
5 4636 8662 8663 20
5 1386 4694 8794 21
5 10853 9959 10903 22
5 4573 2954 5374 23
5 7470 5139 7473 24
5 5947 8320 8322 25
5 5468 3685 9788 26
5 4764 5010 5012 27
5 4516 3412 9947 28
5 10435 4602 10871 29
5 8698 6060 10686 30
5 5091 5085 5092 31
5 10357 4887 10591 32
5 3799 5876 7312 33
5 4901 5084 5086 34
5 9547 5179 11090 35
5 9536 6134 10546 36
5 5139 7470 7472 37
5 10983 7815 11169 38
5 1272 1273 4976 39
5 3447 4918 9908 40
5 8974 6655 10951 41
5 4287 3446 11233 42
5 9122 4303 9123 43
5 7844 5983 8891 44
5 4319 8438 9744 45
5 8418 7086 8419 46
5 10114 8150 10420 47
5 5017 7515 9654 48
5 6897 9286 10193 49
5 9687 5139 10861 50
5 8124 4571 10196 51
5 925 924 8255 52
5 9502 9503 10937 53
5 8326 8562 9498 54
5 7480 4347 10530 55
5 8325 8322 8945 56
5 11233 10841 11284 57
5 4460 5281 9315 58
5 4681 4682 10268 59
5 98 97 4740 60
5 8114 5028 9157 61
5 4654 2947 6981 62
5 4493 5577 5637 63
5 10656 7043 11282 64
5 4591 7909 7911 65
5 3047 5098 5099 66
5 4665 8972 9570 67
5 3822 4856 9799 68
5 10466 8742 10872 69
5 9716 9818 10347 70
5 7852 4626 7854 71
5 1519 4937 4939 72
5 10126 4879 10669 73
5 7327 3530 9745 74
5 4019 5081 6116 75
5 3759 10173 10223 76
5 7603 10709 10831 77
5 9392 6061 11221 78
5 10411 4337 10587 79
5 6134 9536 10544 80
5 4610 3115 4990 81
5 6584 7777 7778 82
5 5044 5296 10363 83
5 3429 5776 9760 84
5 4512 10853 10903 85
5 5423 4617 10462 86
5 1369 8241 8243 87
5 6503 6506 9412 88
5 8562 8326 9100 89
5 8795 9804 10591 90
5 8805 7896 8806 91
5 8806 7896 8807 92
5 4626 5156 9705 93
5 9873 5694 10035 94
5 11089 5179 11205 95
5 8839 11089 11205 96
5 5778 10007 10008 97
5 4305 4696 10861 98
5 522 7 10859 99
5 14 536 10860 100
5 4294 4295 10569 101
5 4466 5016 9895 102
5 4574 2033 10105 103
5 5150 10308 10984 104
5 5005 3763 10508 105
5 924 1369 8255 106
5 4611 4984 10558 107
5 6899 9635 10194 108
5 10472 4637 10723 109
5 4574 10105 10254 110
5 5981 5983 7844 111
5 7904 7903 7912 112
5 4697 7471 7478 113
5 7608 4520 7609 114
5 3690 9003 9806 115
5 5772 7585 9145 116
5 9632 9633 10541 117
5 8914 5778 8915 118
5 4801 5003 5004 119
5 8121 4571 8124 120
5 1369 8243 8255 121
5 5010 4075 5012 122
5 3964 4264 10891 123
5 6516 8705 10609 124
5 4706 4837 4838 125
5 5633 4622 5636 126
5 5126 9995 10416 127
5 5862 5984 10766 128
5 4856 3822 4857 129
5 111 1962 4807 130
5 8943 7066 10583 131
5 6584 7778 7779 132
5 7890 6605 7891 133
5 1406 5069 5070 134
5 4593 5842 5843 135
5 4706 4838 4842 136
5 4696 5138 10861 137
5 2033 4574 9582 138
5 7600 1530 7676 139
5 2950 7283 8833 140
5 3407 4994 4995 141
5 9157 5028 9158 142
5 4689 4555 8882 143
5 4470 5111 5113 144
5 4687 3831 9985 145
5 8625 6311 10885 146
5 9512 9513 10830 147
5 7283 2950 9621 148
5 7891 7892 8828 149
5 5844 5843 10353 150
5 7597 4989 7600 151
5 6287 6278 6290 152
5 4519 8712 10021 153
5 8910 4525 8911 154
5 4524 8065 8067 155
5 1456 10032 10106 156
5 5187 4677 10345 157
5 5388 4466 9895 158
5 5749 5636 11174 159
5 6377 8293 8596 160
5 9187 5199 10166 161
5 4662 9919 10303 162
5 4760 4757 4763 163
5 5081 4223 6116 164
5 8652 8642 8720 165
5 2980 8237 8239 166
5 7579 5778 8914 167
5 9804 8795 10601 168
5 3115 4610 4991 169
5 4636 8663 8665 170
5 1674 1042 5413 171
5 3052 4612 4644 172
5 8147 5105 8148 173
5 5086 5085 5091 174
5 4224 6503 10736 175
5 3289 4224 9822 176
5 8973 8974 10951 177
5 7043 7048 11282 178
5 9396 9683 10729 179
5 4891 4895 5231 180
5 8320 5947 8321 181
5 8653 9634 10049 182
5 6792 6796 7638 183
5 2954 4573 8884 184
5 6480 7773 7775 185
5 4304 4611 10558 186
5 5674 3289 9822 187
5 4263 3964 10891 188
5 7909 4591 7910 189
5 4612 3052 4849 190
5 6060 8698 10685 191
5 1583 4349 11266 192
5 3530 7327 10522 193
5 5055 2948 5185 194
5 4667 9187 10166 195
5 5265 9890 11121 196
5 5179 11089 11090 197
5 10032 1456 10811 198
5 6883 8092 10715 199
5 5098 3047 10204 200
5 4626 7852 7855 201
5 9442 8309 9443 202
5 5636 4622 11176 203
5 5311 9451 10837 204
5 8069 1641 9076 205
5 9879 5777 9880 206
5 3412 4516 9969 207
5 4752 4828 10359 208
5 5113 5119 9815 209
5 3118 4550 6556 210
5 5066 10841 11170 211
5 8150 8031 8870 212
5 6898 9499 9500 213
5 4910 4908 5132 214
5 5177 9500 9501 215
5 8066 9043 9044 216
5 4959 4563 4960 217
5 6014 8405 8406 218
5 8322 8320 8945 219
5 9897 8005 10259 220
5 4998 11066 11067 221
5 4915 4073 9867 222
5 7612 4525 8910 223
5 9818 4483 10347 224
5 4740 97 11334 225
5 6514 8651 10049 226
5 4909 4910 8196 227
5 5776 3429 10186 228
5 5179 9547 9866 229
5 8098 5105 8147 230
5 3803 6311 10681 231
5 3115 1243 4990 232
5 9627 7815 10983 233
5 5111 4470 5114 234
5 11086 7527 11087 235
5 1401 5142 9820 236
5 3461 6131 8270 237
5 2894 5260 5261 238
5 5185 2948 5202 239
5 1285 1286 5023 240
5 5142 4559 9820 241
5 4493 5575 5577 242
5 5613 5614 9790 243
5 5613 9790 9930 244
5 4984 4611 11109 245
5 6506 9678 10101 246
5 2959 6490 9306 247
5 7540 5019 7543 248
5 10084 10332 11138 249
5 4343 10941 11285 250
5 7815 4685 11169 251
5 4694 4695 8794 252
5 1547 8232 8234 253
5 9441 8309 9442 254
5 5776 5175 10059 255
5 2959 6315 9664 256
5 7515 5017 9653 257
5 10207 4915 11211 258
5 9286 6897 10192 259
5 5238 5240 5241 260
5 6490 2959 9664 261
5 1408 1427 5313 262
5 6315 2959 9814 263
5 5633 5636 5749 264
5 680 679 5056 265
5 3453 4335 9984 266
5 7913 9171 9172 267
5 9634 8653 9848 268
5 2950 5614 9621 269
5 7386 4587 8917 270
5 4615 5149 8043 271
5 9635 8603 10194 272
5 9826 4577 9827 273
5 10222 9955 10833 274
5 9016 3831 9021 275
5 9813 3950 11329 276
5 4653 3227 10320 277
5 5156 4590 10571 278
5 3437 3777 5135 279
5 5582 9801 10743 280
5 1388 6083 11134 281
5 4543 4545 4546 282
5 5614 2950 9790 283
5 4600 9656 10157 284
5 6061 8698 10686 285
5 931 930 8265 286
5 5198 10043 10482 287
5 4608 9955 10222 288
5 4293 4294 10569 289
5 8705 9557 10609 290
5 11175 5636 11176 291
5 5739 5747 8332 292
5 5024 5025 10190 293
5 4289 3593 10985 294
5 9801 4984 10743 295
5 4520 7608 7610 296
5 4244 4205 11088 297
5 9325 4629 10266 298
5 7133 4863 9953 299
5 4520 7611 10852 300
5 1388 6081 6083 301
5 3793 3791 5649 302
5 4978 2962 4980 303
5 1096 1095 5269 304
5 4642 1521 4702 305
5 10712 4520 10852 306
5 7495 7493 10135 307
5 3685 5468 10396 308
5 4855 1660 9497 309
5 10136 6129 11001 310
5 6376 8596 10989 311
5 4989 7597 7598 312
5 4011 6655 8974 313
5 1968 5146 11125 314
5 5098 2901 9768 315
5 5738 5733 5742 316
5 8883 9804 10601 317
5 5246 5248 9831 318
5 5622 4649 5624 319
5 5095 9711 9844 320
5 4624 7627 10540 321
5 10604 10808 10884 322
5 4256 10711 10712 323
5 4948 10414 11046 324
5 4764 5009 5010 325
5 5830 9295 9836 326
5 7535 8910 8911 327
5 6284 6281 6287 328
5 5681 5680 10080 329
5 4879 7966 8903 330
5 7393 4969 9450 331
5 3407 4993 4994 332
5 5481 9779 9796 333
5 9630 6794 11107 334
5 8561 8943 10583 335
5 5561 4239 5562 336
5 4622 5633 5634 337
5 1333 1334 5202 338
5 2985 8227 8230 339
5 1578 1572 5129 340
5 5011 10628 11154 341
5 5181 5182 10371 342
5 1632 5308 5309 343
5 1521 4642 4701 344
5 10236 10235 10702 345
5 4611 9516 10384 346
5 7897 6368 8807 347
5 4680 8680 10648 348
5 7495 5760 9989 349
5 3563 4274 10329 350
5 1968 4848 5146 351
5 5177 4202 11146 352
5 5828 5830 9836 353
5 10689 9610 11202 354
5 4824 2284 4826 355
5 4318 8300 8310 356
5 9881 10208 11196 357
5 1519 4939 5023 358
5 5777 7380 11291 359
5 5082 9826 9827 360
5 5729 5728 5744 361
5 1241 1242 5069 362
5 4809 4882 5001 363
5 3485 8392 8393 364
5 5624 5625 5626 365
5 9171 7913 9834 366
5 6062 10687 10961 367
5 2906 7473 7474 368
5 7 185 10859 369
5 537 14 10860 370
5 5065 7567 10939 371
5 5635 7262 10103 372
5 4815 4811 5001 373
5 7638 6794 10570 374
5 4875 3786 10227 375
5 7262 5635 10550 376
5 11128 11129 11266 377
5 9540 5138 11190 378
5 9500 5177 11146 379
5 10939 7567 10940 380
5 7543 4672 7544 381
5 10594 4258 10851 382
5 5125 7838 10286 383
5 9590 8564 9868 384
5 7490 5757 7492 385
5 9929 10411 11183 386
5 5731 5733 5738 387
5 9039 4952 9041 388
5 4807 1962 4808 389
5 4264 5126 9533 390
5 7380 8916 11291 391
5 1527 5263 5270 392
5 5281 9149 9315 393
5 6283 6281 6284 394
5 4646 1721 5703 395
5 5693 9862 10050 396
5 6513 6515 8651 397
5 7425 7418 7427 398
5 7368 4210 8872 399
5 9550 9780 10457 400
5 5409 3816 5444 401
5 4683 9601 10914 402
5 10604 5679 10808 403
5 9804 4348 10591 404
5 10709 4989 10831 405
5 5776 5779 9760 406
5 5093 5098 9768 407
5 5617 5629 5657 408
5 9862 1503 10050 409
5 4725 4891 5231 410
5 4606 3104 5704 411
5 4826 2284 10918 412
5 4486 5119 5120 413
5 7170 7331 10404 414
5 2906 7474 7510 415
5 9003 3690 10486 416
5 10800 10799 10824 417
5 8811 4700 10981 418
5 8884 4573 10030 419
5 5766 7423 7425 420
5 6133 6137 10503 421
5 4666 8971 8972 422
5 4075 5010 5011 423
5 5019 7540 7541 424
5 9827 4577 10429 425
5 9890 3801 11121 426
5 4664 3784 9731 427
5 1354 8223 8225 428
5 9287 4588 10640 429
5 4725 4890 4891 430
5 7540 7543 7544 431
5 3001 4792 4929 432
5 4492 8371 9686 433
5 1428 4460 5306 434
5 4012 4666 8972 435
5 4760 4763 4764 436
5 7492 5757 7493 437
5 5189 9508 9721 438
5 2980 8239 8257 439
5 5199 9187 10165 440
5 5090 5095 9844 441
5 6981 2947 6982 442
5 8149 8150 8870 443
5 1261 1500 5286 444
5 5778 10008 10065 445
5 4878 8809 9518 446
5 5845 4865 9670 447
5 7597 7600 7676 448
5 7966 4879 9518 449
5 9086 9088 10121 450
5 9899 2479 10170 451
5 3227 4653 9783 452
5 7877 8796 10568 453
5 1505 5187 10345 454
5 1213 1214 6283 455
5 9633 4630 10541 456
5 4844 1524 4846 457
5 4303 4883 9123 458
5 9508 3015 9721 459
5 7729 7741 10694 460
5 3827 10340 10341 461
5 5622 5624 9800 462
5 6515 8645 8650 463
5 4577 9850 10511 464
5 7634 6794 7638 465
5 4650 2276 5134 466
5 10378 5679 10549 467
5 6613 8327 9498 468
5 7075 5252 7099 469
5 97 4955 11334 470
5 5149 4575 10699 471
5 5187 1505 5189 472
5 4908 4910 8195 473
5 4910 4909 8195 474
5 7423 5766 7424 475
5 8840 5066 9970 476
5 5285 9190 10827 477
5 4967 3003 9682 478
5 5066 8840 10840 479
5 8223 1354 8571 480
5 9356 8420 9388 481
5 7982 1454 8916 482
5 6081 1388 9380 483
5 5250 5260 5268 484
5 7774 6482 7775 485
5 5983 7823 8891 486
5 8222 8223 8571 487
5 1243 1244 4990 488
5 4725 4889 4890 489
5 1632 5309 5313 490
5 9190 5285 10898 491
5 8149 1449 8835 492
5 4980 2962 5056 493
5 4660 9899 10170 494
5 112 111 4807 495
5 8935 4504 8936 496
5 1094 1093 5267 497
5 1696 7547 7549 498
5 4657 9254 11238 499
5 6987 2955 9636 500
5 2093 8884 10030 501
5 3100 2530 5022 502
5 6986 6987 9636 503
5 5025 5026 10299 504
5 8963 5679 10034 505
5 6061 10027 11221 506
5 4970 7397 7398 507
5 10411 10587 11183 508
5 4349 10274 11266 509
5 1660 5295 9497 510
5 10587 4522 11183 511
5 4347 7480 8929 512
5 5679 8963 10808 513
5 8212 8256 9142 514
5 4545 4548 11142 515
5 3996 4970 7398 516
5 5577 5749 11174 517
5 1434 4462 5307 518
5 5189 1505 9508 519
5 4043 4087 4304 520
5 2105 4766 4768 521
5 2286 4729 4731 522
5 10148 9364 10699 523
5 4540 4543 11018 524
5 8215 6946 8216 525
5 7903 2931 7912 526
5 5305 4449 10401 527
5 4571 8121 10391 528
5 6582 7780 7784 529
5 2977 8222 8571 530
5 8044 5149 10699 531
5 9744 5743 9962 532
5 6079 6081 9380 533
5 7397 4970 7399 534
5 8784 9165 9823 535
5 1721 4646 5704 536
5 4796 4794 5121 537
5 4280 9881 11196 538
5 1547 8234 8258 539
5 9575 5066 11170 540
5 4586 4790 11012 541
5 4575 10148 10699 542
5 7930 4683 8858 543
5 9263 4657 9264 544
5 1259 1260 10039 545
5 8800 10318 10416 546
5 5263 1527 5269 547
5 4504 8937 9534 548
5 7840 7839 9625 549
5 5242 5244 8184 550
5 4647 9378 10387 551
5 7633 6794 7634 552
5 10748 4589 10786 553
5 4966 8757 9103 554
5 8332 5747 10595 555
5 5763 7433 7434 556
5 3435 6128 10505 557
5 9165 8784 11024 558
5 7609 4520 10711 559
5 3795 6584 7780 560
5 4873 10536 10674 561
5 4621 5998 5999 562
5 1331 1332 5186 563
5 5104 8157 8159 564
5 4682 4681 11072 565
5 3592 4289 10835 566
5 6131 3461 11056 567
5 9780 3205 10457 568
5 4830 4861 10762 569
5 2957 4703 7997 570
5 1512 4661 5652 571
5 3819 9972 10079 572
5 5743 9744 10752 573
5 115 4803 5201 574
5 698 4755 5200 575
5 4815 5232 10537 576
5 8219 8277 9973 577
5 8373 9885 10728 578
5 9015 3831 9016 579
5 5311 10199 11341 580
5 4843 4876 10481 581
5 5859 10088 10490 582
5 8749 4467 11151 583
5 9856 8595 10754 584
5 9840 2886 10778 585
5 1417 8652 8720 586
5 9316 4460 9317 587
5 9556 4519 9724 588
5 10306 4767 10323 589
5 1696 7549 7550 590
5 8241 1369 8257 591
5 4449 5305 10104 592
5 5258 3801 5259 593
5 5004 5003 10553 594
5 3062 4862 10216 595
5 5745 2019 9750 596
5 5096 10725 11294 597
5 8490 9893 10769 598
5 1500 4880 5286 599
5 4863 7133 9952 600
5 7832 9981 10737 601
5 2024 1563 4856 602
5 5138 4696 11190 603
5 10290 10569 11127 604
5 4862 3062 10413 605
5 8910 7535 10618 606
5 4985 5583 9439 607
5 3594 4681 10268 608
5 8972 8971 9570 609
5 4788 4786 4791 610
5 10088 9561 10245 611
5 9724 9914 10284 612
5 3401 4226 10548 613
5 9901 6367 10228 614
5 6482 7774 7776 615
5 7929 1374 8859 616
5 4228 3401 10548 617
5 10318 5126 10416 618
5 4587 10594 10851 619
5 4018 5198 10425 620
5 9473 5784 10179 621
5 10452 6956 10456 622
5 1997 956 8312 623
5 5166 10296 10493 624
5 3102 1272 11076 625
5 5167 5166 10493 626
5 9922 5129 11201 627
5 5287 4302 9964 628
5 10000 7810 10001 629
5 5436 5315 9988 630
5 4947 4469 5185 631
5 2024 4856 4857 632
5 4937 1519 5155 633
5 9672 9974 11053 634
5 5003 4801 9883 635
5 4828 4752 9884 636
5 5330 7260 9936 637
5 9902 5830 10609 638
5 9794 5076 10307 639
5 10031 4869 11063 640
5 5129 4927 11201 641
5 4240 4562 4924 642
5 4916 9114 9115 643
5 5149 4615 10501 644
5 6281 6278 6287 645
5 3441 6287 6290 646
5 10063 8915 10064 647
5 490 489 9492 648
5 2985 8230 8266 649
5 4611 5148 9516 650
5 4906 4904 5130 651
5 5843 5848 10353 652
5 9140 4590 10354 653
5 9819 1724 9978 654
5 4687 4597 10970 655
5 5229 9704 9759 656
5 4590 9140 10571 657
5 5248 5268 9831 658
5 2309 5158 5203 659
5 5315 5436 10874 660
5 6898 9500 11146 661
5 1524 4844 5068 662
5 5296 5043 10363 663
5 6079 9380 9671 664
5 10337 1390 10532 665
5 9839 4698 9842 666
5 1572 4926 5129 667
5 5776 10059 11253 668
5 8757 4966 10022 669
5 1472 9839 9842 670
5 3831 9015 9985 671
5 2290 4834 10855 672
5 923 922 8257 673
5 4517 3563 10329 674
5 5743 5744 9962 675
5 4683 7930 8859 676
5 4599 7323 9599 677
5 6137 9275 10503 678
5 6987 10337 10532 679
5 5082 9588 9826 680
5 9123 4883 9527 681
5 5271 5262 7351 682
5 3825 5229 10212 683
5 7260 5330 10932 684
5 4496 9819 9978 685
5 8237 2980 8258 686
5 2309 5157 5158 687
5 6129 3435 10505 688
5 2171 5132 8628 689
5 3157 4934 4935 690
5 8214 6946 8215 691
5 3723 9938 9991 692
5 8069 9076 9693 693
5 5232 4604 10537 694
5 4267 4635 9840 695
5 5198 8447 10424 696
5 5174 10186 10970 697
5 2962 4978 8129 698
5 7909 7904 7912 699
5 4792 3001 5123 700
5 3003 4967 9876 701
5 4661 1512 5651 702
5 6505 9830 10053 703
5 5769 7424 10738 704
5 4271 4988 9785 705
5 3420 3415 4699 706
5 8447 5198 10482 707
5 8577 9794 10307 708
5 4788 4791 11012 709
5 10141 6952 10364 710
5 7773 6480 7781 711
5 5020 4790 10690 712
5 4617 5423 11313 713
5 7547 1696 7983 714
5 6080 6079 9671 715
5 1510 6249 9975 716
5 2276 4650 5133 717
5 1318 1319 6982 718
5 5067 7558 7560 719
5 3796 10412 10607 720
5 5848 5840 7215 721
5 8256 8219 9973 722
5 9981 4489 10737 723
5 5260 2894 5267 724
5 4297 10670 10956 725
5 7842 7840 7846 726
5 4757 4756 4763 727
5 4830 4829 4861 728
5 4666 8970 8971 729
5 4605 4861 10090 730
5 10630 6289 11054 731
5 4766 2105 5194 732
5 4729 2286 5195 733
5 4834 2290 5193 734
5 3799 7312 7313 735
5 9756 7494 9989 736
5 2360 5234 5235 737
5 3756 3437 5135 738
5 5565 3829 5568 739
5 4268 3749 7603 740
5 3749 4269 7603 741
5 10136 11001 11304 742
5 3819 3820 9972 743
5 5847 7225 9809 744
5 7338 7170 10404 745
5 6249 1510 10149 746
5 4486 5120 5121 747
5 4237 4236 4702 748
5 10798 4248 10799 749
5 1175 1174 8516 750
5 5231 4895 11211 751
5 9885 6536 10728 752
5 8433 4492 8434 753
5 4477 10306 10323 754
5 9974 4490 11053 755
5 7400 4633 7401 756
5 7567 5067 10940 757
5 5040 5296 10950 758
5 5732 5731 5734 759
5 7846 7840 9625 760
5 7558 5067 7565 761
5 6482 7777 10006 762
5 921 920 8258 763
5 3808 9341 10031 764
5 9548 9691 9713 765
5 8216 8218 9754 766
5 8645 6515 8649 767
5 3016 5652 10721 768
5 7471 4697 7475 769
5 6506 6503 9678 770
5 6556 4550 10328 771
5 10705 8681 10972 772
5 5248 5250 5268 773
5 7418 7425 10478 774
5 1287 1288 5155 775
5 4462 4515 5308 776
5 9765 9766 11148 777
5 4998 3567 9164 778
5 1527 1096 5269 779
5 4486 5121 5122 780
5 5229 3825 9704 781
5 9927 8330 10488 782
5 9674 4225 9675 783
5 4565 9856 10754 784
5 1354 8225 8267 785
5 4640 9840 10778 786
5 6504 9830 11026 787
5 4602 4832 10497 788
5 4204 4199 11092 789
5 930 1405 8265 790
5 8809 7966 9518 791
5 4240 3411 4562 792
5 8232 1547 8266 793
5 1286 1519 5023 794
5 3093 1285 5023 795
5 2894 5261 5269 796
5 8645 8642 8652 797
5 3592 3593 4289 798
5 10227 3786 11022 799
5 4632 3995 9115 800
5 1042 1041 5413 801
5 9043 8066 9692 802
5 4572 10848 10849 803
5 4828 5299 10359 804
5 6583 7726 7727 805
5 4412 3669 4912 806
5 489 7550 9492 807
5 4225 4620 9675 808
5 3410 3412 9969 809
5 5763 7431 7433 810
5 3410 9969 10254 811
5 1510 6315 9814 812
5 5744 5728 5746 813
5 7527 7526 11087 814
5 489 488 7550 815
5 2530 2531 5022 816
5 4823 9983 10813 817
5 9893 4658 10769 818
5 5265 2027 10375 819
5 4666 4012 8974 820
5 4562 2377 11235 821
5 4559 4545 11142 822
5 4635 4267 11070 823
5 5629 5617 10731 824
5 11169 4685 11178 825
5 3824 5230 9373 826
5 4703 4702 7997 827
5 2962 680 5056 828
5 679 1727 5056 829
5 4323 1408 5313 830
5 1427 1632 5313 831
5 5050 10447 10987 832
5 10447 8113 10987 833
5 4620 4225 10445 834
5 6315 1510 9975 835
5 3001 4929 4974 836
5 10450 1691 10507 837
5 8775 9287 10640 838
5 3567 3830 9164 839
5 4525 10613 10614 840
5 919 918 8266 841
5 1659 1578 5129 842
5 5296 5044 10950 843
5 5031 8077 11032 844
5 29 28 8334 845
5 9855 10368 10940 846
5 8637 9913 10015 847
5 4296 4294 10134 848
5 1334 1666 5202 849
5 7422 5769 10734 850
5 5076 6986 9636 851
5 10064 5778 10065 852
5 4248 10779 10780 853
5 4205 4204 11088 854
5 6503 9412 10736 855
5 8662 4636 9535 856
5 10669 4648 10670 857
5 8293 6377 10388 858
5 9578 10358 10463 859
5 4647 10387 10705 860
5 8911 4525 10614 861
5 7838 5125 10285 862
5 11190 11189 11192 863
5 9578 4000 10358 864
5 5185 4469 10401 865
5 4694 1386 10997 866
5 3743 3745 4305 867
5 9064 8063 10457 868
5 4318 8310 10502 869
5 10992 7602 11330 870
5 10048 8302 10262 871
5 4505 5441 9949 872
5 6289 6074 11054 873
5 4908 5130 5131 874
5 5264 1686 7127 875
5 5197 10167 11236 876
5 9378 4647 9849 877
5 4959 4957 10331 878
5 4467 8741 8742 879
5 4647 10705 10972 880
5 8227 2985 8267 881
5 7538 7545 7547 882
5 4691 10464 10784 883
5 10181 8858 10913 884
5 7401 4633 7402 885
5 9557 9902 10609 886
5 5518 4598 10156 887
5 8796 4887 10568 888
5 10913 8858 10914 889
5 10464 1714 10784 890
5 1674 5413 10102 891
5 5831 9392 11221 892
5 7054 10450 10507 893
5 4166 5019 11289 894
5 5118 9590 9868 895
5 3777 4650 5135 896
5 9217 4523 10602 897
5 10085 8569 10350 898
5 10034 5679 10378 899
5 5029 5030 10036 900
5 917 916 8267 901
5 6986 5076 9794 902
5 9890 5265 10375 903
5 1095 2894 5269 904
5 6504 8976 9678 905
5 3158 6279 6281 906
5 1406 1241 5069 907
5 1544 4688 6983 908
5 4648 7702 9874 909
5 6653 8362 8363 910
5 4754 4854 5021 911
5 4592 5841 5842 912
5 10040 8962 10376 913
5 9749 4905 10295 914
5 3775 10472 10525 915
5 5012 4075 5013 916
5 8510 10113 10297 917
5 4794 4797 5121 918
5 931 8265 8268 919
5 5178 11086 11088 920
5 8576 9356 9388 921
5 9926 4304 10235 922
5 5262 7350 7351 923
5 4735 4739 4902 924
5 4720 4715 4902 925
5 4786 4777 4791 926
5 7845 7842 7846 927
5 3594 3587 4681 928
5 7602 7601 11330 929
5 5126 4264 9995 930
5 5088 5086 5091 931
5 4381 5862 10766 932
5 4236 4642 4702 933
5 8671 4638 11217 934
5 4700 8811 10963 935
5 3797 3798 4849 936
5 4448 7950 10667 937
5 5152 4772 10588 938
5 4012 4011 8974 939
5 4305 5139 7472 940
5 4598 5518 10832 941
5 5139 4305 10861 942
5 9801 4985 10558 943
5 10163 9608 10230 944
5 5733 5729 5744 945
5 4460 9315 9317 946
5 4523 9217 10631 947
5 10215 7315 10748 948
5 6014 8406 8407 949
5 5148 4203 9516 950
5 9678 8976 10101 951
5 3816 5409 10509 952
5 4545 4547 4548 953
5 4904 4907 5130 954
5 5732 5741 9274 955
5 10512 9893 10513 956
5 4463 9846 10386 957
5 1485 4885 10476 958
5 10287 6230 11204 959
5 4994 4653 10320 960
5 5652 3016 10586 961
5 5263 5262 5271 962
5 7224 8991 10349 963
5 5154 5152 10588 964
5 8256 1476 9142 965
5 4608 3458 9955 966
5 5984 7845 7846 967
5 9765 5058 9859 968
5 1468 5613 9930 969
5 4708 4713 4955 970
5 4716 4721 4953 971
5 4782 4778 4954 972
5 1641 8069 10542 973
5 1242 3115 5069 974
5 5624 4649 5625 975
5 9187 4667 10270 976
5 4885 1485 10665 977
5 7950 4448 9139 978
5 4662 8275 10563 979
5 10046 6205 10565 980
5 4920 8956 10484 981
5 2947 4654 11259 982
5 3791 5140 5649 983
5 4832 4602 10496 984
5 6284 6287 10751 985
5 6016 6013 11234 986
5 8917 4587 9864 987
5 1406 5071 8002 988
5 4560 10141 10364 989
5 4543 4544 4545 990
5 8956 4920 10575 991
5 10428 10427 10809 992
5 5682 10080 10883 993
5 8472 10795 11031 994
5 9282 4659 10188 995
5 8247 4346 11254 996
5 5613 1468 10111 997
5 4616 9181 10154 998
5 11089 8839 11091 999
5 504 10106 10129 1000
5 8850 5179 9866 1001
5 8562 6613 9498 1002
5 4657 9263 9691 1003
5 5026 5027 10299 1004
5 3205 9064 10457 1005
5 4699 4514 10104 1006
5 4350 10949 11129 1007
5 3798 4612 4849 1008
5 1257 1258 5704 1009
5 8863 9966 10288 1010
5 1468 5166 10111 1011
5 3157 4935 5155 1012
5 8581 4671 10626 1013
5 4921 3965 9449 1014
5 4649 5622 5623 1015
5 5146 4784 11125 1016
5 6286 6284 10751 1017
5 5441 4505 11203 1018
5 5769 7422 7424 1019
5 5066 9575 9970 1020
5 4226 5285 10827 1021
5 5731 5729 5733 1022
5 7480 8831 8929 1023
5 4803 115 11119 1024
5 4755 698 11120 1025
5 1530 7600 11279 1026
5 8621 6899 8623 1027
5 3995 4916 9115 1028
5 8666 8671 11217 1029
5 2948 1333 5202 1030
5 10080 5682 10474 1031
5 4587 7386 8958 1032
5 4572 10849 10878 1033
5 10299 5028 10300 1034
5 4199 4195 11092 1035
5 4861 4605 10762 1036
5 8646 8649 8928 1037
5 1957 98 4740 1038
5 7636 7634 7638 1039
5 2528 9250 9255 1040
5 4514 4699 11064 1041
5 3299 3297 5680 1042
5 9601 4682 11072 1043
5 1574 1589 5157 1044
5 984 983 9366 1045
5 4275 3987 10158 1046
5 4671 8581 10919 1047
5 2284 9737 10918 1048
5 1430 1213 6283 1049
5 1214 3158 6283 1050
5 9437 4227 11037 1051
5 5166 1468 10296 1052
5 10670 4648 10956 1053
5 2928 10423 10644 1054
5 4588 9287 10637 1055
5 4688 1544 6984 1056
5 4646 4606 5704 1057
5 9706 5156 10571 1058
5 4320 3659 10975 1059
5 7702 4648 11158 1060
5 4932 8966 11270 1061
5 3754 3755 10157 1062
5 4838 4840 4842 1063
5 5091 5097 11122 1064
5 8058 8056 8059 1065
5 11023 5091 11122 1066
5 5106 10114 10420 1067
5 7380 7982 8916 1068
5 9688 5170 10361 1069
5 5259 3801 5275 1070
5 8147 8149 8835 1071
5 8077 5031 10221 1072
5 5660 5468 9788 1073
5 10795 4686 11031 1074
5 9181 4616 10904 1075
5 4659 9282 10944 1076
5 5284 9382 9437 1077
5 4660 2485 9899 1078
5 488 1696 7550 1079
5 4736 1957 4737 1080
5 1454 8914 8916 1081
5 7491 7496 8193 1082
5 7636 7638 11002 1083
5 1093 1653 5267 1084
5 2894 1094 5267 1085
5 5846 5847 9809 1086
5 4266 5273 10887 1087
5 4548 4551 4552 1088
5 5285 4226 9720 1089
5 7433 7432 7438 1090
5 5295 4872 9497 1091
5 8198 4637 8200 1092
5 7538 7547 7983 1093
5 7760 7779 9433 1094
5 4835 4972 9841 1095
5 8197 2171 10346 1096
5 8066 9044 10542 1097
5 4574 8906 10967 1098
5 8668 1758 8669 1099
5 9841 4972 9843 1100
5 10966 8474 11194 1101
5 5132 2171 10812 1102
5 5018 9543 9544 1103
5 4638 8671 8673 1104
5 3015 5693 9721 1105
5 1378 8334 10002 1106
5 5028 8114 9680 1107
5 8248 1744 9751 1108
5 8834 1440 9159 1109
5 8906 4574 10254 1110
5 7380 5777 9879 1111
5 9768 6040 10515 1112
5 6479 6482 10006 1113
5 10423 5142 10644 1114
5 9214 10071 10072 1115
5 4842 4840 4843 1116
5 5230 9194 9373 1117
5 4707 4705 4709 1118
5 9536 10546 10943 1119
5 4960 4563 4961 1120
5 9941 8757 10022 1121
5 8131 9838 10275 1122
5 9728 7488 10140 1123
5 4783 9954 10869 1124
5 2468 5779 5780 1125
5 5946 9927 10488 1126
5 6015 8401 8404 1127
5 1260 5286 10039 1128
5 9746 7065 11352 1129
5 5028 10299 10301 1130
5 4901 5086 5087 1131
5 4684 1560 6528 1132
5 5775 5776 11253 1133
5 5818 9749 10295 1134
5 7779 7778 9433 1135
5 6896 3803 10681 1136
5 9995 8861 10416 1137
5 4918 3447 10882 1138
5 5114 4470 5115 1139
5 4860 8909 10118 1140
5 9098 10187 10987 1141
5 10118 7658 10823 1142
5 8816 4586 11012 1143
5 956 955 8312 1144
5 4756 2108 4763 1145
5 4829 2288 4861 1146
5 9989 5760 10746 1147
5 9846 8548 10386 1148
5 1175 8516 10879 1149
5 5138 9687 10861 1150
5 4734 1957 4736 1151
5 1956 4708 4955 1152
5 4706 2282 4837 1153
5 1953 4716 4953 1154
5 4743 4746 4847 1155
5 4778 2289 4954 1156
5 4820 1939 4847 1157
5 4818 4821 4848 1158
5 3762 3763 5005 1159
5 3762 5005 10294 1160
5 9331 5311 9740 1161
5 1260 1261 5286 1162
5 7363 9581 9757 1163
5 8319 10133 10489 1164
5 4951 4280 9921 1165
5 7854 4626 9705 1166
5 5264 5242 8184 1167
5 8533 5229 11055 1168
5 4914 4915 9867 1169
5 6582 7784 9807 1170
5 8434 4492 10152 1171
5 2171 8197 10812 1172
5 2308 1331 5186 1173
5 3047 5099 5100 1174
5 689 2108 4756 1175
5 693 2105 4775 1176
5 695 2284 4824 1177
5 105 2288 4829 1178
5 1581 1576 4870 1179
5 1576 1570 4870 1180
5 5179 8850 11205 1181
5 6279 3158 6282 1182
5 4618 5410 10462 1183
5 4634 10835 10909 1184
5 5693 3015 9862 1185
5 4605 10090 10091 1186
5 1501 5698 10593 1187
5 8222 2977 9754 1188
5 3755 4600 10157 1189
5 4991 4610 8202 1190
5 5229 8533 10212 1191
5 4592 5839 5841 1192
5 683 1451 4889 1193
5 4475 10078 10252 1194
5 9779 5481 10009 1195
5 4027 4865 9953 1196
5 11001 6132 11304 1197
5 4000 3998 10358 1198
5 4877 4878 10126 1199
5 5407 2521 5409 1200
5 5698 1501 10773 1201
5 3446 4917 11233 1202
5 4273 6062 10248 1203
5 4274 3565 11067 1204
5 1572 1565 4926 1205
5 1332 2948 5186 1206
5 5266 5264 7127 1207
5 5198 4018 10043 1208
5 4952 9039 9085 1209
5 1449 8149 8870 1210
5 5103 9279 9280 1211
5 10939 4287 11233 1212
5 7879 8794 8795 1213
5 11164 11245 11246 1214
5 7538 7544 7545 1215
5 5652 4661 9624 1216
5 4436 9791 10360 1217
5 9345 7126 10492 1218
5 1632 5307 5308 1219
5 5260 5267 5268 1220
5 3571 6581 11227 1221
5 10256 7934 10865 1222
5 2377 4562 11293 1223
5 5285 9720 9825 1224
5 1692 5848 7215 1225
5 9868 1378 10002 1226
5 5120 4796 5121 1227
5 10823 7658 10824 1228
5 1450 5097 9151 1229
5 4239 7267 7268 1230
5 8952 4623 10539 1231
5 4072 9786 9867 1232
5 5594 9980 10038 1233
5 7535 8911 8912 1234
5 3032 9783 10234 1235
5 10200 2522 10698 1236
5 5252 7075 8184 1237
5 4978 4977 8129 1238
5 4623 8952 10597 1239
5 5199 8968 10167 1240
5 8212 8215 8256 1241
5 3780 10965 11004 1242
5 4907 4904 9591 1243
5 1469 5287 9964 1244
5 5680 5678 10080 1245
5 1374 8593 8859 1246
5 7930 7929 8859 1247
5 9581 2960 9757 1248
5 5097 1450 8079 1249
5 2286 4731 4732 1250
5 9796 9779 10802 1251
5 5287 1469 7363 1252
5 3225 3223 4584 1253
5 5014 4762 5300 1254
5 5272 5271 10888 1255
5 8511 2363 8513 1256
5 7845 5984 10820 1257
5 10485 6652 10689 1258
5 10078 1495 10252 1259
5 2430 2432 5781 1260
5 9864 10851 10852 1261
5 4898 4892 4977 1262
5 5095 5090 10491 1263
5 8206 9918 10759 1264
5 10036 5031 10302 1265
5 9933 3244 10047 1266
5 8401 6015 8403 1267
5 4019 4234 5081 1268
5 9577 4000 9578 1269
5 4338 5181 10371 1270
5 7858 4627 11020 1271
5 4619 7256 10461 1272
5 9748 4037 10119 1273
5 10187 5050 10987 1274
5 1745 5108 5109 1275
5 9959 4206 9960 1276
5 3669 3079 4912 1277
5 4506 9941 10022 1278
5 5500 4464 10936 1279
5 4544 4542 4549 1280
5 7460 9963 9976 1281
5 1724 6080 9671 1282
5 9691 9263 9713 1283
5 4809 1962 4882 1284
5 7569 4920 9908 1285
5 2958 6383 10352 1286
5 4279 3815 5060 1287
5 4669 3087 10060 1288
5 8347 10057 10101 1289
5 4848 4821 5146 1290
5 4605 10091 11104 1291
5 4934 3157 6093 1292
5 7256 4619 10660 1293
5 8909 4860 11099 1294
5 6060 10687 10688 1295
5 5125 7848 9758 1296
5 2485 4660 10220 1297
5 10823 4246 10825 1298
5 4237 4702 4703 1299
5 6196 3571 11227 1300
5 5244 5252 8184 1301
5 7842 5982 7843 1302
5 4986 5459 10980 1303
5 8404 8399 8406 1304
5 5284 10048 10262 1305
5 9764 5058 9765 1306
5 7852 7853 7855 1307
5 8420 9387 9388 1308
5 5779 2468 5781 1309
5 5041 5043 5296 1310
5 9116 10594 10990 1311
5 922 2980 8257 1312
5 1369 923 8257 1313
5 8786 9784 10180 1314
5 1745 5107 5108 1315
5 4496 9978 10153 1316
5 5284 9437 11037 1317
5 9003 9002 9806 1318
5 4704 4705 4707 1319
5 2283 4735 4902 1320
5 4715 4714 4902 1321
5 4776 4777 4786 1322
5 9946 5427 9968 1323
5 7049 4864 7050 1324
5 1384 10010 10011 1325
5 3800 4653 4993 1326
5 6383 2958 10534 1327
5 5109 5112 8333 1328
5 4984 9801 10558 1329
5 8409 10085 10350 1330
5 4875 10227 10691 1331
5 4637 8198 9583 1332
5 10569 4295 11178 1333
5 4971 1720 10636 1334
5 2947 1318 6982 1335
5 1319 1544 6982 1336
5 10070 9910 10071 1337
5 4518 4564 10578 1338
5 3299 5680 9613 1339
5 6080 1724 9819 1340
5 4847 4746 10760 1341
5 4820 4847 10760 1342
5 5045 5046 5204 1343
5 4996 5974 11014 1344
5 8122 4343 10744 1345
5 8667 1758 8668 1346
5 4228 10877 10943 1347
5 1389 10046 10565 1348
5 8398 8399 8404 1349
5 9909 8071 9961 1350
5 4641 4949 10845 1351
5 4865 5845 10955 1352
5 6062 9130 10247 1353
5 8406 8399 9348 1354
5 10113 4630 10297 1355
5 2521 5407 5411 1356
5 5459 4986 10383 1357
5 11034 8306 11035 1358
5 5738 5745 9750 1359
5 10638 4300 10639 1360
5 5071 5075 8002 1361
5 4629 9325 10380 1362
5 5150 10256 10865 1363
5 7363 1469 9581 1364
5 1720 4971 10526 1365
5 4925 5000 10557 1366
5 5842 4593 9669 1367
5 5040 5041 5296 1368
5 4888 8793 11164 1369
5 4791 8816 11012 1370
5 10012 8635 10283 1371
5 3455 3458 4608 1372
5 7894 7897 8807 1373
5 9450 10358 10806 1374
5 3492 9658 9659 1375
5 7053 10341 10922 1376
5 7044 7043 7045 1377
5 7043 7044 7048 1378
5 8794 4695 8795 1379
5 6471 4496 10153 1380
5 4703 2957 9665 1381
5 5043 5045 5204 1382
5 8219 8216 9754 1383
5 4518 10578 10930 1384
5 4601 4928 5020 1385
5 11270 11271 11272 1386
5 8666 8668 8671 1387
5 3805 3804 6983 1388
5 5683 10040 10376 1389
5 7843 5982 7844 1390
5 9392 5831 10789 1391
5 9718 4463 10938 1392
5 6428 9571 9665 1393
5 2980 921 8258 1394
5 920 1547 8258 1395
5 4906 4908 8195 1396
5 1519 1287 5155 1397
5 1288 3157 5155 1398
5 2473 8304 8311 1399
5 4928 4601 4956 1400
5 5039 5040 9354 1401
5 3988 3987 4275 1402
5 9293 10124 10844 1403
5 4477 10095 10306 1404
5 10140 7488 10468 1405
5 7611 9864 10852 1406
5 8323 8327 10018 1407
5 8304 2473 8310 1408
5 8667 8661 8765 1409
5 5974 4996 10320 1410
5 5859 8715 10087 1411
5 4946 4298 5316 1412
5 6656 9610 10689 1413
5 8976 6504 9677 1414
5 7438 7432 10811 1415
5 7099 5252 9831 1416
5 6653 8361 8362 1417
5 9451 5312 10837 1418
5 10143 10144 10422 1419
5 6083 6085 11134 1420
5 8360 6532 10169 1421
5 4982 4980 5056 1422
5 4548 4552 4554 1423
5 5841 5840 5848 1424
5 7638 6796 11002 1425
5 4566 6012 11140 1426
5 4550 3118 11299 1427
5 10341 4863 10922 1428
5 7351 4266 10888 1429
5 8275 8276 10563 1430
5 3793 5649 9903 1431
5 2363 8511 8512 1432
5 4698 2536 9791 1433
5 4301 3500 10647 1434
5 3770 3100 5022 1435
5 9568 10023 10024 1436
5 4257 4256 4258 1437
5 4804 112 4807 1438
5 6059 3506 10027 1439
5 3506 3835 10027 1440
5 4599 5516 10431 1441
5 6312 8673 11007 1442
5 7442 9756 9989 1443
5 9785 4987 10707 1444
5 8828 7895 11044 1445
5 3087 4669 11103 1446
5 9954 4447 10869 1447
5 4073 4072 9867 1448
5 4621 5638 10103 1449
5 9602 2469 9940 1450
5 5881 11098 11324 1451
5 10726 1225 10807 1452
5 9609 1500 9772 1453
5 10274 11128 11266 1454
5 1589 3771 5157 1455
5 9769 1107 10061 1456
5 9643 4987 9785 1457
5 4846 1524 11256 1458
5 918 2985 8266 1459
5 1547 919 8266 1460
5 9608 10163 10631 1461
5 7331 7170 10102 1462
5 9020 9326 10538 1463
5 28 8333 8334 1464
5 1378 29 8334 1465
5 4593 5843 5844 1466
5 9894 7808 9999 1467
5 5226 3783 10211 1468
5 5038 5039 9354 1469
5 2536 4698 9839 1470
5 5252 5246 9831 1471
5 4240 4924 11064 1472
5 4889 1451 4890 1473
5 6062 10247 10248 1474
5 5309 5312 5313 1475
5 8239 8241 8257 1476
5 5001 2290 10855 1477
5 10687 9725 10961 1478
5 5257 5265 11121 1479
5 4924 10334 11064 1480
5 4651 3478 10074 1481
5 10043 9192 10482 1482
5 5103 9280 10145 1483
5 8795 10591 10880 1484
5 8715 5859 11172 1485
5 8646 8928 10804 1486
5 4271 4408 10730 1487
5 9634 6514 10049 1488
5 6957 6955 10452 1489
5 7397 7399 8823 1490
5 3448 5676 5677 1491
5 4627 7858 10226 1492
5 4483 9818 10033 1493
5 5308 4515 5309 1494
5 6532 8360 11060 1495
5 4408 4409 10730 1496
5 4711 4709 10559 1497
5 6954 1725 10305 1498
5 9478 9249 10225 1499
5 3415 3413 4699 1500
5 5583 4985 9801 1501
5 9130 6062 10961 1502
5 4464 6900 9141 1503
5 4343 8122 8124 1504
5 925 8255 11336 1505
5 1745 5109 8333 1506
5 5054 10200 10698 1507
5 2182 3800 4993 1508
5 1458 490 9492 1509
5 3708 4272 10176 1510
5 5631 7327 9745 1511
5 9729 6208 10051 1512
5 7839 1349 9625 1513
5 7496 7494 9756 1514
5 6132 8262 11304 1515
5 10808 9300 10884 1516
5 3158 6281 6283 1517
5 9708 3691 10366 1518
5 10106 7430 10129 1519
5 4919 3447 9908 1520
5 1211 10017 10630 1521
5 8262 8261 11304 1522
5 4194 4190 11219 1523
5 1666 4947 5202 1524
5 2985 917 8267 1525
5 916 1354 8267 1526
5 4186 4187 4280 1527
5 3587 3589 4681 1528
5 2538 10516 11117 1529
5 9893 9892 10513 1530
5 4887 8796 10880 1531
5 1320 1321 6984 1532
5 7427 7418 7430 1533
5 2958 6249 10149 1534
5 3827 4027 10340 1535
5 10709 10708 11330 1536
5 5847 5844 10353 1537
5 5062 9609 9772 1538
5 10890 9230 10924 1539
5 7557 7558 7565 1540
5 6286 6353 10714 1541
5 4835 1472 9842 1542
5 2917 7557 7565 1543
5 9966 5147 10288 1544
5 1706 451 7613 1545
5 6653 8363 9423 1546
5 4648 10669 11158 1547
5 7444 7438 9795 1548
5 8741 4467 10510 1549
5 7548 7545 11326 1550
5 3461 3084 6130 1551
5 5065 10939 11233 1552
5 1195 10439 10623 1553
5 10749 4609 10750 1554
5 8234 8237 8258 1555
5 1472 4835 9841 1556
5 7545 7546 11326 1557
5 9835 8724 10025 1558
5 3446 4287 10882 1559
5 8401 8398 8404 1560
5 16 683 4889 1561
5 3760 4876 10557 1562
5 4892 4890 4977 1563
5 6059 6061 10686 1564
5 4707 4709 4711 1565
5 10516 4668 11117 1566
5 7908 7910 10292 1567
5 6249 2958 10352 1568
5 9322 9632 10541 1569
5 2535 9688 10361 1570
5 5080 4991 8202 1571
5 8004 8003 10522 1572
5 4939 4941 5023 1573
5 7776 7774 8785 1574
5 7762 7776 8785 1575
5 4165 5718 10469 1576
5 4652 10071 10234 1577
5 4056 4058 4817 1578
5 4294 4298 10134 1579
5 7892 6605 7893 1580
5 9716 9442 9818 1581
5 3104 4606 11241 1582
5 1686 5264 8184 1583
5 5071 5070 5072 1584
5 10657 6444 10793 1585
5 4634 10181 10913 1586
5 5742 2976 5745 1587
5 4920 9907 9908 1588
5 3783 5226 11000 1589
5 4993 4653 4994 1590
5 10031 9342 10336 1591
5 6838 10726 10807 1592
5 4551 4547 9979 1593
5 4524 8068 9881 1594
5 8068 8067 8069 1595
5 4656 10890 10924 1596
5 4924 4562 11235 1597
5 1744 8254 11339 1598
5 10062 5777 10063 1599
5 6353 6286 10751 1600
5 1258 1721 5704 1601
5 3104 1257 5704 1602
5 2447 4911 10134 1603
5 5947 8322 8323 1604
5 7496 1457 8193 1605
5 10666 5586 10739 1606
5 10686 6060 10688 1607
5 5091 5092 5097 1608
5 8325 8945 11139 1609
5 9550 4340 9780 1610
5 10887 5272 10888 1611
5 5050 10189 10190 1612
5 4733 5009 10801 1613
5 4016 5199 10167 1614
5 1726 10657 10793 1615
5 5182 5181 11351 1616
5 8407 8406 9348 1617
5 4741 4737 4742 1618
5 10594 4587 10990 1619
5 4552 4555 4556 1620
5 4706 4842 10962 1621
5 8230 8232 8266 1622
5 2891 5266 7127 1623
5 5757 7490 9728 1624
5 980 979 9256 1625
5 1289 1290 6093 1626
5 7126 9345 10396 1627
5 5031 10036 10403 1628
5 7050 4864 7051 1629
5 9265 4655 9266 1630
5 7911 7909 7912 1631
5 7249 8231 10238 1632
5 3500 3502 4679 1633
5 4304 4087 4611 1634
5 4736 4737 4741 1635
5 3659 4320 10480 1636
5 8224 6007 10128 1637
5 1560 4684 10805 1638
5 4880 1500 9609 1639
5 4900 9768 10515 1640
5 4207 4210 7368 1641
5 4609 10749 11116 1642
5 5568 3829 5569 1643
5 3319 3824 10933 1644
5 5037 5038 9579 1645
5 8966 4932 10988 1646
5 5444 3816 9735 1647
5 10494 9156 10574 1648
5 5718 10468 10469 1649
5 8025 10221 10403 1650
5 6652 6656 10689 1651
5 3018 10116 10125 1652
5 8915 5778 10064 1653
5 8914 8915 8916 1654
5 8077 8834 9159 1655
5 4298 4946 5317 1656
5 5638 4621 10139 1657
5 4652 4651 10071 1658
5 9522 6922 10269 1659
5 4787 4792 5123 1660
5 4844 4839 5068 1661
5 4749 4745 5200 1662
5 4799 4795 5201 1663
5 7491 7492 7496 1664
5 10147 6728 10735 1665
5 4576 10796 11321 1666
5 4512 4836 9977 1667
5 3565 4998 11067 1668
5 8603 6897 10194 1669
5 9838 5047 10275 1670
5 4886 10357 11246 1671
5 9918 4663 10759 1672
5 4995 4994 4996 1673
5 3407 4995 4997 1674
5 1185 1186 6427 1675
5 3185 4859 10433 1676
5 4973 1566 6091 1677
5 7600 4989 7601 1678
5 7809 4513 7810 1679
5 3825 10212 10213 1680
5 2949 10666 10739 1681
5 4869 9741 9742 1682
5 4898 4977 4978 1683
5 8300 4318 9767 1684
5 984 9366 10911 1685
5 5027 5029 10036 1686
5 6061 9392 10775 1687
5 8025 10403 10821 1688
5 5221 4921 9449 1689
5 10643 9618 10814 1690
5 4633 7400 10281 1691
5 8747 4467 8749 1692
5 8225 8227 8267 1693
5 4197 3386 9149 1694
5 3444 4227 10923 1695
5 3115 4991 5069 1696
5 8665 8663 8666 1697
5 8147 8148 8149 1698
5 5042 9156 11184 1699
5 3563 3565 4274 1700
5 4075 4074 5015 1701
5 5023 4941 11123 1702
5 1440 9157 9159 1703
5 7432 10032 10811 1704
5 9743 4319 9744 1705
5 6309 6312 10673 1706
5 4705 4706 4710 1707
5 8564 1378 9868 1708
5 4196 9679 9792 1709
5 6312 6309 8674 1710
5 7873 9925 10405 1711
5 5159 7007 9789 1712
5 3016 6884 6984 1713
5 7323 4599 10431 1714
5 1703 7439 7444 1715
5 8395 5682 10398 1716
5 4685 7815 11220 1717
5 5035 5037 9579 1718
5 9548 9252 9691 1719
5 2285 4758 5194 1720
5 2287 4726 5195 1721
5 1959 4831 5193 1722
5 8899 10535 10691 1723
5 4515 5144 5310 1724
5 7556 4923 9906 1725
5 9580 5048 10465 1726
5 8196 4910 8197 1727
5 4909 8196 8198 1728
5 10624 8105 10625 1729
5 5318 4404 6747 1730
5 2494 10056 10402 1731
5 7998 5075 9636 1732
5 5124 8861 9995 1733
5 9791 2536 10360 1734
5 1557 1574 5157 1735
5 4702 1521 7997 1736
5 4673 3102 11076 1737
5 9371 4564 10356 1738
5 6721 3068 6728 1739
5 4552 4551 4555 1740
5 10124 4948 10844 1741
5 5241 5240 5242 1742
5 4982 5056 11345 1743
5 5118 8548 9590 1744
5 2432 2527 5781 1745
5 2468 2430 5781 1746
5 10408 3768 10419 1747
5 3997 3996 10806 1748
5 1565 2024 4926 1749
5 6866 6793 11005 1750
5 8859 8593 9600 1751
5 7896 7894 8807 1752
5 3093 5141 10948 1753
5 8656 5860 10244 1754
5 4543 4546 4557 1755
5 4546 4545 4559 1756
5 5784 9473 10415 1757
5 7548 4670 9650 1758
5 1725 6954 11080 1759
5 5167 1720 10526 1760
5 4264 9533 10891 1761
5 8936 4504 9993 1762
5 5047 5204 10276 1763
5 5682 8395 10928 1764
5 5730 5731 5732 1765
5 5141 3093 11123 1766
5 9633 10265 10298 1767
5 4859 3185 10858 1768
5 4520 7610 7611 1769
5 6280 9452 9563 1770
5 4677 4976 10345 1771
5 8858 4683 10914 1772
5 4710 4706 10962 1773
5 5766 7425 7426 1774
5 3780 7065 9746 1775
5 5169 4905 9749 1776
5 4988 9784 9785 1777
5 8796 7879 10880 1778
5 4289 5151 10909 1779
5 8435 5740 10232 1780
5 5982 7842 7845 1781
5 4911 4296 10134 1782
5 10941 3886 11285 1783
5 4916 4260 9114 1784
5 8231 7249 11016 1785
5 2952 7205 10815 1786
5 3786 4875 10536 1787
5 10444 7296 10632 1788
5 10558 4985 10702 1789
5 4878 9552 11085 1790
5 1997 8312 10242 1791
5 4409 6866 11005 1792
5 7399 7406 8823 1793
5 9980 4507 10038 1794
5 4667 8463 10270 1795
5 2308 5186 10370 1796
5 2007 9755 9771 1797
5 1566 4973 6093 1798
5 9783 4652 10234 1799
5 5082 9827 10428 1800
5 4935 4937 5155 1801
5 5626 5625 5627 1802
5 4732 4733 10801 1803
5 4790 4788 11012 1804
5 7780 6582 9912 1805
5 8218 8222 9754 1806
5 10163 4523 10631 1807
5 4688 3805 6983 1808
5 4789 4790 5020 1809
5 4995 4996 9440 1810
5 9558 9718 10938 1811
5 3801 3399 5275 1812
5 9249 9478 9738 1813
5 1708 7406 7407 1814
5 3692 9638 9639 1815
5 4275 10158 11175 1816
5 10382 9154 10622 1817
5 5025 5024 5026 1818
5 4808 1962 4809 1819
5 5270 5263 5271 1820
5 5119 5110 5120 1821
5 6652 3759 10223 1822
5 5310 5144 10199 1823
5 4876 4841 4925 1824
5 7205 2952 10979 1825
5 1503 4862 10050 1826
5 8305 8308 8311 1827
5 4911 2447 11300 1828
5 6135 9190 11188 1829
5 1722 6424 6426 1830
5 10105 3410 10254 1831
5 8712 4519 10818 1832
5 9190 6135 10877 1833
5 4222 4223 5081 1834
5 10981 4700 10982 1835
5 5998 4621 10103 1836
5 1493 6075 10713 1837
5 806 805 8669 1838
5 4342 6992 10810 1839
5 6137 6133 10556 1840
5 10057 6506 10101 1841
5 4891 4890 4892 1842
5 4760 4764 4765 1843
5 4764 4763 5009 1844
5 5137 9933 10047 1845
5 7492 7493 7494 1846
5 8593 7866 9600 1847
5 7435 7438 7444 1848
5 4864 7049 11041 1849
5 8371 4492 10606 1850
5 3804 6981 6983 1851
5 5158 5159 9789 1852
5 8463 4667 11135 1853
5 10439 6398 10623 1854
5 8589 8891 8925 1855
5 4723 16 4889 1856
5 5652 9624 10721 1857
5 4928 4789 5020 1858
5 6515 8650 8651 1859
5 8650 8645 8652 1860
5 4650 5134 5135 1861
5 2948 5055 5186 1862
5 6007 8224 11145 1863
5 10549 5679 10604 1864
5 437 436 7407 1865
5 5009 4733 5010 1866
5 9963 4498 9976 1867
5 9326 9020 10486 1868
5 9157 9158 9159 1869
5 5130 4907 10309 1870
5 9426 9697 10174 1871
5 1758 8667 8765 1872
5 3325 3409 5181 1873
5 8057 8058 8062 1874
5 4836 4512 10903 1875
5 4165 10469 10920 1876
5 2116 2117 5217 1877
5 10095 4773 10306 1878
5 4871 4855 9497 1879
5 10317 2308 10370 1880
5 4481 10012 10283 1881
5 8304 8305 8311 1882
5 3059 5024 5992 1883
5 5097 5092 9151 1884
5 8663 8661 8667 1885
5 1758 806 8669 1886
5 7045 7043 7046 1887
5 4279 5060 10029 1888
5 2447 5317 9626 1889
5 5128 4711 10559 1890
5 5778 7579 10007 1891
5 3230 3233 9519 1892
5 7394 4968 7395 1893
5 4412 4912 4913 1894
5 2117 5063 5217 1895
5 7439 7435 7444 1896
5 5085 4982 11345 1897
5 8676 8197 10346 1898
5 6612 10229 11193 1899
5 6728 3068 10735 1900
5 5478 5480 11358 1901
5 8216 6946 8217 1902
5 8215 8216 8219 1903
5 5204 5046 10276 1904
5 6075 1493 10892 1905
5 9017 9013 11348 1906
5 5299 10757 11112 1907
5 7879 8795 10880 1908
5 5032 5033 9845 1909
5 5030 5032 9845 1910
5 3420 4699 10104 1911
5 7399 4970 7400 1912
5 10648 8680 10704 1913
5 4239 3208 5562 1914
5 5049 9580 10382 1915
5 10658 5085 11345 1916
5 10032 7430 10106 1917
5 4195 4194 11219 1918
5 3998 3997 10806 1919
5 7434 7433 7435 1920
5 7439 1703 7441 1921
5 10711 4520 10712 1922
5 4992 2479 9602 1923
5 4305 3745 4696 1924
5 5036 9153 10978 1925
5 5480 9355 11358 1926
5 9667 3436 9782 1927
5 5168 4528 5891 1928
5 3965 4921 10201 1929
5 10010 7783 10011 1930
5 4516 9946 9968 1931
5 9758 7847 10089 1932
5 4903 4905 5169 1933
5 9493 9017 11348 1934
5 5107 4796 5108 1935
5 4725 4723 4889 1936
5 4862 1503 10216 1937
5 5054 2537 10200 1938
5 4540 4542 4543 1939
5 6884 4688 6984 1940
5 7550 7549 7551 1941
5 4931 10543 11272 1942
5 4653 4652 9783 1943
5 9784 4988 10180 1944
5 4925 4845 5000 1945
5 4755 4749 5200 1946
5 4803 4799 5201 1947
5 2283 4734 4735 1948
5 1956 4704 4707 1949
5 4704 2282 4705 1950
5 1953 4714 4715 1951
5 1824 4776 4786 1952
5 4714 2283 4902 1953
5 4837 2478 4838 1954
5 4882 2290 5001 1955
5 4743 1928 4744 1956
5 4793 2138 4794 1957
5 4818 1939 4819 1958
5 4776 2289 4777 1959
5 1098 1097 5292 1960
5 9295 5830 9902 1961
5 9473 9472 10415 1962
5 6584 7779 7780 1963
5 5860 8656 11050 1964
5 8333 5112 8334 1965
5 3102 4673 11093 1966
5 10203 1222 10390 1967
5 5060 3815 5061 1968
5 8912 4254 10171 1969
5 4491 9909 9961 1970
5 9571 4703 9665 1971
5 4588 8616 10638 1972
5 2024 4857 4858 1973
5 1722 6426 6427 1974
5 4956 4601 4957 1975
5 4504 8935 10645 1976
5 6288 6074 6289 1977
5 5075 5076 9636 1978
5 5657 5629 9861 1979
5 451 450 7613 1980
5 6280 6279 6282 1981
5 4164 10836 10976 1982
5 9300 10398 10883 1983
5 6302 10277 10344 1984
5 3052 4644 10060 1985
5 7610 7608 7613 1986
5 7566 7565 7567 1987
5 6091 1566 9379 1988
5 4684 4331 9281 1989
5 7406 7403 7407 1990
5 5075 7998 8002 1991
5 7608 1706 7613 1992
5 1335 1336 5016 1993
5 5105 10143 10422 1994
5 5271 7351 10888 1995
5 3084 3086 6130 1996
5 8793 4888 11009 1997
5 4865 4027 9670 1998
5 1321 3016 6984 1999
5 1544 1320 6984 2000
5 4763 2108 10801 2001
5 6377 9611 10388 2002
5 2528 9255 9592 2003
5 7473 5139 7474 2004
5 5289 4742 5290 2005
5 3886 4344 11285 2006
5 5006 9778 10876 2007
5 4840 4841 4876 2008
5 4543 4557 11018 2009
5 5638 10139 11176 2010
5 5238 5241 9734 2011
5 4206 9959 10853 2012
5 9156 5042 10678 2013
5 8937 4504 10645 2014
5 7402 7405 9875 2015
5 5738 5742 5745 2016
5 5742 5733 5743 2017
5 4697 7480 10995 2018
5 8077 9159 11032 2019
5 5235 5234 5236 2020
5 1215 1216 6282 2021
5 8277 8219 9754 2022
5 5224 2715 5937 2023
5 2917 7565 7566 2024
5 3521 5940 5942 2025
5 4973 4934 6093 2026
5 5053 10624 10625 2027
5 1620 1618 9432 2028
5 1158 1524 5068 2029
5 8968 5199 10165 2030
5 1563 1558 4856 2031
5 7776 7762 7778 2032
5 4658 9893 10512 2033
5 5732 5734 5735 2034
5 5734 5731 5738 2035
5 5740 8435 11096 2036
5 7565 5067 7567 2037
5 1721 1259 10039 2038
5 7551 9932 10019 2039
5 4741 4742 5289 2040
5 9153 5036 10931 2041
5 684 16 4723 2042
5 690 689 4756 2043
5 113 112 4804 2044
5 694 693 4775 2045
5 116 115 5201 2046
5 696 695 4824 2047
5 106 105 4829 2048
5 699 698 5200 2049
5 3158 1215 6282 2050
5 3521 5942 6998 2051
5 4878 4877 9552 2052
5 8275 4662 10303 2053
5 4841 4845 4925 2054
5 4874 8813 9552 2055
5 6482 7776 7777 2056
5 7395 4968 7398 2057
5 2319 9345 10492 2058
5 3519 3837 8597 2059
5 4475 4983 9896 2060
5 9147 4625 11173 2061
5 4950 4300 10414 2062
5 10535 4875 10691 2063
5 9384 6922 9522 2064
5 7779 7760 7784 2065
5 5294 4197 9149 2066
5 5110 5108 5120 2067
5 7406 1708 8823 2068
5 6062 4273 10687 2069
5 1527 5270 5292 2070
5 9094 10475 10828 2071
5 4302 4990 9964 2072
5 6613 8562 10417 2073
5 4758 4766 5194 2074
5 4831 4834 5193 2075
5 4726 4729 5195 2076
5 3756 5135 5136 2077
5 5061 4479 11105 2078
5 5374 2954 10889 2079
5 3996 3994 10528 2080
5 9707 5656 11201 2081
5 4628 9323 9325 2082
5 10017 6289 10630 2083
5 9281 4331 10375 2084
5 1423 4974 4975 2085
5 4346 8247 9679 2086
5 4485 4066 6619 2087
5 4992 9602 9940 2088
5 9881 4280 10219 2089
5 1290 1566 6093 2090
5 3157 1289 6093 2091
5 8673 6312 8674 2092
5 5683 9623 10040 2093
5 436 1708 7407 2094
5 5013 4075 11258 2095
5 4908 5131 5132 2096
5 7547 7545 7548 2097
5 1745 26 5107 2098
5 7402 4633 7404 2099
5 7401 7402 7403 2100
5 9365 4521 9748 2101
5 5317 5318 9626 2102
5 6899 8621 9635 2103
5 7052 9769 10061 2104
5 6513 3765 8928 2105
5 5580 2702 10893 2106
5 5127 4320 10559 2107
5 2293 5746 6879 2108
5 5746 5728 6879 2109
5 2249 2116 5217 2110
5 3448 3295 5676 2111
5 5089 9768 10272 2112
5 10949 10074 11129 2113
5 7401 7403 7406 2114
5 3388 3390 5293 2115
5 5782 9739 10160 2116
5 6993 4485 10138 2117
5 5775 9880 10062 2118
5 5842 5841 5843 2119
5 3485 3299 9613 2120
5 3001 710 5123 2121
5 979 1677 9256 2122
5 4471 5600 5602 2123
5 5015 4074 6750 2124
5 5009 4763 10801 2125
5 4529 9894 9999 2126
5 6280 6282 9452 2127
5 3272 5318 6747 2128
5 2960 4983 9757 2129
5 5407 5408 5411 2130
5 6992 4342 6993 2131
5 6014 8407 8408 2132
5 3389 3325 5181 2133
5 8319 8321 10133 2134
5 1186 1722 6427 2135
5 2957 1185 6427 2136
5 5984 7846 7847 2137
5 1720 5167 10493 2138
5 5049 10382 10622 2139
5 9452 1391 9563 2140
5 4895 10207 11211 2141
5 8726 5831 11223 2142
5 10342 8030 10724 2143
5 5048 9579 10494 2144
5 4292 3592 10835 2145
5 3825 3319 10933 2146
5 2977 8277 9754 2147
5 8265 8263 8268 2148
5 5063 2117 5223 2149
5 9859 5058 11189 2150
5 5048 9580 11213 2151
5 5168 5891 5892 2152
5 6884 3016 10721 2153
5 7897 7893 10182 2154
5 9300 10883 10884 2155
5 4570 7534 7535 2156
5 4584 3223 10611 2157
5 7549 7548 9650 2158
5 4460 1490 5281 2159
5 5000 4850 5059 2160
5 5121 4797 5122 2161
5 3233 5184 9519 2162
5 5617 9800 10731 2163
5 4166 4164 10976 2164
5 6424 1722 9420 2165
5 4951 3393 7110 2166
5 3093 5023 11123 2167
5 4946 4404 5318 2168
5 8915 10063 11291 2169
5 4709 5127 10559 2170
5 1723 9729 10051 2171
5 4303 3960 4883 2172
5 4320 5128 10559 2173
5 8058 8059 8060 2174
5 3795 6479 10006 2175
5 7444 9795 11168 2176
5 7066 8943 11100 2177
5 4737 1957 4740 2178
5 7068 6612 11193 2179
5 9992 4561 10629 2180
5 7338 9992 10629 2181
5 5423 5424 11313 2182
5 8806 8808 9847 2183
5 8031 8150 10114 2184
5 10910 5382 11114 2185
5 2183 2182 4993 2186
5 5178 8839 10777 2187
5 4475 9896 10078 2188
5 5004 10553 10554 2189
5 1616 2714 5900 2190
5 4843 4840 4876 2191
5 4709 4705 4710 2192
5 1490 1562 5281 2193
5 5096 9097 10342 2194
5 4961 4563 4962 2195
5 4960 4961 4964 2196
5 9580 5049 11043 2197
5 5145 2714 5898 2198
5 4552 4556 8896 2199
5 7054 9952 10450 2200
5 6015 8404 8405 2201
5 3392 5160 5892 2202
5 5089 5093 9768 2203
5 5114 5115 5116 2204
5 3893 3891 5899 2205
5 6982 1544 6983 2206
5 5297 3968 6051 2207
5 4845 4850 5000 2208
5 5024 3059 11338 2209
5 8311 8308 8312 2210
5 4226 3444 10923 2211
5 4469 5305 10401 2212
5 5655 5145 5898 2213
5 4854 4754 5022 2214
5 3386 3529 9149 2215
5 4620 10444 10632 2216
5 4499 11010 11136 2217
5 4775 2105 10868 2218
5 6796 9147 11002 2219
5 2019 5747 9750 2220
5 4869 10031 10336 2221
5 5087 5086 5088 2222
5 5034 5035 9702 2223
5 9372 5228 9373 2224
5 6309 3774 8674 2225
5 5580 10893 11256 2226
5 1639 5655 5898 2227
5 10009 5479 10098 2228
5 5829 9835 10025 2229
5 5275 4266 7351 2230
5 9990 9992 10404 2231
5 9992 7338 10404 2232
5 5411 5408 5412 2233
5 9097 5096 11303 2234
5 6133 10504 10505 2235
5 4239 5561 7266 2236
5 4760 4765 5300 2237
5 5016 4466 10355 2238
5 8809 4878 11085 2239
5 4732 4731 4733 2240
5 9673 9852 9872 2241
5 3899 3897 5901 2242
5 8891 7823 8925 2243
5 6092 6091 9379 2244
5 4985 9439 11155 2245
5 3433 5080 8202 2246
5 5104 9280 10957 2247
5 10253 7521 10463 2248
5 5021 4336 9620 2249
5 10073 4651 10074 2250
5 9641 9211 9715 2251
5 5109 5108 5110 2252
5 7313 7332 10115 2253
5 9623 5683 10379 2254
5 5197 9192 10043 2255
5 9628 9137 9717 2256
5 10554 10553 10555 2257
5 5161 5165 5892 2258
5 9479 3043 9480 2259
5 2374 1631 5169 2260
5 3461 6130 11056 2261
5 9315 9313 9317 2262
5 1824 4787 5123 2263
5 4839 2478 5068 2264
5 4793 4796 5107 2265
5 4795 2138 5201 2266
5 4745 1928 5200 2267
5 3486 4790 10619 2268
5 5942 4159 6998 2269
5 4923 7556 11280 2270
5 7426 7425 7427 2271
5 9041 4280 10209 2272
5 3934 3070 5221 2273
5 11090 4204 11092 2274
5 3960 4303 10899 2275
5 2715 5224 5938 2276
5 4983 2960 9896 2277
5 5134 10910 11114 2278
5 10432 4598 10832 2279
5 4159 5942 7084 2280
5 5101 5100 11309 2281
5 5695 9088 10255 2282
5 1097 1527 5292 2283
5 2897 1098 5292 2284
5 8589 7843 8891 2285
5 8668 8669 8670 2286
5 1429 1660 4855 2287
5 3823 3822 9799 2288
5 7544 4672 7545 2289
5 2485 4999 10056 2290
5 9172 9171 9438 2291
5 6960 4159 7084 2292
5 10387 4301 10705 2293
5 2360 5235 9631 2294
5 4958 4975 10756 2295
5 4930 1302 10683 2296
5 4186 4280 4951 2297
5 9250 2528 10621 2298
5 5157 3771 5158 2299
5 7309 5273 10915 2300
5 5694 9873 10054 2301
5 9326 2320 10538 2302
5 9853 9854 10054 2303
5 5862 5981 10820 2304
5 4870 1570 9666 2305
5 4641 3708 10176 2306
5 8197 8676 10389 2307
5 6206 10203 10390 2308
5 9702 5049 10580 2309
5 9436 5283 9437 2310
5 1642 6960 7084 2311
5 5837 4589 10747 2312
5 2 1158 5068 2313
5 4492 8433 10606 2314
5 7772 7773 7781 2315
5 8510 8511 10113 2316
5 9683 4988 10730 2317
5 4548 4547 4551 2318
5 4255 4254 11316 2319
5 4593 5844 5845 2320
5 6727 8019 11198 2321
5 4589 5837 10700 2322
5 5940 3521 8597 2323
5 4890 1451 4977 2324
5 10707 4987 10708 2325
5 1618 5900 9432 2326
5 5638 5635 10103 2327
5 9088 9071 10255 2328
5 4898 4979 10082 2329
5 9170 10456 11181 2330
5 5224 5937 8597 2331
5 5059 4852 5140 2332
5 9539 3233 9559 2333
5 5309 4515 5310 2334
5 10252 1495 10460 2335
5 3934 5221 5297 2336
5 3837 5224 8597 2337
5 26 3 5107 2338
5 4990 1244 9964 2339
5 8972 4665 10392 2340
5 9630 6795 10041 2341
5 7869 3594 10268 2342
5 5064 9539 9559 2343
5 710 17 5123 2344
5 5768 5772 10738 2345
5 4611 10385 11109 2346
5 99 1957 4734 2347
5 1824 709 4776 2348
5 1956 95 4704 2349
5 94 2282 4704 2350
5 2283 100 4734 2351
5 96 1956 4955 2352
5 2286 686 5195 2353
5 101 2283 4714 2354
5 2282 93 4837 2355
5 1953 102 4714 2356
5 103 1953 4953 2357
5 2105 692 5194 2358
5 92 2478 4837 2359
5 691 2285 5194 2360
5 685 2287 5195 2361
5 701 4743 4847 2362
5 109 2290 4882 2363
5 1962 110 4882 2364
5 2288 104 4953 2365
5 700 1928 4743 2366
5 706 1968 4954 2367
5 2289 707 4954 2368
5 117 2138 4793 2369
5 1939 702 4847 2370
5 2290 108 5193 2371
5 703 1939 4818 2372
5 1968 705 4848 2373
5 708 2289 4776 2374
5 704 4818 4848 2375
5 107 1959 5193 2376
5 4609 9617 9618 2377
5 10056 4999 10402 2378
5 5261 5263 5269 2379
5 4850 4852 5059 2380
5 5780 5770 6023 2381
5 1618 1616 5900 2382
5 7225 5847 9733 2383
5 10675 7888 10677 2384
5 2468 5780 6023 2385
5 5703 1721 10039 2386
5 5019 7541 7542 2387
5 5048 10494 10574 2388
5 1606 2701 5328 2389
5 4056 4817 9562 2390
5 2105 4768 10868 2391
5 9742 4868 11063 2392
5 7574 10742 10779 2393
5 8813 4874 9551 2394
5 10199 4868 11341 2395
5 7892 7893 7894 2396
5 5071 5072 5073 2397
5 9051 4872 10986 2398
5 3903 3901 5327 2399
5 3295 3292 5676 2400
5 3390 4450 5293 2401
5 3391 3388 5293 2402
5 4894 4898 10082 2403
5 8068 8069 8070 2404
5 3521 3519 8597 2405
5 5042 8167 10678 2406
5 4947 5185 5202 2407
5 8323 8322 8324 2408
5 4556 4691 8896 2409
5 1493 6383 10534 2410
5 6309 10673 11156 2411
5 1366 9641 9715 2412
5 4556 4555 4689 2413
5 5084 4901 10436 2414
5 9591 1663 11216 2415
5 4907 9591 11216 2416
5 5267 1653 5268 2417
5 7888 7783 10677 2418
5 4197 5294 9102 2419
5 437 7407 9276 2420
5 7050 7051 7052 2421
5 7051 4864 7053 2422
5 5891 3392 5892 2423
5 7911 7912 7913 2424
5 10018 8327 10229 2425
5 6426 6428 9665 2426
5 10116 9087 10125 2427
5 9800 5624 10731 2428
5 3763 6556 10328 2429
5 9925 6367 10405 2430
5 3708 3710 4272 2431
5 5148 4087 6807 2432
5 1430 6283 6284 2433
5 4857 3822 10433 2434
5 9690 9235 9714 2435
5 9787 8917 9864 2436
5 9724 4519 10271 2437
5 6423 6424 9420 2438
5 4479 5061 10339 2439
5 5180 2701 5326 2440
5 2714 5145 5899 2441
5 9265 9266 10600 2442
5 4298 4291 5316 2443
5 7600 7601 7602 2444
5 7601 4989 10709 2445
5 3790 4668 10516 2446
5 8191 7396 8823 2447
5 4898 4978 4979 2448
5 7781 6480 7782 2449
5 9805 7411 9920 2450
5 5069 4991 5070 2451
5 8149 8148 8150 2452
5 9932 8581 10019 2453
5 6383 1493 10713 2454
5 4341 5901 9301 2455
5 9217 9690 9714 2456
5 5223 2117 5938 2457
5 6515 6513 8928 2458
5 1466 7987 11137 2459
5 8198 8196 8199 2460
5 3891 4324 5899 2461
5 5145 3893 5899 2462
5 8003 3530 10522 2463
5 3934 5297 6051 2464
5 3251 3968 5297 2465
5 5218 5219 5220 2466
5 5242 5240 5243 2467
5 5241 5242 5264 2468
5 8070 8069 9693 2469
5 5294 5280 9102 2470
5 7574 10779 10896 2471
5 4546 4559 5142 2472
5 5203 5158 9789 2473
5 4514 4449 10104 2474
5 4902 4739 10917 2475
5 4720 4902 10917 2476
5 8059 8056 9628 2477
5 2028 2005 5938 2478
5 9755 5159 9771 2479
5 3907 3905 5325 2480
5 3830 9163 9166 2481
5 3184 5656 9707 2482
5 3799 3170 5877 2483
5 2714 5899 5900 2484
5 6196 7728 7729 2485
5 10186 4687 10970 2486
5 3897 5655 5901 2487
5 4341 3899 5901 2488
5 5831 11221 11222 2489
5 5626 5627 5628 2490
5 8839 5178 11091 2491
5 5224 5223 5938 2492
5 5655 1639 5901 2493
5 7601 10709 11330 2494
5 4808 4809 4810 2495
5 5160 5161 5892 2496
5 5165 5168 5892 2497
5 5270 5271 5272 2498
5 4910 5132 10812 2499
5 5328 4341 9301 2500
5 5067 7560 9855 2501
5 4976 1273 10345 2502
5 1608 1606 5328 2503
5 4885 2702 10476 2504
5 5100 5099 11309 2505
5 4891 4892 4893 2506
5 4765 4764 5012 2507
5 5140 4866 5649 2508
5 7494 7493 7495 2509
5 7492 7494 7496 2510
5 7843 7844 8891 2511
5 4558 4437 5218 2512
5 11137 7987 11259 2513
5 8650 8652 8653 2514
5 5010 4733 5011 2515
5 5196 1637 5324 2516
5 1495 8000 10460 2517
5 3392 3230 9519 2518
5 8960 8620 9305 2519
5 7045 7046 7047 2520
5 7443 498 11180 2521
5 8666 8663 8667 2522
5 4852 4866 5140 2523
5 9341 3808 10020 2524
5 9019 9021 10162 2525
5 8216 8217 8218 2526
5 8215 8219 8256 2527
5 4554 4552 8896 2528
5 7399 7400 7401 2529
5 4884 9120 9138 2530
5 4790 3486 10690 2531
5 5293 5203 9789 2532
5 7434 7435 7436 2533
5 7435 7433 7438 2534
5 5108 4796 5120 2535
5 6618 1198 10740 2536
5 5033 5034 9702 2537
5 7415 4632 11115 2538
5 3796 6513 10412 2539
5 4735 4734 4736 2540
5 1956 4707 4708 2541
5 4705 2282 4706 2542
5 1953 4715 4716 2543
5 1824 4786 4787 2544
5 4838 2478 4839 2545
5 4743 4744 4746 2546
5 4744 1928 4745 2547
5 4794 2138 4795 2548
5 4793 4794 4796 2549
5 4818 4819 4821 2550
5 4819 1939 4820 2551
5 4777 2289 4778 2552
5 9467 9468 9480 2553
5 10187 10188 10189 2554
5 9243 9240 9251 2555
5 7780 7779 7784 2556
5 1642 1620 9432 2557
5 932 931 8268 2558
5 7627 4624 10316 2559
5 3729 4997 9797 2560
5 9213 9202 9216 2561
5 6981 6982 6983 2562
5 2024 4858 4926 2563
5 4858 4857 4859 2564
5 4956 4957 4958 2565
5 10426 8446 10427 2566
5 8029 8162 8870 2567
5 2701 5180 5327 2568
5 4927 9707 11201 2569
5 2957 6427 9665 2570
5 1631 1573 5169 2571
5 3452 3453 9984 2572
5 8912 8911 10614 2573
5 3591 3653 5316 2574
5 7527 5178 10777 2575
5 9608 9607 10230 2576
5 5290 4742 5291 2577
5 5743 5733 5744 2578
5 8999 9487 9586 2579
5 3653 4946 5316 2580
5 5236 5234 5237 2581
5 5235 5236 5256 2582
5 3911 3909 5323 2583
5 7065 9736 11352 2584
5 5772 5768 11335 2585
5 2901 5098 10204 2586
5 4558 5218 5220 2587
5 5735 5734 5736 2588
5 2479 4992 10170 2589
5 3696 3080 9562 2590
5 10072 4651 10073 2591
5 9056 9603 9614 2592
5 4975 4958 10935 2593
5 7777 7776 7778 2594
5 4205 4244 4245 2595
5 7877 10568 11095 2596
5 8262 6132 8263 2597
5 7783 7782 10677 2598
5 5064 9559 9569 2599
5 3901 4341 5327 2600
5 5180 3903 5327 2601
5 7049 10655 11041 2602
5 7376 5866 7984 2603
5 4467 8747 10510 2604
5 3756 5136 5137 2605
5 6655 10485 10873 2606
5 9798 5044 10363 2607
5 4915 4727 5231 2608
5 9603 8998 9614 2609
5 5217 5064 9569 2610
5 6013 3780 11004 2611
5 7547 7548 7549 2612
5 4986 9447 10385 2613
5 7402 7404 7405 2614
5 2967 932 8268 2615
5 5843 5841 5848 2616
5 8622 6311 8624 2617
5 4102 5148 6807 2618
5 2701 5327 5328 2619
5 2297 5225 5226 2620
5 5147 9966 9967 2621
5 9225 9484 9606 2622
5 8408 8407 8409 2623
5 3838 5063 5223 2624
5 3837 3838 5223 2625
5 8446 9491 10427 2626
5 8861 5124 9994 2627
5 1637 5196 5325 2628
5 5984 7847 7848 2629
5 3558 9979 11299 2630
5 5222 2694 5322 2631
5 4570 7535 8912 2632
5 1708 8191 8823 2633
5 8060 8059 8063 2634
5 8058 8060 8061 2635
5 4517 10329 11163 2636
5 5278 5279 5280 2637
5 6960 1642 9432 2638
5 4737 4740 9483 2639
5 4709 4710 5127 2640
5 5094 5090 11294 2641
5 4961 4962 4963 2642
5 4237 4703 9571 2643
5 8405 8404 8406 2644
5 2117 2028 5938 2645
5 2005 2715 5938 2646
5 5196 3907 5325 2647
5 3905 5180 5325 2648
5 5116 5115 5117 2649
5 4622 5634 5635 2650
5 4866 5648 5649 2651
5 10026 8726 11223 2652
5 9479 9478 10225 2653
5 5746 2293 9398 2654
5 4564 9371 11257 2655
5 5364 2469 7373 2656
5 4968 7394 9450 2657
5 6897 8603 10192 2658
5 7396 7397 8823 2659
5 5411 5412 5413 2660
5 5412 5408 7330 2661
5 9313 9310 9317 2662
5 3046 7990 9915 2663
5 1663 1431 5277 2664
5 8966 11003 11271 2665
5 6015 3780 9746 2666
5 8309 9441 10242 2667
5 7611 9787 9864 2668
5 4290 10291 11159 2669
5 5109 5110 5111 2670
5 1571 3194 5278 2671
5 3712 4202 5177 2672
5 5325 5180 5326 2673
5 5582 5583 9801 2674
5 1521 4701 11297 2675
5 4701 5225 11161 2676
5 9979 4549 11299 2677
5 7426 7427 7428 2678
5 2694 5222 5323 2679
5 11046 10414 11047 2680
5 8669 805 9566 2681
5 10066 4041 11286 2682
5 5280 5279 7984 2683
5 3915 3913 5321 2684
5 4949 10176 10566 2685
5 10176 9506 10566 2686
5 4300 4950 10639 2687
5 3807 4203 5148 2688
5 6282 1216 9452 2689
5 6311 8622 8623 2690
5 4868 9742 11341 2691
5 5276 1635 5320 2692
5 8668 8670 8671 2693
5 7545 4672 7546 2694
5 4437 4309 5218 2695
5 5158 3771 5159 2696
5 1395 3408 5295 2697
5 1391 6213 9563 2698
5 5080 3433 10969 2699
5 7778 7762 9433 2700
5 7610 7613 9698 2701
5 9503 8687 9504 2702
5 5845 5844 5846 2703
5 9430 8638 9431 2704
5 10456 6956 11181 2705
5 7407 7403 9276 2706
5 5779 5774 5780 2707
5 5309 5310 5312 2708
5 3909 5196 5323 2709
5 5222 3911 5323 2710
5 9070 9069 9538 2711
5 5278 3194 5279 2712
5 9830 6504 10443 2713
5 5268 1653 9831 2714
5 9202 9199 9216 2715
5 9502 8688 9503 2716
5 1334 1335 1666 2717
5 7917 10181 10908 2718
5 5276 5320 6989 2719
5 9916 6775 10086 2720
5 5181 3409 11351 2721
5 7894 7893 7897 2722
5 7892 7894 7895 2723
5 5071 5073 5075 2724
5 5073 5072 5074 2725
5 8613 9430 9431 2726
5 9240 9237 9251 2727
5 5160 3392 9519 2728
5 4245 4244 10862 2729
5 7600 7602 11279 2730
5 8324 8322 8325 2731
5 8323 8324 8327 2732
5 4450 5203 5293 2733
5 8793 11095 11245 2734
5 9487 1559 9586 2735
5 4556 4689 4690 2736
5 5279 7376 7984 2737
5 8688 8687 9503 2738
5 8 521 2535 2739
5 199 10 2536 2740
5 7051 7053 7054 2741
5 7911 7913 9172 2742
5 9504 8689 9505 2743
5 5323 5196 5324 2744
5 4629 3776 10266 2745
5 1430 6284 6285 2746
5 3837 5223 5224 2747
5 5050 10190 10447 2748
5 8692 8691 8693 2749
5 8745 8744 8746 2750
5 5096 10342 10724 2751
5 10122 5695 10325 2752
5 4727 4724 5231 2753
5 5866 3527 7984 2754
5 2702 4885 10893 2755
5 8162 1449 8870 2756
5 4979 4978 4980 2757
5 7781 7782 7783 2758
5 4295 11169 11178 2759
5 5070 4991 5080 2760
5 1604 1602 5326 2761
5 8150 8148 10420 2762
5 8031 8029 8870 2763
5 5036 9845 10931 2764
5 5409 2521 10509 2765
5 1635 5276 5321 2766
5 1600 1598 5324 2767
5 1596 1594 5322 2768
5 8687 8689 9504 2769
5 5320 2543 6989 2770
5 5241 5264 5266 2771
5 5242 5243 5244 2772
5 8655 8657 8721 2773
5 5937 5940 8597 2774
5 1751 8960 9305 2775
5 4977 1451 8129 2776
5 9496 9075 9644 2777
5 5408 7329 7330 2778
5 9310 9308 9317 2779
5 5626 5628 5629 2780
5 8275 8274 8276 2781
5 8343 8342 8344 2782
5 8445 8446 10426 2783
5 8699 8657 8895 2784
5 4810 4809 4811 2785
5 4808 4810 4836 2786
5 9066 9069 9070 2787
5 8985 8988 8997 2788
5 10249 9292 10250 2789
5 4893 4892 4894 2790
5 4891 4893 4895 2791
5 4312 4311 5170 2792
5 1416 8699 8895 2793
5 9395 7652 9396 2794
5 10277 1522 10344 2795
5 7047 7046 7049 2796
5 9505 9105 9506 2797
5 5276 3915 5321 2798
5 3913 5222 5321 2799
5 9023 9027 9028 2800
5 8218 8217 8220 2801
5 1431 1426 5277 2802
5 7399 7401 7406 2803
5 7652 7651 9396 2804
5 7434 7436 7437 2805
5 7436 7435 7439 2806
5 3046 5062 9772 2807
5 1564 1571 5278 2808
5 8713 8710 8714 2809
5 4735 4736 4738 2810
5 4708 4707 4711 2811
5 4716 4715 4717 2812
5 4787 4786 4788 2813
5 4838 4839 4840 2814
5 4744 4745 4747 2815
5 4794 4795 4797 2816
5 4819 4820 4822 2817
5 4777 4778 4779 2818
5 8691 8688 9502 2819
5 6989 2543 7370 2820
5 5376 5364 7373 2821
5 4926 4858 4927 2822
5 4958 4957 4959 2823
5 5046 5051 9684 2824
5 1760 8654 8655 2825
5 1013 23 1479 2826
5 5236 5237 5238 2827
5 5735 5736 5737 2828
5 10460 8000 10633 2829
5 8690 8691 8692 2830
5 8743 8744 8745 2831
5 8262 8263 8265 2832
5 8263 6132 8264 2833
5 8361 8355 8362 2834
5 8624 6311 8625 2835
5 1550 8295 8296 2836
5 8512 8515 8516 2837
5 2297 5226 5227 2838
5 8126 8128 8175 2839
5 5321 5222 5322 2840
5 8689 9105 9505 2841
5 1653 7099 9831 2842
5 8609 8606 8610 2843
5 4570 8912 10171 2844
5 2701 1604 5326 2845
5 1602 1637 5326 2846
5 8273 8274 8275 2847
5 8341 8342 8343 2848
5 1637 1600 5324 2849
5 1598 2694 5324 2850
5 2694 1596 5322 2851
5 1594 1635 5322 2852
5 6581 9808 11209 2853
5 8375 8296 8822 2854
5 8063 8059 8064 2855
5 8058 8061 8062 2856
5 5376 2456 7244 2857
5 5317 4946 5318 2858
5 4963 4962 4965 2859
5 5116 5117 5118 2860
5 4622 5635 5638 2861
5 5184 3233 9539 2862
5 3418 3423 5314 2863
5 8620 8622 9305 2864
5 4701 11161 11297 2865
5 2543 5303 7370 2866
5 7868 7872 7873 2867
5 9546 7501 9547 2868
5 5412 7330 7331 2869
5 9233 9232 9642 2870
5 8453 8452 8457 2871
5 8471 8468 8473 2872
5 8534 8531 8535 2873
5 8373 8367 8374 2874
5 8328 8318 8330 2875
5 7502 7501 9546 2876
5 8609 8611 8615 2877
5 5111 5110 5113 2878
5 5109 5111 5112 2879
5 1633 3840 5303 2880
5 9158 5028 10301 2881
5 9169 7381 9880 2882
5 2961 8125 8126 2883
5 3409 3323 8885 2884
5 1077 1076 2027 2885
5 7426 7428 7429 2886
5 8585 7652 9395 2887
5 8592 8923 9109 2888
5 9533 5126 10318 2889
5 8468 8470 8473 2890
5 8453 8457 8458 2891
5 8452 8456 8457 2892
5 8893 8208 9142 2893
5 8671 8670 8672 2894
5 7728 7721 7729 2895
5 8640 8641 8654 2896
5 8429 9399 9428 2897
5 7796 7795 7797 2898
5 7858 7857 7859 2899
5 7726 7722 7727 2900
5 7729 7723 7741 2901
5 8970 4666 8973 2902
5 5846 5844 5847 2903
5 3448 5678 5680 2904
5 9270 9201 9541 2905
5 7754 7755 9122 2906
5 8710 8707 8714 2907
5 4199 5376 7244 2908
5 8041 8036 8043 2909
5 8013 8009 8014 2910
5 8605 8606 8609 2911
5 8630 8633 8638 2912
5 2974 8375 8822 2913
5 5279 3194 5304 2914
5 7895 7894 7896 2915
5 5075 5073 5076 2916
5 5074 5072 5077 2917
5 7721 7723 7729 2918
5 8286 8287 8295 2919
5 8505 8504 8515 2920
5 11003 4931 11271 2921
5 8324 8325 8326 2922
5 7593 7592 9574 2923
5 4981 5084 10436 2924
5 4556 4690 4691 2925
5 7811 8898 8926 2926
5 8041 8043 8044 2927
5 9292 9291 10250 2928
5 6285 6284 6286 2929
5 8449 8452 8453 2930
5 8465 8468 8471 2931
5 8355 8353 8362 2932
5 8377 8380 8382 2933
5 8746 8744 8747 2934
5 1587 1633 5303 2935
5 4979 4980 4981 2936
5 9574 7592 9575 2937
5 9335 9334 9344 2938
5 7722 7721 7728 2939
5 8898 7790 8926 2940
5 8666 8667 8668 2941
5 8530 8531 8534 2942
5 8365 8367 8373 2943
5 7485 7488 7489 2944
5 5244 5243 5245 2945
5 7706 7785 8182 2946
5 7868 7871 7872 2947
5 8534 9594 9595 2948
5 7382 7381 9169 2949
5 8115 8116 8125 2950
5 4810 4811 4812 2951
5 7713 7711 7714 2952
5 7479 7477 8831 2953
5 4315 5172 5302 2954
5 7794 7795 7796 2955
5 7856 7857 7858 2956
5 3416 3418 5314 2957
5 4894 4892 4898 2958
5 11086 4244 11088 2959
5 5600 4471 10279 2960
5 8108 1448 9095 2961
5 7047 7049 7050 2962
5 8046 8049 8071 2963
5 8033 8036 8041 2964
5 8218 8220 8221 2965
5 9485 4313 9655 2966
5 7436 7439 7440 2967
5 3317 6013 9374 2968
5 2456 5376 7373 2969
5 8007 8009 8013 2970
5 4738 4736 4741 2971
5 4735 4738 4739 2972
5 4708 4711 4712 2973
5 4716 4717 4718 2974
5 4717 4715 4720 2975
5 4787 4788 4789 2976
5 4840 4839 4841 2977
5 4747 4745 4748 2978
5 4797 4795 4798 2979
5 4822 4820 4823 2980
5 4779 4778 4780 2981
5 4777 4779 4791 2982
5 5303 3840 7370 2983
5 7476 7467 7477 2984
5 7697 7693 7698 2985
5 7951 7947 7952 2986
5 7710 7706 7711 2987
5 7458 7455 7460 2988
5 7623 2915 7625 2989
5 7724 7722 7726 2990
5 4926 4927 5129 2991
5 4958 4959 4960 2992
5 5771 5770 5780 2993
5 7710 7711 7713 2994
5 7476 7477 7479 2995
5 9079 9004 9419 2996
5 8986 9000 9417 2997
5 9078 9024 9418 2998
5 5737 5736 5739 2999
5 5735 5737 5741 3000
5 9470 9473 9474 3001
5 4872 9051 10783 3002
5 8264 6132 11001 3003
5 8013 9523 9524 3004
5 5241 5266 9734 3005
5 7697 9528 9529 3006
5 8624 8625 8626 3007
5 8609 8610 8611 3008
5 3420 5305 5370 3009
5 3845 5304 5332 3010
5 5304 3194 5332 3011
5 8062 8061 8065 3012
5 7861 7860 7871 3013
5 9105 9400 9507 3014
5 3593 3591 5316 3015
5 3697 10021 10490 3016
5 4963 4965 4966 3017
5 5899 4324 5900 3018
5 4622 5638 11176 3019
5 7873 7872 7874 3020
5 7683 2916 8836 3021
5 7688 1695 8837 3022
5 7523 7526 7527 3023
5 7498 7501 7502 3024
5 7819 7822 7824 3025
5 7390 7393 7394 3026
5 7589 7592 7593 3027
5 7537 7540 7544 3028
5 7482 7485 7489 3029
5 7331 7330 9990 3030
5 8082 8081 8090 3031
5 5112 5111 5114 3032
5 5113 5110 5119 3033
5 7409 7411 7414 3034
5 7466 7467 7476 3035
5 7692 7693 7697 3036
5 7704 7706 7710 3037
5 7945 7947 7951 3038
5 9309 9308 9310 3039
5 7429 7428 7431 3040
5 8671 8672 8673 3041
5 7075 1686 8184 3042
5 7797 7795 7798 3043
5 7727 7722 7728 3044
5 3774 3775 10525 3045
5 4314 4315 5302 3046
5 4603 10091 10092 3047
5 5074 5077 5078 3048
5 9219 9220 9235 3049
5 9259 9260 9267 3050
5 4691 4690 4692 3051
5 9239 9244 9252 3052
5 8657 8699 8721 3053
5 8923 7740 9109 3054
5 6285 6286 6288 3055
5 9399 8372 9428 3056
5 7403 7402 9875 3057
5 8746 8747 8748 3058
5 4981 4980 4982 3059
5 4827 5153 5298 3060
5 5244 5245 5246 3061
5 4759 4760 5300 3062
5 7881 2937 7887 3063
5 4812 4811 4813 3064
5 7714 7711 7715 3065
5 9049 9052 9054 3066
5 9025 9029 9030 3067
5 9337 9335 9342 3068
5 5327 4341 5328 3069
5 8218 8221 8222 3070
5 3417 3420 5370 3071
5 7440 7439 7441 3072
5 4738 4741 5288 3073
5 4708 4712 4713 3074
5 4712 4711 5128 3075
5 4718 4717 4719 3076
5 4716 4718 4721 3077
5 4789 4788 4790 3078
5 4787 4789 4792 3079
5 4841 4839 4844 3080
5 4748 4745 4749 3081
5 4798 4795 4799 3082
5 4822 4823 10813 3083
5 4780 4778 4782 3084
5 4779 4780 4781 3085
5 7697 7698 9528 3086
5 5304 3845 5384 3087
5 1397 1395 5295 3088
5 5739 5736 5747 3089
5 5737 5739 5740 3090
5 2037 7371 7372 3091
5 9545 7502 9546 3092
5 3824 3317 9374 3093
5 4353 4355 7369 3094
5 8524 8413 8938 3095
5 8436 8366 8939 3096
5 1013 1479 9277 3097
5 8624 8626 8627 3098
5 8611 8610 8612 3099
5 9047 9046 9056 3100
5 9036 9037 9042 3101
5 8065 8061 8066 3102
5 4963 4966 4967 3103
5 8085 8092 8093 3104
5 7873 7874 7875 3105
5 9309 9310 9311 3106
5 7431 7428 7432 3107
5 8047 8138 8876 3108
5 8128 8169 8175 3109
5 1637 5325 5326 3110
5 1588 1587 5303 3111
5 7797 7798 7799 3112
5 8735 8740 8741 3113
5 1398 1428 5306 3114
5 3228 3813 5331 3115
5 8643 8645 8649 3116
5 5074 5078 5079 3117
5 4692 4690 4693 3118
5 5331 4353 7369 3119
5 6285 6288 6289 3120
5 8507 8510 8514 3121
5 8414 8417 8418 3122
5 8338 9409 9410 3123
5 8746 8748 8750 3124
5 4981 4982 5084 3125
5 8317 8320 8321 3126
5 8301 8304 8310 3127
5 5246 5245 5247 3128
5 5244 5246 5252 3129
5 4813 4811 4815 3130
5 7923 7882 8579 3131
5 2694 5323 5324 3132
5 8010 9524 9525 3133
5 8222 8221 8223 3134
5 7440 7441 7442 3135
5 1432 1434 5307 3136
5 4355 4514 7369 3137
5 5288 4741 5289 3138
5 4721 4718 4722 3139
5 4792 4789 4928 3140
5 4841 4844 4845 3141
5 4748 4749 4750 3142
5 4798 4799 4800 3143
5 4780 4782 4783 3144
5 8084 8085 8093 3145
5 7751 7748 9120 3146
5 7712 7710 7713 3147
5 7478 7476 7479 3148
5 3813 4353 5331 3149
5 8951 8091 9101 3150
5 3055 3228 5331 3151
5 8612 8610 8613 3152
5 8065 8066 8067 3153
5 3836 3424 5370 3154
5 7519 9577 9578 3155
5 7863 7865 7870 3156
5 7695 9529 9530 3157
5 7883 7886 7889 3158
5 7789 7792 7793 3159
5 7617 7620 7621 3160
5 2374 5319 5385 3161
5 9311 9310 9312 3162
5 7747 7748 7751 3163
5 7707 7710 7712 3164
5 7906 7909 7910 3165
5 7469 7476 7478 3166
5 1584 1645 5332 3167
5 7431 7432 7433 3168
5 1635 1592 5320 3169
5 7797 7799 7800 3170
5 1635 5321 5322 3171
5 8659 8660 8675 3172
5 8684 8685 8690 3173
5 8678 8677 8682 3174
5 8732 8733 8743 3175
5 9573 7593 9574 3176
5 4692 4693 4694 3177
5 5305 3836 5370 3178
5 5084 4982 5085 3179
5 5246 5247 5248 3180
5 1645 3845 5332 3181
5 8204 8203 8273 3182
5 8314 8315 8328 3183
5 8427 8428 8435 3184
5 8384 8385 8394 3185
5 8299 8298 8313 3186
5 8412 8411 8422 3187
5 8336 8335 8341 3188
5 8223 8221 8224 3189
5 3424 3419 5370 3190
5 7442 7441 7443 3191
5 1577 1584 5332 3192
5 3234 7341 7366 3193
5 4845 4844 4846 3194
5 4792 4928 4929 3195
5 4748 4750 4751 3196
5 4750 4749 4752 3197
5 4798 4800 4802 3198
5 4800 4799 4801 3199
5 4783 4782 4784 3200
5 7568 7563 7569 3201
5 9250 9246 9255 3202
5 1592 1590 5320 3203
5 1634 2374 5385 3204
5 3422 3754 5329 3205
5 7561 7563 7568 3206
5 9007 9005 9020 3207
5 9312 9310 9313 3208
5 7581 7584 7585 3209
5 1657 2121 5373 3210
5 5373 3234 7366 3211
5 2920 7761 8785 3212
5 1383 7733 8783 3213
5 9246 9242 9255 3214
5 4694 4693 4695 3215
5 4692 4694 5083 3216
5 5084 5085 5086 3217
5 5248 5247 5249 3218
5 7341 4358 7366 3219
5 2121 3234 5373 3220
5 8223 8224 8225 3221
5 3421 3422 5329 3222
5 4751 4750 4753 3223
5 4845 4846 4850 3224
5 4800 4801 5004 3225
5 4801 4799 4803 3226
5 4929 4928 4956 3227
5 4783 4784 4785 3228
5 4752 4749 4755 3229
5 1643 1657 5373 3230
5 7451 7452 7458 3231
5 7615 7614 7623 3232
5 7803 7802 7811 3233
5 7787 7786 7794 3234
5 7850 7849 7856 3235
5 7641 7642 7647 3236
5 7718 7719 7724 3237
5 7744 7745 7753 3238
5 7596 7595 7604 3239
5 7631 7630 7639 3240
5 5385 4366 5395 3241
5 4201 3382 5362 3242
5 4201 5362 5363 3243
5 5371 3828 7362 3244
5 4361 6113 7353 3245
5 4361 4359 6113 3246
5 3966 3383 5380 3247
5 1989 5335 5337 3248
5 1832 1834 6114 3249
5 5319 4366 5385 3250
5 3197 5339 5341 3251
5 1828 1830 5688 3252
5 1996 5343 5346 3253
5 1823 1826 5706 3254
5 4361 5383 7361 3255
5 5248 5249 5250 3256
5 2866 5348 5350 3257
5 1819 1821 5793 3258
5 2009 5353 5355 3259
5 4089 5333 5362 3260
5 1815 1817 5794 3261
5 3382 4089 5362 3262
5 4201 5363 5379 3263
5 3255 5375 6176 3264
5 8225 8224 8226 3265
5 2013 5917 6053 3266
5 5333 4089 6176 3267
5 5919 5915 7349 3268
5 5917 5918 6053 3269
5 5383 5380 7361 3270
5 5918 3198 6053 3271
5 4850 4846 4851 3272
5 3198 5918 5921 3273
5 4359 5334 6113 3274
5 5383 4361 7353 3275
5 4434 5371 7362 3276
5 2009 5355 5356 3277
5 5334 3195 6113 3278
5 1811 1813 5356 3279
5 3966 5380 5383 3280
5 2020 5923 5925 3281
5 1801 1803 5928 3282
5 3195 5334 6114 3283
5 1644 5385 5395 3284
5 5375 5333 6176 3285
5 3383 4201 5380 3286
5 1989 5337 5688 3287
5 5335 1989 6114 3288
5 1834 3195 6114 3289
5 1989 1832 6114 3290
5 1797 1799 5929 3291
5 3197 5341 5706 3292
5 5339 3197 5688 3293
5 5365 3536 6475 3294
5 1830 1989 5688 3295
5 3197 1828 5688 3296
5 5343 1996 5706 3297
5 1996 5346 5793 3298
5 4362 5365 6475 3299
5 1813 2009 5356 3300
5 5358 4362 6475 3301
5 1996 1823 5706 3302
5 1826 3197 5706 3303
5 5348 2866 5793 3304
5 2866 5350 5794 3305
5 5371 7364 7365 3306
5 7364 5375 7365 3307
5 2866 1819 5793 3308
5 1821 1996 5793 3309
5 5353 2009 5794 3310
5 5357 7349 7358 3311
5 2009 1815 5794 3312
5 1817 2866 5794 3313
5 5359 2693 5360 3314
5 4362 5358 6761 3315
5 5917 2013 7349 3316
5 5357 5919 7349 3317
5 3198 5921 5928 3318
5 5356 5357 7358 3319
5 2636 2634 5863 3320
5 5366 3124 5368 3321
5 5915 5917 7349 3322
5 5923 2020 5928 3323
5 2020 5925 5929 3324
5 2006 6677 7360 3325
5 3814 4573 5374 3326
5 1777 1779 6178 3327
5 2020 1801 5928 3328
5 1803 3198 5928 3329
5 5927 3199 5929 3330
5 2632 2630 6930 3331
5 2344 2472 6177 3332
5 7355 5927 7356 3333
5 1799 2020 5929 3334
5 3199 1797 5929 3335
5 5365 7355 7356 3336
5 5372 3125 5659 3337
5 2693 5359 5863 3338
5 5360 2693 6930 3339
5 5377 2726 5378 3340
5 5250 5249 5253 3341
5 3199 5927 7355 3342
5 2628 2626 6659 3343
5 5368 3124 6659 3344
5 3124 5366 6930 3345
5 1811 5356 7358 3346
5 6176 4089 7359 3347
5 3828 5287 7362 3348
5 5386 4466 5388 3349
5 1773 1775 6149 3350
5 3125 5372 6659 3351
5 3841 3537 6761 3352
5 5381 2014 7194 3353
5 8225 8226 8227 3354
5 3536 5365 7356 3355
5 5358 2636 5863 3356
5 2634 2693 5863 3357
5 4850 4851 4852 3358
5 2014 5381 6094 3359
5 5356 5355 5357 3360
5 2898 5379 7005 3361
5 5379 5363 7005 3362
5 1779 2006 6178 3363
5 2726 1777 6178 3364
5 5381 5390 6094 3365
5 2630 3124 6930 3366
5 2693 2632 6930 3367
5 2472 3255 6177 3368
5 2304 2344 6177 3369
5 6177 6176 7359 3370
5 2726 5377 6149 3371
5 5390 3200 6094 3372
5 7371 5384 7372 3373
5 6178 2006 7360 3374
5 3812 3814 5374 3375
5 3753 4466 5386 3376
5 3124 2628 6659 3377
5 2626 3125 6659 3378
5 5378 2726 6178 3379
5 2014 6149 7194 3380
5 5358 5863 6761 3381
5 2014 1773 6149 3382
5 1775 2726 6149 3383
5 5372 5368 6659 3384
5 5359 3841 6761 3385
5 3537 4362 6761 3386
5 5366 5360 6930 3387
5 1693 5395 5662 3388
5 5394 3540 7343 3389
5 7345 5393 7347 3390
5 4201 5379 5380 3391
5 5389 5394 7343 3392
5 5357 5355 7111 3393
5 3237 5391 5393 3394
5 9208 9211 9218 3395
5 5919 5357 7111 3396
5 5369 5372 7357 3397
5 7352 5390 7354 3398
5 3541 5389 7343 3399
5 5250 5253 5254 3400
5 5391 3237 5392 3401
5 5395 4366 5662 3402
5 2550 2548 5490 3403
5 5394 7352 7354 3404
5 5389 3541 7347 3405
5 3541 7345 7347 3406
5 2546 2544 5392 3407
5 8227 8226 8228 3408
5 3425 3753 5386 3409
5 5334 5335 6114 3410
5 5341 5343 5706 3411
5 5346 5348 5793 3412
5 5337 5339 5688 3413
5 5350 5353 5794 3414
5 6677 5369 7360 3415
5 5921 5923 5928 3416
5 5925 5927 5929 3417
5 9012 9016 9021 3418
5 4370 3842 7344 3419
5 4852 4851 4853 3420
5 3237 2546 5392 3421
5 1630 2090 5382 3422
5 1693 1658 5395 3423
5 5393 5391 7347 3424
5 3966 5383 7346 3425
5 6149 5377 7194 3426
5 5392 2544 5400 3427
5 2583 2550 5490 3428
5 2548 3237 5490 3429
5 5393 7345 7348 3430
5 3200 5390 7352 3431
5 5396 1597 7271 3432
5 5372 5659 7357 3433
5 5396 4370 7344 3434
5 5490 5393 7348 3435
5 5250 5254 5260 3436
5 3842 3943 7344 3437
5 4370 5396 7271 3438
5 8227 8228 8230 3439
5 8228 8226 8229 3440
5 3237 5393 5490 3441
5 4852 4853 4866 3442
5 1595 1597 5396 3443
5 2544 1670 5400 3444
5 5369 7357 7360 3445
5 1764 4367 5400 3446
5 5260 5254 5261 3447
5 4367 5392 5400 3448
5 8230 8228 8231 3449
5 4866 4853 4867 3450
5 1671 1764 5400 3451
5 5261 5254 5262 3452
5 8230 8231 8232 3453
5 4866 4867 5648 3454
5 4867 4853 4885 3455
5 5662 3846 7273 3456
5 2549 2552 5399 3457
5 5398 5662 7273 3458
5 4366 3846 5662 3459
5 5397 2547 5399 3460
5 2547 2549 5399 3461
5 5261 5262 5263 3462
5 3234 5397 7341 3463
5 8232 8231 8233 3464
5 5398 1693 5662 3465
5 2545 2547 5397 3466
5 5399 2552 7337 3467
5 7337 5465 7342 3468
5 5436 5435 5437 3469
5 7271 1680 7310 3470
5 1694 1693 5398 3471
5 5433 5430 5434 3472
5 5434 5435 5436 3473
5 7336 5419 7339 3474
5 5525 1654 5609 3475
5 1025 1024 2695 3476
5 1035 1034 5401 3477
5 5433 5434 5436 3478
5 2708 5523 5609 3479
5 5523 5525 5609 3480
5 1477 5438 7324 3481
5 2708 5521 5523 3482
5 4370 7271 7310 3483
5 1020 1019 5414 3484
5 8232 8233 8234 3485
5 5430 5429 5434 3486
5 5521 2708 5607 3487
5 1056 1055 5607 3488
5 1015 1014 5425 3489
5 7281 1478 7316 3490
5 1523 1026 5429 3491
5 1599 1680 7271 3492
5 5601 5620 5630 3493
5 1030 1029 5420 3494
5 1525 5517 5519 3495
5 2177 7325 7328 3496
5 1654 5525 7321 3497
5 1132 1131 5605 3498
5 5438 5435 7324 3499
5 5526 5529 7321 3500
5 1525 5519 5607 3501
5 5671 5536 5672 3502
5 5437 5435 5438 3503
5 5401 2353 5402 3504
5 1767 3200 5448 3505
5 5514 5513 5515 3506
5 5584 5462 6155 3507
5 5517 1525 5791 3508
5 5441 5416 5442 3509
5 5416 5414 5428 3510
5 5536 5671 7321 3511
5 1523 5429 5430 3512
5 5601 5630 6052 3513
5 1026 1025 5429 3514
5 2708 1056 5607 3515
5 1055 1525 5607 3516
5 5416 5428 5442 3517
5 1144 1143 5461 3518
5 1131 5604 5605 3519
5 5441 5442 5443 3520
5 7136 7260 7319 3521
5 5597 5598 6052 3522
5 5512 5513 5514 3523
5 5671 1654 7321 3524
5 5442 1478 7281 3525
5 1131 1130 5604 3526
5 2177 5672 7325 3527
5 1682 1132 5605 3528
5 1034 2353 5401 3529
5 5414 1019 5428 3530
5 5462 5461 6155 3531
5 7256 7255 7298 3532
5 5514 5517 5791 3533
5 1023 1022 1477 3534
5 1027 1026 1523 3535
5 5458 1690 5460 3536
5 1765 1767 5448 3537
5 2700 5503 5512 3538
5 5525 5526 7321 3539
5 7328 5535 7335 3540
5 5431 7296 7299 3541
5 8251 8252 8269 3542
5 1690 5458 5464 3543
5 1482 5593 5595 3544
5 1690 1144 5461 3545
5 7260 5511 7319 3546
5 5461 1143 6155 3547
5 1145 1690 5464 3548
5 5427 7281 7316 3549
5 7325 5533 7328 3550
5 1146 1145 5464 3551
5 1682 5605 6052 3552
5 2700 5512 5514 3553
5 7305 7304 7334 3554
5 5593 1482 5603 3555
5 5630 1682 6052 3556
5 8234 8233 8235 3557
5 1029 2697 5420 3558
5 5605 5597 6052 3559
5 1130 1482 5604 3560
5 5598 5601 6052 3561
5 5418 5440 5445 3562
5 2175 5502 5883 3563
5 5519 5521 5607 3564
5 5401 5402 5444 3565
5 1146 5464 6851 3566
5 5501 5474 5502 3567
5 5502 5474 5883 3568
5 5612 4282 5614 3569
5 5567 5497 5606 3570
5 5497 5567 5568 3571
5 4371 6938 7091 3572
5 5550 5551 5588 3573
5 1482 5595 5604 3574
5 5447 2017 5855 3575
5 5503 5504 5512 3576
5 5422 7256 7298 3577
5 1147 1146 6851 3578
5 5583 5581 5640 3579
5 5500 5496 5569 3580
5 6938 2604 7091 3581
5 5465 2604 6938 3582
5 1684 5550 5588 3583
5 5955 4371 7091 3584
5 5955 2601 6924 3585
5 5578 5574 7268 3586
5 5460 1690 5461 3587
5 5529 5536 7321 3588
5 5439 5416 5441 3589
5 5515 5513 5516 3590
5 2601 5449 6924 3591
5 5672 5536 7325 3592
5 5484 7317 7322 3593
5 4371 5955 6924 3594
5 5449 2601 6352 3595
5 1684 1126 5849 3596
5 2175 157 7258 3597
5 1654 1058 5609 3598
5 5855 2017 5856 3599
5 6030 5449 6352 3600
5 5586 4495 5667 3601
5 7267 5578 7268 3602
5 5590 5589 5591 3603
5 7296 2697 7299 3604
5 2877 6030 6352 3605
5 2703 5570 5606 3606
5 5581 1140 5640 3607
5 5550 1684 5849 3608
5 2877 5463 6030 3609
5 2587 5585 6910 3610
5 5570 5567 5606 3611
5 5502 2175 7258 3612
5 5402 2353 5403 3613
5 4495 4243 5667 3614
5 5588 5551 5589 3615
5 1603 2699 5483 3616
5 5749 5576 5816 3617
5 5585 4373 6910 3618
5 2187 1768 5482 3619
5 5497 5568 5569 3620
5 5496 5497 5569 3621
5 1133 1682 6904 3622
5 144 5816 7094 3623
5 4282 5612 7074 3624
5 4372 3900 5852 3625
5 5588 5589 5590 3626
5 1682 5630 6904 3627
5 4243 3545 7292 3628
5 146 1452 5571 3629
5 1017 1016 7316 3630
5 5556 5553 5579 3631
5 5554 5572 5578 3632
5 7175 2244 7221 3633
5 2177 1061 5672 3634
5 5851 4372 5852 3635
5 6350 7175 7221 3636
5 1148 1484 5450 3637
5 5577 5576 5749 3638
5 5438 7336 7339 3639
5 5802 5800 7164 3640
5 5767 2480 5770 3641
5 5450 1484 5451 3642
5 1018 1017 1478 3643
5 5579 5578 7267 3644
5 5958 2244 6567 3645
5 1687 5642 5643 3646
5 5692 5691 7302 3647
5 1482 1129 5603 3648
5 1033 1032 7255 3649
5 5483 2699 5484 3650
5 159 158 5466 3651
5 1524 1157 5580 3652
5 5466 2175 5883 3653
5 154 153 5493 3654
5 2426 2428 6023 3655
5 1687 5641 5642 3656
5 6833 2597 7270 3657
5 2566 2568 6833 3658
5 161 160 5660 3659
5 158 2175 5466 3660
5 5957 5958 6567 3661
5 3900 3902 5852 3662
5 5554 5571 5572 3663
5 1156 1155 2702 3664
5 153 2703 5493 3665
5 141 140 5639 3666
5 5514 5515 5517 3667
5 5431 5430 5432 3668
5 5545 5542 5908 3669
5 1148 1147 1484 3670
5 8237 8235 8238 3671
5 1485 1153 6088 3672
5 5523 5522 5524 3673
5 1808 1806 6351 3674
5 3244 5491 5797 3675
5 5816 5576 7094 3676
5 2244 5958 7221 3677
5 5540 4373 5663 3678
5 1139 1689 5640 3679
5 4373 5540 6910 3680
5 5415 5416 5439 3681
5 6041 1507 7235 3682
5 5521 5520 5522 3683
5 5969 5967 7228 3684
5 5463 2877 6833 3685
5 8235 8233 8236 3686
5 5493 2703 5606 3687
5 5926 3535 5975 3688
5 1523 5430 5431 3689
5 5590 5593 5603 3690
5 5571 1452 5572 3691
5 1800 1798 5960 3692
5 1687 1150 5641 3693
5 5969 2257 6349 3694
5 3240 3244 5797 3695
5 1523 5431 7299 3696
5 1157 1156 5580 3697
5 5553 5554 5579 3698
5 5482 5398 7273 3699
5 1152 1151 7257 3700
5 2187 5482 6752 3701
5 4372 5851 5865 3702
5 5570 2703 6041 3703
5 1150 1149 5641 3704
5 8235 8236 8271 3705
5 1126 1125 5849 3706
5 7085 1675 7275 3707
5 5402 5403 5404 3708
5 1156 2702 5580 3709
5 5654 1485 6088 3710
5 5405 5409 5444 3711
5 1484 1147 6851 3712
5 147 146 5571 3713
5 140 1392 5639 3714
5 5668 4150 5669 3715
5 5667 4243 7292 3716
5 1140 1139 5640 3717
5 2271 1814 5970 3718
5 1149 1148 5450 3719
5 1142 1141 1481 3720
5 5761 2486 5764 3721
5 1143 1142 6155 3722
5 5924 3535 5926 3723
5 1129 1128 5603 3724
5 5770 2480 6023 3725
5 2008 2017 5447 3726
5 5399 7337 7342 3727
5 156 155 6990 3728
5 2257 1808 6351 3729
5 5544 5906 5907 3730
5 1125 1124 6706 3731
5 5710 3239 5903 3732
5 5968 2271 5970 3733
5 2422 2424 6800 3734
5 5432 5430 5433 3735
5 5497 5494 5606 3736
5 6349 2257 6351 3737
5 2257 5969 7228 3738
5 1814 1812 5970 3739
5 2454 2475 6925 3740
5 7317 4383 7322 3741
5 1768 1766 5482 3742
5 1601 1603 5483 3743
5 1667 5802 7164 3744
5 5669 4150 5697 3745
5 5405 5407 5409 3746
5 4233 5855 5856 3747
5 5849 1125 6706 3748
5 3239 3240 5797 3749
5 5572 5574 5578 3750
5 5402 5404 5405 3751
5 3239 5797 5903 3752
5 1025 2695 5429 3753
5 6879 5722 7158 3754
5 5190 5692 7302 3755
5 5610 5555 5699 3756
5 1149 5450 5641 3757
5 5812 7284 7291 3758
5 1134 1133 6904 3759
5 5815 3326 6858 3760
5 7295 5787 7297 3761
5 5555 5557 5699 3762
5 157 156 7258 3763
5 5587 1684 5588 3764
5 5552 2704 5553 3765
5 1062 2177 5705 3766
5 3094 5611 6307 3767
5 1122 1121 5905 3768
5 5529 5528 5530 3769
5 1142 1481 6155 3770
5 5673 6601 6934 3771
5 5612 5611 7074 3772
5 5447 5855 7129 3773
5 1064 3053 5631 3774
5 1127 1684 5587 3775
5 1123 1122 5541 3776
5 2271 5968 5971 3777
5 2480 2426 6023 3778
5 5542 5544 5908 3779
5 3535 5924 6765 3780
5 5494 5493 5606 3781
5 5544 5905 5906 3782
5 5402 5405 5444 3783
5 5857 4198 7240 3784
5 3892 3894 7237 3785
5 148 2704 5552 3786
5 5800 5801 7164 3787
5 3896 3898 6774 3788
5 8243 8245 8255 3789
5 1052 1051 5503 3790
5 5924 5922 6765 3791
5 1065 1064 5631 3792
5 8253 8251 8259 3793
5 2480 5767 6800 3794
5 5691 3191 6768 3795
5 3284 4379 6759 3796
5 3076 5670 6089 3797
5 5517 5518 5519 3798
5 2418 2420 6869 3799
5 5811 5815 6858 3800
5 146 145 1452 3801
5 1055 1054 1525 3802
5 4374 6665 6959 3803
5 5933 2187 6752 3804
5 5504 5508 5512 3805
5 2877 2566 6833 3806
5 149 148 5552 3807
5 5557 5560 5699 3808
5 1057 1056 2708 3809
5 5525 5524 5526 3810
5 3920 4476 5687 3811
5 5552 5555 5610 3812
5 2876 3239 5710 3813
5 1481 5581 5582 3814
5 2346 5786 5788 3815
5 7070 4160 7074 3816
5 2568 2597 6833 3817
5 5460 5461 5462 3818
5 5755 2505 5758 3819
5 5611 5162 6307 3820
5 2428 2468 6023 3821
5 5752 5685 5853 3822
5 1124 1123 1483 3823
5 1128 1127 5587 3824
5 4150 5668 6877 3825
5 2486 5761 6869 3826
5 6350 6351 7175 3827
5 3201 5950 6184 3828
5 1128 5587 5603 3829
5 4156 5673 6934 3830
5 5608 2706 5664 3831
5 148 147 2704 3832
5 2346 5788 5789 3833
5 5570 6041 7235 3834
5 143 142 1683 3835
5 2704 147 5571 3836
5 7233 1465 7326 3837
5 5659 3125 5753 3838
5 1480 5617 5657 3839
5 1127 1126 1684 3840
5 5870 5873 5882 3841
5 1798 2184 5960 3842
5 5668 5670 6877 3843
5 5960 5957 6567 3844
5 3975 3972 6941 3845
5 127 126 2707 3846
5 1153 1152 6088 3847
5 1683 142 5632 3848
5 7265 4185 7306 3849
5 5489 5814 7229 3850
5 5162 4444 6307 3851
5 2293 6879 7158 3852
5 5595 5597 5604 3853
5 1800 5960 6567 3854
5 7021 4379 7232 3855
5 1933 6895 7024 3856
5 3547 5661 6372 3857
5 5689 3191 5691 3858
5 3854 6712 6966 3859
5 1135 1134 5615 3860
5 5670 3076 6877 3861
5 2184 5959 5960 3862
5 144 143 5816 3863
5 1141 1140 5581 3864
5 5959 2184 6665 3865
5 2475 3087 6925 3866
5 3114 6035 7071 3867
5 1481 1141 5581 3868
5 5540 5663 5823 3869
5 5541 1122 5905 3870
5 5658 2613 6017 3871
5 3401 4228 6127 3872
5 5764 2486 6800 3873
5 5661 6184 6372 3874
5 1683 5749 5816 3875
5 6184 5950 6372 3876
5 1483 1123 5541 3877
5 8243 8244 8245 3878
5 5590 5591 5593 3879
5 1136 1135 1480 3880
5 2706 5608 6774 3881
5 5591 5589 5592 3882
5 6853 5750 7125 3883
5 4372 5865 6774 3884
5 2865 6197 6552 3885
5 5941 6694 7084 3886
5 5663 2870 5823 3887
5 2597 5852 7270 3888
5 4085 7100 7104 3889
5 2613 5658 6035 3890
5 2322 2038 6666 3891
5 3469 3467 6298 3892
5 3142 3141 7145 3893
5 4160 4282 7074 3894
5 2039 5789 7093 3895
5 1136 1480 5657 3896
5 4401 5933 6752 3897
5 8234 8235 8237 3898
5 1063 1062 5705 3899
5 6857 5811 6858 3900
5 2700 5514 5791 3901
5 5902 7188 7214 3902
5 4384 7000 7035 3903
5 5922 3534 6765 3904
5 3859 3857 6905 3905
5 2865 5953 6197 3906
5 3191 5689 5931 3907
5 9512 7036 9513 3908
5 4379 5686 6759 3909
5 3243 3682 5826 3910
5 4277 4661 5651 3911
5 5701 3973 5702 3912
5 5418 5439 5440 3913
5 6197 6198 6552 3914
5 7284 5822 7291 3915
5 2887 3923 5700 3916
5 5642 5453 5650 3917
5 2695 1024 7324 3918
5 6026 2863 6028 3919
5 6373 2114 7025 3920
5 2424 2480 6800 3921
5 3924 6638 6844 3922
5 5554 5578 5579 3923
5 3063 5468 5660 3924
5 7039 7165 7252 3925
5 2311 2876 5710 3926
5 5802 1667 6950 3927
5 1912 1916 6575 3928
5 5950 3201 6699 3929
5 3887 5792 5961 3930
5 4444 2900 6307 3931
5 5604 5597 5605 3932
5 5808 5811 6857 3933
5 6088 1152 7257 3934
5 149 5552 5610 3935
5 5814 7085 7275 3936
5 5942 5941 7084 3937
5 6384 3924 6570 3938
5 4377 5659 5753 3939
5 2486 2422 6800 3940
5 3186 3401 6127 3941
5 8259 8251 8269 3942
5 6603 3316 6913 3943
5 5712 3267 5713 3944
5 5949 5950 6699 3945
5 143 1683 5816 3946
5 3127 5949 6699 3947
5 1818 1816 5972 3948
5 5713 3267 6304 3949
5 3480 4191 5754 3950
5 6979 4137 7186 3951
5 2587 7201 7265 3952
5 3852 3920 5687 3953
5 6570 3924 6844 3954
5 5911 6739 7124 3955
5 6027 2323 6317 3956
5 5656 3184 6036 3957
5 1638 1626 5943 3958
5 5865 2706 6774 3959
5 5684 5685 5752 3960
5 5814 5807 7229 3961
5 142 141 5632 3962
5 1624 1622 6694 3963
5 3898 4372 6774 3964
5 3282 3284 6759 3965
5 5453 5451 7036 3966
5 8241 8240 8242 3967
5 5967 5970 7228 3968
5 1489 7195 7308 3969
5 3534 5920 6912 3970
5 2420 2486 6869 3971
5 1130 1129 1482 3972
5 3439 3438 6980 3973
5 3192 4480 7083 3974
5 5484 2699 5485 3975
5 5700 5786 7013 3976
5 2280 5954 6360 3977
5 5798 3114 7071 3978
5 3371 3369 6341 3979
5 3387 3773 5782 3980
5 3077 2885 5930 3981
5 5971 5968 6008 3982
5 1483 5541 5542 3983
5 3887 3889 5792 3984
5 5504 5505 5506 3985
5 7089 3058 7172 3986
5 5632 141 5639 3987
5 5670 6017 6089 3988
5 1922 5748 6335 3989
5 5700 3923 5786 3990
5 3775 3722 5818 3991
5 160 3063 5660 3992
5 4149 4451 5697 3993
5 1139 1138 1689 3994
5 6239 1922 6335 3995
5 5920 3534 5922 3996
5 5450 5451 5453 3997
5 4119 4121 6843 3998
5 5451 1484 5452 3999
5 3330 3294 6886 4000
5 5971 6008 6545 4001
5 1480 5615 5616 4002
5 5611 3094 7074 4003
5 6067 3854 6966 4004
5 5750 3981 7125 4005
5 5748 1922 6537 4006
5 6198 2269 6552 4007
5 3305 3692 5945 4008
5 5758 2505 6869 4009
5 5953 2865 6360 4010
5 3246 3243 5826 4011
5 5585 2587 7265 4012
5 3931 6337 6339 4013
5 5719 2846 6239 4014
5 152 151 6041 4015
5 5708 6667 6834 4016
5 3895 5145 5655 4017
5 5795 2522 5964 4018
5 5650 5453 7036 4019
5 5786 2346 7013 4020
5 2542 3527 5866 4021
5 5643 5642 5644 4022
5 5853 5685 6665 4023
5 5703 4881 6941 4024
5 5533 5534 5535 4025
5 5719 6239 6335 4026
5 5684 1790 5803 4027
5 3253 5857 7240 4028
5 2505 5755 6779 4029
5 2514 3107 6004 4030
5 6673 1933 7024 4031
5 4115 3941 7011 4032
5 1679 1669 5936 4033
5 5608 3896 6774 4034
5 5910 5911 7124 4035
5 1061 1060 5672 4036
5 1669 1638 5943 4037
5 1525 1054 5791 4038
5 2512 2514 6004 4039
5 3287 3285 6503 4040
5 1480 1135 5615 4041
5 8238 8235 8271 4042
5 3271 5911 6579 4043
5 3367 3365 6757 4044
5 5504 5506 5508 4045
5 5539 5538 8004 4046
5 7135 7136 7319 4047
5 2504 6022 7155 4048
5 5615 1134 6904 4049
5 1064 1063 3053 4050
5 5894 6158 6373 4051
5 5796 2847 6562 4052
5 5893 3247 6159 4053
5 5451 5454 7036 4054
5 3440 3077 5930 4055
5 4384 5673 7000 4056
5 3925 6340 6342 4057
5 7312 7311 7313 4058
5 2511 7088 7118 4059
5 2849 6342 6586 4060
5 5419 5418 5445 4061
5 3678 4188 7156 4062
5 5825 5796 6562 4063
5 4373 3544 5663 4064
5 8248 8249 8250 4065
5 6158 5894 6159 4066
5 5972 6067 6658 4067
5 6877 3076 6970 4068
5 5751 1925 6574 4069
5 3094 7070 7074 4070
5 5871 5870 5882 4071
5 1124 1483 6706 4072
5 4188 7021 7232 4073
5 5934 6677 6804 4074
5 2843 6098 7218 4075
5 6665 5685 6959 4076
5 5702 3973 5944 4077
5 2574 2706 5865 4078
5 6035 5658 7071 4079
5 1892 1894 7014 4080
5 8237 8238 8239 4081
5 4150 4149 5697 4082
5 6346 1925 6628 4083
5 3183 3521 6998 4084
5 2114 5817 7025 4085
5 3467 3834 6298 4086
5 6835 6049 7160 4087
5 5826 3682 5827 4088
5 5936 1669 5943 4089
5 5709 2311 5710 4090
5 6351 1806 7175 4091
5 5708 6834 6842 4092
5 1121 1688 5905 4093
5 3247 5893 5895 4094
5 4127 4129 6682 4095
5 4881 3975 6941 4096
5 4191 3482 5913 4097
5 8239 8238 8240 4098
5 2578 2594 5664 4099
5 6666 5447 7129 4100
5 1925 5751 6628 4101
5 2585 2716 5961 4102
5 6017 2613 6089 4103
5 5572 1452 5573 4104
5 2505 2418 6869 4105
5 3307 3305 5945 4106
5 2863 6026 6317 4107
5 5467 5466 5883 4108
5 5894 5893 6159 4109
5 3943 3542 6903 4110
5 6026 6027 6317 4111
5 1921 5825 6562 4112
5 7238 2588 7263 4113
5 6028 2863 6555 4114
5 1612 1639 5898 4115
5 3804 6980 6981 4116
5 7138 7139 7140 4117
5 6269 5702 6929 4118
5 5894 6373 7025 4119
5 4374 5959 6665 4120
5 1825 1822 6360 4121
5 4148 6877 6970 4122
5 5661 3547 6905 4123
5 5665 4169 5666 4124
5 2477 2454 6925 4125
5 3105 2666 5944 4126
5 6182 5488 6916 4127
5 6029 6028 6555 4128
5 5814 5489 7085 4129
5 5650 7036 9512 4130
5 124 123 5720 4131
5 2845 1890 6146 4132
5 2324 6029 6555 4133
5 1507 150 5610 4134
5 2248 2311 5709 4135
5 3042 3041 6036 4136
5 6638 6342 6844 4137
5 2572 2574 5865 4138
5 1053 2700 5791 4139
5 1683 5632 5633 4140
5 6712 5954 6966 4141
5 3932 6338 6757 4142
5 6601 2843 6934 4143
5 5878 5871 5879 4144
5 6056 2867 6235 4145
5 3103 2523 6880 4146
5 2023 1765 5448 4147
5 5705 7328 7335 4148
5 6815 4138 6943 4149
5 7055 7042 7056 4150
5 2540 2542 5866 4151
5 3085 3042 6036 4152
5 1790 5684 5752 4153
5 5799 6346 6628 4154
5 3107 7234 7247 4155
5 1816 2271 5972 4156
5 5443 5442 7281 4157
5 7100 5933 7104 4158
5 3722 3839 5818 4159
5 5767 5764 6800 4160
5 6067 5971 6545 4161
5 3474 3480 5754 4162
5 2450 2322 6666 4163
5 2039 2118 5789 4164
5 2431 2429 5992 4165
5 3482 3687 5913 4166
5 6181 5798 6551 4167
5 6508 4391 6994 4168
5 6658 6067 6966 4169
5 5799 2748 6346 4170
5 3261 3259 5980 4171
5 2748 5799 6037 4172
5 3041 3851 6036 4173
5 5714 6384 6570 4174
5 2623 3191 5931 4175
5 5911 4389 6579 4176
5 2845 6142 6144 4177
5 3184 3085 6036 4178
5 5805 6841 6926 4179
5 5544 5907 5908 4180
5 151 150 1507 4181
5 2580 2585 5961 4182
5 2883 2887 5700 4183
5 1621 1667 5821 4184
5 5817 2114 5991 4185
5 3703 4169 5665 4186
5 3935 6710 6801 4187
5 3114 5798 6181 4188
5 6142 2845 6146 4189
5 3997 3999 6826 4190
5 5824 4052 6037 4191
5 1586 154 5493 4192
5 1926 5714 6570 4193
5 4375 5684 5803 4194
5 4375 5803 5804 4195
5 6237 2744 6238 4196
5 2703 152 6041 4197
5 2408 2410 7018 4198
5 5707 2018 6862 4199
5 2576 2578 5664 4200
5 2744 6237 6354 4201
5 3127 2709 6154 4202
5 3231 3392 5891 4203
5 3094 2596 7070 4204
5 5988 2011 6138 4205
5 1926 1912 6575 4206
5 8241 8242 8243 4207
5 5920 5916 6912 4208
5 3978 3330 6886 4209
5 3298 3300 6858 4210
5 1614 1612 5898 4211
5 7044 7041 7048 4212
5 2880 2559 5909 4213
5 2713 5896 6811 4214
5 4109 4183 5884 4215
5 6620 2444 6650 4216
5 5714 1926 6575 4217
5 5789 5788 5790 4218
5 156 6990 7258 4219
5 5755 5717 6779 4220
5 5785 2688 6674 4221
5 4241 3469 6298 4222
5 6460 5804 7144 4223
5 5535 5539 7335 4224
5 2748 6037 6450 4225
5 5861 3261 5980 4226
5 5552 5553 5555 4227
5 6037 4052 6450 4228
5 1818 5972 6658 4229
5 1622 1642 6694 4230
5 6122 6123 6675 4231
5 6342 6340 6586 4232
5 1916 3267 6575 4233
5 2444 6216 6650 4234
5 3943 6903 7007 4235
5 6867 5666 6914 4236
5 5526 5524 5527 4237
5 4377 5753 6050 4238
5 3857 5661 6905 4239
5 3438 3779 6980 4240
5 6216 2444 6736 4241
5 3981 5750 6905 4242
5 5954 5953 6360 4243
5 1507 5610 5699 4244
5 3385 3156 5715 4245
5 3369 3931 6341 4246
5 2038 5447 6666 4247
5 145 144 7094 4248
5 4052 5824 6038 4249
5 6022 2504 7157 4250
5 5805 2687 6841 4251
5 5713 6620 6650 4252
5 1154 1153 1485 4253
5 6340 3925 6341 4254
5 4613 4688 6884 4255
5 1890 1892 6146 4256
5 2880 7231 7246 4257
5 3169 2629 5850 4258
5 5910 4115 7011 4259
5 4942 5658 6017 4260
5 6337 3931 6757 4261
5 5587 5588 5590 4262
5 6667 5708 6862 4263
5 3972 3973 6941 4264
5 3278 6540 6979 4265
5 5553 2704 5554 4266
5 5750 3859 6905 4267
5 1133 1132 1682 4268
5 2619 2618 6050 4269
5 3267 5712 6575 4270
5 6022 4393 7155 4271
5 4138 6703 6942 4272
5 3894 5608 7237 4273
5 5897 5896 6847 4274
5 5531 5530 5532 4275
5 155 154 1586 4276
5 2624 2622 5753 4277
5 5761 5758 6869 4278
5 5470 5467 5883 4279
5 3259 3262 5980 4280
5 3539 4377 6050 4281
5 5934 5367 6677 4282
5 6055 6056 6235 4283
5 2666 2668 5944 4284
5 2689 3248 5951 4285
5 7041 7042 7055 4286
5 2846 5719 6682 4287
5 6933 5973 6937 4288
5 5851 2572 5865 4289
5 5529 5530 5531 4290
5 5713 6304 6620 4291
5 2716 3887 5961 4292
5 2429 3059 5992 4293
5 6029 2324 6788 4294
5 3508 3510 5828 4295
5 5838 5834 5839 4296
5 1507 5699 7235 4297
5 6224 4086 6235 4298
5 5503 1491 5504 4299
5 4162 2519 5717 4300
5 5862 5980 5981 4301
5 2688 5785 6269 4302
5 5669 5697 5698 4303
5 1151 1687 7257 4304
5 5896 2713 6847 4305
5 1586 5493 5494 4306
5 2271 5971 5972 4307
5 6004 6005 6006 4308
5 5801 3978 7182 4309
5 3925 3371 6341 4310
5 2312 2435 6975 4311
5 4198 5802 7240 4312
5 5432 5433 9674 4313
5 7090 6058 7092 4314
5 2506 3173 6791 4315
5 1481 5582 5584 4316
5 2119 5973 6933 4317
5 2687 5805 6709 4318
5 3317 3315 6013 4319
5 3699 3549 5885 4320
5 3045 2423 5904 4321
5 6034 5785 6674 4322
5 6895 6338 7024 4323
5 2414 2416 6779 4324
5 5932 2187 5933 4325
5 3301 3485 6376 4326
5 3168 2870 5663 4327
5 6101 6731 6846 4328
5 6146 1892 7014 4329
5 2510 3154 6944 4330
5 5911 3271 6739 4331
5 3141 4192 7145 4332
5 2621 2623 5931 4333
5 3250 1624 6694 4334
5 2570 2572 5851 4335
5 5751 6574 6682 4336
5 2560 2601 5955 4337
5 6238 2744 6313 4338
5 5954 2280 6966 4339
5 3247 5895 6154 4340
5 3365 3932 6757 4341
5 2069 2067 6472 4342
5 4382 6603 6913 4343
5 1822 2280 6360 4344
5 6841 5951 6926 4345
5 5796 4119 6843 4346
5 3261 5861 5935 4347
5 2278 7206 7211 4348
5 2602 6181 6551 4349
5 4121 5748 6843 4350
5 1770 2187 5932 4351
5 5702 5944 6929 4352
5 3109 3393 5694 4353
5 5817 5991 6051 4354
5 6004 3107 6005 4355
5 2522 2415 5964 4356
5 1933 6673 7014 4357
5 5717 2519 6779 4358
5 4388 6596 6917 4359
5 6680 6056 6788 4360
5 5819 3092 6644 4361
5 2387 2525 6040 4362
5 6731 4391 6846 4363
5 5582 5581 5583 4364
5 2352 2350 6812 4365
5 2324 6680 6788 4366
5 5463 6833 7270 4367
5 5544 5541 5905 4368
5 2559 2557 5909 4369
5 3949 3947 6592 4370
5 2867 6056 6680 4371
5 6087 6793 6866 4372
5 3931 3367 6757 4373
5 6000 5995 6001 4374
5 6111 6186 6187 4375
5 6684 4390 6918 4376
5 6554 6038 6978 4377
5 6240 6902 6988 4378
5 5748 6537 6843 4379
5 3973 3105 5944 4380
5 5483 5484 7322 4381
5 5902 3232 7188 4382
5 6342 2849 6844 4383
5 3931 6339 6341 4384
5 6739 2018 7124 4385
5 2600 2603 6057 4386
5 5708 5707 6862 4387
5 1051 1491 5503 4388
5 2317 2370 5990 4389
5 1678 2004 6891 4390
5 5719 4127 6682 4391
5 5792 2594 5961 4392
5 3667 4407 5886 4393
5 8250 8251 8253 4394
5 3980 5979 5987 4395
5 2031 6043 6600 4396
5 4188 4184 7243 4397
5 2612 3076 6089 4398
5 3081 2431 5992 4399
5 2603 3464 6057 4400
5 5418 5415 5439 4401
5 2582 7090 7092 4402
5 1794 5752 5853 4403
5 3238 2476 7120 4404
5 1617 1619 5820 4405
5 5937 5939 5940 4406
5 5593 5591 5594 4407
5 5789 5790 7093 4408
5 2205 2207 6357 4409
5 2269 6198 6834 4410
5 5912 2251 6358 4411
5 3309 3750 6612 4412
5 4129 5751 6682 4413
5 4944 4942 6017 4414
5 2754 3101 5965 4415
5 4429 2899 7269 4416
5 5934 3123 6477 4417
5 6963 3275 6977 4418
5 2587 2573 7201 4419
5 3092 5819 6034 4420
5 3241 3142 7145 4421
5 5868 5871 5878 4422
5 5886 4407 5887 4423
5 5864 2438 6241 4424
5 6902 4135 6988 4425
5 6043 6045 6600 4426
5 3919 3103 6880 4427
5 5869 7117 7250 4428
5 5800 3978 5801 4429
5 6667 2269 6834 4430
5 3326 5815 7182 4431
5 3854 6067 6545 4432
5 6147 4501 7115 4433
5 6237 3935 6801 4434
5 2031 6042 6043 4435
5 3927 5795 5964 4436
5 4418 6477 6745 4437
5 3945 6751 6764 4438
5 3053 1063 5705 4439
5 3300 6857 6858 4440
5 2610 2612 6089 4441
5 7156 4188 7232 4442
5 2415 2412 5964 4443
5 7038 7041 7044 4444
5 6343 4007 6819 4445
5 3973 5701 6941 4446
5 5722 5720 7158 4447
5 2389 2387 6040 4448
5 4138 6942 6943 4449
5 2247 2092 6455 4450
5 2865 1825 6360 4451
5 6865 6962 7006 4452
5 5753 2622 6050 4453
5 3092 6034 6674 4454
5 6045 4007 6600 4455
5 3516 3518 5858 4456
5 5861 4380 5935 4457
5 4390 6116 6919 4458
5 1993 2011 5988 4459
5 4385 5978 6356 4460
5 6834 6199 6842 4461
5 5689 4151 5931 4462
5 2684 2689 5951 4463
5 7088 5711 7118 4464
5 2018 1835 6862 4465
5 2847 5796 6843 4466
5 6599 3970 6748 4467
5 6923 4408 6964 4468
5 1776 2252 6103 4469
5 7027 3381 7241 4470
5 2452 2450 5854 4471
5 151 1507 6041 4472
5 2251 5912 6357 4473
5 4115 5910 7124 4474
5 4108 4109 5884 4475
5 3679 3978 5800 4476
5 6477 3123 6745 4477
5 3999 5963 6826 4478
5 3253 2001 7236 4479
5 2622 2619 6050 4480
5 5686 4379 7021 4481
5 2845 6144 6492 4482
5 7112 3089 7123 4483
5 6051 5991 6493 4484
5 5495 5499 6990 4485
5 138 137 5993 4486
5 2596 2595 7070 4487
5 3459 3457 6199 4488
5 6025 6026 6028 4489
5 2880 5909 7231 4490
5 1058 1057 5609 4491
5 5963 2455 6099 4492
5 6507 3268 6508 4493
5 5452 1484 6851 4494
5 5825 1921 6801 4495
5 5935 4380 6011 4496
5 6508 3268 6846 4497
5 5888 5887 5973 4498
5 3454 2720 6033 4499
5 2662 2665 6630 4500
5 3968 5817 6051 4501
5 1778 1776 6103 4502
5 2067 6174 6472 4503
5 6009 3949 6592 4504
5 7294 4432 7297 4505
5 6339 1927 6340 4506
5 6547 2738 6660 4507
5 4007 6045 6819 4508
5 7161 6849 7179 4509
5 1783 3123 6804 4510
5 6027 6853 7125 4511
5 4081 6508 6994 4512
5 4391 6508 6846 4513
5 1059 1058 1654 4514
5 3940 5954 6712 4515
5 5886 5887 5888 4516
5 6703 5990 6942 4517
5 5978 2260 6356 4518
5 3941 6033 7011 4519
5 5451 5452 5454 4520
5 3699 5885 6460 4521
5 5896 4096 6811 4522
5 6322 6117 6783 4523
5 4382 4383 6690 4524
5 3479 4276 6705 4525
5 5897 6847 6979 4526
5 2370 2711 5990 4527
5 3946 3459 6199 4528
5 5833 5834 5838 4529
5 5808 5810 5811 4530
5 6042 2031 6637 4531
5 5805 4454 6709 4532
5 7159 3333 7207 4533
5 3951 3949 6009 4534
5 6101 2438 6731 4535
5 2618 3539 6050 4536
5 5985 4088 5987 4537
5 3860 4142 5989 4538
5 2593 7202 7241 4539
5 6111 6110 6186 4540
5 5484 5485 5486 4541
5 3128 2532 6741 4542
5 5449 3910 6924 4543
5 2519 2414 6779 4544
5 2011 2040 6138 4545
5 3283 3190 7086 4546
5 2236 2234 6317 4547
5 1483 5542 5543 4548
5 2688 6269 6929 4549
5 5803 2277 5804 4550
5 8260 8261 8262 4551
5 1794 1791 5752 4552
5 2875 2247 6455 4553
5 3173 3752 6791 4554
5 6162 1920 6254 4555
5 3497 3495 6008 4556
5 1977 3138 6931 4557
5 3462 2602 6551 4558
5 2709 3247 6154 4559
5 5855 3847 7129 4560
5 3941 3454 6033 4561
5 3511 3850 5956 4562
5 6976 2667 7020 4563
5 5643 5644 5645 4564
5 2529 2434 6086 4565
5 3979 3867 6025 4566
5 3481 3479 6705 4567
5 6825 4284 6840 4568
5 6338 6337 6757 4569
5 3101 3656 5965 4570
5 5616 5615 5618 4571
5 3951 6009 6681 4572
5 6123 2274 6675 4573
5 6371 2274 6861 4574
5 4088 3980 5987 4575
5 1480 5616 5617 4576
5 2608 2613 6035 4577
5 3138 5948 6931 4578
5 2885 2882 7151 4579
5 3873 4077 6055 4580
5 3087 6573 6925 4581
5 3925 6342 6638 4582
5 6073 6547 6660 4583
5 3404 6835 7160 4584
5 2423 2421 5904 4585
5 2350 2457 6812 4586
5 3202 3201 6184 4587
5 1788 2277 5803 4588
5 132 131 2705 4589
5 1586 5495 6990 4590
5 1845 1847 6098 4591
5 6889 3675 7034 4592
5 4443 2900 4444 4593
5 5673 2262 6601 4594
5 3123 5934 6804 4595
5 5542 5541 5544 4596
5 3058 2650 6024 4597
5 1863 1915 6362 4598
5 1934 4052 6038 4599
5 5879 5871 5880 4600
5 3431 4267 4639 4601
5 4003 2032 6773 4602
5 6223 6224 6235 4603
5 6677 2006 6804 4604
5 6918 4390 6919 4605
5 5456 5452 6851 4606
5 3944 5988 6138 4607
5 2434 2461 6086 4608
5 3291 3289 5674 4609
5 5450 5453 5641 4610
5 5613 5612 5614 4611
5 4140 2875 6455 4612
5 125 124 1640 4613
5 2651 6147 7115 4614
5 2112 2266 5991 4615
5 4509 4511 6034 4616
5 6161 2725 6631 4617
5 1784 6867 6914 4618
5 4088 6042 6637 4619
5 4607 5702 6269 4620
5 6142 6141 6144 4621
5 6243 2310 6557 4622
5 3953 3951 6681 4623
5 3058 6010 7172 4624
5 6585 6145 6698 4625
5 4233 3847 5855 4626
5 5644 5642 5650 4627
5 3198 1805 6053 4628
5 3934 6051 6493 4629
5 3316 3318 6913 4630
5 3971 3974 6743 4631
5 6081 6082 6083 4632
5 2532 2367 6741 4633
5 4088 5985 6042 4634
5 2725 6161 6254 4635
5 6356 2205 6357 4636
5 6935 6046 6947 4637
5 2882 2352 7151 4638
5 6068 6234 6772 4639
5 4391 3550 6994 4640
5 2184 5853 6665 4641
5 1865 1863 6362 4642
5 5918 5916 5920 4643
5 1627 1662 6179 4644
5 6010 3058 6024 4645
5 6881 3113 6882 4646
5 2259 2069 6472 4647
5 4094 6183 6811 4648
5 1940 1934 6038 4649
5 4086 6224 6909 4650
5 3964 3963 6011 4651
5 4334 4277 5651 4652
5 4389 5864 6579 4653
5 2435 6923 6964 4654
5 2896 2596 3094 4655
5 3726 3231 5891 4656
5 6336 1927 6339 4657
5 1850 2438 6101 4658
5 3247 2369 6159 4659
5 5991 2266 6493 4660
5 2435 6065 6975 4661
5 7203 6039 7216 4662
5 5970 1812 7228 4663
5 6122 6121 6123 4664
5 4392 4393 6020 4665
5 6798 6375 6907 4666
5 4380 3964 6011 4667
5 6144 6145 6492 4668
5 2629 2631 5850 4669
5 3163 3179 6110 4670
5 6161 6162 6254 4671
5 3092 2676 6644 4672
5 2644 2651 6120 4673
5 6076 2738 6607 4674
5 4569 4607 6269 4675
5 5797 5492 5903 4676
5 4169 6460 7144 4677
5 5988 4388 6917 4678
5 6539 6540 6754 4679
5 4084 6585 6698 4680
5 1975 2844 7009 4681
5 2658 6825 6840 4682
5 6934 2843 7218 4683
5 4137 5949 7186 4684
5 2004 2192 6891 4685
5 3146 3147 6119 4686
5 6778 6303 6849 4687
5 5633 5632 5634 4688
5 3839 5319 5818 4689
5 6145 1936 6492 4690
5 6856 4113 7019 4691
5 6358 6629 6782 4692
5 6751 6162 6764 4693
5 2207 2251 6357 4694
5 3947 5979 6592 4695
5 5802 6950 7240 4696
5 1967 1845 6098 4697
5 3838 4431 5063 4698
5 5788 5787 7295 4699
5 6334 6122 6675 4700
5 1982 3268 6507 4701
5 3314 3316 6603 4702
5 5956 3850 5957 4703
5 3779 3440 4174 4704
5 4528 3726 5891 4705
5 4454 4456 6709 4706
5 3718 3720 6309 4707
5 5980 3262 5981 4708
5 3817 4973 6090 4709
5 2407 3113 6881 4710
5 5485 2699 6916 4711
5 6224 6225 6909 4712
5 5976 7008 7030 4713
5 3979 6025 6028 4714
5 3852 3919 3920 4715
5 4385 6356 6357 4716
5 4418 6745 6832 4717
5 1904 1906 6586 4718
5 6110 3179 6186 4719
5 3855 3202 6184 4720
5 3875 3873 6055 4721
5 2010 2039 7093 4722
5 3276 4418 6832 4723
5 1137 1136 5657 4724
5 3678 3679 4184 4725
5 6244 6478 6511 4726
5 1771 2014 6094 4727
5 3282 3283 3284 4728
5 2067 2065 6174 4729
5 1920 6162 6751 4730
5 3186 3187 3188 4731
5 6715 3997 6826 4732
5 5840 5834 6691 4733
5 2369 2103 6159 4734
5 6630 3971 6743 4735
5 2606 2608 6035 4736
5 2025 1982 6507 4737
5 6811 6183 6852 4738
5 2650 2653 6024 4739
5 6103 2252 6104 4740
5 5786 5787 5788 4741
5 5944 2668 6929 4742
5 6117 4223 6783 4743
5 3867 3865 6025 4744
5 3838 4430 4431 4745
5 6055 4077 6056 4746
5 2652 3534 6912 4747
5 5951 3248 6926 4748
5 1936 6145 6585 4749
5 5813 6878 7278 4750
5 7056 7042 7057 4751
5 2317 5990 6703 4752
5 3803 3718 6309 4753
5 6354 6237 6801 4754
5 1118 1117 1486 4755
5 6234 2214 6772 4756
5 3470 3472 6875 4757
5 4173 3364 6097 4758
5 5587 5590 5603 4759
5 3232 3726 3727 4760
5 4117 4116 6100 4761
5 5499 5498 5501 4762
5 5987 5979 6520 4763
5 1894 1933 7014 4764
5 3431 3766 4267 4765
5 3955 4387 6121 4766
5 2529 6086 6087 4767
5 5164 5162 5611 4768
5 6753 3694 6799 4769
5 6540 3278 6754 4770
5 2096 2095 6510 4771
5 3970 6122 6748 4772
5 1683 5633 5749 4773
5 5668 4944 5670 4774
5 6257 6294 6744 4775
5 5912 6358 6830 4776
5 5367 5369 6677 4777
5 5555 5553 5556 4778
5 3192 4479 4480 4779
5 2819 6096 6432 4780
5 1626 3250 5943 4781
5 2713 2498 6847 4782
5 4077 6610 6788 4783
5 5889 6963 6977 4784
5 2883 2886 2887 4785
5 5510 5507 5511 4786
5 6347 6165 6651 4787
5 2525 2385 6615 4788
5 3147 3151 6119 4789
5 5572 5573 5574 4790
5 5994 5995 6000 4791
5 3910 3912 6924 4792
5 2323 2236 6317 4793
5 2641 2644 6120 4794
5 4277 4278 4661 4795
5 4650 4433 5133 4796
5 3515 4374 6959 4797
5 3858 3860 5989 4798
5 3443 3168 3544 4799
5 5367 5368 5369 4800
5 3896 3895 3897 4801
5 6710 5825 6801 4802
5 3250 5939 5943 4803
5 3084 3042 3085 4804
5 2714 1614 5898 4805
5 6940 2296 7003 4806
5 3495 3493 6545 4807
5 4164 4162 4165 4808
5 6054 2879 6797 4809
5 2895 2596 2896 4810
5 3192 2477 3193 4811
5 3217 3667 5886 4812
5 3517 3515 6959 4813
5 6096 4394 6432 4814
5 6308 6933 6937 4815
5 1586 5494 5495 4816
5 5917 5916 5918 4817
5 1781 1783 6804 4818
5 3976 6358 6782 4819
5 3539 4364 4377 4820
5 2077 2270 6157 4821
5 6116 6117 6919 4822
5 2104 2100 6333 4823
5 2660 2662 6630 4824
5 4526 3726 4528 4825
5 3849 6349 6350 4826
5 4232 4284 6825 4827
5 5880 5871 5882 4828
5 2100 2098 6333 4829
5 2676 2678 6644 4830
5 3303 3301 6376 4831
5 7036 5454 9513 4832
5 3211 3209 6082 4833
5 6008 3495 6545 4834
5 2115 2041 6602 4835
5 3186 3188 3401 4836
5 3536 2640 6475 4837
5 7048 7041 7055 4838
5 3334 3163 6110 4839
5 2738 6076 6660 4840
5 6068 3982 6234 4841
5 2323 6027 7125 4842
5 1838 1981 6112 4843
5 5897 6979 7186 4844
5 1805 1807 6053 4845
5 3154 2512 6004 4846
5 3484 3946 5952 4847
5 6647 6577 6888 4848
5 2881 2352 2882 4849
5 4122 4139 6233 4850
5 2211 2213 6156 4851
5 2065 2253 6174 4852
5 2581 2579 5823 4853
5 3405 3187 3822 4854
5 4148 4150 6877 4855
5 6238 6313 6751 4856
5 1662 3253 6179 4857
5 2464 2879 6054 4858
5 4152 3339 6077 4859
5 3336 4423 6049 4860
5 6038 5824 6978 4861
5 5472 5470 5474 4862
5 2720 2719 6033 4863
5 2240 2238 6324 4864
5 5711 5710 5903 4865
5 3687 4181 5913 4866
5 6358 3976 6830 4867
5 2643 3536 5975 4868
5 6019 6102 6695 4869
5 6020 4393 6021 4870
5 6273 6821 6831 4871
5 3900 3899 3901 4872
5 2692 6920 6967 4873
5 3355 3985 6141 4874
5 3705 3703 5665 4875
5 4086 6055 6235 4876
5 2095 2272 6510 4877
5 3839 3846 4366 4878
5 5786 3923 5787 4879
5 6404 6968 6995 4880
5 3064 3426 6209 4881
5 4124 4122 6233 4882
5 1848 1846 6241 4883
5 2565 2588 6118 4884
5 3083 3042 3084 4885
5 2234 2863 6317 4886
5 3832 2900 4443 4887
5 3427 3109 5694 4888
5 3442 3168 3443 4889
5 3746 4097 5976 4890
5 6087 6791 6792 4891
5 2310 6243 6511 4892
5 3917 3915 5276 4893
5 2496 2540 3531 4894
5 2625 2627 6768 4895
5 3547 3981 6905 4896
5 3704 3703 3705 4897
5 4394 6380 6432 4898
5 5478 5476 5479 4899
5 3849 6348 6349 4900
5 1880 2871 6359 4901
5 2119 6802 6908 4902
5 5762 5764 5765 4903
5 3853 3497 6008 4904
5 3544 3168 5663 4905
5 3750 3307 5945 4906
5 3715 4085 7104 4907
5 4265 3852 5687 4908
5 3957 3955 6121 4909
5 6011 3984 6830 4910
5 3209 3725 6082 4911
5 6031 4152 6032 4912
5 3167 2870 3168 4913
5 2274 6123 6861 4914
5 4511 5785 6034 4915
5 3066 3064 6209 4916
5 2368 2210 6226 4917
5 2579 5540 5823 4918
5 2844 6047 7009 4919
5 6266 6501 6560 4920
5 2080 2721 6245 4921
5 1858 2372 6018 4922
5 3266 2335 6308 4923
5 6668 2355 6685 4924
5 3289 3287 4224 4925
5 2335 2267 6308 4926
5 3519 3381 3520 4927
5 3748 5977 6064 4928
5 1769 1771 6094 4929
5 3499 3853 5966 4930
5 6603 4382 6690 4931
5 5972 5971 6067 4932
5 3681 3146 6119 4933
5 4142 3862 6164 4934
5 5808 5809 5810 4935
5 5839 5834 5840 4936
5 6208 6209 6210 4937
5 3464 4101 6057 4938
5 2410 2413 7018 4939
5 3883 3982 6068 4940
5 5966 3853 5967 4941
5 3993 3997 6715 4942
5 5161 5162 5163 4943
5 1881 1879 6374 4944
5 4286 6010 6840 4945
5 6124 2462 6125 4946
5 6696 6762 6951 4947
5 1481 5584 6155 4948
5 2598 2599 6181 4949
5 3236 2659 5914 4950
5 5509 5507 5510 4951
5 3889 3892 5792 4952
5 2078 2080 6245 4953
5 5574 5573 5575 4954
5 1879 1919 6374 4955
5 3054 3231 3232 4956
5 6207 3066 6209 4957
5 6021 4393 6022 4958
5 6629 6156 6782 4959
5 3156 3155 3730 4960
5 6244 6684 6918 4961
5 2385 2382 6615 4962
5 6202 3460 6203 4963
5 6243 6244 6511 4964
5 6160 6161 6631 4965
5 2867 2224 6223 4966
5 3174 3176 6230 4967
5 3437 3246 3683 4968
5 5163 5162 5164 4969
5 3176 3691 6230 4970
5 3138 6815 6943 4971
5 4042 4040 6381 4972
5 2041 3277 6602 4973
5 6854 3254 6860 4974
5 6338 3932 7024 4975
5 2303 6228 6633 4976
5 1893 1891 6354 4977
5 3889 3890 3891 4978
5 2457 2351 2458 4979
5 3041 2523 3103 4980
5 2540 2541 2542 4981
5 3901 3899 4341 4982
5 4360 3989 6828 4983
5 4171 3372 6185 4984
5 5673 4156 7000 4985
5 5352 5349 7033 4986
5 6240 2331 6902 4987
5 3304 3306 5806 4988
5 2342 2365 6714 4989
5 6064 5977 6065 4990
5 2210 2208 6226 4991
5 2484 3238 3431 4992
5 3364 3366 6097 4993
5 3193 2477 3936 4994
5 3882 3884 6710 4995
5 4040 4038 6544 4996
5 3127 6154 7186 4997
5 4120 4117 6100 4998
5 3849 3503 6348 4999
5 6121 4387 6123 5000
5 6001 5995 6002 5001
5 2215 2214 6949 5002
5 7002 4143 7081 5003
5 3327 3304 5806 5004
5 3707 3705 6767 5005
5 2438 5864 6731 5006
5 3834 6092 6298 5007
5 2198 2462 6124 5008
5 6936 2859 7028 5009
5 3095 3460 6202 5010
5 3131 3552 6520 5011
5 3842 3542 3943 5012
5 3262 3263 6955 5013
5 1869 1867 6452 5014
5 1878 1880 6359 5015
5 1843 1841 6578 5016
5 1883 2725 6254 5017
5 4094 3252 6183 5018
5 3254 6232 6860 5019
5 1483 5543 6706 5020
5 6381 4040 6544 5021
5 6201 6935 6947 5022
5 2180 2332 6762 5023
5 3386 3385 3387 5024
5 2213 2216 6156 5025
5 2578 2580 2594 5026
5 3862 3864 6164 5027
5 5352 6976 7020 5028
5 3236 5914 5919 5029
5 3341 4152 6031 5030
5 6225 6871 6909 5031
5 4374 3513 5956 5032
5 1835 1833 6862 5033
5 3716 3715 3717 5034
5 4451 4151 4452 5035
5 5864 6241 6579 5036
5 2437 2408 7018 5037
5 6574 2846 6682 5038
5 5978 6599 6748 5039
5 1891 2744 6354 5040
5 4193 3474 5754 5041
5 3902 3901 3903 5042
5 2302 2070 6246 5043
5 5792 3892 7237 5044
5 2738 2735 6607 5045
5 3164 2409 6881 5046
5 4501 4500 4502 5047
5 4582 4581 4673 5048
5 4612 4613 4644 5049
5 4242 3545 4243 5050
5 6770 6256 6808 5051
5 3357 3355 6141 5052
5 5912 4385 6357 5053
5 2224 2222 6223 5054
5 2881 2883 5700 5055
5 5641 5453 5642 5056
5 7162 2073 7193 5057
5 3920 3922 4476 5058
5 6265 6261 6267 5059
5 2883 2884 2886 5060
5 3086 3182 3435 5061
5 2876 3142 3239 5062
5 4382 4200 4383 5063
5 6078 3211 6082 5064
5 3656 5889 5965 5065
5 2716 3180 3887 5066
5 3658 3660 6296 5067
5 2752 1900 6336 5068
5 2523 2516 6880 5069
5 2722 6165 6347 5070
5 3991 3993 6715 5071
5 5160 4444 5161 5072
5 2310 6464 6557 5073
5 3889 3891 3892 5074
5 6559 2817 6670 5075
5 3849 6350 6642 5076
5 3309 3307 3750 5077
5 3839 4366 5319 5078
5 1792 3276 6832 5079
5 3230 2458 3233 5080
5 2341 2354 6749 5081
5 6825 2658 6893 5082
5 3252 3177 6183 5083
5 3329 3314 6603 5084
5 3963 3984 6011 5085
5 3529 3387 5782 5086
5 6364 6266 6560 5087
5 2599 3114 6181 5088
5 6141 3985 6144 5089
5 3916 3915 3917 5090
5 2453 2452 2454 5091
5 6153 2821 6440 5092
5 3758 5586 5667 5093
5 6607 6275 6854 5094
5 6241 1846 6578 5095
5 3684 3246 5826 5096
5 4365 3538 6885 5097
5 3050 2885 3077 5098
5 3503 3501 6348 5099
5 2382 2381 6615 5100
5 2005 1679 2715 5101
5 4230 4232 6769 5102
5 6348 5969 6349 5103
5 2074 2076 6587 5104
5 3372 3374 6185 5105
5 3656 5888 5889 5106
5 5593 5594 5595 5107
5 2631 3120 5850 5108
5 3255 6176 6177 5109
5 2358 6115 6541 5110
5 2817 6435 6670 5111
5 3220 3211 6078 5112
5 6294 2792 6744 5113
5 2193 6776 6818 5114
5 2683 2681 6662 5115
5 6116 4223 6117 5116
5 2618 3538 3539 5117
5 3549 3548 5885 5118
5 2496 2497 2540 5119
5 2821 6153 6365 5120
5 3311 3309 6612 5121
5 2724 2240 6324 5122
5 2455 2338 6099 5123
5 2743 6343 6819 5124
5 3254 2757 6232 5125
5 2867 6223 6235 5126
5 4386 3550 4391 5127
5 3908 5449 6030 5128
5 4386 4391 6731 5129
5 6501 6266 6548 5130
5 3677 3856 6606 5131
5 6326 6657 6664 5132
5 3384 3156 3385 5133
5 3545 3544 3848 5134
5 5918 5920 5921 5135
5 3945 6238 6751 5136
5 1906 2849 6586 5137
5 1836 1838 6112 5138
5 1867 2742 6452 5139
5 3294 3295 3296 5140
5 5498 5496 5500 5141
5 3028 3680 6250 5142
5 2245 2312 6975 5143
5 1886 1888 6492 5144
5 2334 2336 6102 5145
5 3838 3520 4430 5146
5 5353 5351 5354 5147
5 2873 2869 6290 5148
5 4392 6347 6651 5149
5 2307 2248 5709 5150
5 4092 3574 6180 5151
5 4387 3953 6681 5152
5 5768 5767 5770 5153
5 158 157 2175 5154
5 3678 4184 4188 5155
5 3082 3081 3475 5156
5 4277 3938 4278 5157
5 5893 4096 5895 5158
5 3984 5912 6830 5159
5 2691 2683 6662 5160
5 2754 5965 6863 5161
5 3798 3805 4612 5162
5 5968 3853 6008 5163
5 2782 2816 6836 5164
5 4179 3440 5930 5165
5 6268 6267 6611 5166
5 2640 2638 6475 5167
5 3493 3854 6545 5168
5 3798 3804 3805 5169
5 1900 1902 6336 5170
5 2375 2376 2509 5171
5 3543 3542 3842 5172
5 2603 2602 3462 5173
5 6117 6322 6729 5174
5 3720 3774 6309 5175
5 3851 5656 6036 5176
5 2692 2675 6969 5177
5 3333 3098 6217 5178
5 2311 2875 2876 5179
5 3834 3465 6090 5180
5 6920 5340 6967 5181
5 6095 6889 7034 5182
5 2665 3971 6630 5183
5 5454 5452 5455 5184
5 6541 6115 6619 5185
5 3512 3514 6513 5186
5 1927 1904 6586 5187
5 4126 4147 6272 5188
5 2507 2499 6852 5189
5 5925 5924 5926 5190
5 2844 6554 6978 5191
5 3877 4086 6909 5192
5 2227 2275 6190 5193
5 3069 2466 6019 5194
5 3144 6303 6778 5195
5 6228 6256 6633 5196
5 3308 3307 3309 5197
5 3201 2712 6699 5198
5 3276 2032 3537 5199
5 3088 3066 6207 5200
5 3765 3516 5858 5201
5 3703 3701 4169 5202
5 6776 6180 6818 5203
5 3304 3305 3306 5204
5 3687 3689 4181 5205
5 2416 2505 6779 5206
5 2869 3441 6290 5207
5 4429 7027 7241 5208
5 3405 3822 3823 5209
5 2602 2598 6181 5210
5 3327 5806 5807 5211
5 3508 3509 3510 5212
5 3687 3688 3689 5213
5 2084 2331 6240 5214
5 7239 6021 7251 5215
5 3872 3983 6160 5216
5 6095 4140 6455 5217
5 3615 3617 6635 5218
5 6375 4093 6631 5219
5 5361 5934 6477 5220
5 6313 1920 6751 5221
5 2900 2896 6307 5222
5 6746 3027 6850 5223
5 3942 3941 4115 5224
5 6369 6643 6756 5225
5 6488 6622 6632 5226
5 2040 2242 6138 5227
5 6086 2506 6791 5228
5 5957 3850 5958 5229
5 3428 3427 3802 5230
5 3945 3878 6236 5231
5 6540 4137 6979 5232
5 6380 4394 6381 5233
5 3286 3287 3288 5234
5 2070 2072 6246 5235
5 3298 3297 3299 5236
5 1990 1992 6270 5237
5 2712 2710 6699 5238
5 3758 4446 5586 5239
5 2211 6156 6629 5240
5 5798 4936 6551 5241
5 2502 2380 6390 5242
5 3125 2624 5753 5243
5 2887 3166 3923 5244
5 2413 2412 2414 5245
5 4394 4042 6381 5246
5 4286 4285 4439 5247
5 3798 3439 3804 5248
5 6242 6243 6557 5249
5 3339 3337 6077 5250
5 2621 2622 2623 5251
5 5811 5812 5815 5252
5 1885 1883 6254 5253
5 3738 3736 6572 5254
5 1820 1818 6658 5255
5 2366 2754 6863 5256
5 2716 2717 3180 5257
5 4148 4149 4150 5258
5 4070 6595 6777 5259
5 3516 3517 3518 5260
5 3390 3430 3808 5261
5 2899 2896 2900 5262
5 7069 3236 7111 5263
5 3474 3479 3480 5264
5 3706 3705 3707 5265
5 2421 2419 2537 5266
5 5684 3885 5685 5267
5 5546 5545 6012 5268
5 1888 2845 6492 5269
5 2306 2375 5890 5270
5 3721 3719 6732 5271
5 4069 6790 6928 5272
5 5756 5755 5758 5273
5 6265 6267 6268 5274
5 3686 3481 4306 5275
5 5979 3788 6520 5276
5 4128 4126 6272 5277
5 6337 6336 6339 5278
5 1871 1918 6327 5279
5 6689 2857 6870 5280
5 3940 5953 5954 5281
5 2753 2050 6316 5282
5 2126 2124 6485 5283
5 2303 2217 6228 5284
5 6749 2354 6750 5285
5 5554 2704 5571 5286
5 3031 3032 3033 5287
5 3179 3210 6186 5288
5 5474 5470 5883 5289
5 3553 4111 6215 5290
5 4009 4010 6242 5291
5 2306 2248 2307 5292
5 6032 4152 7113 5293
5 5724 5722 5725 5294
5 6454 6780 6816 5295
5 5661 3855 6184 5296
5 5488 5485 6916 5297
5 2133 2170 6274 5298
5 5496 5494 5497 5299
5 5645 5644 9509 5300
5 6673 6143 7014 5301
5 2562 2564 6352 5302
5 6209 3426 6210 5303
5 3576 4092 6219 5304
5 2520 2470 6738 5305
5 3896 3897 3898 5306
5 1941 1958 6553 5307
5 2050 2052 6316 5308
5 2467 3934 6493 5309
5 6276 2873 6290 5310
5 3315 3780 6013 5311
5 3387 3385 3772 5312
5 4005 3658 6296 5313
5 5967 3853 5968 5314
5 4678 4677 5187 5315
5 6065 5977 6066 5316
5 3740 4069 6063 5317
5 2887 3165 3166 5318
5 3506 3508 3835 5319
5 5914 3533 5915 5320
5 6160 3983 6161 5321
5 2441 2439 6201 5322
5 2512 2513 2514 5323
5 3475 3081 3886 5324
5 5346 5347 5348 5325
5 1930 1932 6370 5326
5 2574 2576 2706 5327
5 6069 3651 6070 5328
5 1621 1623 1667 5329
5 3675 1678 6891 5330
5 2594 2580 5961 5331
5 4377 4378 5659 5332
5 4939 4940 4941 5333
5 1673 1617 5820 5334
5 2449 2322 2450 5335
5 3505 3849 6642 5336
5 3990 6371 6861 5337
5 4261 4001 6835 5338
5 4416 6785 6864 5339
5 6822 6189 6859 5340
5 2161 2310 6511 5341
5 2878 2465 6803 5342
5 4509 4510 4511 5343
5 3886 3081 5992 5344
5 1651 5421 5422 5345
5 2336 2455 6102 5346
5 5389 4369 5394 5347
5 5458 5456 5464 5348
5 3974 4229 4230 5349
5 4880 4881 5286 5350
5 6241 6578 6579 5351
5 2076 2329 6587 5352
5 3667 3668 4406 5353
5 2517 2516 2523 5354
5 3098 3117 6217 5355
5 4451 4452 4862 5356
5 1910 1926 6389 5357
5 6785 6609 6864 5358
5 2260 5978 6748 5359
5 6115 2358 6330 5360
5 3026 3028 6250 5361
5 3050 3077 3172 5362
5 4168 3360 6247 5363
5 7151 6812 7214 5364
5 1908 1910 6389 5365
5 3989 6662 6828 5366
5 6201 2439 6485 5367
5 3539 4363 4364 5368
5 1617 1618 1619 5369
5 3506 3507 3508 5370
5 3897 3895 5655 5371
5 5495 5494 5496 5372
5 3613 3615 6419 5373
5 2601 2562 6352 5374
5 2063 2061 6170 5375
5 6104 2252 6991 5376
5 5966 5969 6348 5377
5 2238 2323 6324 5378
5 4148 3219 4149 5379
5 5714 3926 6384 5380
5 3997 3998 3999 5381
5 4456 4509 5819 5382
5 4644 4645 4669 5383
5 6621 6271 6713 5384
5 6908 6802 6963 5385
5 4219 4403 6718 5386
5 1911 1925 6346 5387
5 3346 4143 6152 5388
5 4333 3639 6314 5389
5 2684 2685 2686 5390
5 2752 6336 6337 5391
5 3578 3576 6219 5392
5 3650 3651 6069 5393
5 4376 5824 6037 5394
5 4945 4944 5668 5395
5 3318 3320 3321 5396
5 4189 4190 4194 5397
5 3285 3283 3821 5398
5 6189 3578 6219 5399
5 2757 2759 6232 5400
5 3694 4434 4435 5401
5 6487 4006 6488 5402
5 2054 2056 6363 5403
5 4454 4453 4455 5404
5 5895 4096 5896 5405
5 3024 3673 6686 5406
5 1774 1772 6961 5407
5 1942 1930 6370 5408
5 2327 2054 6363 5409
5 5543 5542 5545 5410
5 6413 2841 6458 5411
5 4021 3613 6419 5412
5 6412 6413 6458 5413
5 2575 2573 2587 5414
5 4174 3440 4179 5415
5 3513 3511 5956 5416
5 4163 4162 4164 5417
5 4378 5377 5378 5418
5 5910 4389 5911 5419
5 4456 4508 4509 5420
5 6039 1778 6103 5421
5 4144 3707 6767 5422
5 5361 5367 5934 5423
5 6273 6274 6821 5424
5 2135 2133 6274 5425
5 2217 2219 6228 5426
5 2292 2881 7013 5427
5 3716 3718 3803 5428
5 3720 3722 3774 5429
5 1846 1843 6578 5430
5 2272 2366 6863 5431
5 3715 3713 4085 5432
5 6258 6268 6611 5433
5 6468 6588 6626 5434
5 2451 2450 2452 5435
5 3216 3100 3770 5436
5 3172 3439 3797 5437
5 6419 3615 6635 5438
5 3856 4141 6606 5439
5 2580 2581 2585 5440
5 3942 5708 6842 5441
5 4676 4675 4677 5442
5 6261 6260 6267 5443
5 6339 6340 6341 5444
5 6672 6673 6760 5445
5 6643 6370 6756 5446
5 2801 2799 6439 5447
5 4032 4030 6496 5448
5 2570 2571 2572 5449
5 2631 2633 3120 5450
5 3851 3852 4265 5451
5 2572 2573 2574 5452
5 6876 6949 7078 5453
5 5499 5501 5502 5454
5 2330 2463 6165 5455
5 2365 2383 6714 5456
5 2380 2379 6390 5457
5 3585 3594 6366 5458
5 1940 6038 6554 5459
5 2015 1990 6270 5460
5 3227 2541 5974 5461
5 3504 3506 6059 5462
5 1913 1911 6346 5463
5 1980 1950 6321 5464
5 1992 6501 6548 5465
5 3990 2755 6371 5466
5 4100 3546 6372 5467
5 3940 5952 5953 5468
5 4038 6153 6544 5469
5 1887 1920 6313 5470
5 3207 3131 6520 5471
5 5690 5692 5693 5472
5 1452 145 7094 5473
5 2170 6163 6306 5474
5 6274 2170 6306 5475
5 2411 2409 3164 5476
5 6102 2455 6695 5477
5 3878 3880 6236 5478
5 6010 6024 6840 5479
5 6412 2810 6414 5480
5 3280 3336 6049 5481
5 3464 3466 4101 5482
5 3480 3481 3482 5483
5 3458 3459 3483 5484
5 3700 3699 3701 5485
5 2328 2062 6218 5486
5 6464 4395 6557 5487
5 2653 2655 2658 5488
5 4006 6487 6589 5489
5 3663 4076 6221 5490
5 5487 5485 5488 5491
5 3779 4567 4654 5492
5 2508 3986 6330 5493
5 2608 2609 2610 5494
5 6047 2844 6978 5495
5 2246 6539 6754 5496
5 2430 2431 2432 5497
5 3667 4406 4407 5498
5 3720 3719 3721 5499
5 3156 3730 5715 5500
5 3642 4333 6248 5501
5 3910 3909 3911 5502
5 2082 2084 6240 5503
5 2653 2658 6024 5504
5 6416 2841 6457 5505
5 2876 2875 3141 5506
5 3796 3512 6513 5507
5 3574 3572 6180 5508
5 3583 3585 6366 5509
5 4069 3738 6572 5510
5 3927 3928 3930 5511
5 6115 3988 6619 5512
5 4110 4108 4177 5513
5 7146 6563 7147 5514
5 1873 1871 6327 5515
5 2356 2279 6558 5516
5 3464 3465 3466 5517
5 2201 2260 6334 5518
5 2678 2680 2687 5519
5 3945 6236 6238 5520
5 4072 4074 4075 5521
5 4943 4944 4945 5522
5 3470 3469 3471 5523
5 6436 6435 6534 5524
5 1903 1922 6239 5525
5 2455 5963 6695 5526
5 2681 3196 6662 5527
5 6203 3460 6204 5528
5 1616 1614 2714 5529
5 2474 2452 5854 5530
5 3683 3246 3684 5531
5 3434 3757 3828 5532
5 4937 4936 4938 5533
5 6271 6621 6683 5534
5 6401 6402 6404 5535
5 2280 6658 6966 5536
5 2542 3031 3527 5537
5 3314 3315 3316 5538
5 3434 3828 5371 5539
5 6270 1992 6271 5540
5 1151 1150 1687 5541
5 3023 2873 6276 5542
5 3906 3905 3907 5543
5 6417 4021 6419 5544
5 5701 5703 6941 5545
5 2118 2346 5789 5546
5 2656 3533 5914 5547
5 3243 3241 3682 5548
5 4198 5800 5802 5549
5 5341 5340 5342 5550
5 128 127 7121 5551
5 6644 2687 6709 5552
5 2841 6413 6457 5553
5 4103 6669 6763 5554
5 4136 6907 6972 5555
5 6255 2825 6447 5556
5 5950 4100 6372 5557
5 6122 6334 6748 5558
5 1988 1972 6259 5559
5 2655 2656 2657 5560
5 2723 3264 4104 5561
5 2735 2733 6607 5562
5 4010 4013 6242 5563
5 4070 6461 6595 5564
5 5839 5840 5841 5565
5 1662 1664 2001 5566
5 2339 2337 6318 5567
5 3388 3389 3390 5568
5 2672 2674 6674 5569
5 6194 3792 6253 5570
5 3935 3882 6710 5571
5 5819 6644 6709 5572
5 2036 2123 6438 5573
5 2375 2509 2515 5574
5 2595 2591 2870 5575
5 2635 2634 2636 5576
5 3318 3319 3320 5577
5 3467 3465 3834 5578
5 5616 5618 5619 5579
5 5643 5645 5646 5580
5 2122 1988 6259 5581
5 3689 3758 6789 5582
5 2901 2389 6040 5583
5 2357 2508 6330 5584
5 2400 2401 2402 5585
5 3639 3637 6314 5586
5 6214 6746 6850 5587
5 2413 2519 4161 5588
5 2711 3671 5990 5589
5 3242 3241 3243 5590
5 3300 3301 3302 5591
5 3940 3487 5952 5592
5 2641 2643 2644 5593
5 3387 3772 3773 5594
5 2391 2389 2901 5595
5 6456 6436 6534 5596
5 1960 1949 6343 5597
5 2743 1960 6343 5598
5 3552 5987 6520 5599
5 3580 3578 6189 5600
5 5543 5547 6706 5601
5 1889 1887 6313 5602
5 3219 2621 5931 5603
5 3453 2720 3454 5604
5 3288 3287 3289 5605
5 3532 4359 4361 5606
5 6248 4333 6249 5607
5 6219 4092 6220 5608
5 2461 2506 6086 5609
5 1609 1610 1611 5610
5 2244 1802 6567 5611
5 2439 2126 6485 5612
5 3110 3109 3427 5613
5 3463 3817 6090 5614
5 3543 4200 4382 5615
5 6044 5986 6872 5616
5 6236 6237 6238 5617
5 5979 3980 6592 5618
5 2029 2173 6637 5619
5 2422 2421 2423 5620
5 2840 6386 6391 5621
5 3749 3748 6064 5622
5 6105 3334 6106 5623
5 4306 3481 6705 5624
5 3942 5707 5708 5625
5 4326 6753 6799 5626
5 5455 5452 5456 5627
5 5478 5479 5480 5628
5 2459 2431 3081 5629
5 3033 3032 3155 5630
5 4065 6541 6619 5631
5 3804 3439 6980 5632
5 5718 5717 5755 5633
5 2524 2523 3041 5634
5 2560 2562 2601 5635
5 3472 4193 6875 5636
5 5557 5559 5560 5637
5 2137 2135 6273 5638
5 2179 6822 6859 5639
5 2578 2579 2580 5640
5 3562 4400 6325 5641
5 4184 3679 4198 5642
5 5063 5064 5217 5643
5 1929 1943 6304 5644
5 2531 2367 2532 5645
5 3114 2606 6035 5646
5 2638 2636 5358 5647
5 2810 6412 6458 5648
5 4055 3135 6126 5649
5 6056 4077 6788 5650
5 4232 4283 4284 5651
5 6389 1926 6570 5652
5 2097 2096 2098 5653
5 2512 2511 2513 5654
5 2558 2557 2559 5655
5 2631 2632 2633 5656
5 3974 3972 3975 5657
5 3971 3105 3972 5658
5 3847 3238 7120 5659
5 3496 3495 3497 5660
5 3857 3855 5661 5661
5 2515 3190 3282 5662
5 2662 2664 2665 5663
5 3441 2741 6353 5664
5 3161 3334 6105 5665
5 3173 3174 3751 5666
5 3290 3289 3291 5667
5 6256 3554 6633 5668
5 5952 3946 6197 5669
5 4494 4243 4495 5670
5 6163 2170 6523 5671
5 3629 3631 6385 5672
5 1827 2865 6552 5673
5 6273 2135 6274 5674
5 3257 2303 6633 5675
5 3535 2645 5975 5676
5 2854 3133 6260 5677
5 4139 4120 6100 5678
5 1965 6364 6560 5679
5 2557 2584 5909 5680
5 6082 3725 6083 5681
5 1950 1946 6321 5682
5 2190 2092 2247 5683
5 2386 2494 6775 5684
5 6107 3334 6110 5685
5 3515 3513 4374 5686
5 3994 3992 3995 5687
5 5486 5485 5487 5688
5 5996 5997 5998 5689
5 1854 1852 6845 5690
5 2843 1967 6098 5691
5 3551 3550 4386 5692
5 6191 3672 6192 5693
5 3979 6028 6029 5694
5 2026 2025 2095 5695
5 2189 2092 2190 5696
5 3532 2691 3989 5697
5 3347 4113 6139 5698
5 5549 5546 6012 5699
5 1958 4070 6553 5700
5 2333 2467 6493 5701
5 2383 3991 6714 5702
5 2461 2498 2499 5703
5 6200 2822 6439 5704
5 2876 3141 3142 5705
5 3864 4136 6164 5706
5 2253 2063 6170 5707
5 3672 3553 6215 5708
5 2167 2299 6550 5709
5 6657 2268 6664 5710
5 2741 2739 6353 5711
5 5339 5340 5341 5712
5 5361 5360 5366 5713
5 1965 2747 6364 5714
5 2106 2109 6373 5715
5 3761 3792 6194 5716
5 2111 2025 6507 5717
5 2147 6549 6717 5718
5 6291 2166 6323 5719
5 2370 2710 2711 5720
5 3091 2641 6120 5721
5 3380 3672 6191 5722
5 1803 1805 3198 5723
5 3748 3746 5976 5724
5 5547 5550 5849 5725
5 2645 2643 5975 5726
5 2749 6431 6609 5727
5 4403 6549 6718 5728
5 1780 1778 6039 5729
5 2597 2570 5851 5730
5 3944 3383 3966 5731
5 1662 1656 1664 5732
5 2253 6172 6174 5733
5 2457 2458 3054 5734
5 2615 2616 2617 5735
5 3490 3491 3492 5736
5 4198 3679 5800 5737
5 2118 2249 2250 5738
5 2420 2419 2421 5739
5 2684 2686 2689 5740
5 5575 5576 5577 5741
5 2427 2425 6927 5742
5 3489 3940 6712 5743
5 3902 3903 3904 5744
5 6771 6465 6911 5745
5 3786 3207 3787 5746
5 6333 3275 6963 5747
5 6151 3213 6733 5748
5 3483 3484 3486 5749
5 3714 3716 6896 5750
5 2448 2322 2449 5751
5 4157 4176 4426 5752
5 2432 2526 2527 5753
5 2821 6365 6439 5754
5 2822 6200 6496 5755
5 3828 4302 5287 5756
5 7000 4105 7035 5757
5 3360 3362 6247 5758
5 2582 2583 2589 5759
5 3502 3504 4273 5760
5 3779 4174 4567 5761
5 4084 6140 6585 5762
5 4676 4677 4678 5763
5 1627 1638 1656 5764
5 2097 4138 6815 5765
5 2166 2164 6323 5766
5 2168 2166 6291 5767
5 2836 6663 6719 5768
5 3575 3577 6479 5769
5 3631 4045 6385 5770
5 6216 6215 6650 5771
5 3564 3562 6325 5772
5 3712 3711 3713 5773
5 6260 3133 6267 5774
5 3217 3406 3667 5775
5 6301 3767 6483 5776
5 3894 3895 3896 5777
5 6707 7082 7095 5778
5 3274 2851 6499 5779
5 3912 3913 3914 5780
5 4052 1931 6450 5781
5 2706 2576 5664 5782
5 4269 3749 4270 5783
5 6153 6440 6544 5784
5 2390 2389 2391 5785
5 2454 2452 2474 5786
5 2668 2669 2670 5787
5 3428 3802 3831 5788
5 4109 4156 4182 5789
5 2295 2357 6330 5790
5 3512 3513 3514 5791
5 1856 6018 6361 5792
5 2851 2746 6499 5793
5 6392 2815 6495 5794
5 6258 6257 6744 5795
5 2404 2405 2406 5796
5 2560 2561 2562 5797
5 3076 2615 6970 5798
5 3794 4060 6253 5799
5 3843 5333 5375 5800
5 3986 6115 6330 5801
5 6968 6252 6995 5802
5 1145 1144 1690 5803
5 2350 2291 2351 5804
5 2530 2367 2531 5805
5 2574 2573 2575 5806
5 3702 3701 3703 5807
5 4147 4124 6233 5808
5 1613 1612 1614 5809
5 4021 6417 6457 5810
5 1678 1669 1679 5811
5 1773 1774 1775 5812
5 2564 2565 2566 5813
5 3293 3292 3294 5814
5 3294 3292 3295 5815
5 3999 3998 4000 5816
5 2178 2036 6438 5817
5 2124 4008 6485 5818
5 2164 2268 6323 5819
5 2203 2205 6356 5820
5 2275 2229 6331 5821
5 2354 2339 6318 5822
5 3101 3100 3216 5823
5 3344 3346 6152 5824
5 3464 3463 3465 5825
5 6417 6416 6457 5826
5 6487 6488 6632 5827
5 2123 6437 6438 5828
5 6405 2355 6668 5829
5 3468 3469 3470 5830
5 3487 3484 5952 5831
5 3865 3967 6025 5832
5 6046 6044 6947 5833
5 1785 1784 1786 5834
5 4384 2262 5673 5835
5 2396 2397 2398 5836
5 6332 6671 6720 5837
5 3200 1769 6094 5838
5 1849 1848 1850 5839
5 1858 1860 2372 5840
5 2299 2361 6305 5841
5 3577 3768 6479 5842
5 3870 3872 6160 5843
5 4328 4327 4453 5844
5 4503 4579 4580 5845
5 2464 2878 2879 5846
5 3400 6829 6850 5847
5 6588 4078 6626 5848
5 4104 4106 6645 5849
5 5350 5349 5351 5850
5 5476 5473 5477 5851
5 3657 4005 6257 5852
5 5471 5470 5472 5853
5 5543 5545 5546 5854
5 5560 5559 5563 5855
5 5595 5594 5596 5856
5 5646 5645 5647 5857
5 3510 3511 3512 5858
5 3944 4388 5988 5859
5 4440 4439 4441 5860
5 3991 3992 3993 5861
5 6200 4032 6496 5862
5 6153 4036 6365 5863
5 2822 2801 6439 5864
5 2965 2827 6355 5865
5 3510 3512 3796 5866
5 1796 1794 5853 5867
5 1802 1800 6567 5868
5 3870 3871 3872 5869
5 4165 4162 5717 5870
5 1615 1614 1616 5871
5 2576 2577 2578 5872
5 2610 2609 2611 5873
5 2629 2628 2630 5874
5 6126 3135 6319 5875
5 3848 3544 4373 5876
5 2534 3432 3434 5877
5 3708 3709 3710 5878
5 1807 2013 6053 5879
5 2527 3109 3110 5880
5 6414 2810 6415 5881
5 6435 6434 6670 5882
5 2095 2025 2111 5883
5 3126 2722 6347 5884
5 2116 2028 2117 5885
5 2737 2738 6547 5886
5 3456 3941 3942 5887
5 3458 3457 3459 5888
5 3894 3893 3895 5889
5 1789 1792 6832 5890
5 1923 1929 6304 5891
5 2151 2153 6322 5892
5 2165 2167 6550 5893
5 4408 4270 6964 5894
5 1933 1896 6895 5895
5 1945 2444 6620 5896
5 2424 2423 2425 5897
5 2798 2800 6415 5898
5 3273 6320 6509 5899
5 4028 4026 6521 5900
5 4402 6616 6624 5901
5 1935 1941 6553 5902
5 2647 2645 3535 5903
5 6140 2871 6692 5904
5 6847 3278 6979 5905
5 5463 3906 6030 5906
5 4136 6798 6907 5907
5 2272 2273 2366 5908
5 2402 2404 2456 5909
5 3968 3969 5817 5910
5 4002 4001 4261 5911
5 2252 1774 6961 5912
5 3195 1836 6112 5913
5 2742 1865 6362 5914
5 2333 2267 2334 5915
5 2554 2556 2604 5916
5 3134 3383 3944 5917
5 4146 3677 6606 5918
5 1795 1794 1796 5919
5 6435 2817 6534 5920
5 3359 3357 3933 5921
5 3500 3499 3501 5922
5 1611 1612 1613 5923
5 2398 2399 2400 5924
5 2810 2798 6415 5925
5 3304 3303 3305 5926
5 3792 3794 6253 5927
5 1841 1839 3271 5928
5 3314 3313 3315 5929
5 4420 3681 4421 5930
5 6049 4423 7160 5931
5 5619 5618 5620 5932
5 2001 2002 2091 5933
5 2475 2474 2476 5934
5 3433 2520 6738 5935
5 2653 2652 2654 5936
5 2799 2821 6439 5937
5 3933 3357 6141 5938
5 3741 3740 3742 5939
5 3944 3966 4388 5940
5 6491 4262 6608 5941
5 5915 5916 5917 5942
5 2414 2412 2415 5943
5 3677 3855 3856 5944
5 6072 6071 6075 5945
5 2533 2719 2720 5946
5 3446 3069 6019 5947
5 3172 3438 3439 5948
5 4143 3348 6148 5949
5 3489 3487 3940 5950
5 6326 6325 6657 5951
5 2101 2317 6703 5952
5 2159 2161 6511 5953
5 2315 2178 6319 5954
5 6166 2188 6167 5955
5 2299 6305 6550 5956
5 2387 2385 2525 5957
5 3080 2502 6390 5958
5 2660 2659 2661 5959
5 2890 2749 6609 5960
5 2778 6742 6806 5961
5 6106 3334 6107 5962
5 3584 3582 6453 5963
5 4129 4128 4130 5964
5 6386 6385 6391 5965
5 1625 1626 1627 5966
5 2421 2537 5904 5967
5 2432 2431 2459 5968
5 2666 2667 2668 5969
5 2711 3139 3671 5970
5 3972 3105 3973 5971
5 3258 3976 6782 5972
5 3569 3571 6196 5973
5 3970 3957 6121 5974
5 4385 3977 5978 5975
5 6257 4005 6294 5976
5 5799 4376 6037 5977
5 3271 1839 6739 5978
5 2321 2322 2448 5979
5 3492 3493 3494 5980
5 4264 3964 4380 5981
5 1789 1788 1790 5982
5 2398 2400 2469 5983
5 2610 2611 2612 5984
5 3797 3439 3798 5985
5 3856 3855 3857 5986
5 3871 3869 6610 5987
5 5575 5573 5576 5988
5 6083 6084 6085 5989
5 1931 1924 6450 5990
5 1972 2743 6259 5991
5 2361 2492 6305 5992
5 2689 3111 3248 5993
5 3112 3235 3694 5994
5 3644 3642 6248 5995
5 3267 1923 6304 5996
5 6932 2368 7017 5997
5 2394 2395 2396 5998
5 2872 3670 6465 5999
5 4135 3344 6152 6000
5 3727 3726 4526 6001
5 3817 3818 4934 6002
5 5748 4123 6335 6003
5 4376 4414 5824 6004
5 4569 4606 4607 6005
5 5985 5986 6042 6006
5 2216 2303 3256 6007
5 6685 2355 6717 6008
5 2868 2872 6465 6009
5 6610 6029 6788 6010
5 6255 6447 6496 6011
5 2560 2559 2561 6012
5 3161 3163 3334 6013
5 3451 3450 4325 6014
5 6446 6301 6483 6015
5 2112 2110 2113 6016
5 2373 2330 6165 6017
5 2629 2630 2631 6018
5 2677 2675 2692 6019
5 2689 2690 3111 6020
5 3337 4157 6077 6021
5 4084 3349 6139 6022
5 4153 3352 6293 6023
5 3362 4173 6247 6024
5 4086 3875 6055 6025
5 3884 4118 6710 6026
5 6407 4396 6463 6027
5 4607 5701 5702 6028
5 1793 1791 1794 6029
5 1838 1840 1981 6030
5 3086 3085 3181 6031
5 3912 3914 4371 6032
5 1830 1831 1832 6033
5 2787 2809 6526 6034
5 3588 4023 6594 6035
5 3714 3713 3715 6036
5 6428 6425 6449 6037
5 3101 3217 3656 6038
5 3634 3632 6489 6039
5 1668 1638 1669 6040
5 1662 2001 3253 6041
5 2613 2610 6089 6042
5 2637 2636 2638 6043
5 3649 3626 6497 6044
5 4284 4285 4286 6045
5 5341 5342 5343 6046
5 1811 1812 1813 6047
5 1951 1954 6344 6048
5 3537 2032 4003 6049
5 2412 2411 5964 6050
5 2674 3092 6674 6051
5 3751 3174 6230 6052
5 3245 3243 3246 6053
5 4001 3280 6049 6054
5 3362 3364 4173 6055
5 3366 3367 3368 6056
5 6070 3651 6071 6057
5 3736 4405 6572 6058
5 3860 3861 3862 6059
5 3939 3938 4277 6060
5 3961 3959 6599 6061
5 6294 4005 6295 6062
5 6585 6140 6692 6063
5 6202 6203 6205 6064
5 1905 1903 6239 6065
5 2746 1955 6498 6066
5 2340 2342 2436 6067
5 2746 6498 6499 6068
5 2825 6255 6521 6069
5 6303 3144 6645 6070
5 3647 6428 6449 6071
5 4030 6255 6496 6072
5 4036 4034 6365 6073
5 6491 6608 6617 6074
5 1807 1808 1809 6075
5 2219 6227 6228 6076
5 3477 3165 4635 6077
5 3374 3376 4172 6078
5 3908 3909 3910 6079
5 4092 6180 6776 6080
5 4122 4120 4139 6081
5 6305 4395 6550 6082
5 6270 6271 6683 6083
5 1816 1814 2271 6084
5 1839 1837 6739 6085
5 1851 1850 1852 6086
5 2266 2267 2333 6087
5 2731 3254 6275 6088
5 3129 3550 3551 6089
5 3362 3361 3363 6090
5 3582 4079 6453 6091
5 3864 3865 3866 6092
5 3876 3878 3945 6093
5 4106 4105 4107 6094
5 5634 5632 5639 6095
5 1158 1157 1524 6096
5 1611 1610 1612 6097
5 1771 1773 2014 6098
5 2569 2567 2718 6099
5 2733 2730 6275 6100
5 3968 3252 3969 6101
5 3456 3454 3941 6102
5 3860 3862 4142 6103
5 4063 6468 6469 6104
5 6326 6614 6640 6105
5 1769 1770 1771 6106
5 6271 1992 6548 6107
5 2406 2407 2408 6108
5 4145 4128 6272 6109
5 5487 5488 5489 6110
5 6019 6695 6786 6111
5 1678 1679 2004 6112
5 2048 2753 6399 6113
5 3343 3341 6031 6114
5 2058 2060 6625 6115
5 2109 2114 6373 6116
5 2745 2206 6524 6117
5 3117 3161 6105 6118
5 3656 5886 5888 6119
5 2205 2206 2207 6120
5 2370 2709 2710 6121
5 2408 2407 2409 6122
5 3547 2724 3981 6123
5 2852 2854 6260 6124
5 2889 3146 3281 6125
5 5857 3253 7236 6126
5 3514 3516 3765 6127
5 3876 3875 3877 6128
5 3954 3955 3956 6129
5 1771 1772 1773 6130
5 2103 6158 6159 6131
5 2483 2484 3052 6132
5 2098 2096 3275 6133
5 2539 3130 3131 6134
5 3396 2965 6355 6135
5 3263 3554 3555 6136
5 3880 3935 6236 6137
5 3338 3337 3339 6138
5 5712 3926 5714 6139
5 1776 1774 2252 6140
5 1815 1814 1816 6141
5 1856 1857 1858 6142
5 2216 3256 6156 6143
5 3693 3280 4001 6144
5 3834 6091 6092 6145
5 6215 4111 6650 6146
5 5348 5347 5349 6147
5 5966 5967 5969 6148
5 6166 6167 6169 6149
5 2413 2414 2519 6150
5 2620 2621 3219 6151
5 6622 6436 6632 6152
5 2344 2345 2470 6153
5 2815 2769 6495 6154
5 3735 3736 3737 6155
5 3861 5750 6853 6156
5 3908 3907 3909 6157
5 6500 4098 6716 6158
5 6425 6429 6449 6159
5 2031 2029 6637 6160
5 2049 2047 6401 6161
5 2101 2100 2102 6162
5 2143 2355 6405 6163
5 2191 2189 5686 6164
5 2279 6291 6558 6165
5 2364 2341 6749 6166
5 2416 2417 2418 6167
5 3191 2625 6768 6168
5 3959 3957 3970 6169
5 4126 4124 4147 6170
5 4130 4128 4145 6171
5 6697 6696 6951 6172
5 1804 1802 2244 6173
5 1805 1806 1807 6174
5 1809 1810 1811 6175
5 2109 2110 2112 6176
5 5686 2189 6758 6177
5 2219 2221 6227 6178
5 2253 6171 6172 6179
5 6323 2268 6648 6180
5 2488 2356 6558 6181
5 3678 3330 3679 6182
5 3745 3746 3747 6183
5 4116 3883 6068 6184
5 4104 4105 4106 6185
5 5381 4365 5390 6186
5 6406 4396 6407 6187
5 4404 6163 6747 6188
5 4409 4408 6866 6189
5 4456 4455 4508 6190
5 5547 5546 5548 6191
5 6277 6279 6280 6192
5 1856 1858 6018 6193
5 1977 1982 1983 6194
5 2338 2337 2339 6195
5 2383 2495 3991 6196
5 2653 2654 2655 6197
5 3340 3339 3341 6198
5 6297 3584 6453 6199
5 3993 3992 3994 6200
5 4125 4124 4126 6201
5 6054 6797 6951 6202
5 2409 2407 6881 6203
5 3374 4172 6185 6204
5 3868 3870 4093 6205
5 4095 4094 4096 6206
5 4494 4495 4930 6207
5 6374 1919 6375 6208
5 2292 2291 2350 6209
5 2337 3266 6318 6210
5 2592 2591 2595 6211
5 6192 3672 6193 6212
5 4121 4120 4122 6213
5 2012 1994 6601 6214
5 2723 2722 3126 6215
5 3501 3499 5966 6216
5 4177 4108 5884 6217
5 5595 5596 5597 6218
5 2261 1780 6039 6219
5 1793 1794 1795 6220
5 1845 1846 1847 6221
5 2564 2877 6352 6222
5 2881 2882 2883 6223
5 5344 5342 5345 6224
5 2046 2048 6399 6225
5 2047 3666 6401 6226
5 2344 2470 2472 6227
5 2365 2364 2381 6228
5 2370 2369 2709 6229
5 2678 2677 2679 6230
5 2760 3273 6509 6231
5 3364 3365 3366 6232
5 3368 3370 6292 6233
5 3617 4006 6635 6234
5 3632 4262 6489 6235
5 4114 3650 6069 6236
5 6193 3672 6215 6237
5 3884 3883 4116 6238
5 4137 4100 5949 6239
5 3321 3542 3543 6240
5 3354 3355 3356 6241
5 3960 3961 3962 6242
5 6070 6071 6072 6243
5 6411 6412 6414 6244
5 1838 1839 1840 6245
5 2676 2675 2677 6246
5 3653 4397 4404 6247
5 3977 3961 6599 6248
5 4392 6020 6347 6249
5 6076 6607 6854 6250
5 6296 6647 6888 6251
5 1810 1808 2257 6252
5 1859 2842 6646 6253
5 2056 2862 6363 6254
5 2203 2204 2205 6255
5 2248 2247 2311 6256
5 2392 2393 2394 6257
5 2764 2836 6388 6258
5 4109 4182 4183 6259
5 2056 2057 2058 6260
5 3280 3279 3336 6261
5 3482 3481 3686 6262
5 6300 3767 6301 6263
5 1605 1606 1607 6264
5 1787 1788 1789 6265
5 1912 1913 1916 6266
5 1941 1949 1958 6267
5 1964 1970 3270 6268
5 2173 2030 2174 6269
5 2557 2555 2584 6270
5 2671 2669 3122 6271
5 2809 6418 6526 6272
5 3259 3257 3260 6273
5 6144 3985 6145 6274
5 5361 5366 5367 6275
5 6213 6211 6214 6276
5 3025 3023 3400 6277
5 3345 3343 6737 6278
5 6468 4063 6588 6279
5 1946 2850 6321 6280
5 2200 2198 6124 6281
5 2202 2200 6707 6282
5 2206 2204 6524 6283
5 2722 2373 6165 6284
5 2384 2385 2386 6285
5 3132 2441 6201 6286
5 2860 2755 2861 6287
5 3141 2875 4140 6288
5 3656 3217 5886 6289
5 3350 3352 4153 6290
5 3552 5985 5987 6291
5 3586 3584 6297 6292
5 3947 3788 5979 6293
5 4141 3858 5989 6294
5 3984 3977 4385 6295
5 5555 5556 5557 6296
5 5557 5558 5559 6297
5 1827 1825 2865 6298
5 1826 1827 1828 6299
5 1855 1854 1914 6300
5 1876 1878 1937 6301
5 1887 1885 1920 6302
5 1888 1890 2845 6303
5 1894 1896 1933 6304
5 1911 1909 1925 6305
5 2103 2102 6158 6306
5 2112 2113 2266 6307
5 2114 2112 5991 6308
5 2198 2196 2462 6309
5 2216 2217 2303 6310
5 2245 2246 2312 6311
5 2337 2335 3266 6312
5 2366 2367 2530 6313
5 2539 3131 3206 6314
5 2730 2731 6275 6315
5 3258 3257 3259 6316
5 3263 3555 3732 6317
5 3325 3323 3409 6318
5 4155 3681 4420 6319
5 1983 2025 2026 6320
5 4934 3818 4935 6321
5 6549 4403 6717 6322
5 5161 4444 5162 6323
5 1789 1791 1792 6324
5 1983 1982 2025 6325
5 2850 6369 6704 6326
5 3095 3088 3460 6327
5 3210 3335 6186 6328
5 3248 3450 3451 6329
5 3342 3341 3343 6330
5 3880 3879 3881 6331
5 4414 4415 6047 6332
5 5343 5344 5346 6333
5 1813 1814 1815 6334
5 2564 2566 2877 6335
5 3097 3095 6202 6336
5 3730 3155 3731 6337
5 3276 3537 3841 6338
5 3960 3959 3961 6339
5 4021 6457 6494 6340
5 5334 4360 5335 6341
5 6163 4397 6306 6342
5 5819 4509 6034 6343
5 1621 1620 1622 6344
5 2674 2673 2675 6345
5 2678 2679 2680 6346
5 3706 3707 3708 6347
5 6299 3767 6300 6348
5 2586 2581 2591 6349
5 2606 2605 2607 6350
5 6355 2827 6433 6351
5 3232 3231 3726 6352
5 3372 3373 3374 6353
5 6204 6207 6208 6354
5 1613 1614 1615 6355
5 1932 1934 1935 6356
5 2091 2189 2191 6357
5 2208 2745 6226 6358
5 2426 2427 2428 6359
5 2472 2534 3255 6360
5 2564 2563 2565 6361
5 2736 2735 2737 6362
5 3161 3162 3163 6363
5 3210 3211 3212 6364
5 3404 3220 3769 6365
5 3471 3469 4241 6366
5 3537 4003 4362 6367
5 4118 5796 5825 6368
5 6525 4399 6527 6369
5 6386 6559 6670 6370
5 3112 2690 3121 6371
5 6267 3133 6611 6372
5 3488 3487 3489 6373
5 1882 1881 1883 6374
5 2737 2735 2738 6375
5 3078 6722 6723 6376
5 3149 3213 6150 6377
5 3179 3209 3210 6378
5 3691 3249 3965 6379
5 3336 4417 4423 6380
5 3733 3555 3734 6381
5 4013 4014 4015 6382
5 4114 6069 6076 6383
5 4216 4215 4217 6384
5 4381 5861 5862 6385
5 1606 1604 2701 6386
5 2280 1820 6658 6387
5 2035 1988 2036 6388
5 2059 2188 6166 6389
5 2207 2206 2208 6390
5 2661 2659 3236 6391
5 3572 4080 6180 6392
5 3958 3957 3959 6393
5 1817 1818 1819 6394
5 1834 1835 1836 6395
5 2514 2516 2517 6396
5 2665 2666 3105 6397
5 3361 6672 6760 6398
5 3595 6408 6441 6399
5 2010 2005 2028 6400
5 2149 2148 2150 6401
5 2153 2152 2154 6402
5 2222 2325 6223 6403
5 2365 2381 2382 6404
5 2388 2389 2390 6405
5 2390 2392 2485 6406
5 2442 2441 2443 6407
5 2453 2477 3192 6408
5 3316 3315 3317 6409
5 3358 3357 3359 6410
5 3532 3989 4359 6411
5 3579 3578 3580 6412
5 3616 3767 6299 6413
5 3646 3620 6395 6414
5 3633 3635 6598 6415
5 3646 6395 6396 6416
5 6704 4076 6787 6417
5 6210 6211 6212 6418
5 6408 6400 6441 6419
5 6809 6948 7026 6420
5 1607 1606 1608 6421
5 6340 1927 6586 6422
5 2070 2071 2072 6423
5 2214 6234 6949 6424
5 3119 2488 3556 6425
5 3221 3220 3404 6426
5 4064 4055 6126 6427
5 6671 6403 6720 6428
5 1924 1917 6450 6429
5 1954 1964 6344 6430
5 1964 1969 1970 6431
5 1974 1975 1985 6432
5 1977 1983 3138 6433
5 2043 2016 6332 6434
5 2071 2069 2259 6435
5 6158 2106 6373 6436
5 2141 2143 6405 6437
5 2208 2206 2745 6438
5 2213 2215 2216 6439
5 2225 2227 6190 6440
5 2238 2236 2323 6441
5 2298 2240 2724 6442
5 2242 2263 2264 6443
5 2445 2446 2538 6444
5 2464 2465 2878 6445
5 2508 3208 3986 6446
5 2682 2684 5951 6447
5 3546 2724 3547 6448
5 2759 2761 2818 6449
5 2804 2806 6387 6450
5 3119 3557 3558 6451
5 3147 3148 3149 6452
5 3147 3149 3151 6453
5 3366 3368 4170 6454
5 3950 3951 3952 6455
5 3956 3957 3958 6456
5 4057 4055 4064 6457
5 6484 4061 6502 6458
5 4209 4208 4402 6459
5 6407 6463 6543 6460
5 2715 1679 5936 6461
5 1867 1865 2742 6462
5 1883 1881 2725 6463
5 1884 1883 1885 6464
5 1892 1893 1894 6465
5 2139 2359 6566 6466
5 2219 2220 2221 6467
5 2233 2235 2256 6468
5 2433 2434 2529 6469
5 2582 2550 2583 6470
5 2562 2563 2564 6471
5 2719 3128 3129 6472
5 2731 2756 2757 6473
5 3740 3738 4069 6474
5 3877 3875 4086 6475
5 3884 4117 4118 6476
5 4232 4231 4283 6477
5 6045 6044 6046 6478
5 6228 6227 6256 6479
5 1609 1611 1675 6480
5 1622 1620 1642 6481
5 1817 1819 2866 6482
5 1847 1846 1848 6483
5 1965 2746 2747 6484
5 2082 2083 2084 6485
5 2221 2222 2223 6486
5 2227 2228 2229 6487
5 3028 3061 3680 6488
5 3362 3363 3364 6489
5 3374 3375 3376 6490
5 3676 3677 4146 6491
5 3873 3871 4077 6492
5 4093 6160 6631 6493
5 1866 1865 1867 6494
5 2725 1881 6374 6495
5 2174 2030 2194 6496
5 2060 2059 2061 6497
5 2070 2069 2071 6498
5 2109 2107 2110 6499
5 2199 2198 2200 6500
5 2219 2218 2220 6501
5 2340 2341 2342 6502
5 2508 3049 3208 6503
5 2682 2681 2683 6504
5 3981 2724 6324 6505
5 3176 3249 3691 6506
5 3694 3235 4434 6507
5 6210 3426 6211 6508
5 3646 6396 6397 6509
5 3665 3663 6221 6510
5 3884 4116 4117 6511
5 6164 4136 6972 6512
5 4475 4326 4983 6513
5 1779 1778 1780 6514
5 1914 1854 1976 6515
5 2751 1873 6327 6516
5 1876 1877 1878 6517
5 1937 1878 6359 6518
5 2598 2590 2599 6519
5 2765 2767 6467 6520
5 3117 6105 6217 6521
5 6415 6519 6543 6522
5 6425 6422 6429 6523
5 1797 1796 1798 6524
5 1902 1927 6336 6525
5 2255 2156 6328 6526
5 2161 2162 2163 6527
5 2670 2672 2688 6528
5 3725 3178 6939 6529
5 3350 4153 6148 6530
5 3366 4170 6097 6531
5 3581 3580 3582 6532
5 3607 4024 6411 6533
5 3626 3624 6497 6534
5 3673 6252 6686 6535
5 4123 4122 4124 6536
5 4181 4185 4428 6537
5 4008 2122 6259 6538
5 2209 2208 2210 6539
5 2344 2305 2345 6540
5 2425 2423 3045 6541
5 2618 2616 3538 6542
5 3341 3339 4152 6543
5 3587 3586 3588 6544
5 3737 3738 3739 6545
5 3858 3859 3860 6546
5 4026 6355 6521 6547
5 4176 6778 6849 6548
5 1817 1816 1818 6549
5 2052 2327 6316 6550
5 2094 2727 2728 6551
5 2788 2786 2819 6552
5 2797 2795 6440 6553
5 2806 2812 6400 6554
5 3171 3159 3762 6555
5 3336 4416 4417 6556
5 3344 3343 3345 6557
5 4262 3630 6608 6558
5 5188 5187 5189 6559
5 6395 6302 6396 6560
5 1822 1820 2280 6561
5 1888 1887 1889 6562
5 2123 2125 6437 6563
5 2149 2150 2151 6564
5 2347 2151 6322 6565
5 2153 2154 2155 6566
5 2241 2240 2298 6567
5 2809 6416 6417 6568
5 6388 2836 6719 6569
5 3654 4395 6305 6570
5 4935 3818 4936 6571
5 5978 3977 6599 6572
5 5724 5725 5726 6573
5 6299 6302 6395 6574
5 1837 1835 2018 6575
5 2094 2015 2727 6576
5 2074 2075 2076 6577
5 6415 2800 6519 6578
5 2815 6392 6469 6579
5 3203 2868 6465 6580
5 3451 4325 4327 6581
5 3767 3614 6483 6582
5 3624 3622 6443 6583
5 3648 3644 4461 6584
5 4357 4002 6471 6585
5 4941 4942 4943 6586
5 6073 6072 6074 6587
5 6614 6326 6664 6588
5 1772 1770 5932 6589
5 1954 1952 1955 6590
5 2721 2082 6240 6591
5 2812 2824 6400 6592
5 3974 3975 4229 6593
5 4390 4019 6116 6594
5 4220 4221 4222 6595
5 2078 2077 2079 6596
5 2418 2417 2419 6597
5 2767 2768 2769 6598
5 2817 2777 6534 6599
5 6387 2806 6400 6600
5 6456 2814 6632 6601
5 3281 3146 3681 6602
5 3212 3211 3220 6603
5 3344 3345 3346 6604
5 3398 4061 6484 6605
5 4022 3625 6434 6606
5 4051 3629 6385 6607
5 4045 3633 6598 6608
5 6296 3660 6647 6609
5 4060 3807 4102 6610
5 3869 3979 6610 6611
5 6255 4028 6521 6612
5 1607 6182 6916 6613
5 1627 1656 1662 6614
5 1894 1893 1895 6615
5 1906 1905 1907 6616
5 2386 2385 2387 6617
5 4224 3287 6503 6618
5 3769 6079 6080 6619
5 6397 6396 6398 6620
5 2255 6329 6640 6621
5 2606 2607 2608 6622
5 2723 3126 3264 6623
5 2759 2818 6232 6624
5 3351 3349 4084 6625
5 3498 3499 3500 6626
5 3565 3564 3566 6627
5 3582 3580 4079 6628
5 3758 3688 4446 6629
5 4013 4020 6242 6630
5 4084 6139 6140 6631
5 1615 1617 1673 6632
5 1826 1825 1827 6633
5 1837 2018 6739 6634
5 1870 1869 1871 6635
5 1872 1871 1873 6636
5 1917 1913 2748 6637
5 1964 1963 1969 6638
5 2047 2045 3666 6639
5 2077 2075 2270 6640
5 2089 2087 2296 6641
5 2123 2122 2124 6642
5 2143 2145 2355 6643
5 2258 2168 2279 6644
5 2201 2203 2260 6645
5 2204 2202 2371 6646
5 2332 2373 2464 6647
5 2340 2436 6099 6648
5 2394 2396 2479 6649
5 2501 2502 2503 6650
5 2515 2509 3189 6651
5 3274 6499 6500 6652
5 3327 5807 5808 6653
5 3373 3371 3925 6654
5 3573 3572 3574 6655
5 3576 3574 4092 6656
5 3588 3586 4023 6657
5 3589 3588 3590 6658
5 3618 6299 6395 6659
5 4076 3664 4098 6660
5 3718 3719 3720 6661
5 4270 3749 6064 6662
5 3858 3857 3859 6663
5 3963 3977 3984 6664
5 4938 4936 5798 6665
5 5346 5344 5347 6666
5 1777 1778 1779 6667
5 1899 1897 2847 6668
5 1914 1976 1977 6669
5 2016 2094 6332 6670
5 2058 2057 2059 6671
5 2221 2223 2281 6672
5 2379 4054 6390 6673
5 3059 2427 6927 6674
5 2492 3654 6305 6675
5 2625 2626 2627 6676
5 2838 6467 6468 6677
5 3566 3564 4068 6678
5 3742 3740 6063 6679
5 4111 3926 5712 6680
5 4013 4015 4020 6681
5 6411 4024 6412 6682
5 6463 4025 6543 6683
5 6042 5986 6043 6684
5 6518 6517 6626 6685
5 2040 2115 2242 6686
5 2410 2409 2411 6687
5 2644 2643 2645 6688
5 3284 3283 3285 6689
5 3306 3307 3308 6690
5 3490 3489 3491 6691
5 3629 3630 3631 6692
5 3653 4404 4946 6693
5 3868 3867 3869 6694
5 3880 3882 3935 6695
5 3883 3881 3982 6696
5 3962 3963 3964 6697
5 6295 4005 6296 6698
5 4048 6525 6527 6699
5 4096 4094 6811 6700
5 4396 6406 6459 6701
5 6081 6078 6082 6702
5 6436 6456 6632 6703
5 1813 1812 1814 6704
5 2329 2078 6245 6705
5 2124 2122 4008 6706
5 2169 2126 2439 6707
5 2139 2140 2141 6708
5 2749 2181 6431 6709
5 2195 2196 2197 6710
5 2197 2198 2199 6711
5 2332 6054 6762 6712
5 2600 2598 2602 6713
5 3065 3066 3067 6714
5 3117 3160 3161 6715
5 3912 3911 3913 6716
5 4108 4107 4109 6717
5 1607 1608 1609 6718
5 1782 1780 2261 6719
5 1874 1873 1875 6720
5 1971 1972 1987 6721
5 2052 2053 2054 6722
5 2130 2131 2132 6723
5 2141 2142 2143 6724
5 2147 2148 2149 6725
5 2151 2152 2153 6726
5 2279 2168 6291 6727
5 2379 3135 4054 6728
5 2388 2387 2389 6729
5 2443 2441 3132 6730
5 6165 2463 6651 6731
5 2531 2532 2533 6732
5 2831 4053 6410 6733
5 3146 2890 3147 6734
5 3559 3557 3560 6735
5 3569 3568 3570 6736
5 3638 3637 3639 6737
5 4131 4130 4132 6738
5 4212 4213 4214 6739
5 1771 1770 1772 6740
5 1886 1887 1888 6741
5 1936 1886 6492 6742
5 1888 1889 1890 6743
5 1890 1891 1892 6744
5 1921 1893 6354 6745
5 2847 1897 6562 6746
5 1908 1909 1910 6747
5 1912 1911 1913 6748
5 1923 1924 1929 6749
5 1945 1944 1946 6750
5 1990 1978 1992 6751
5 2061 6166 6170 6752
5 2088 2087 2089 6753
5 2089 2296 6431 6754
5 2272 2111 2273 6755
5 2223 2222 2224 6756
5 6358 2251 6629 6757
5 2433 2313 2434 6758
5 2852 2853 2854 6759
5 3136 2852 6260 6760
5 3438 3440 3779 6761
5 3569 3570 3571 6762
5 4050 3761 6194 6763
5 4027 4028 4029 6764
5 4214 4215 4216 6765
5 4218 4219 4220 6766
5 4943 4942 4944 6767
5 6193 6215 6216 6768
5 2229 2230 2231 6769
5 2237 2238 2239 6770
5 2361 2300 2362 6771
5 2406 2405 2407 6772
5 2612 2614 2615 6773
5 2740 2868 3203 6774
5 2759 2760 2761 6775
5 2775 2776 2777 6776
5 2874 2873 3023 6777
5 3108 3040 3170 6778
5 3067 3066 3088 6779
5 3647 3600 6442 6780
5 3611 3612 3613 6781
5 3747 3746 3748 6782
5 2181 2089 6431 6783
5 2120 6401 6404 6784
5 2235 2236 2237 6785
5 3054 2458 3230 6786
5 2490 2491 6535 6787
5 2492 3152 3153 6788
5 3673 3026 6250 6789
5 3355 3353 3985 6790
5 3354 3356 4154 6791
5 4123 4124 4125 6792
5 6043 5986 6044 6793
5 1821 1820 1822 6794
5 1836 1835 1837 6795
5 1851 1852 1853 6796
5 1918 1869 6452 6797
5 1870 1871 1872 6798
5 1954 1955 1963 6799
5 1979 1978 1990 6800
5 1991 1990 2015 6801
5 2056 2058 2862 6802
5 2059 2057 2188 6803
5 2064 2066 2864 6804
5 3277 2262 4384 6805
5 2333 2466 2467 6806
5 2424 2426 2480 6807
5 2568 2567 2569 6808
5 2747 2852 3136 6809
5 2761 2763 6517 6810
5 2775 2774 2776 6811
5 2793 2790 6380 6812
5 2796 2795 2797 6813
5 6400 2824 6441 6814
5 2874 3023 3024 6815
5 3070 3445 3447 6816
5 3145 3143 3332 6817
5 3210 3212 3335 6818
5 3819 3222 3820 6819
5 3388 3325 3389 6820
5 3346 3347 3348 6821
5 3370 3372 4171 6822
5 3605 3607 6411 6823
5 3631 3633 4045 6824
5 3637 3634 4288 6825
5 3646 6397 6443 6826
5 4090 3650 4114 6827
5 6401 3666 6402 6828
5 3794 3807 4060 6829
5 3866 3865 3867 6830
5 6697 4004 6734 6831
5 4022 6434 6435 6832
5 4034 6200 6365 6833
5 4220 4219 4221 6834
5 4395 6464 6550 6835
5 5690 5691 5692 6836
5 6365 6200 6439 6837
5 6391 6392 6495 6838
5 6519 6407 6543 6839
5 1852 1850 6101 6840
5 1860 1861 1862 6841
5 1929 1924 1930 6842
5 1987 1972 1988 6843
5 2072 2848 6246 6844
5 2225 2224 2226 6845
5 2345 2305 2504 6846
5 2463 2749 2889 6847
5 3548 3517 3885 6848
5 3575 3574 3576 6849
5 3640 3642 3643 6850
5 3741 3742 3743 6851
5 5339 5338 5340 6852
5 1807 1809 2013 6853
5 1840 1839 1841 6854
5 1862 1863 1864 6855
5 2295 2356 2357 6856
5 2424 2425 2426 6857
5 2508 2489 3049 6858
5 2639 2638 2640 6859
5 2657 2656 2659 6860
5 2719 3129 6033 6861
5 2757 2758 2759 6862
5 2795 2820 6440 6863
5 2798 2797 2799 6864
5 2829 2823 6470 6865
5 3089 3088 3095 6866
5 3182 3185 3186 6867
5 3595 3596 6459 6868
5 6408 3595 6459 6869
5 4288 3634 6489 6870
5 4037 4038 4039 6871
5 4061 4330 6502 6872
5 4110 4177 4178 6873
5 6489 4262 6490 6874
5 4442 4441 4500 6875
5 5548 5546 5549 6876
5 6421 6422 6423 6877
5 1811 1810 1812 6878
5 2161 2160 2162 6879
5 2186 2168 2258 6880
5 2357 2487 2489 6881
5 2464 2373 2465 6882
5 2740 2739 2741 6883
5 2767 2769 2815 6884
5 3099 2837 6430 6885
5 3887 3180 3888 6886
5 3308 3328 5962 6887
5 3324 3325 3388 6888
5 4079 3580 6189 6889
5 3789 3788 3947 6890
5 3868 3869 3870 6891
5 4093 3870 6160 6892
5 3880 3881 3882 6893
5 5457 5456 5458 6894
5 5597 5596 5598 6895
5 5598 5599 5600 6896
5 5620 5618 5630 6897
5 5619 5621 5622 6898
5 6355 6433 6521 6899
5 6406 6408 6459 6900
5 1668 1669 1678 6901
5 1880 1879 1881 6902
5 2172 2137 6273 6903
5 2359 2141 6405 6904
5 2465 2373 2722 6905
5 2498 3278 6847 6906
5 3108 3524 3525 6907
5 3526 3170 3799 6908
5 3769 3220 6078 6909
5 3224 3657 4049 6910
5 3579 3580 3581 6911
5 3598 3597 3641 6912
5 3603 3605 4025 6913
5 3625 3624 3626 6914
5 3645 3644 3648 6915
5 4098 3664 6716 6916
5 3878 3879 3880 6917
5 4058 4059 4206 6918
5 4106 4108 4110 6919
5 1963 1955 1965 6920
5 2727 2015 6270 6921
5 2046 2047 2048 6922
5 2080 2081 2082 6923
5 2180 2089 2181 6924
5 2101 2102 2103 6925
5 2317 2103 2369 6926
5 2145 2146 2147 6927
5 2155 2154 2156 6928
5 2155 2156 2157 6929
5 2195 2274 6371 6930
5 2396 2395 2397 6931
5 2418 2419 2420 6932
5 2500 3137 3269 6933
5 3788 3207 6520 6934
5 4170 3368 6292 6935
5 3455 3454 3456 6936
5 3575 3576 3577 6937
5 3795 3575 6479 6938
5 3577 3576 3578 6939
5 3640 3639 3642 6940
5 4461 3644 6248 6941
5 3663 3664 4076 6942
5 3792 3793 3794 6943
5 5491 3921 5492 6944
5 6198 3946 6199 6945
5 6145 3985 6698 6946
5 4056 4055 4057 6947
5 4133 4376 5799 6948
5 4210 4209 4211 6949
5 4398 6461 6538 6950
5 6263 6261 6265 6951
5 2036 1988 2122 6952
5 2035 2178 2314 6953
5 2125 2124 2126 6954
5 2128 2130 3652 6955
5 2132 2134 2301 6956
5 2149 2151 2347 6957
5 2156 2154 6328 6958
5 2158 2156 2255 6959
5 2463 2181 2749 6960
5 2255 6328 6329 6961
5 3135 2315 6319 6962
5 2316 2379 2380 6963
5 2359 6405 6641 6964
5 2500 2380 2501 6965
5 2492 2490 3152 6966
5 5974 2497 6887 6967
5 3026 3025 3027 6968
5 3663 3137 3664 6969
5 3224 4049 6542 6970
5 3380 3379 3553 6971
5 3926 3379 6384 6972
5 3621 3622 3623 6973
5 3792 3791 3793 6974
5 3843 3844 5333 6975
5 4027 4026 4028 6976
5 4041 4042 4043 6977
5 1799 1800 1801 6978
5 1799 1801 2020 6979
5 1895 1893 1921 6980
5 1930 1924 1931 6981
5 1932 2750 6370 6982
5 1972 1960 2743 6983
5 2029 2030 2173 6984
5 2055 2053 2859 6985
5 2072 2074 2848 6986
5 2102 2104 2106 6987
5 2128 2127 2129 6988
5 2130 2129 2131 6989
5 2139 2141 2359 6990
5 2151 2150 2152 6991
5 2211 2210 2212 6992
5 2227 2229 2275 6993
5 2230 2228 2324 6994
5 2316 2380 2500 6995
5 2383 2384 2495 6996
5 2399 3068 6721 6997
5 2491 3040 3108 6998
5 2500 2501 3137 6999
5 2711 2712 3139 7000
5 2766 2764 6388 7001
5 2838 2765 6467 7002
5 2771 2772 2773 7003
5 2785 2786 2787 7004
5 2809 2789 6416 7005
5 2825 2805 6447 7006
5 2813 2807 6433 7007
5 2812 2813 2823 7008
5 6433 2825 6521 7009
5 2831 6410 6430 7010
5 2854 2855 2856 7011
5 2854 2856 3133 7012
5 2856 2858 6542 7013
5 2879 2878 3143 7014
5 3098 3116 3117 7015
5 3149 3150 3213 7016
5 3224 3225 3657 7017
5 3378 3379 3380 7018
5 3380 3553 3672 7019
5 4026 3396 6355 7020
5 3596 3598 3599 7021
5 3596 3599 6459 7022
5 3605 3606 3607 7023
5 3610 3608 6420 7024
5 3617 3616 3618 7025
5 3654 4009 4395 7026
5 3658 3659 3660 7027
5 3761 3791 3792 7028
5 3986 3987 3988 7029
5 4034 4032 6200 7030
5 6453 4079 6454 7031
5 5543 5546 5547 7032
5 5690 5689 5691 7033
5 6291 6323 6530 7034
5 6424 6422 6425 7035
5 1826 1828 3197 7036
5 1870 1872 1995 7037
5 1880 1882 2871 7038
5 2358 2295 6330 7039
5 2646 2645 2647 7040
5 2652 2649 3534 7041
5 2685 2691 2898 7042
5 3111 2690 3112 7043
5 2781 2814 6456 7044
5 2837 2832 6430 7045
5 2838 6468 6626 7046
5 4046 3099 6430 7047
5 3869 3867 3979 7048
5 3872 3871 3873 7049
5 4118 4119 5796 7050
5 4381 4380 5861 7051
5 4389 4386 5864 7052
5 7141 6193 7150 7053
5 6359 6856 7019 7054
5 6443 6397 6444 7055
5 1834 1833 1835 7056
5 1842 1841 1843 7057
5 2042 2016 2043 7058
5 2046 2045 2047 7059
5 2050 2049 2051 7060
5 2068 2067 2069 7061
5 2265 2115 6602 7062
5 2136 2135 2137 7063
5 2152 2193 6394 7064
5 2197 2196 2198 7065
5 3118 2488 3119 7066
5 2728 2730 2732 7067
5 2827 2813 6433 7068
5 3263 3260 3554 7069
5 3728 3610 6420 7070
5 3632 3630 4262 7071
5 3637 4288 6314 7072
5 2086 2085 2087 7073
5 6569 2359 6641 7074
5 2568 2570 2597 7075
5 2852 2851 2853 7076
5 3360 3359 3361 7077
5 3378 3377 3379 7078
5 4068 3564 6325 7079
5 3986 3988 6115 7080
5 6466 6533 6541 7081
5 1836 1837 1838 7082
5 2230 2324 6555 7083
5 2237 2236 2238 7084
5 2445 2443 2446 7085
5 3079 2502 3080 7086
5 2820 2793 6380 7087
5 2794 2795 2796 7088
5 2821 2797 6440 7089
5 2798 2799 2800 7090
5 2802 2803 2804 7091
5 2808 2804 6387 7092
5 2966 3397 3398 7093
5 3400 3023 6276 7094
5 3112 3121 3235 7095
5 3173 3751 3752 7096
5 3561 3562 3563 7097
5 3589 3590 3591 7098
5 3592 3591 3593 7099
5 3603 3604 3605 7100
5 4025 3605 6411 7101
5 3611 4021 6494 7102
5 3617 3618 3619 7103
5 3621 3620 3622 7104
5 6421 3636 6422 7105
5 3942 4115 5707 7106
5 4212 4211 4213 7107
5 4399 4332 6527 7108
5 4410 4422 5948 7109
5 6457 6413 6494 7110
5 6423 6422 6424 7111
5 2211 2212 2213 7112
5 2428 2429 2430 7113
5 2625 2624 2626 7114
5 3240 3241 3242 7115
5 6187 3335 6188 7116
5 3348 3350 6148 7117
5 6429 3604 6449 7118
5 3619 3618 3620 7119
5 1781 1780 1782 7120
5 2035 2036 2178 7121
5 2048 2050 2753 7122
5 2051 2049 2120 7123
5 2050 2051 2052 7124
5 2061 2059 6166 7125
5 2064 2065 2066 7126
5 2066 2067 2068 7127
5 2068 2069 2070 7128
5 2072 2071 2073 7129
5 2082 2081 2083 7130
5 2123 2124 2125 7131
5 2143 2144 2145 7132
5 2174 2194 2195 7133
5 2314 2178 2315 7134
5 2330 2181 2463 7135
5 2201 2202 2203 7136
5 2203 2202 2204 7137
5 2205 2204 2206 7138
5 2217 2218 2219 7139
5 6466 2300 6533 7140
5 2357 2356 2487 7141
5 2503 2502 3079 7142
5 2660 2661 2662 7143
5 2728 2727 2729 7144
5 2734 2733 2735 7145
5 2775 2817 6559 7146
5 2816 6571 6836 7147
5 2879 3143 3145 7148
5 3079 3080 3528 7149
5 3119 3556 3557 7150
5 3249 3177 3251 7151
5 3352 3354 6293 7152
5 3368 3367 3369 7153
5 3370 4171 6292 7154
5 3577 3578 3579 7155
5 3601 3600 3602 7156
5 3603 3602 3604 7157
5 3605 3604 3606 7158
5 3607 3606 3608 7159
5 3609 3608 3610 7160
5 3631 3630 3632 7161
5 3641 4062 4236 7162
5 3643 3642 3644 7163
5 4006 6589 6635 7164
5 6821 4023 6831 7165
5 4058 4057 4059 7166
5 4402 4208 6616 7167
5 4216 4217 4218 7168
5 4271 4270 4408 7169
5 4325 4326 4475 7170
5 1798 1796 2184 7171
5 1916 1917 1923 7172
5 1943 1942 1944 7173
5 1958 1960 1971 7174
5 1970 1969 1978 7175
5 2016 2015 2094 7176
5 2036 2122 2123 7177
5 2080 2082 2721 7178
5 2165 2166 2167 7179
5 2223 2224 2225 7180
5 2771 2773 2840 7181
5 2785 2787 6526 7182
5 2789 2791 6416 7183
5 2791 2794 2841 7184
5 2795 2793 2820 7185
5 2803 2801 2822 7186
5 2820 6380 6381 7187
5 2824 2829 2830 7188
5 4053 2829 6470 7189
5 2833 2835 3595 7190
5 2966 2965 3395 7191
5 2966 3398 6484 7192
5 3024 3023 3025 7193
5 3522 3099 4046 7194
5 3585 3584 3586 7195
5 3602 3600 3647 7196
5 3612 3610 3728 7197
5 3620 3618 6395 7198
5 3625 3627 6434 7199
5 3627 3629 4051 7200
5 3638 3639 3640 7201
5 3657 3658 4005 7202
5 4049 3657 6257 7203
5 3662 3761 4050 7204
5 4047 4046 4048 7205
5 4048 6410 6525 7206
5 4054 4055 4056 7207
5 4330 4331 4332 7208
5 4332 4684 6528 7209
5 4398 6538 6591 7210
5 5619 5620 5621 7211
5 6262 6261 6263 7212
5 6277 6278 6279 7213
5 1767 1769 3200 7214
5 1948 1940 6554 7215
5 1966 1948 1973 7216
5 1974 1973 1975 7217
5 1985 1975 1986 7218
5 2084 2085 2086 7219
5 2340 2339 2341 7220
5 2342 2341 2364 7221
5 2411 3164 3927 7222
5 3030 2541 3227 7223
5 2549 2551 2552 7224
5 2648 2647 2649 7225
5 2763 2838 6517 7226
5 2771 2770 2772 7227
5 2777 2776 2778 7228
5 2788 2819 6432 7229
5 2826 2827 2828 7230
5 2831 2829 4053 7231
5 3595 2835 3596 7232
5 2858 3222 3223 7233
5 3179 3178 3209 7234
5 3258 3261 3976 7235
5 4167 3380 6191 7236
5 3402 3522 6451 7237
5 3559 3560 3561 7238
5 3596 3597 3598 7239
5 3615 3614 3616 7240
5 3619 3620 3621 7241
5 3782 3781 4322 7242
5 3817 4934 4973 7243
5 3874 3873 3875 7244
5 4010 4011 4012 7245
5 4047 4487 4488 7246
5 4701 4643 5225 7247
5 1605 1604 1606 7248
5 1790 1788 5803 7249
5 1828 1827 1829 7250
5 1844 1967 1993 7251
5 1853 1854 1855 7252
5 1862 1861 1863 7253
5 1896 1897 1898 7254
5 1902 1903 1904 7255
5 2132 2301 6462 7256
5 2201 2200 2202 7257
5 2231 2232 2233 7258
5 2490 2362 2491 7259
5 2428 2430 2468 7260
5 2467 3069 3070 7261
5 2499 2498 2713 7262
5 2617 2616 2618 7263
5 2641 2640 2643 7264
5 2662 2661 2663 7265
5 2869 2741 3441 7266
5 2765 2766 2767 7267
5 2769 2770 2771 7268
5 2783 2784 2785 7269
5 2789 2790 2791 7270
5 2791 2790 2793 7271
5 2794 2793 2795 7272
5 2800 2799 2801 7273
5 2804 2803 2805 7274
5 2804 2805 2806 7275
5 2806 2805 2807 7276
5 2806 2807 2812 7277
5 2812 2807 2813 7278
5 2807 2825 6433 7279
5 2823 2813 2826 7280
5 2823 2826 6470 7281
5 2828 2965 2966 7282
5 2830 2829 2831 7283
5 2832 2831 6430 7284
5 3073 2837 3099 7285
5 2966 3395 3397 7286
5 3073 3099 3402 7287
5 3073 3403 6448 7288
5 3136 6261 6262 7289
5 3171 3764 3829 7290
5 3296 3297 3298 7291
5 3354 4154 6293 7292
5 3781 3402 6451 7293
5 3403 3782 3783 7294
5 3514 3513 3515 7295
5 3599 3600 3601 7296
5 3618 3616 6299 7297
5 4006 3619 6488 7298
5 3623 3624 3625 7299
5 3631 3632 3633 7300
5 3633 3634 3635 7301
5 3660 3659 3661 7302
5 3737 3736 3738 7303
5 4322 3781 4482 7304
5 6412 4024 6413 7305
5 4043 4044 4087 7306
5 4236 4062 4238 7307
5 4125 5719 6335 7308
5 5756 5758 5759 7309
5 5765 5764 5767 7310
5 6406 6387 6408 7311
5 1803 1804 1805 7312
5 1991 2015 2016 7313
5 2467 3070 3934 7314
5 2731 2729 2756 7315
5 2731 2757 3254 7316
5 3145 3332 3337 7317
5 3350 3351 3352 7318
5 3374 3373 3375 7319
5 3778 3399 3801 7320
5 3827 4026 4027 7321
5 6410 4046 6430 7322
5 4047 4048 4487 7323
5 4330 4332 4399 7324
5 1807 1806 1808 7325
5 1828 1829 1830 7326
5 1886 1885 1887 7327
5 1898 1897 1899 7328
5 2159 2160 2161 7329
5 2299 2186 2300 7330
5 2487 2356 2488 7331
5 2491 2493 3040 7332
5 2492 3153 3654 7333
5 2554 2553 2555 7334
5 2623 2622 2624 7335
5 2650 2652 2653 7336
5 2898 2691 3532 7337
5 2868 2741 2869 7338
5 2765 2764 2766 7339
5 2767 2766 2768 7340
5 2783 2782 2784 7341
5 2785 2784 2786 7342
5 2789 2788 2790 7343
5 2808 6387 6406 7344
5 2824 2823 2829 7345
5 3596 2835 3597 7346
5 3395 2965 3396 7347
5 3028 3027 3060 7348
5 3073 3402 3403 7349
5 3096 3095 3097 7350
5 3140 3201 3202 7351
5 3256 3257 3258 7352
5 3352 3353 3354 7353
5 3356 3357 3358 7354
5 3358 3360 4168 7355
5 3403 3402 3781 7356
5 3403 3781 3782 7357
5 3455 3456 3457 7358
5 3608 3606 3636 7359
5 3636 3606 6429 7360
5 3607 3609 4024 7361
5 3622 3620 3646 7362
5 3623 3622 3624 7363
5 6420 3636 6421 7364
5 6422 3636 6429 7365
5 3641 4237 6442 7366
5 3673 6251 6252 7367
5 4482 3781 6451 7368
5 3782 4322 4518 7369
5 3876 3877 3878 7370
5 4048 4046 6410 7371
5 4061 4329 4330 7372
5 4518 4322 4564 7373
5 4330 4329 4331 7374
5 4642 4643 4701 7375
5 6426 6425 6428 7376
5 2040 2012 2041 7377
5 2263 2115 2265 7378
5 2140 2137 2172 7379
5 2199 2201 6334 7380
5 6616 2301 6624 7381
5 2365 2382 2383 7382
5 2442 2443 2445 7383
5 2710 2709 3127 7384
5 2763 2764 2765 7385
5 2791 2793 2794 7386
5 2796 2797 2798 7387
5 2808 6406 6407 7388
5 2856 2855 2857 7389
5 3787 3207 3788 7390
5 3827 3396 4026 7391
5 3403 3783 6448 7392
5 3653 3590 4397 7393
5 3654 3655 4009 7394
5 4091 3669 4411 7395
5 4029 4028 4030 7396
5 4033 4034 4035 7397
5 4039 4040 4041 7398
5 4043 4042 4044 7399
5 4119 4120 4121 7400
5 4129 4131 5751 7401
5 6203 6204 6206 7402
5 6663 6265 6719 7403
5 1884 1886 1936 7404
5 1898 1900 2752 7405
5 1907 1905 2846 7406
5 1906 1908 2849 7407
5 1916 1923 3267 7408
5 1945 1946 1947 7409
5 1949 1948 1966 7410
5 2052 2054 2327 7411
5 2084 2086 2331 7412
5 2098 3275 6333 7413
5 2129 2127 6568 7414
5 2130 2132 6462 7415
5 2152 2150 2193 7416
5 2161 2163 2310 7417
5 2195 2197 2274 7418
5 2299 2300 2361 7419
5 2314 2315 2316 7420
5 6566 2359 6569 7421
5 2361 2362 2490 7422
5 2366 2530 2754 7423
5 2440 2439 2441 7424
5 2487 2488 3118 7425
5 2684 2683 2685 7426
5 2728 2729 2730 7427
5 2767 2815 6467 7428
5 2858 3223 3224 7429
5 2889 3281 6651 7430
5 3117 3116 3160 7431
5 3372 3371 3373 7432
5 3398 3399 3778 7433
5 3562 3560 4400 7434
5 3567 3569 3830 7435
5 3585 3586 3587 7436
5 3599 3598 3600 7437
5 3598 3641 6442 7438
5 3607 3608 3609 7439
5 3608 3636 6420 7440
5 3613 3612 3614 7441
5 3633 3632 3634 7442
5 3641 4236 4237 7443
5 3643 3644 3645 7444
5 4031 4030 4032 7445
5 4033 4032 4034 7446
5 4035 4034 4036 7447
5 4038 4036 6153 7448
5 4041 4040 4042 7449
5 1792 1793 2032 7450
5 1890 1889 1891 7451
5 1900 1899 1901 7452
5 1902 1904 1927 7453
5 1908 1907 1909 7454
5 1910 1909 1911 7455
5 1949 1966 6343 7456
5 1966 1974 4007 7457
5 1975 1973 2844 7458
5 2026 2095 2096 7459
5 2042 2043 2044 7460
5 2058 2059 2060 7461
5 2084 2083 2085 7462
5 2109 2112 2114 7463
5 2132 2133 2134 7464
5 2136 2137 2139 7465
5 2233 2232 2234 7466
5 2234 2232 2863 7467
5 2242 2264 3134 7468
5 2312 2433 2435 7469
5 2332 2330 2373 7470
5 2333 2334 2466 7471
5 2357 2489 2508 7472
5 2442 2445 2447 7473
5 2623 2624 2625 7474
5 2759 2758 2760 7475
5 2760 2758 3273 7476
5 2769 2771 6495 7477
5 2779 2781 6456 7478
5 2799 2797 2821 7479
5 2800 2802 6519 7480
5 2802 2804 2808 7481
5 2812 2823 2824 7482
5 2826 2813 2827 7483
5 6447 2822 6496 7484
5 2824 2830 6441 7485
5 2828 2827 2965 7486
5 2830 2831 2832 7487
5 2833 2832 2834 7488
5 2834 2832 2837 7489
5 2833 3595 6441 7490
5 2834 2837 3071 7491
5 3071 2837 3073 7492
5 6517 2838 6626 7493
5 2854 2853 2855 7494
5 2858 2857 3222 7495
5 2858 3224 6542 7496
5 3071 3073 6448 7497
5 6669 3203 6763 7498
5 3348 3347 3349 7499
5 3350 3349 3351 7500
5 3368 3369 3370 7501
5 3395 3396 3826 7502
5 4276 3473 6639 7503
5 3552 4112 5985 7504
5 3553 3926 4111 7505
5 3603 4025 6463 7506
5 3606 3604 6429 7507
5 3619 3621 6488 7508
5 3862 3863 3864 7509
5 4030 4028 6255 7510
5 4039 4038 4040 7511
5 4056 4057 4058 7512
5 4111 5712 5713 7513
5 5985 4112 5986 7514
5 4236 4238 4642 7515
5 4332 4331 4684 7516
5 6299 6300 6302 7517
5 6418 6417 6419 7518
5 6424 6425 6426 7519
5 2184 1796 5853 7520
5 1803 1802 1804 7521
5 2650 2649 2652 7522
5 2868 2869 2872 7523
5 6150 3213 6151 7524
5 3498 3497 3499 7525
5 3504 3505 3506 7526
5 3611 3610 3612 7527
5 3628 3626 3649 7528
5 3635 3634 3637 7529
5 3864 3866 4136 7530
5 3872 3874 3983 7531
5 3889 3888 3890 7532
5 4037 4036 4038 7533
5 4642 4238 4643 7534
5 4419 5359 5360 7535
5 1775 1774 1776 7536
5 1855 1914 6345 7537
5 1858 1857 1859 7538
5 1951 1950 1952 7539
5 1982 1976 3268 7540
5 1979 1991 6564 7541
5 2213 2212 2214 7542
5 2732 4103 6580 7543
5 2734 2735 2736 7544
5 2761 2762 2763 7545
5 2777 2778 2779 7546
5 2781 2782 2783 7547
5 2787 2788 2789 7548
5 2826 2828 2839 7549
5 2830 2832 2833 7550
5 2833 2834 2835 7551
5 2860 2861 3980 7552
5 3402 3099 3522 7553
5 3163 3178 3179 7554
5 3251 3177 3252 7555
5 3324 3323 3325 7556
5 3522 4046 4047 7557
5 3563 3564 3565 7558
5 3571 3572 3573 7559
5 3602 3647 6449 7560
5 6488 3621 6622 7561
5 3622 3646 6443 7562
5 3625 3626 3627 7563
5 3645 3648 3650 7564
5 3743 3742 3744 7565
5 6161 3983 6162 7566
5 6714 3991 6715 7567
5 4044 4394 6096 7568
5 6410 4053 6525 7569
5 6063 4069 6928 7570
5 5921 5920 5922 7571
5 6222 6221 6369 7572
5 1994 1967 2843 7573
5 2048 2047 2049 7574
5 2054 2053 2055 7575
5 2056 2055 2057 7576
5 2194 7001 7062 7577
5 2566 2565 2567 7578
5 3370 3369 3371 7579
5 3474 3473 3479 7580
5 3488 3489 3490 7581
5 3567 3566 3568 7582
5 3600 3598 6442 7583
5 3599 3601 4396 7584
5 3609 3610 3611 7585
5 3611 3613 4021 7586
5 3650 3648 3651 7587
5 3918 3917 4358 7588
5 4025 6411 6414 7589
5 6391 4045 6392 7590
5 5351 5349 5352 7591
5 6387 6400 6408 7592
5 1621 1622 1623 7593
5 1904 1903 1905 7594
5 1945 1947 2444 7595
5 1958 1949 1960 7596
5 1952 1950 1980 7597
5 2298 2724 3546 7598
5 2542 3030 3031 7599
5 2589 2598 2600 7600
5 6969 2673 6971 7601
5 3348 3349 3350 7602
5 3354 3353 3355 7603
5 3451 4327 4328 7604
5 3522 4047 6476 7605
5 4061 3778 4329 7606
5 3870 3869 3871 7607
5 6385 4045 6391 7608
5 1801 1802 1803 7609
5 2163 2164 2165 7610
5 2258 2295 2358 7611
5 2332 2464 6054 7612
5 2381 3048 4071 7613
5 2484 2476 3238 7614
5 2678 2687 6644 7615
5 2763 2762 2764 7616
5 2839 6484 6502 7617
5 3108 3525 6535 7618
5 3281 4392 6651 7619
5 3346 3348 4143 7620
5 3386 3387 3529 7621
5 3561 3560 3562 7622
5 3599 4396 6459 7623
5 3839 3721 3846 7624
5 6490 4262 6491 7625
5 4511 4569 5785 7626
5 6806 6195 6848 7627
5 1850 1848 2438 7628
5 1964 3270 6344 7629
5 2044 2046 2326 7630
5 2079 2077 6157 7631
5 2083 2081 2278 7632
5 6332 2094 6580 7633
5 3106 2493 4065 7634
5 2770 2768 2792 7635
5 2796 2798 2810 7636
5 2807 2805 2825 7637
5 2826 2839 6470 7638
5 2835 2834 6473 7639
5 2853 2851 3274 7640
5 3171 3762 3764 7641
5 3310 3309 3311 7642
5 3322 3320 3323 7643
5 3377 3375 3924 7644
5 3378 3380 4167 7645
5 3553 3379 3926 7646
5 3399 3397 4266 7647
5 3398 3778 4061 7648
5 3430 3449 3776 7649
5 3480 3482 4191 7650
5 4035 4036 4037 7651
5 4044 4042 4394 7652
5 4047 4488 6476 7653
5 5353 5354 5355 7654
5 2052 2051 2053 7655
5 2060 2328 6625 7656
5 2889 2890 3146 7657
5 3209 3178 3725 7658
5 3591 3590 3653 7659
5 3641 3597 4062 7660
5 3601 3602 3603 7661
5 3615 3616 3617 7662
5 3627 3628 3629 7663
5 6197 3946 6198 7664
5 3993 3996 3997 7665
5 4129 4130 4131 7666
5 1799 1798 1800 7667
5 1813 1815 2009 7668
5 1830 1832 1989 7669
5 1845 1843 1846 7670
5 1902 1901 1903 7671
5 1916 1913 1917 7672
5 1923 1917 1924 7673
5 1935 1940 1941 7674
5 1941 1948 1949 7675
5 1946 1944 2850 7676
5 1970 1978 1979 7677
5 1979 1990 1991 7678
5 2011 2012 2040 7679
5 3275 2096 6510 7680
5 2199 2200 2201 7681
5 2213 2214 2215 7682
5 2216 2215 2217 7683
5 4065 2493 6466 7684
5 2659 2656 5914 7685
5 2861 2755 3990 7686
5 2779 2778 2780 7687
5 2781 2780 2782 7688
5 6380 2790 6432 7689
5 2791 2841 6416 7690
5 2803 2822 6447 7691
5 2834 3071 6473 7692
5 2872 2869 2873 7693
5 3024 3026 3673 7694
5 3065 3064 3066 7695
5 3089 3095 3096 7696
5 3293 3294 3330 7697
5 3514 3765 6513 7698
5 3518 3549 3697 7699
5 4099 3546 4100 7700
5 3583 3584 3585 7701
5 3695 3583 6366 7702
5 4023 3586 6297 7703
5 3642 3639 4333 7704
5 4104 6645 6803 7705
5 6374 6375 6631 7706
5 6420 6421 6445 7707
5 1789 1790 1791 7708
5 1792 1791 1793 7709
5 2326 2046 6399 7710
5 2125 2127 2128 7711
5 2128 2129 2130 7712
5 2134 2135 2136 7713
5 2298 3546 4099 7714
5 2316 2315 2379 7715
5 2501 2380 2502 7716
5 3026 3027 3028 7717
5 3049 3159 3171 7718
5 3061 3064 3065 7719
5 3212 3220 3221 7720
5 3262 3260 3263 7721
5 6451 3522 6476 7722
5 3950 3949 3951 7723
5 3952 3953 3954 7724
5 4133 4132 4134 7725
5 6070 6072 6073 7726
5 1830 1829 1831 7727
5 1856 1855 1857 7728
5 2748 1913 6346 7729
5 1934 1931 4052 7730
5 4070 1971 6461 7731
5 2102 2100 2104 7732
5 2167 2166 2168 7733
5 2334 2267 2335 7734
5 2336 2335 2337 7735
5 2711 2710 2712 7736
5 2728 2732 6580 7737
5 2730 2729 2731 7738
5 2732 2730 2733 7739
5 2773 2772 2774 7740
5 3398 3397 3399 7741
5 3627 3626 3628 7742
5 4207 4208 4209 7743
5 5598 5600 5601 7744
5 1626 1624 3250 7745
5 1823 1822 1825 7746
5 1894 1895 1896 7747
5 1906 1907 1908 7748
5 1954 1963 1964 7749
5 1965 1955 2746 7750
5 1971 1960 1972 7751
5 2029 1986 2030 7752
5 2041 2012 2262 7753
5 2076 2075 2077 7754
5 2163 2162 2164 7755
5 2165 2164 2166 7756
5 2227 2226 2228 7757
5 2245 2241 2246 7758
5 2672 2673 2674 7759
5 2800 2801 2802 7760
5 2802 2801 2803 7761
5 3096 3098 3333 7762
5 3206 3131 3207 7763
5 3145 3337 3338 7764
5 3224 3223 3225 7765
5 3258 3259 3261 7766
5 3376 3377 3378 7767
5 3567 3568 3569 7768
5 3693 4001 4002 7769
5 3794 3806 3807 7770
5 3999 4082 5963 7771
5 4215 6668 6685 7772
5 4424 4417 4425 7773
5 5862 5861 5980 7774
5 1779 1780 1781 7775
5 1882 1883 1884 7776
5 6538 2314 6591 7777
5 2381 2364 3048 7778
5 2761 2760 2762 7779
5 2769 2768 2770 7780
5 2787 2786 2788 7781
5 2830 2833 6441 7782
5 3597 2835 6473 7783
5 2872 2874 3670 7784
5 3064 3060 3426 7785
5 3629 3628 3630 7786
5 3728 6420 6445 7787
5 3728 6445 6446 7788
5 3733 3734 3735 7789
5 3962 3964 4263 7790
5 4110 4178 6303 7791
5 4639 4267 4640 7792
5 6369 6221 6704 7793
5 1876 1875 1877 7794
5 1878 1877 1879 7795
5 1891 1889 2744 7796
5 1929 1942 1943 7797
5 1935 1934 1940 7798
5 1943 1944 1945 7799
5 2088 2180 6762 7800
5 2127 2126 2169 7801
5 2133 2131 2170 7802
5 2155 2157 2318 7803
5 2157 2159 6478 7804
5 2164 2162 2268 7805
5 2163 2165 6464 7806
5 2167 2186 2299 7807
5 2169 2439 2440 7808
5 2173 2174 2755 7809
5 2180 2330 2332 7810
5 2295 2279 2356 7811
5 3256 2303 3257 7812
5 3049 2489 3159 7813
5 3040 2493 3106 7814
5 2500 3269 6591 7815
5 2630 2628 3124 7816
5 2662 2663 2664 7817
5 2814 6486 6487 7818
5 3024 3025 3026 7819
5 3108 3170 3524 7820
5 4054 3135 4055 7821
5 3136 6260 6261 7822
5 3162 3160 6687 7823
5 3472 3471 3473 7824
5 3573 3575 3795 7825
5 3581 3583 3695 7826
5 3589 3591 3592 7827
5 4062 3597 6473 7828
5 3640 3643 4078 7829
5 4125 4127 5719 7830
5 4211 4209 6569 7831
5 4219 4217 4403 7832
5 6043 6044 6045 7833
5 1625 1624 1626 7834
5 1864 1866 1938 7835
5 1868 1869 1870 7836
5 1872 1873 1874 7837
5 1875 1873 2751 7838
5 1879 1877 1919 7839
5 1919 1877 6393 7840
5 2157 2156 2158 7841
5 2159 2158 2160 7842
5 6334 2260 6748 7843
5 2361 2490 2492 7844
5 2491 2362 2493 7845
5 2623 2625 3191 7846
5 6259 2743 6906 7847
5 2754 3100 3101 7848
5 2764 2762 2836 7849
5 2776 2774 2811 7850
5 2775 2777 2817 7851
5 3070 3069 3445 7852
5 3445 3069 3446 7853
5 3658 3225 3659 7854
5 3572 3570 4080 7855
5 3616 3614 3767 7856
5 3627 4051 6434 7857
5 4010 3655 4011 7858
5 3914 3913 3915 7859
5 5557 5556 5558 7860
5 1858 1859 1860 7861
5 1985 2029 2031 7862
5 2066 2065 2067 7863
5 2147 2146 2148 7864
5 2292 2352 2881 7865
5 2461 2499 2506 7866
5 2561 2559 2880 7867
5 3269 3137 3663 7868
5 4325 3450 4326 7869
5 3468 3467 3469 7870
5 3546 3547 6372 7871
5 4214 4213 4215 7872
5 4218 4217 4219 7873
5 5873 5872 5874 7874
5 2403 2401 3078 7875
5 2902 2660 6630 7876
5 2739 3204 6353 7877
5 2757 2756 2758 7878
5 2809 6417 6418 7879
5 3223 3222 3819 7880
5 3356 3355 3357 7881
5 3502 3501 3503 7882
5 3882 3881 3883 7883
5 3909 3907 5196 7884
5 3969 4094 4095 7885
5 4010 4012 4013 7886
5 4015 4016 4017 7887
5 5469 5467 5470 7888
5 1777 1776 1778 7889
5 2026 2096 2097 7890
5 2125 2126 2127 7891
5 2132 2131 2133 7892
5 2143 2142 2144 7893
5 2145 2144 2146 7894
5 2180 2181 2330 7895
5 2258 2279 2295 7896
5 2366 2273 2367 7897
5 2407 2405 3113 7898
5 2461 2460 2498 7899
5 3140 2712 3201 7900
5 3452 2720 3453 7901
5 3528 3080 3696 7902
5 3269 3663 3665 7903
5 3318 3317 3319 7904
5 3327 5808 6857 7905
5 3501 5966 6348 7906
5 3581 3582 3583 7907
5 4238 4062 6512 7908
5 6214 6211 6746 7909
5 6262 6263 6264 7910
5 1792 2032 3276 7911
5 1849 1850 1851 7912
5 2170 2131 6523 7913
5 3173 2507 3174 7914
5 2570 2569 2571 7915
5 3370 3371 3372 7916
5 4063 6469 6598 7917
5 1844 1843 1845 7918
5 2044 2043 2045 7919
5 2054 2055 2056 7920
5 2188 2057 6379 7921
5 2848 2074 6587 7922
5 2134 2133 2135 7923
5 2304 2305 2344 7924
5 2491 3108 6535 7925
5 2585 2581 2586 7926
5 2747 2746 2851 7927
5 2747 2851 2852 7928
5 2828 2966 6484 7929
5 3106 4065 4066 7930
5 3149 3148 3150 7931
5 3214 3279 3280 7932
5 3365 3363 3932 7933
5 3573 3574 3575 7934
5 3671 3674 4410 7935
5 3860 3859 3861 7936
5 6392 4045 6598 7937
5 6262 6264 6266 7938
5 1795 1796 1797 7939
5 2626 2624 3125 7940
5 2739 2737 3204 7941
5 2889 2749 2890 7942
5 3061 3060 3064 7943
5 3660 3661 3662 7944
5 4017 4018 4019 7945
5 4050 6194 6195 7946
5 6527 4332 6528 7947
5 5836 5833 5838 7948
5 6468 6467 6469 7949
5 2001 1664 2002 7950
5 1809 1808 1810 7951
5 2139 2137 2140 7952
5 2141 2140 2142 7953
5 2379 2315 3135 7954
5 2402 2401 2403 7955
5 2426 2425 2427 7956
5 2763 2765 2838 7957
5 2773 2774 2775 7958
5 2779 2780 2781 7959
5 2782 2780 2816 7960
5 2841 2794 6458 7961
5 2805 2803 6447 7962
5 6467 2815 6469 7963
5 3133 2856 6542 7964
5 3601 3603 6463 7965
5 4396 3601 6463 7966
5 3604 3602 6449 7967
5 3613 3614 3615 7968
5 3617 3619 4006 7969
5 3623 3625 4022 7970
5 4060 4102 4413 7971
5 6518 4078 6700 7972
5 4238 6512 6529 7973
5 4286 4439 4440 7974
5 5564 5563 5565 7975
5 6469 6392 6598 7976
5 6414 6415 6543 7977
5 2157 2158 2159 7978
5 2612 2615 3076 7979
5 2637 2638 2639 7980
5 3067 3088 3089 7981
5 3174 3175 3176 7982
5 3176 3177 3249 7983
5 3336 3279 4416 7984
5 3518 3517 3548 7985
5 3635 4063 6598 7986
5 3710 3711 3712 7987
5 3979 6029 6610 7988
5 4330 4399 6502 7989
5 1779 1781 2006 7990
5 2055 2859 6379 7991
5 2064 2063 2065 7992
5 2167 2168 2186 7993
5 2195 2194 2196 7994
5 2217 2215 2218 7995
5 2574 2575 2576 7996
5 3762 3159 3763 7997
5 3878 3877 3879 7998
5 3954 3953 3955 7999
5 1801 1800 1802 8000
5 2097 2098 2099 8001
5 2173 2860 6637 8002
5 2235 2234 2236 8003
5 2239 2238 2240 8004
5 6473 3071 6512 8005
5 3986 3208 3987 8006
5 3281 3681 4155 8007
5 6186 3335 6187 8008
5 3340 3341 3342 8009
5 3565 3566 3567 8010
5 3665 6221 6222 8011
5 3948 3949 3950 8012
5 4131 4132 4133 8013
5 4133 4134 4376 8014
5 6314 4288 6315 8015
5 6522 4399 6525 8016
5 4511 4510 4568 8017
5 6105 6106 6108 8018
5 1844 1845 1967 8019
5 2416 2418 2505 8020
5 3524 3170 3526 8021
5 3987 3208 4239 8022
5 3587 3588 3589 8023
5 3649 6497 6597 8024
5 3895 3893 5145 8025
5 4062 6473 6512 8026
5 1623 1624 1625 8027
5 2062 2061 2063 8028
5 2173 2755 2860 8029
5 2207 2208 2209 8030
5 2633 2634 2635 8031
5 2840 6391 6495 8032
5 2860 3980 4088 8033
5 3437 3683 3777 8034
5 3583 3582 3584 8035
5 3891 3890 4324 8036
5 3952 3951 3953 8037
5 4025 6414 6543 8038
5 6487 6486 6589 8039
5 1868 1867 1869 8040
5 1903 1901 1922 8041
5 2044 2045 2046 8042
5 2120 2049 6401 8043
5 2862 2058 6625 8044
5 2060 2062 2328 8045
5 2065 2063 2253 8046
5 2072 2073 2074 8047
5 2076 2077 2078 8048
5 2080 2079 2081 8049
5 2273 2111 4081 8050
5 2125 2128 6437 8051
5 6523 2129 6568 8052
5 2146 2144 2179 8053
5 6319 2178 6438 8054
5 6167 2188 6168 8055
5 2627 2628 2629 8056
5 2839 6502 6522 8057
5 3028 3060 3061 8058
5 4175 3126 6020 8059
5 3552 3130 4112 8060
5 3297 3295 3448 8061
5 3308 3310 3328 8062
5 3577 3579 3768 8063
5 3585 3587 3594 8064
5 3662 3760 3761 8065
5 3955 3953 4387 8066
5 4207 4059 4208 8067
5 4068 6325 6326 8068
5 4404 4397 6163 8069
5 2846 1905 6239 8070
5 1910 1912 1926 8071
5 1932 1935 2750 8072
5 1951 1952 1954 8073
5 1985 1986 2029 8074
5 2226 2224 2867 8075
5 2231 2230 2232 8076
5 2777 2779 6534 8077
5 2781 2783 2814 8078
5 2787 2789 2809 8079
5 6440 2820 6544 8080
5 2856 2857 2858 8081
5 3140 3202 3676 8082
5 3153 3152 3759 8083
5 3321 3322 3542 8084
5 3492 3491 3493 8085
5 3971 3972 3974 8086
5 4017 4019 4390 8087
5 4123 4125 6335 8088
5 6502 4399 6522 8089
5 4400 6590 6648 8090
5 1791 1790 5752 8091
5 1859 1857 2842 8092
5 1863 1861 1915 8093
5 1871 1869 1918 8094
5 1884 1885 1886 8095
5 1904 1905 1906 8096
5 1947 1946 1950 8097
5 2106 2104 2107 8098
5 2312 2246 2313 8099
5 6648 2268 6657 8100
5 2436 2342 6714 8101
5 2483 2476 2484 8102
5 2670 2671 2672 8103
5 3657 3225 3658 8104
5 4009 3655 4010 8105
5 3862 3861 3863 8106
5 6242 4020 6243 8107
5 4937 4938 4939 8108
5 5350 5351 5353 8109
5 1656 1638 1668 8110
5 1668 1678 3675 8111
5 2233 2234 2235 8112
5 2338 2339 2340 8113
5 2503 3669 4091 8114
5 2874 3024 6686 8115
5 3065 3067 3331 8116
5 6236 3935 6237 8117
5 4230 4229 4231 8118
5 6512 6448 6529 8119
5 1781 1782 1783 8120
5 2074 2073 2075 8121
5 2565 2563 2588 8122
5 2657 2659 2660 8123
5 2668 2667 2669 8124
5 2771 2840 6495 8125
5 3071 6448 6512 8126
5 3151 3149 6150 8127
5 3177 3175 6183 8128
5 3645 3650 4090 8129
5 4022 6435 6436 8130
5 1823 1825 1826 8131
5 1880 1881 1882 8132
5 1892 1891 1893 8133
5 1899 2847 6537 8134
5 6375 1919 6907 8135
5 2169 2440 3272 8136
5 2434 2460 2461 8137
5 3129 3128 3550 8138
5 3294 3296 6886 8139
5 3563 3562 3564 8140
5 6413 4024 6494 8141
5 4118 4117 4119 8142
5 4607 4606 4646 8143
5 1819 1820 1821 8144
5 2011 1994 2012 8145
5 2558 2559 2560 8146
5 2621 2619 2622 8147
5 2668 2670 6929 8148
5 3635 3637 3638 8149
5 4078 3643 6700 8150
5 6448 3783 6529 8151
5 3927 3930 5795 8152
5 4053 6522 6525 8153
5 5547 5548 5550 8154
5 1860 1859 1861 8155
5 3382 2264 4089 8156
5 3571 3570 3572 8157
5 4569 4568 4606 8158
5 5459 5458 5460 8159
5 5835 5836 5837 8160
5 7040 7044 7045 8161
5 1838 1837 1839 8162
5 1896 1895 1897 8163
5 2062 2063 2064 8164
5 2062 2064 6218 8165
5 2085 2083 6873 8166
5 2392 2391 2393 8167
5 2567 2565 6118 8168
5 2732 2734 4103 8169
5 2794 2796 6458 8170
5 3160 3116 3523 8171
5 3654 3153 3655 8172
5 3161 3160 3162 8173
5 3273 6621 6713 8174
5 3376 3375 3377 8175
5 4077 3871 6610 8176
5 4487 4048 6527 8177
5 4050 6195 6577 8178
5 4065 6466 6541 8179
5 4207 4209 4210 8180
5 4222 4221 4223 8181
5 6271 6548 6713 8182
5 6278 6276 6290 8183
5 2262 2012 6601 8184
5 2048 2049 2050 8185
5 2078 2079 2080 8186
5 2088 2089 2180 8187
5 6470 2839 6522 8188
5 3269 4398 6591 8189
5 3366 3365 3367 8190
5 5488 6182 7085 8191
5 6268 6258 6784 8192
5 2039 2028 2116 8193
5 2534 2520 3432 8194
5 3235 3121 3843 8195
5 3820 3222 6689 8196
5 1797 1798 1799 8197
5 2394 2393 2395 8198
5 2402 2403 2404 8199
5 2404 2403 2405 8200
5 2808 6407 6519 8201
5 2839 2828 6484 8202
5 3400 6277 6829 8203
5 4400 3560 6590 8204
5 3635 3638 4063 8205
5 3962 3961 3963 8206
5 4002 4261 4496 8207
5 4051 6385 6386 8208
5 4376 4134 4414 8209
5 4211 6569 6641 8210
5 6453 6454 6816 8211
5 1783 1784 1785 8212
5 2229 2228 2230 8213
5 2796 2810 6458 8214
5 2802 2808 6519 8215
5 3131 3130 3552 8216
5 3763 3159 6556 8217
5 3519 3520 3837 8218
5 4053 6470 6522 8219
5 4643 4238 6529 8220
5 4423 4417 4424 8221
5 5701 4646 5703 8222
5 2076 2078 2329 8223
5 2207 2209 2251 8224
5 2440 2441 2442 8225
5 2503 3079 3669 8226
5 2672 2671 2673 8227
5 2861 3990 6009 8228
5 3259 3260 3262 8229
5 3369 3367 3931 8230
5 4049 6257 6258 8231
5 4414 4134 4415 8232
5 5762 5761 5764 8233
5 1805 1804 1806 8234
5 1819 1818 1820 8235
5 1832 1831 1833 8236
5 2438 1848 6241 8237
5 1932 1931 1934 8238
5 1941 1940 1948 8239
5 1947 1950 1951 8240
5 1966 1973 1974 8241
5 1971 1987 6461 8242
5 2102 2106 6158 8243
5 2106 2107 2109 8244
5 2110 2107 2119 8245
5 2222 2220 2325 8246
5 2312 2313 2433 8247
5 2317 2369 2370 8248
5 2762 2760 6509 8249
5 3614 3612 6483 8250
5 3735 3734 3736 8251
5 3787 3788 3789 8252
5 3856 3858 4141 8253
5 5598 5596 5599 8254
5 6264 6263 6320 8255
5 1831 1829 2269 8256
5 1853 1856 6361 8257
5 2092 2002 6455 8258
5 2362 2300 6466 8259
5 2538 2446 2539 8260
5 3152 2490 6535 8261
5 2503 4091 6474 8262
5 2732 2733 2734 8263
5 6386 2840 6559 8264
5 3106 4066 4067 8265
5 3160 3523 6687 8266
5 4410 3674 4422 8267
5 3956 3955 3957 8268
5 4009 6242 6557 8269
5 4127 4126 4128 8270
5 5165 5167 5168 8271
5 1615 1616 1617 8272
5 2260 2203 6356 8273
5 2617 2618 2619 8274
5 4064 6593 6627 8275
5 4678 5187 5188 8276
5 1985 2031 6600 8277
5 1991 2016 2042 8278
5 2755 2174 6371 8279
5 2501 2503 6474 8280
5 3554 6256 6770 8281
5 6580 4103 6671 8282
5 4125 4126 4127 8283
5 2744 1889 6313 8284
5 1898 1899 1900 8285
5 1900 1901 1902 8286
5 1910 1911 1912 8287
5 1929 1930 1942 8288
5 1987 1988 2035 8289
5 2086 2087 2088 8290
5 2225 2226 2227 8291
5 2527 2526 3109 8292
5 2736 2737 2739 8293
5 3143 2878 3144 8294
5 3098 3097 3116 8295
5 3759 3152 6531 8296
5 3748 5976 5977 8297
5 4098 6500 6735 8298
5 1920 1885 6254 8299
5 1925 1909 6574 8300
5 1930 1931 1932 8301
5 2043 6332 6720 8302
5 2127 2169 6568 8303
5 2128 3652 6437 8304
5 6168 2188 6379 8305
5 2204 2371 6524 8306
5 2221 2220 2222 8307
5 2648 2650 3058 8308
5 3342 3343 3344 8309
5 1966 4007 6343 8310
5 2552 2553 2554 8311
5 3360 3361 3362 8312
5 3710 3709 3711 8313
5 5567 5565 5568 8314
5 5727 5725 5728 8315
5 1821 1822 1823 8316
5 1853 1855 1856 8317
5 1878 1879 1880 8318
5 1977 1976 1982 8319
5 6478 2159 6511 8320
5 2221 2281 6227 8321
5 2375 2307 2376 8322
5 2434 2313 2460 8323
5 2430 2429 2431 8324
5 2603 3463 3464 8325
5 2615 2614 2616 8326
5 2670 2669 2671 8327
5 3460 3088 6207 8328
5 3248 3111 3450 8329
5 3195 6112 6113 8330
5 3337 3332 4157 8331
5 4421 3681 6119 8332
5 3743 3744 3745 8333
5 3948 3947 3949 8334
5 4078 6518 6626 8335
5 6294 6295 6755 8336
5 6486 6526 6589 8337
5 1834 1836 3195 8338
5 1866 1867 1868 8339
5 2263 2265 2304 8340
5 2533 2720 3452 8341
5 2676 2677 2678 8342
5 6243 4020 6244 8343
5 1847 1848 1849 8344
5 2039 2116 2118 8345
5 2314 2316 6591 8346
5 2400 2399 2401 8347
5 3338 3339 3340 8348
5 3874 3875 3876 8349
5 1840 1841 1842 8350
5 6501 1969 6560 8351
5 2818 2761 6517 8352
5 3163 3162 3178 8353
5 3346 3345 3347 8354
5 5560 5563 5564 8355
5 2060 2061 2062 8356
5 2417 2415 2522 8357
5 6024 2658 6840 8358
5 2674 2676 3092 8359
5 2733 6275 6607 8360
5 3609 3611 6494 8361
5 3872 3873 3874 8362
5 3906 3907 3908 8363
5 5785 4569 6269 8364
5 2099 2100 2101 8365
5 2539 2446 3130 8366
5 2516 2518 6880 8367
5 3531 2540 5866 8368
5 2666 2664 2667 8369
5 2747 3136 6364 8370
5 2872 2873 2874 8371
5 3664 3137 6474 8372
5 3539 3538 4363 8373
5 3720 3721 3722 8374
5 3970 6121 6122 8375
5 4071 4072 4073 8376
5 2068 2070 2302 8377
5 2212 2210 2368 8378
5 2709 2369 3247 8379
5 2646 2647 2648 8380
5 3364 3363 3365 8381
5 3963 3961 3977 8382
5 4064 6126 6649 8383
5 1783 1782 1784 8384
5 1897 1895 6562 8385
5 1958 1971 4070 8386
5 2174 2195 6371 8387
5 6462 2301 6593 8388
5 2341 2339 2354 8389
5 3186 3185 3187 8390
5 3206 3207 3786 8391
5 6437 3652 6623 8392
5 1993 1994 2011 8393
5 2239 2241 2245 8394
5 2820 6381 6544 8395
5 3400 6276 6277 8396
5 3455 3457 3458 8397
5 4024 3609 6494 8398
5 3864 3863 3865 8399
5 4121 4123 5748 8400
5 4487 6527 6528 8401
5 5564 5567 5570 8402
5 1841 3271 6578 8403
5 1849 1851 3265 8404
5 1864 1863 1865 8405
5 2475 2483 3087 8406
5 2506 2507 3173 8407
5 2599 2606 3114 8408
5 2661 3236 7069 8409
5 3472 3474 4193 8410
5 6277 6276 6278 8411
5 6965 6318 7010 8412
5 2041 2262 3277 8413
5 2118 2116 2249 8414
5 2740 2741 2868 8415
5 3183 3381 3519 8416
5 3306 3305 3307 8417
5 3789 3947 3948 8418
5 3865 3863 3967 8419
5 5354 5351 7076 8420
5 5727 5728 5729 8421
5 1619 1618 1620 8422
5 2568 2569 2570 8423
5 3976 3261 5935 8424
5 5915 3533 5916 8425
5 4392 4155 4393 8426
5 4677 4675 4976 8427
5 5863 5359 6761 8428
5 1787 1786 1788 8429
5 3728 6446 6483 8430
5 4501 4502 4503 8431
5 6533 2358 6541 8432
5 3347 3345 4113 8433
5 3349 3347 6139 8434
5 4411 3669 4412 8435
5 3745 3744 3746 8436
5 1773 1772 1774 8437
5 2258 2358 6533 8438
5 2674 2675 2676 8439
5 2776 2811 6742 8440
5 3147 2890 3148 8441
5 3176 3175 3177 8442
5 4127 4128 4129 8443
5 2849 1908 6389 8444
5 1955 1952 6498 8445
5 2095 2111 2272 8446
5 2097 2099 4138 8447
5 3276 3841 4418 8448
5 3352 3351 3353 8449
5 1788 1786 2277 8450
5 2336 2337 2338 8451
5 3509 3507 7148 8452
5 2233 2256 6229 8453
5 3677 3202 3855 8454
5 3612 3728 6483 8455
5 6212 6211 6213 8456
5 6256 6227 6808 8457
5 1874 1875 1876 8458
5 2266 2113 2267 8459
5 3747 3748 3749 8460
5 6328 2154 6394 8461
5 2310 2163 6464 8462
5 2681 2679 3196 8463
5 2779 6456 6534 8464
5 6645 3144 6803 8465
5 3342 3344 4135 8466
5 6509 6320 6663 8467
5 1993 1967 1994 8468
5 6614 2255 6640 8469
5 3082 3475 3476 8470
5 3324 3388 3391 8471
5 6687 3523 6688 8472
5 2136 2139 6566 8473
5 2814 2783 6486 8474
5 3269 3665 4398 8475
5 3525 6531 6535 8476
5 5337 5338 5339 8477
5 6105 6108 6217 8478
5 1603 1605 2699 8479
5 2131 2129 6523 8480
5 3652 2130 6462 8481
5 2154 2152 6394 8482
5 2155 2318 6729 8483
5 2338 2340 6099 8484
5 2493 2362 6466 8485
5 2631 2630 2632 8486
5 3210 3209 3211 8487
5 3486 3484 3487 8488
5 3512 3511 3513 8489
5 3560 3557 6590 8490
5 6623 3652 6649 8491
5 4209 4402 6569 8492
5 6461 4398 6595 8493
5 6047 4415 6048 8494
5 6126 6319 6623 8495
5 6595 6222 6777 8496
5 6262 6266 6364 8497
5 2040 2041 2115 8498
5 2242 2115 2263 8499
5 2301 2134 6624 8500
5 6464 2165 6550 8501
5 2736 2739 2740 8502
5 3736 3734 4405 8503
5 6327 1918 6974 8504
5 3959 3970 6599 8505
5 1609 1608 1610 8506
5 1619 1620 1621 8507
5 6322 2153 6729 8508
5 2688 2672 6674 8509
5 3693 4002 4357 8510
5 4261 6835 7168 8511
5 6208 6207 6209 8512
5 6438 6437 6623 8513
5 2554 2555 2556 8514
5 3134 3382 3383 8515
5 6708 2142 6780 8516
5 2472 2520 2534 8517
5 2599 2590 2605 8518
5 2680 2681 2682 8519
5 2713 6811 6852 8520
5 3338 3340 4004 8521
5 4452 4151 5689 8522
5 4184 4198 5857 8523
5 4607 4646 5701 8524
5 6418 6419 6635 8525
5 1815 1816 1817 8526
5 2149 2347 6549 8527
5 3466 3465 3467 8528
5 3958 3959 3960 8529
5 1795 1797 3199 8530
5 2790 2788 6432 8531
5 2818 6517 6518 8532
5 6855 4413 6868 8533
5 4419 5360 5361 8534
5 2118 2250 2346 8535
5 2342 2364 2365 8536
5 2384 2382 2385 8537
5 2453 2454 2477 8538
5 5670 4944 6017 8539
5 6079 6078 6081 8540
5 6461 1987 6538 8541
5 6750 2354 6965 8542
5 3144 2878 6803 8543
5 3676 4158 6679 8544
5 6026 3967 6027 8545
5 2589 2590 2598 8546
5 3096 3097 3098 8547
5 3192 3193 4479 8548
5 3640 4078 6588 8549
5 6608 3649 6617 8550
5 3719 4401 6732 8551
5 4111 5713 6650 8552
5 5914 5915 5919 8553
5 6279 6278 6281 8554
5 6350 6349 6351 8555
5 6589 6418 6635 8556
5 1922 1901 6537 8557
5 2239 2240 2241 8558
5 2250 2249 2291 8559
5 2386 2388 2494 8560
5 2754 2530 3100 8561
5 2634 2632 2693 8562
5 3739 3738 3740 8563
5 3112 3694 6753 8564
5 3483 3459 3484 8565
5 3493 3491 3854 8566
5 6174 6175 6472 8567
5 1901 1899 6537 8568
5 2444 1947 6736 8569
5 2134 2136 6624 8570
5 2608 2610 2613 8571
5 3133 6542 6611 8572
5 3708 3707 3709 8573
5 3747 3749 4268 8574
5 3913 3911 5222 8575
5 5469 5470 5471 8576
5 1853 1852 1854 8577
5 2334 2335 2336 8578
5 2657 2660 2902 8579
5 2819 6855 6868 8580
5 2884 2885 3050 8581
5 3214 3150 3279 8582
5 3739 3740 3741 8583
5 5712 5714 6575 8584
5 2094 2728 6580 8585
5 3086 3181 3182 8586
5 3879 3877 6909 8587
5 6572 4405 6915 8588
5 5870 5869 5872 8589
5 6266 6264 6548 8590
5 2004 1679 2005 8591
5 2517 2523 2524 8592
5 3624 6443 6497 8593
5 5475 5476 5478 8594
5 5550 5548 5551 8595
5 7131 7133 7134 8596
5 4412 6689 6870 8597
5 5475 5473 5476 8598
5 6221 4076 6704 8599
5 4119 4117 4120 8600
5 5885 5804 6460 8601
5 6106 6107 6109 8602
5 6107 6110 6111 8603
5 2304 2265 2305 8604
5 3548 3885 4375 8605
5 1627 1626 1638 8606
5 1895 1921 6562 8607
5 1974 1985 6600 8608
5 2792 2768 6546 8609
5 3358 3359 3360 8610
5 6382 4461 6383 8611
5 5646 5654 6088 8612
5 1821 1823 1996 8613
5 2556 2555 2557 8614
5 2585 2586 2593 8615
5 6071 3651 6382 8616
5 2146 2179 6820 8617
5 3494 3493 3495 8618
5 3769 6078 6079 8619
5 2051 2120 6576 8620
5 2318 2157 6478 8621
5 2300 2186 6533 8622
5 2496 2448 2497 8623
5 3315 3313 3780 8624
5 4113 3345 6737 8625
5 1603 1604 1605 8626
5 3048 2364 6749 8627
5 2436 6714 6715 8628
5 3214 3280 3693 8629
5 3286 3285 3287 8630
5 3676 4146 4158 8631
5 3933 6141 6142 8632
5 3984 4385 5912 8633
5 6009 3990 6681 8634
5 4402 6566 6569 8635
5 6566 4402 6624 8636
5 4425 6940 7003 8637
5 6143 6142 6146 8638
5 2585 2593 2716 8639
5 3082 3476 4186 8640
5 3499 3497 3853 8641
5 5646 5647 5654 8642
5 2091 2092 2189 8643
5 2136 6566 6624 8644
5 2371 2202 6707 8645
5 4071 3048 4072 8646
5 3484 3459 3946 8647
5 4131 4133 6628 8648
5 4178 4177 4427 8649
5 6593 6616 6627 8650
5 5905 1688 5906 8651
5 1917 2748 6450 8652
5 1987 2035 6538 8653
5 2099 2098 2100 8654
5 2101 2103 2317 8655
5 2145 2147 6717 8656
5 2147 2149 6549 8657
5 3137 2501 6474 8658
5 4072 3048 4074 8659
5 4066 4065 6619 8660
5 6526 6418 6589 8661
5 2499 2713 6852 8662
5 3284 3286 4379 8663
5 3673 6250 6251 8664
5 3687 3686 3688 8665
5 4121 4122 4123 8666
5 6166 6169 6170 8667
5 2515 3189 3190 8668
5 2836 2762 6509 8669
5 3732 3555 3733 8670
5 1775 1777 2726 8671
5 3159 2489 6556 8672
5 3175 2507 6852 8673
5 2035 2314 6538 8674
5 3383 3382 4201 8675
5 3882 3883 3884 8676
5 4133 5799 6628 8677
5 6742 6195 6806 8678
5 1842 1843 1844 8679
5 1864 1865 1866 8680
5 2064 2864 6218 8681
5 2792 6294 6755 8682
5 3302 3303 3304 8683
5 3502 3503 3504 8684
5 3514 3515 3516 8685
5 3274 6817 6824 8686
5 3866 3867 3868 8687
5 1981 1840 6596 8688
5 5343 5342 5344 8689
5 1907 2846 6574 8690
5 2057 2055 6379 8691
5 2267 2113 6308 8692
5 2316 2500 6591 8693
5 2783 2785 6486 8694
5 3716 3717 3718 8695
5 4283 4231 5062 8696
5 2390 2391 2392 8697
5 2487 3118 6556 8698
5 2639 2641 3091 8699
5 3181 3085 3184 8700
5 6531 3152 6535 8701
5 3496 3497 3498 8702
5 6253 4060 6571 8703
5 4286 4440 6010 8704
5 2643 2640 3536 8705
5 2682 2683 2684 8706
5 6486 2785 6526 8707
5 3251 3252 3968 8708
5 3969 3252 4094 8709
5 4157 3332 4176 8710
5 6204 3460 6207 8711
5 6402 3666 6403 8712
5 4208 4059 6627 8713
5 6617 6597 6618 8714
5 2465 2722 2723 8715
5 2680 2679 2681 8716
5 3999 4000 4082 8717
5 4368 4369 5389 8718
5 2209 2210 2211 8719
5 3507 3505 6642 8720
5 4099 4100 4137 8721
5 4359 4360 5334 8722
5 1832 1833 1834 8723
5 2253 6170 6171 8724
5 6263 6265 6663 8725
5 6454 6708 6780 8726
5 1612 1610 1639 8727
5 1909 1907 6574 8728
5 2200 6124 6707 8729
5 3213 3150 3214 8730
5 3217 3216 3406 8731
5 3472 3473 3474 8732
5 3518 3548 3549 8733
5 4095 4096 5893 8734
5 5923 5922 5924 8735
5 6640 6329 6661 8736
5 2399 2397 3068 8737
5 2639 2640 2641 8738
5 2648 2649 2650 8739
5 3281 4155 4392 8740
5 3648 4461 6382 8741
5 3861 3859 5750 8742
5 4076 4098 6787 8743
5 6497 6444 6597 8744
5 2406 2408 2437 8745
5 2566 2567 2568 8746
5 2814 6487 6632 8747
5 1942 6370 6643 8748
5 2268 2162 6664 8749
5 2274 2197 6675 8750
5 2350 2351 2457 8751
5 2614 2611 3540 8752
5 2644 2646 2651 8753
5 3856 3857 3858 8754
5 1775 1776 1777 8755
5 2398 2397 2399 8756
5 2627 2629 3169 8757
5 2186 2258 6533 8758
5 3516 3515 3517 8759
5 5333 3844 5362 8760
5 4093 6375 6798 8761
5 2429 2427 3059 8762
5 3466 3467 3468 8763
5 3933 6142 6143 8764
5 3107 2517 7234 8765
5 3694 4435 6799 8766
5 3712 3713 3714 8767
5 4230 4231 4232 8768
5 6070 6073 6660 8769
5 2169 3272 6568 8770
5 2416 2415 2417 8771
5 3174 2507 3175 8772
5 3109 2526 3393 8773
5 2552 2551 2553 8774
5 3264 3126 4175 8775
5 6275 3254 6854 8776
5 3500 3501 3502 8777
5 6443 6444 6497 8778
5 2411 3927 5964 8779
5 2428 2427 2429 8780
5 3167 3168 3442 8781
5 6195 6194 6848 8782
5 6320 6263 6663 8783
5 6661 6329 6676 8784
5 4103 2734 6669 8785
5 3566 4068 6661 8786
5 4580 4579 4581 8787
5 2489 2487 6556 8788
5 2729 2727 6683 8789
5 3116 3097 6766 8790
5 4221 4219 6718 8791
5 2250 2291 2292 8792
5 6223 2325 6224 8793
5 2498 2460 3278 8794
5 2665 3105 3971 8795
5 3153 3759 6652 8796
5 3296 3295 3297 8797
5 4185 3689 6789 8798
5 3746 3744 4097 8799
5 5977 5976 7030 8800
5 2085 6873 7003 8801
5 5973 2119 6908 8802
5 2386 2387 2388 8803
5 2432 2459 2526 8804
5 3204 2737 6547 8805
5 2811 6577 6742 8806
5 4416 3279 6785 8807
5 6057 4101 6058 8808
5 3494 3495 3496 8809
5 3557 3556 6590 8810
5 6616 4208 6627 8811
5 3134 2264 3382 8812
5 2510 2376 2511 8813
5 2383 2382 2384 8814
5 3305 3303 3692 8815
5 3470 3471 3472 8816
5 3505 3503 3849 8817
5 4229 3975 4880 8818
5 1617 1616 1618 8819
5 6500 6499 6735 8820
5 7041 7039 7042 8821
5 1991 2042 6564 8822
5 2770 2792 6755 8823
5 3312 3314 3329 8824
5 3900 3901 3902 8825
5 5874 5875 7312 8826
5 6672 6143 6673 8827
5 6174 6172 6175 8828
5 6222 6369 6756 8829
5 2556 2557 2558 8830
5 3065 3331 6561 8831
5 3621 3623 6622 8832
5 6172 6171 6173 8833
5 2470 2345 2471 8834
5 2542 2541 3030 8835
5 3312 3313 3314 8836
5 2871 1882 6692 8837
5 3676 3202 3677 8838
5 3319 3317 3824 8839
5 3700 3701 3702 8840
5 3453 3454 3455 8841
5 3914 3915 3916 8842
5 4022 6436 6622 8843
5 2010 2028 2039 8844
5 2599 2605 2606 8845
5 3623 4022 6622 8846
5 4068 6326 6640 8847
5 2510 2511 2512 8848
5 2665 2664 2666 8849
5 4063 3638 6588 8850
5 5726 5725 5727 8851
5 6394 2193 6818 8852
5 3556 2488 6558 8853
5 3991 2495 3992 8854
5 4161 2519 4162 8855
5 3242 3243 3245 8856
5 4104 3264 4105 8857
5 3284 3285 3286 8858
5 3568 3566 6661 8859
5 6593 4064 6649 8860
5 1829 1827 6552 8861
5 2685 2683 2691 8862
5 2768 2766 6546 8863
5 2899 2900 3832 8864
5 5870 5872 5873 8865
5 2579 2577 5540 8866
5 2871 6140 6856 8867
5 2887 2886 3165 8868
5 3277 7239 7251 8869
5 3300 3299 3301 8870
5 3504 3503 3505 8871
5 3916 3918 5465 8872
5 4302 4610 4990 8873
5 6325 4400 6657 8874
5 2509 2376 2510 8875
5 1994 2843 6601 8876
5 3506 3505 3507 8877
5 3463 3462 3817 8878
5 6126 6623 6649 8879
5 1943 1945 6620 8880
5 2472 2470 2520 8881
5 3719 3717 4401 8882
5 2766 6388 6546 8883
5 3817 3462 3818 8884
5 4060 4413 6571 8885
5 6548 6264 6713 8886
5 6291 6530 6558 8887
5 2612 2611 2614 8888
5 3989 2691 6662 8889
5 3041 3103 3851 8890
5 6001 6002 6003 8891
5 3508 3507 3509 8892
5 4200 3842 4370 8893
5 2321 2038 2322 8894
5 6780 2172 6816 8895
5 2463 2889 6651 8896
5 6321 6704 6787 8897
5 3937 3936 3938 8898
5 6700 4090 6814 8899
5 4939 4938 4940 8900
5 4405 6770 6808 8901
5 6402 6771 6911 8902
5 4007 1974 6600 8903
5 2384 2386 6775 8904
5 2572 2571 2573 8905
5 2635 2636 2637 8906
5 5335 5336 5337 8907
5 1623 1622 1624 8908
5 2467 2466 3069 8909
5 2516 2513 2518 8910
5 3937 3938 3939 8911
5 4674 4673 4675 8912
5 6224 2325 6225 8913
5 2401 2399 6721 8914
5 2506 2499 2507 8915
5 2518 6678 6880 8916
5 6621 2756 6683 8917
5 3312 3311 3313 8918
5 3709 3707 4144 8919
5 4102 6807 6868 8920
5 2840 2773 6559 8921
5 3172 3077 3438 8922
5 3551 4389 5910 8923
5 3568 6661 6676 8924
5 3705 5665 6767 8925
5 3937 3939 5060 8926
5 6319 6438 6623 8927
5 1952 1980 6498 8928
5 6147 7089 7172 8929
5 3270 1970 6565 8930
5 1979 6564 6565 8931
5 2608 2607 2609 8932
5 2784 2782 6836 8933
5 2836 6509 6663 8934
5 3222 2857 6689 8935
5 4395 4009 6557 8936
5 4242 4494 5057 8937
5 4674 4675 4676 8938
5 6577 2811 6888 8939
5 1852 6101 6845 8940
5 2449 2450 2451 8941
5 2617 2619 2620 8942
5 3920 3919 3921 8943
5 5874 5872 5875 8944
5 6510 2272 6863 8945
5 3302 3301 3303 8946
5 3390 3389 3430 8947
5 2160 6614 6664 8948
5 2533 2532 2719 8949
5 2633 2632 2634 8950
5 2656 2654 3533 8951
5 3556 6530 6590 8952
5 4059 4057 6627 8953
5 2859 2053 6576 8954
5 6729 2318 6919 8955
5 3927 3164 3928 8956
5 3652 6462 6649 8957
5 3712 3714 4202 8958
5 6139 4113 6856 8959
5 6304 1943 6620 8960
5 3148 2890 6609 8961
5 3671 3139 3674 8962
5 3993 3994 3996 8963
5 4098 6735 6787 8964
5 1936 6585 6692 8965
5 2689 2686 2690 8966
5 3212 3221 6701 8967
5 3667 3406 3668 8968
5 6069 6070 6660 8969
5 1625 1627 6179 8970
5 1785 1786 1787 8971
5 2446 2443 6711 8972
5 2592 2596 2895 8973
5 6025 3967 6026 8974
5 6163 6523 6747 8975
5 2727 6270 6683 8976
5 6369 2850 6643 8977
5 3982 3881 6871 8978
5 6593 2301 6616 8979
5 2454 2474 2475 8980
5 2562 2561 2563 8981
5 2644 2645 2646 8982
5 3084 3085 3086 8983
5 3322 3323 3324 8984
5 4011 3655 6652 8985
5 5335 4360 5336 8986
5 6990 5499 7258 8987
5 2403 3078 6892 8988
5 2773 2775 6559 8989
5 2780 2778 6806 8990
5 3082 4186 7110 8991
5 1783 1785 3123 8992
5 3666 2045 6720 8993
5 2193 2150 6805 8994
5 2627 3169 6768 8995
5 3321 3320 3322 8996
5 3908 3910 5449 8997
5 4002 4496 6471 8998
5 6518 6700 6814 8999
5 2750 1935 6553 9000
5 2172 6273 6831 9001
5 6827 2692 6967 9002
5 3342 4135 6734 9003
5 2162 2160 6664 9004
5 2336 2338 2455 9005
5 3643 3645 6700 9006
5 2443 3132 6711 9007
5 2515 3282 5890 9008
5 2756 2729 6683 9009
5 3571 3573 6581 9010
5 3581 3695 6604 9011
5 5367 5366 5368 9012
5 1861 1859 6646 9013
5 2470 2471 6738 9014
5 3188 3187 3405 9015
5 3714 3715 3716 9016
5 4050 6577 6647 9017
5 5464 5456 6851 9018
5 3260 3257 6633 9019
5 6590 6530 6648 9020
5 6920 2692 6969 9021
5 5864 4386 6731 9022
5 2710 3127 6699 9023
5 3136 6262 6364 9024
5 6193 6216 7150 9025
5 2406 2437 6409 9026
5 2620 2619 2621 9027
5 2655 2654 2656 9028
5 4359 3989 4360 9029
5 2408 2409 2410 9030
5 3343 6031 6737 9031
5 5362 3844 5363 9032
5 4068 6640 6661 9033
5 6123 4387 6861 9034
5 4414 6047 6978 9035
5 5337 5336 5338 9036
5 5547 5849 6706 9037
5 5564 5565 5567 9038
5 2635 2637 2642 9039
5 3904 3905 3906 9040
5 1769 1768 1770 9041
5 6755 6295 6813 9042
5 3674 3139 6679 9043
5 3649 6597 6617 9044
5 6083 3725 6084 9045
5 2179 2144 6708 9046
5 3101 3216 3217 9047
5 3704 3705 3706 9048
5 6735 1980 6787 9049
5 5348 5349 5350 9050
5 2232 2230 6555 9051
5 2752 6337 6338 9052
5 2811 2774 6813 9053
5 2860 4088 6637 9054
5 3655 3153 6652 9055
5 3916 3917 3918 9056
5 6434 4051 6670 9057
5 4213 4211 6641 9058
5 2190 2248 2306 9059
5 4180 3470 6875 9060
5 2420 2421 2422 9061
5 3432 2520 3433 9062
5 3722 3721 3839 9063
5 5937 5936 5939 9064
5 2609 2607 3541 9065
5 7059 4146 7098 9066
5 6173 7112 7123 9067
5 6609 6431 6864 9068
5 2321 2448 2496 9069
5 2414 2415 2416 9070
5 6321 2850 6704 9071
5 3543 3842 4200 9072
5 4057 4064 6627 9073
5 5808 5807 5809 9074
5 6332 6580 6671 9075
5 2099 2101 6703 9076
5 2311 2247 2875 9077
5 2719 2532 3128 9078
5 2068 2302 6636 9079
5 2475 2476 2483 9080
5 3660 3662 6647 9081
5 6546 6388 6784 9082
5 4157 4426 7116 9083
5 6500 6716 6817 9084
5 1770 1768 2187 9085
5 6974 1918 7077 9086
5 3651 3648 6382 9087
5 6258 6744 6784 9088
5 2465 2723 6803 9089
5 3766 3847 4233 9090
5 4509 4508 4510 9091
5 6188 6701 6702 9092
5 2580 2579 2581 9093
5 3183 2717 3381 9094
5 3555 3554 6770 9095
5 2209 2211 6629 9096
5 2395 2393 3047 9097
5 3928 3164 3929 9098
5 6662 3196 6828 9099
5 3590 3588 6594 9100
5 4106 4107 4108 9101
5 4942 4940 5658 9102
5 6189 6219 6859 9103
5 6523 6568 6747 9104
5 2144 2142 6708 9105
5 2298 4099 6539 9106
5 3482 3686 3687 9107
5 3078 6721 6722 9108
5 3434 3432 3757 9109
5 3768 3579 6604 9110
5 6542 4049 6611 9111
5 2355 2145 6717 9112
5 3245 3246 3437 9113
5 3378 4167 6634 9114
5 4375 3885 5684 9115
5 4400 6648 6657 9116
5 6019 2466 6102 9117
5 3479 3473 4276 9118
5 4419 3841 5359 9119
5 5854 2450 6666 9120
5 2551 2550 2582 9121
5 3486 3487 3488 9122
5 3638 3640 6588 9123
5 4456 5819 6709 9124
5 2042 6563 6564 9125
5 6671 4103 6763 9126
5 2292 2350 2352 9127
5 3468 3470 4180 9128
5 2716 2593 2717 9129
5 3063 5467 5468 9130
5 4363 3538 4365 9131
5 4328 4453 4454 9132
5 5495 5496 5498 9133
5 6577 6195 6742 9134
5 1875 2751 6393 9135
5 3166 3165 3477 9136
5 3376 3378 6634 9137
5 5751 4131 6628 9138
5 6202 6205 6766 9139
5 5967 5968 5970 9140
5 6244 4020 6684 9141
5 4109 4107 4156 9142
5 3139 2712 3140 9143
5 4284 4283 4285 9144
5 2018 5707 7124 9145
5 2863 2232 6555 9146
5 6264 6320 6713 9147
5 3828 3757 4302 9148
5 6986 6985 6987 9149
5 2004 2010 2192 9150
5 2229 2231 6331 9151
5 2435 2433 6923 9152
5 6537 2847 6843 9153
5 2558 2560 5955 9154
5 6553 4070 6777 9155
5 2627 2626 2628 9156
5 6345 6931 6997 9157
5 3846 3721 6732 9158
5 3628 3649 6608 9159
5 7079 6169 7105 9160
5 6571 2816 6848 9161
5 3203 6465 6771 9162
5 3662 4050 6647 9163
5 3689 3688 3758 9164
5 4503 4502 4579 9165
5 5868 5870 5871 9166
5 6530 6323 6648 9167
5 2420 2422 2486 9168
5 5161 5163 5165 9169
5 4172 3376 6634 9170
5 3630 3628 6608 9171
5 1992 1978 6501 9172
5 3818 3462 6551 9173
5 6462 6593 6649 9174
5 3851 3103 3852 9175
5 4302 3757 4610 9176
5 3920 3921 3922 9177
5 6306 4397 6594 9178
5 4151 3219 5931 9179
5 6211 3426 6746 9180
5 6125 2462 7031 9181
5 3491 3489 6712 9182
5 5721 5720 5722 9183
5 6530 3556 6558 9184
5 4403 6685 6717 9185
5 2354 6318 6965 9186
5 4049 6258 6611 9187
5 4406 6750 6965 9188
5 5406 5404 5410 9189
5 1877 1875 6393 9190
5 2231 2233 6229 9191
5 2723 4104 6803 9192
5 4149 3219 4151 9193
5 6265 6268 6719 9194
5 3027 3025 6850 9195
5 4943 4945 5141 9196
5 4017 4390 6684 9197
5 6790 6190 6928 9198
5 5529 5531 5536 9199
5 2422 2423 2424 9200
5 5455 5456 5457 9201
5 5925 5926 5927 9202
5 2250 2292 7013 9203
5 2857 2855 6870 9204
5 3308 3309 3310 9205
5 3351 4084 6698 9206
5 3718 3717 3719 9207
5 6641 6405 6668 9208
5 6829 6214 6850 9209
5 2410 2412 2413 9210
5 6716 4091 6817 9211
5 2725 6374 6631 9212
5 1882 1884 6692 9213
5 2045 2043 6720 9214
5 2758 2756 6621 9215
5 3777 3683 4432 9216
5 5949 4100 5950 9217
5 4161 4162 4163 9218
5 4175 6020 6021 9219
5 4423 4424 7119 9220
5 6328 6394 6781 9221
5 3377 3924 6384 9222
5 3266 6308 6937 9223
5 3863 3861 6853 9224
5 2002 1664 6095 9225
5 3265 1851 6361 9226
5 1053 1052 2700 9227
5 1062 1061 2177 9228
5 2091 2002 2092 9229
5 3033 3155 3156 9230
5 1978 1969 6501 9231
5 4087 4044 6807 9232
5 4367 5391 5392 9233
5 2578 2577 2579 9234
5 2589 2583 2590 9235
5 2053 2051 6576 9236
5 4114 6854 6860 9237
5 5759 5761 5762 9238
5 2740 3203 6669 9239
5 6807 6096 6868 9240
5 4369 2023 5448 9241
5 3523 3116 6766 9242
5 3236 5919 7111 9243
5 6498 1980 6735 9244
5 5835 5833 5836 9245
5 3983 3874 6764 9246
5 3876 3945 6764 9247
5 6303 4178 6849 9248
5 4454 4455 4456 9249
5 2849 6389 6844 9250
5 3401 3444 4226 9251
5 2153 2155 6729 9252
5 6549 2347 6718 9253
5 3130 2446 6711 9254
5 3579 3581 6604 9255
5 4160 4281 4282 9256
5 5338 5336 6890 9257
5 4935 4936 4937 9258
5 6253 6571 6848 9259
5 6147 2651 7089 9260
5 6578 3271 6579 9261
5 2004 2005 2010 9262
5 2410 2411 2412 9263
5 6359 2871 6856 9264
5 3335 3212 6701 9265
5 3240 3242 3244 9266
5 3851 4265 5656 9267
5 4582 4673 4674 9268
5 6403 6671 6763 9269
5 1970 1979 6565 9270
5 2331 6696 6697 9271
5 2677 2692 6827 9272
5 6084 3725 6939 9273
5 4880 3975 4881 9274
5 2158 2255 6614 9275
5 3924 3375 6638 9276
5 2449 2451 3074 9277
5 3843 3121 3844 9278
5 6140 6139 6856 9279
5 2586 2591 2592 9280
5 2685 2898 7005 9281
5 3340 3342 6734 9282
5 2592 2595 2596 9283
5 4174 4179 7143 9284
5 5336 4360 6828 9285
5 2778 2776 6742 9286
5 4015 4017 6684 9287
5 4020 4015 6684 9288
5 4223 4221 6783 9289
5 1054 1053 5791 9290
5 4106 4110 6645 9291
5 5935 6011 6830 9292
5 6245 7002 7081 9293
5 3078 2401 6721 9294
5 3273 2758 6621 9295
5 6320 3273 6713 9296
5 3480 3479 3481 9297
5 3939 4277 4334 9298
5 6188 3335 6701 9299
5 6403 3666 6720 9300
5 3892 3891 3893 9301
5 4082 4083 6786 9302
5 2600 2602 2603 9303
5 1993 5988 6917 9304
5 3379 3377 6384 9305
5 6201 6485 6935 9306
5 5895 5897 6154 9307
5 2853 3274 6824 9308
5 4186 3476 4187 9309
5 4398 3665 6595 9310
5 3904 3906 5463 9311
5 4328 4454 5805 9312
5 5457 5458 5459 9313
5 6192 6193 7141 9314
5 4138 2099 6703 9315
5 2226 2867 6680 9316
5 1951 6344 6736 9317
5 3905 3903 5180 9318
5 4135 6152 6988 9319
5 2700 1052 5503 9320
5 2197 2199 6675 9321
5 2466 2334 6102 9322
5 3570 3568 6676 9323
5 3443 3544 3545 9324
5 3881 3879 6871 9325
5 2405 2403 6892 9326
5 5949 3127 7186 9327
5 3316 3317 3318 9328
5 4051 6386 6670 9329
5 7060 2742 7098 9330
5 2883 2882 2884 9331
5 2266 2333 6493 9332
5 2792 6546 6744 9333
5 5721 5722 5724 9334
5 6065 2435 6964 9335
5 2514 2513 2516 9336
5 3774 3722 3775 9337
5 3054 3230 3231 9338
5 2576 2575 2577 9339
5 3438 3077 3440 9340
5 4397 3590 6594 9341
5 3645 4090 6700 9342
5 2437 7114 7198 9343
5 3097 6202 6766 9344
5 3143 3144 6778 9345
5 3664 6474 6716 9346
5 3874 3876 6764 9347
5 2044 2326 6563 9348
5 3373 3925 6638 9349
5 2381 4071 6615 9350
5 2734 2736 6669 9351
5 6220 4092 6776 9352
5 5806 3306 5962 9353
5 2190 2247 2248 9354
5 3473 3471 6639 9355
5 2842 1857 6345 9356
5 3426 3060 6746 9357
5 2246 2241 6539 9358
5 6096 2819 6868 9359
5 2651 2646 7089 9360
5 5809 5807 5814 9361
5 3078 6723 6892 9362
5 3702 3703 3704 9363
5 4165 5717 5718 9364
5 1884 1936 6692 9365
5 2189 2190 6758 9366
5 2690 2686 6999 9367
5 3551 4386 4389 9368
5 4080 3570 6676 9369
5 6047 6048 7009 9370
5 2212 2368 6772 9371
5 2347 6322 6783 9372
5 3680 3061 6561 9373
5 5948 3138 6943 9374
5 4023 6297 6831 9375
5 5759 5758 5761 9376
5 2160 2158 6614 9377
5 2179 6708 6822 9378
5 3031 3030 3032 9379
5 3665 6222 6595 9380
5 2251 2209 6629 9381
5 7082 4145 7095 9382
5 4405 6808 6915 9383
5 5495 5498 5499 9384
5 2864 2066 6636 9385
5 6431 2296 6864 9386
5 3274 6500 6817 9387
5 2718 2567 6118 9388
5 3061 3065 6561 9389
5 4112 3130 6711 9390
5 4511 4568 4569 9391
5 3296 3298 3326 9392
5 3301 3299 3485 9393
5 6162 3983 6764 9394
5 5336 6828 6890 9395
5 6170 6169 6171 9396
5 3182 3181 3185 9397
5 3898 3897 3899 9398
5 6767 7178 7203 9399
5 1947 1951 6736 9400
5 2638 5358 6475 9401
5 3554 3260 6633 9402
5 3310 3311 3312 9403
5 3734 3555 6770 9404
5 7188 4179 7214 9405
5 2199 6334 6675 9406
5 3302 3304 3327 9407
5 3890 3888 4159 9408
5 5644 5650 9511 9409
5 2639 3091 6839 9410
5 3180 2717 3183 9411
5 3239 3142 3240 9412
5 3697 3549 3698 9413
5 4580 4581 4582 9414
5 4284 4286 6840 9415
5 3852 3103 3919 9416
5 3446 6019 6786 9417
5 6474 4091 6716 9418
5 6117 6729 6919 9419
5 1914 1977 6931 9420
5 3358 4168 6730 9421
5 2038 2008 5447 9422
5 2142 2140 6780 9423
5 6020 3126 6347 9424
5 4181 3689 4185 9425
5 4242 4243 4494 9426
5 3898 3899 3900 9427
5 4221 6718 6783 9428
5 6076 6069 6660 9429
5 2459 3081 3082 9430
5 2819 2786 6855 9431
5 4413 4102 6868 9432
5 6676 6329 6781 9433
5 2306 2307 2375 9434
5 4941 4940 4942 9435
5 7131 7132 7133 9436
5 2231 6229 6331 9437
5 2772 2770 6755 9438
5 3933 6143 6672 9439
5 4149 4151 4451 9440
5 2026 2097 6815 9441
5 2296 2087 7003 9442
5 5804 2277 7144 9443
5 6044 6872 6947 9444
5 2042 2044 6563 9445
5 2148 2146 6820 9446
5 6594 4023 6821 9447
5 4080 6676 6781 9448
5 6499 6498 6735 9449
5 6098 1847 6740 9450
5 4440 4441 4442 9451
5 1605 1607 6916 9452
5 2736 2740 6669 9453
5 3110 3427 3428 9454
5 2140 2172 6780 9455
5 2451 2452 2453 9456
5 1944 1942 6643 9457
5 1921 6354 6801 9458
5 3511 3509 3850 9459
5 4442 4500 4501 9460
5 2150 2148 6805 9461
5 3670 2874 6686 9462
5 6388 6719 6784 9463
5 2367 2273 6741 9464
5 2241 2298 6539 9465
5 6743 4230 6769 9466
5 4081 2111 6507 9467
5 6999 2686 7005 9468
5 3758 5667 6789 9469
5 6251 6936 7028 9470
5 1851 1853 6361 9471
5 4114 6076 6854 9472
5 3742 6063 6809 9473
5 5647 5645 9510 9474
5 2540 2497 2541 9475
5 2514 2517 3107 9476
5 7022 1874 7101 9477
5 2549 2550 2551 9478
5 2774 2772 6813 9479
5 4612 3805 4613 9480
5 6454 4079 6822 9481
5 2637 2639 6839 9482
5 3083 3461 4196 9483
5 3887 3888 3889 9484
5 3431 3238 3766 9485
5 4644 4613 4645 9486
5 4215 4213 6668 9487
5 1963 1965 6560 9488
5 6227 2281 6808 9489
5 4476 3922 4497 9490
5 6816 2172 6831 9491
5 6845 6101 6846 9492
5 2597 5851 5852 9493
5 3698 3549 3699 9494
5 1980 6321 6787 9495
5 2225 6190 6693 9496
5 2324 2228 6680 9497
5 2620 3219 4148 9498
5 2066 2068 6636 9499
5 6776 2193 6805 9500
5 6781 6394 6818 9501
5 4983 4326 6799 9502
5 2818 6518 6814 9503
5 3910 3911 3912 9504
5 4387 6681 6861 9505
5 4407 6965 7010 9506
5 3190 3189 3784 9507
5 6817 4411 6824 9508
5 7015 6125 7031 9509
5 2595 2870 3167 9510
5 1973 1948 6554 9511
5 6820 2179 6859 9512
5 3837 3520 3838 9513
5 6045 6046 6819 9514
5 6688 6837 6838 9515
5 3375 3373 6638 9516
5 6329 6328 6781 9517
5 1969 1963 6560 9518
5 6805 2148 6820 9519
5 2855 2853 6824 9520
5 1840 1842 6596 9521
5 2772 6755 6813 9522
5 5666 4169 7144 9523
5 5369 5368 5372 9524
5 2603 3462 3463 9525
5 6568 3272 6747 9526
5 3282 3190 3283 9527
5 5820 1619 5821 9528
5 2816 6806 6848 9529
5 1976 1854 6845 9530
5 2743 6819 6906 9531
5 4217 4215 6685 9532
5 2850 1944 6643 9533
5 2844 1973 6554 9534
5 2081 2079 6823 9535
5 4095 5893 5894 9536
5 7287 7004 7303 9537
5 2816 2780 6806 9538
5 4422 6865 7006 9539
5 2510 2512 3154 9540
5 3967 3863 6853 9541
5 4004 3340 6734 9542
5 7038 7039 7041 9543
5 3471 4241 6639 9544
5 5165 5163 5166 9545
5 3298 3299 3300 9546
5 6878 1613 7278 9547
5 3921 3919 6678 9548
5 2269 1829 6552 9549
5 1915 1861 6646 9550
5 3060 3027 6746 9551
5 6274 6306 6821 9552
5 3510 3509 3511 9553
5 4418 3841 4419 9554
5 2861 6009 6592 9555
5 1767 1768 1769 9556
5 6695 4082 6786 9557
5 4278 3938 6573 9558
5 5491 5492 5797 9559
5 5923 5924 5925 9560
5 6744 6546 6784 9561
5 7040 7038 7044 9562
5 2218 2215 6949 9563
5 1857 1855 6345 9564
5 2275 6331 6948 9565
5 2811 6813 6888 9566
5 4163 4164 4166 9567
5 5471 5473 5475 9568
5 6718 2347 6783 9569
5 4118 5825 6710 9570
5 4377 4364 4378 9571
5 6708 6454 6822 9572
5 7197 1862 7199 9573
5 2110 2119 6933 9574
5 2673 2671 6971 9575
5 3167 3442 4160 9576
5 5471 5472 5473 9577
5 9509 5644 9511 9578
5 3111 3112 6753 9579
5 6379 2859 6936 9580
5 2884 2882 2885 9581
5 3922 3921 5491 9582
5 1849 3265 6740 9583
5 4110 6303 6645 9584
5 5573 1452 7094 9585
5 2895 2896 2899 9586
5 6797 4004 6951 9587
5 6892 6723 6921 9588
5 2504 7155 7180 9589
5 4044 6096 6807 9590
5 6404 6402 6911 9591
5 5976 4097 7008 9592
5 4091 4411 6817 9593
5 3288 3289 3290 9594
5 3430 3389 3449 9595
5 6219 6220 6859 9596
5 6865 4158 6962 9597
5 4194 4195 4199 9598
5 4362 4003 5365 9599
5 6199 3457 6842 9600
5 6693 6190 6790 9601
5 4411 4412 6870 9602
5 5895 5896 5897 9603
5 6194 6253 6848 9604
5 3693 4357 6733 9605
5 3183 3519 3521 9606
5 4160 3442 4281 9607
5 6402 6403 6771 9608
5 2902 6630 6743 9609
5 6763 3203 6771 9610
5 4405 3734 6770 9611
5 5811 5810 5812 9612
5 6222 6756 6777 9613
5 4079 6189 6822 9614
5 2194 2030 7001 9615
5 2120 6404 6995 9616
5 6465 3670 6911 9617
5 6297 6453 6816 9618
5 3268 1976 6845 9619
5 6232 2818 6814 9620
5 3744 3742 6809 9621
5 4069 6572 6790 9622
5 3982 6871 7078 9623
5 2242 3134 6138 9624
5 2079 6157 6823 9625
5 3985 3353 6698 9626
5 4154 3356 6730 9627
5 4363 4365 5381 9628
5 5457 5459 9517 9629
5 3906 3908 6030 9630
5 3353 3351 6698 9631
5 5998 5997 5999 9632
5 6180 4080 6818 9633
5 6100 6932 7017 9634
5 2679 2677 6827 9635
5 4403 4217 6685 9636
5 6571 4413 6836 9637
5 6063 6928 6948 9638
5 3451 4328 6926 9639
5 2456 2404 6409 9640
5 6772 2368 6932 9641
5 2541 2497 5974 9642
5 4378 4364 5377 9643
5 7136 7137 7138 9644
5 2214 2212 6772 9645
5 3338 4004 6797 9646
5 3293 3330 3678 9647
5 4213 6641 6668 9648
5 5709 5710 5711 9649
5 4074 3048 6749 9650
5 1668 3675 6889 9651
5 4452 5689 5690 9652
5 2750 6553 6777 9653
5 5963 4082 6695 9654
5 5765 5767 5768 9655
5 155 1586 6990 9656
5 2524 3042 3083 9657
5 4945 5668 5669 9658
5 6962 6646 7006 9659
5 1919 6393 6907 9660
5 2281 2223 6693 9661
5 5342 5340 6920 9662
5 3894 3896 5608 9663
5 2786 2784 6855 9664
5 3110 3428 3429 9665
5 6478 6244 6918 9666
5 6762 6054 6951 9667
5 1603 1602 1604 9668
5 3268 6845 6846 9669
5 2331 2086 6696 9670
5 6001 6003 9833 9671
5 3929 3164 6881 9672
5 8253 8259 8260 9673
5 4008 6259 6906 9674
5 4645 4613 6884 9675
5 3290 3292 3293 9676
5 2879 3145 6797 9677
5 5645 9509 9510 9678
5 4442 4501 6147 9679
5 1619 1621 5821 9680
5 2083 2278 6873 9681
5 7008 2256 7030 9682
5 3213 3214 6733 9683
5 6087 6086 6791 9684
5 5997 5994 6000 9685
5 2658 2655 6893 9686
5 1640 5721 5723 9687
5 3140 3676 6679 9688
5 6828 3196 6890 9689
5 4443 4444 5160 9690
5 6220 6805 6820 9691
5 6596 1842 6917 9692
5 3033 3156 3384 9693
5 1986 1975 7009 9694
5 4328 5805 6926 9695
5 3256 3258 6782 9696
5 3980 2861 6592 9697
5 3904 3903 3905 9698
5 1938 7161 7179 9699
5 7192 2259 7226 9700
5 3361 3359 6672 9701
5 5921 5922 5923 9702
5 3974 4230 6743 9703
5 4080 6781 6818 9704
5 2895 2899 4429 9705
5 6693 6790 6915 9706
5 4199 4204 4205 9707
5 6389 6570 6844 9708
5 1833 6667 6862 9709
5 6370 2750 6756 9710
5 3868 4093 6798 9711
5 2104 6333 6802 9712
5 4144 7203 7216 9713
5 150 149 5610 9714
5 6027 3967 6853 9715
5 5963 6099 6826 9716
5 5468 5467 5469 9717
5 2669 2667 6976 9718
5 4367 4368 5391 9719
5 3332 3143 6778 9720
5 6679 4158 6865 9721
5 6839 7212 7254 9722
5 3329 6603 6690 9723
5 4136 3866 6798 9724
5 2281 6693 6915 9725
5 3083 3084 3461 9726
5 6345 1914 6931 9727
5 6719 6268 6784 9728
5 3384 3385 3386 9729
5 6277 6280 6829 9730
5 6225 2325 6876 9731
5 4163 4166 4189 9732
5 5807 5806 7229 9733
5 3148 6609 6785 9734
5 3245 3437 3756 9735
5 2529 6087 6866 9736
5 3134 3944 6138 9737
5 6769 6825 6893 9738
5 2037 2038 2321 9739
5 6824 4411 6870 9740
5 3976 5935 6830 9741
5 5349 5347 7033 9742
5 4113 6737 7019 9743
5 2223 2225 6693 9744
5 2228 2226 6680 9745
5 4130 4145 7058 9746
5 2642 2637 6839 9747
5 3465 3463 6090 9748
5 5188 5189 5190 9749
5 3240 3142 3241 9750
5 2325 2220 6876 9751
5 6403 6763 6771 9752
5 6064 6065 6964 9753
5 4368 2023 4369 9754
5 3025 3400 6850 9755
5 5887 4407 7010 9756
5 5953 5952 6197 9757
5 3854 3491 6712 9758
5 4526 4528 4971 9759
5 4081 6507 6508 9760
5 2086 2088 6696 9761
5 2220 2218 6876 9762
5 2278 2081 6823 9763
5 2495 2384 6775 9764
5 3139 3140 6679 9765
5 4097 6809 7026 9766
5 5165 5166 5167 9767
5 3356 3358 6730 9768
5 6251 6250 7029 9769
5 6306 6594 6821 9770
5 4001 6049 6835 9771
5 6168 7029 7064 9772
5 3866 3868 6798 9773
5 6220 6820 6859 9774
5 3443 3545 4242 9775
5 6681 3990 6861 9776
5 5986 4112 6872 9777
5 6976 5352 7033 9778
5 3145 3338 6797 9779
5 5868 5869 5870 9780
5 2595 3167 7070 9781
5 4097 3744 6809 9782
5 6220 6776 6805 9783
5 6510 6863 6977 9784
5 3832 4443 5184 9785
5 5965 5889 6977 9786
5 6694 1642 7084 9787
5 7155 4420 7180 9788
5 6756 2750 6777 9789
5 7021 4188 7243 9790
5 3180 3183 6998 9791
5 3359 3933 6672 9792
5 2870 2591 5823 9793
5 6295 6296 6888 9794
5 6948 6331 7026 9795
5 6813 6295 6888 9796
5 4425 4417 6940 9797
5 2855 6824 6870 9798
5 3326 3298 6858 9799
5 4326 3450 6753 9800
5 5535 5538 5539 9801
5 3538 2616 6885 9802
5 1687 5643 7257 9803
5 7015 4132 7058 9804
5 1983 2026 6815 9805
5 1844 1993 6917 9806
5 5063 4431 5064 9807
5 6192 7141 7146 9808
5 3898 3900 4372 9809
5 1896 1898 6895 9810
5 2002 6095 6455 9811
5 7001 6048 7062 9812
5 3777 4433 4650 9813
5 2524 3041 3042 9814
5 2032 1793 6773 9815
5 6156 3256 6782 9816
5 3384 3386 4197 9817
5 2784 6836 6855 9818
5 4423 7119 7160 9819
5 6928 2275 6948 9820
5 3214 3693 6733 9821
5 1872 1874 7022 9822
5 5996 5994 5997 9823
5 2404 2406 6409 9824
5 6452 2742 7060 9825
5 2881 5700 7013 9826
5 3450 3111 6753 9827
5 3193 3936 3937 9828
5 6737 6031 7063 9829
5 6297 6816 6831 9830
5 1833 1831 6667 9831
5 3248 3451 6926 9832
5 2511 2376 7088 9833
5 6696 2088 6762 9834
5 6324 2323 7125 9835
5 2306 5890 6758 9836
5 6362 7059 7098 9837
5 2561 2880 6874 9838
5 6836 4413 6855 9839
5 5959 5957 5960 9840
5 2675 2673 6969 9841
5 6100 4116 6932 9842
5 6931 5948 6997 9843
5 3266 6937 7010 9844
5 2902 6743 6769 9845
5 4176 3332 6778 9846
5 9511 5650 9512 9847
5 6190 2275 6928 9848
5 2476 2474 7120 9849
5 3231 3230 3392 9850
5 5810 5809 5813 9851
5 7227 6018 7230 9852
5 2313 2246 6754 9853
5 2433 2529 6923 9854
5 6810 2553 7092 9855
5 5930 2885 7151 9856
5 4085 3713 7032 9857
5 2006 1781 6804 9858
5 3278 2460 6754 9859
5 6711 3132 6872 9860
5 6944 3154 6945 9861
5 6232 6814 6860 9862
5 3477 7276 7289 9863
5 6766 6205 6837 9864
5 4426 7108 7116 9865
5 1847 1849 6740 9866
5 3892 3893 3894 9867
5 6175 7159 7207 9868
5 1876 1937 7101 9869
5 7022 6032 7113 9870
5 6871 3879 6909 9871
5 6168 6379 6936 9872
5 7029 3680 7064 9873
5 3196 2679 6827 9874
5 3834 6090 6091 9875
5 5480 5479 5481 9876
5 4142 6164 6973 9877
5 3178 3162 6939 9878
5 4143 6148 7081 9879
5 7206 6702 7211 9880
5 2751 6327 6973 9881
5 7313 7311 7320 9882
5 6245 2721 7002 9883
5 4407 4406 6965 9884
5 1898 2752 6895 9885
5 6907 6393 6972 9886
5 3279 3150 6785 9887
5 6183 3175 6852 9888
5 6225 6876 7078 9889
5 6686 6252 6968 9890
5 6688 3523 6837 9891
5 6636 7142 7149 9892
5 1937 7063 7101 9893
5 3150 3148 6785 9894
5 4334 5651 5653 9895
5 6152 4143 7002 9896
5 2504 2305 7157 9897
5 2842 6345 6997 9898
5 7032 3711 7185 9899
5 6485 4008 6935 9900
5 5556 5579 7266 9901
5 6873 4425 7003 9902
5 2588 2563 6874 9903
5 6819 6046 6906 9904
5 7019 6737 7063 9905
5 3534 2649 6765 9906
5 5768 5770 5771 9907
5 4090 4114 6860 9908
5 2270 7183 7208 9909
5 5351 5352 7076 9910
5 2331 6697 6902 9911
5 6866 4408 6923 9912
5 4112 6711 6872 9913
5 5345 6969 6971 9914
5 2902 6769 6893 9915
5 4936 3818 6551 9916
5 4004 6697 6951 9917
5 6057 6058 7090 9918
5 6058 6810 7092 9919
5 6151 6733 6985 9920
5 5618 5615 6904 9921
5 2462 2196 7062 9922
5 6809 6063 6948 9923
5 2425 3045 6927 9924
5 3716 3803 6896 9925
5 3727 4526 4527 9926
5 4613 3805 4688 9927
5 3401 3188 3444 9928
5 6687 6688 6954 9929
5 6808 2281 6915 9930
5 3290 3291 3292 9931
5 4134 4132 7015 9932
5 3916 5465 6938 9933
5 8248 8246 8249 9934
5 1870 1995 7108 9935
5 2699 1605 6916 9936
5 6814 4090 6860 9937
5 6790 6572 6915 9938
5 2318 6478 6918 9939
5 3113 2405 6892 9940
5 3777 4432 4433 9941
5 3679 3330 3978 9942
5 7016 6066 7023 9943
5 1842 1844 6917 9944
5 3701 3699 6460 9945
5 2256 2235 7023 9946
5 2752 6338 6895 9947
5 6871 6225 7078 9948
5 6318 3266 7010 9949
5 1787 1789 6832 9950
5 3138 1983 6815 9951
5 3766 3238 3847 9952
5 6864 2296 6940 9953
5 3162 6687 6939 9954
5 3141 4140 4192 9955
5 4379 3286 7232 9956
5 5533 5532 5534 9957
5 6151 6985 6986 9958
5 4358 3917 6989 9959
5 6839 3091 7212 9960
5 6564 6563 7146 9961
5 3363 3361 6760 9962
5 3154 6004 6006 9963
5 2647 3535 6765 9964
5 2648 3058 7089 9965
5 3885 3517 6959 9966
5 5711 5903 7209 9967
5 4008 6906 6935 9968
5 6707 6124 7082 9969
5 3932 3363 6760 9970
5 6949 6234 7078 9971
5 7031 2462 7062 9972
5 2273 4081 6741 9973
5 3779 4654 6980 9974
5 6906 6046 6935 9975
5 3713 3711 7032 9976
5 4375 5804 5885 9977
5 4141 5989 7077 9978
5 4158 4146 7059 9979
5 5889 6908 6963 9980
5 6740 3265 7220 9981
5 3914 3916 6938 9982
5 5948 4422 6997 9983
5 6084 6939 6954 9984
5 3542 3322 6903 9985
5 6048 7001 7009 9986
5 6252 6251 7028 9987
5 6936 6251 7029 9988
5 3938 3936 6573 9989
5 1772 5932 6961 9990
5 3313 3311 7065 9991
5 5417 5415 5418 9992
5 2563 2561 6874 9993
5 5888 5973 6908 9994
5 2551 2582 7092 9995
5 6734 4135 6902 9996
5 1831 2269 6667 9997
5 9515 5457 9517 9998
5 6702 6701 7119 9999
5 1667 1623 6950 10000
5 6939 6687 6954 10001
5 4101 3466 7012 10002
5 2119 2107 6802 10003
5 6229 2256 7008 10004
5 7008 4097 7026 10005
5 4192 4140 7034 10006
5 4074 6749 6750 10007
5 6697 6734 6902 10008
5 4182 4156 6934 10009
5 2687 2680 6841 10010
5 3442 3443 7187 10011
5 6058 4101 7073 10012
5 2239 2245 7016 10013
5 6068 6772 6932 10014
5 7060 4141 7077 10015
5 4169 3701 6460 10016
5 5664 2594 7237 10017
5 4419 5361 6477 10018
5 2745 7061 7097 10019
5 4417 4416 6940 10020
5 5973 5887 6937 10021
5 2859 6576 7028 10022
5 2460 2313 6754 10023
5 2670 2688 6929 10024
5 7033 5347 7072 10025
5 5832 5833 5835 10026
5 5833 1486 5834 10027
5 4105 3264 7035 10028
5 6678 3919 6880 10029
5 4270 6064 6964 10030
5 6863 5965 6977 10031
5 2368 6226 7017 10032
5 6741 4081 6994 10033
5 4116 6068 6932 10034
5 2582 2589 7090 10035
5 3132 6201 6947 10036
5 5492 6678 7209 10037
5 6890 6827 6967 10038
5 6143 6146 7014 10039
5 5990 3671 6942 10040
5 153 152 2703 10041
5 5824 4414 6978 10042
5 6164 6972 6973 10043
5 6678 2518 7209 10044
5 3466 3468 7012 10045
5 3331 7079 7105 10046
5 5820 5821 5822 10047
5 2352 6812 7151 10048
5 6587 7080 7107 10049
5 6876 2218 6949 10050
5 2087 2085 7003 10051
5 5345 5342 6920 10052
5 3196 6827 6890 10053
5 5725 5722 6879 10054
5 7183 6111 7208 10055
5 3306 3308 5962 10056
5 4424 6702 7119 10057
5 4099 4137 6540 10058
5 2318 6918 6919 10059
5 2436 6715 6826 10060
5 2721 6240 6988 10061
5 7261 2192 7264 10062
5 3122 7033 7072 10063
5 1766 5398 5482 10064
5 6769 4232 6825 10065
5 3302 3327 6857 10066
5 3275 6510 6977 10067
5 5989 6974 7077 10068
5 6539 4099 6540 10069
5 6032 7022 7101 10070
5 7202 4429 7241 10071
5 5164 5612 5613 10072
5 2375 2515 5890 10073
5 2614 3540 6885 10074
5 4422 3674 6865 10075
5 3457 3456 6842 10076
5 4140 6095 7034 10077
5 6732 4401 6752 10078
5 4418 4419 6477 10079
5 4371 3914 6938 10080
5 6125 7015 7058 10081
5 4410 5948 6943 10082
5 2657 2902 6893 10083
5 2372 7219 7230 10084
5 3120 2633 6996 10085
5 2509 2510 6944 10086
5 3671 4410 6942 10087
5 5630 5618 6904 10088
5 5989 4142 6974 10089
5 7042 7039 7252 10090
5 4501 4503 7115 10091
5 2245 6975 7016 10092
5 6873 2278 7211 10093
5 2555 2553 6810 10094
5 7073 7012 7210 10095
5 2513 2511 7118 10096
5 3523 6766 6837 10097
5 6120 7115 7184 10098
5 6872 3132 6947 10099
5 3848 4373 5585 10100
5 6216 6736 7150 10101
5 2649 2647 6765 10102
5 2680 2682 6841 10103
5 5540 2577 6910 10104
5 3300 3302 6857 10105
5 2107 2104 6802 10106
5 5699 5560 7235 10107
5 6576 2120 6995 10108
5 4139 6100 7017 10109
5 2237 7016 7023 10110
5 6646 2842 7006 10111
5 6090 4973 6091 10112
5 2030 1986 7001 10113
5 7118 5711 7209 10114
5 6903 3391 7007 10115
5 3456 3942 6842 10116
5 2646 2648 7089 10117
5 6169 6167 7105 10118
5 2655 2657 6893 10119
5 6393 2751 6972 10120
5 4374 5956 5959 10121
5 5352 7020 7076 10122
5 6636 2302 7142 10123
5 7165 1489 7252 10124
5 1795 3199 6773 10125
5 7234 4196 7247 10126
5 3182 3186 6127 10127
5 2616 2614 6885 10128
5 6733 4357 6985 10129
5 5340 5338 6967 10130
5 4427 7197 7199 10131
5 5889 5888 6908 10132
5 4938 5798 7071 10133
5 5519 5520 5521 10134
5 5576 5573 7094 10135
5 2671 3122 6971 10136
5 2682 5951 6841 10137
5 3912 4371 6924 10138
5 6736 6344 7150 10139
5 4139 7017 7097 10140
5 3121 2690 6999 10141
5 3674 6679 6865 10142
5 6362 1915 7059 10143
5 6972 2751 6973 10144
5 4416 6864 6940 10145
5 3311 6612 7065 10146
5 4415 4134 7015 10147
5 3113 6892 6921 10148
5 5363 6999 7005 10149
5 7058 4145 7082 10150
5 7080 4153 7107 10151
5 2654 2652 6912 10152
5 6250 3680 7029 10153
5 5993 5994 5996 10154
5 6226 2745 7097 10155
5 6404 6911 6968 10156
5 3154 6006 6945 10157
5 6109 7162 7193 10158
5 2302 6246 7109 10159
5 6173 6171 7079 10160
5 6065 6066 6975 10161
5 2620 4148 6970 10162
5 3844 3121 6999 10163
5 6882 3113 6921 10164
5 3507 6642 7148 10165
5 6331 6229 7026 10166
5 8243 8242 8244 10167
5 3123 1785 6745 10168
5 3333 6217 7207 10169
5 1938 1866 7163 10170
5 5405 5406 5407 10171
5 6108 7192 7226 10172
5 6229 7008 7026 10173
5 2235 2237 7023 10174
5 6587 2329 7080 10175
5 6048 4415 7031 10176
5 5940 5941 5942 10177
5 1995 1872 7022 10178
5 6039 6103 7216 10179
5 6452 7060 7077 10180
5 2529 6866 6923 10181
5 5728 5725 6879 10182
5 2686 2685 7005 10183
5 4145 6272 7095 10184
5 2191 5686 7021 10185
5 2591 2581 5823 10186
5 3054 3232 5902 10187
5 5933 4401 7104 10188
5 7017 6226 7097 10189
5 6167 6168 7064 10190
5 1793 1795 6773 10191
5 6168 6936 7029 10192
5 6234 3982 7078 10193
5 1640 5720 5721 10194
5 3670 6686 6968 10195
5 5608 5664 7237 10196
5 3969 4095 7025 10197
5 3680 6561 7064 10198
5 6148 4153 7080 10199
5 3067 3089 7112 10200
5 2667 2664 7020 10201
5 4415 7015 7031 10202
5 4132 4130 7058 10203
5 7038 2888 7039 10204
5 6802 6333 6963 10205
5 4420 4421 7213 10206
5 3089 3096 7123 10207
5 2742 6362 7098 10208
5 6991 4085 7032 10209
5 7037 7038 7040 10210
5 2745 6524 7061 10211
5 6182 1675 7085 10212
5 7108 1995 7116 10213
5 2584 2555 6810 10214
5 4192 7034 7152 10215
5 3264 4175 7035 10216
5 1915 6646 6962 10217
5 2575 2587 6910 10218
5 5817 3969 7025 10219
5 6246 7102 7109 10220
5 6192 7146 7147 10221
5 6995 6252 7028 10222
5 3850 3509 7148 10223
5 5941 3250 6694 10224
5 3404 3769 7168 10225
5 6524 2371 7087 10226
5 6066 5977 7030 10227
5 2237 2239 7016 10228
5 6031 6032 7063 10229
5 2663 2661 7069 10230
5 2848 6587 7107 10231
5 4152 6077 7113 10232
5 7115 4503 7184 10233
5 2471 2345 7180 10234
5 6095 1664 6889 10235
5 3122 2669 6976 10236
5 2896 3094 6307 10237
5 3692 3303 6376 10238
5 5852 3902 7270 10239
5 5723 6952 6953 10240
5 6104 6991 7032 10241
5 6767 5665 7178 10242
5 3917 5276 6989 10243
5 6975 6066 7016 10244
5 5691 6768 7302 10245
5 1937 6359 7019 10246
5 6099 2436 6826 10247
5 2558 5955 7091 10248
5 6810 6058 7073 10249
5 7027 4429 7269 10250
5 3551 5910 7011 10251
5 6048 7031 7062 10252
5 5363 3844 6999 10253
5 6937 5887 7010 10254
5 2270 2075 7162 10255
5 5903 5492 7209 10256
5 5506 5505 5507 10257
5 6911 3670 6968 10258
5 130 129 7117 10259
5 5347 5344 7072 10260
5 2196 2194 7062 10261
5 3545 3848 7292 10262
5 1680 1601 5483 10263
5 6198 6199 6834 10264
5 7087 2371 7095 10265
5 6033 3129 7011 10266
5 6272 4147 7087 10267
5 6973 6327 6974 10268
5 5939 3250 5941 10269
5 6835 3404 7168 10270
5 6233 4139 7097 10271
5 6171 6169 7079 10272
5 6997 4422 7006 10273
5 5417 5418 5419 10274
5 5512 5508 5513 10275
5 7167 4173 7177 10276
5 6120 2651 7115 10277
5 2842 6997 7006 10278
5 2192 2010 7093 10279
5 4095 5894 7025 10280
5 2457 5902 6812 10281
5 6606 7060 7098 10282
5 6849 4178 7179 10283
5 3091 6120 7184 10284
5 7161 1938 7163 10285
5 6988 6152 7002 10286
5 5354 7069 7111 10287
5 2589 2600 7090 10288
5 3129 3551 7011 10289
5 2715 5936 5937 10290
5 5344 5345 7072 10291
5 6124 6125 7082 10292
5 3468 4180 7012 10293
5 1767 1766 1768 10294
5 2073 2071 7193 10295
5 7157 6602 7251 10296
5 2553 2551 7092 10297
5 4393 4155 7155 10298
5 7131 7130 7132 10299
5 5956 5957 5959 10300
5 6272 7087 7095 10301
5 7034 3675 7152 10302
5 1601 1602 1603 10303
5 5916 3533 6912 10304
5 7102 4154 7109 10305
5 6218 7167 7177 10306
5 2190 2306 6758 10307
5 7069 5354 7076 10308
5 2549 2548 2550 10309
5 3709 4144 7185 10310
5 2600 6057 7090 10311
5 7178 2261 7203 10312
5 2593 2586 7202 10313
5 5868 5867 5869 10314
5 3443 4242 7187 10315
5 3331 3067 7112 10316
5 2584 6810 7073 10317
5 7102 2848 7107 10318
5 7114 4189 7198 10319
5 1602 1600 1637 10320
5 5492 3921 6678 10321
5 6745 1787 6832 10322
5 4174 7143 7204 10323
5 7138 7137 7139 10324
5 7061 6233 7097 10325
5 3277 4384 7239 10326
5 2037 2008 2038 10327
5 4147 6233 7061 10328
5 5164 5611 5612 10329
5 1874 1876 7101 10330
5 6098 6740 7218 10331
5 6293 4154 7102 10332
5 1656 1668 6889 10333
5 6971 3122 7072 10334
5 2633 2635 6996 10335
5 5994 1685 5995 10336
5 7061 6524 7087 10337
5 2721 6988 7002 10338
5 6874 2880 7246 10339
5 6246 2848 7102 10340
5 5721 5724 6952 10341
5 6606 4141 7060 10342
5 5338 6890 6967 10343
5 7242 5878 7245 10344
5 3543 4382 6913 10345
5 6760 6673 7024 10346
5 5345 6920 6969 10347
5 2329 6245 7081 10348
5 2664 2663 7020 10349
5 5685 3885 6959 10350
5 1918 6452 7077 10351
5 4153 6293 7107 10352
5 6172 6173 7159 10353
5 2556 2558 7091 10354
5 3686 4306 7096 10355
5 3932 6760 7024 10356
5 3318 3321 6913 10357
5 6361 6018 7227 10358
5 2705 5868 5878 10359
5 5939 5936 5943 10360
5 4147 7061 7087 10361
5 1937 7019 7063 10362
5 7219 5884 7230 10363
5 6914 5666 7144 10364
5 7142 4168 7149 10365
5 2256 7023 7030 10366
5 7063 6032 7101 10367
5 4085 6991 7100 10368
5 6576 6995 7028 10369
5 4173 6097 7177 10370
5 6109 6107 7183 10371
5 2457 3054 5902 10372
5 7001 1986 7009 10373
5 3128 6741 6994 10374
5 3548 4375 5885 10375
5 3520 3381 7027 10376
5 6077 4157 7116 10377
5 6561 3331 7105 10378
5 1868 1870 7108 10379
5 2459 3082 7110 10380
5 2635 2642 6996 10381
5 2371 6707 7095 10382
5 6942 4410 6943 10383
5 3780 3313 7065 10384
5 5815 5812 7291 10385
5 2588 6874 7263 10386
5 2864 6636 7149 10387
5 2413 4161 7018 10388
5 4146 6606 7098 10389
5 5420 2697 7277 10390
5 1785 1787 6745 10391
5 2615 2617 6970 10392
5 6701 3221 7119 10393
5 2584 7073 7210 10394
5 2569 2718 7200 10395
5 5455 5457 9515 10396
5 4567 4174 7204 10397
5 4101 7012 7073 10398
5 2113 2110 6933 10399
5 6980 4654 6981 10400
5 1664 1656 6889 10401
5 6308 2113 6933 10402
5 1860 1862 7197 10403
5 2001 2091 7236 10404
5 2091 2191 7236 10405
5 5930 7151 7214 10406
5 5754 7238 7263 10407
5 3978 6886 7182 10408
5 7218 6740 7220 10409
5 4367 2023 4368 10410
5 6022 7157 7251 10411
5 2617 2620 6970 10412
5 5827 3682 7259 10413
5 6167 7064 7105 10414
5 3550 3128 6994 10415
5 2437 7018 7114 10416
5 3270 7141 7150 10417
5 1812 1810 7228 10418
5 2577 2575 6910 10419
5 1040 1039 2521 10420
5 2346 2250 7013 10421
5 2327 7174 7190 10422
5 3675 6891 7152 10423
5 1111 1110 7130 10424
5 4154 6730 7109 10425
5 6218 2864 7167 10426
5 2259 6472 7226 10427
5 6125 7058 7082 10428
5 7236 2191 7243 10429
5 7020 2663 7076 10430
5 5345 6971 7072 10431
5 7117 1513 7250 10432
5 6962 4158 7059 10433
5 5723 5721 6952 10434
5 3981 6324 7125 10435
5 6104 7032 7185 10436
5 6293 7102 7107 10437
5 3527 3031 7222 10438
5 1091 1090 7075 10439
5 1864 1938 7199 10440
5 4427 4177 7219 10441
5 7064 6561 7105 10442
5 3096 3333 7123 10443
5 6565 6564 7146 10444
5 3270 6565 7141 10445
5 5997 6000 6992 10446
5 6108 6106 7192 10447
5 2328 7177 7181 10448
5 5890 3282 6759 10449
5 4168 6247 7149 10450
5 3688 3686 7096 10451
5 7147 2326 7154 10452
5 2265 6602 7157 10453
5 6021 6022 7251 10454
5 6399 7153 7154 10455
5 6563 2326 7147 10456
5 3328 3310 7004 10457
5 2864 7149 7167 10458
5 6730 4168 7142 10459
5 7113 6077 7116 10460
5 7177 6097 7181 10461
5 4142 6973 6974 10462
5 6950 6179 7240 10463
5 5801 5822 7164 10464
5 3711 3709 7185 10465
5 2526 2459 7110 10466
5 4446 3688 7096 10467
5 5999 5997 6992 10468
5 2252 6961 6991 10469
5 5523 5524 5525 10470
5 6634 7153 7166 10471
5 1090 1089 1686 10472
5 2302 7109 7142 10473
5 6472 6175 7226 10474
5 4144 6767 7203 10475
5 3324 3391 6903 10476
5 7023 6066 7030 10477
5 135 134 7233 10478
5 7106 2718 7253 10479
5 7153 4167 7154 10480
5 4281 3442 7187 10481
5 4171 6185 7174 10482
5 5531 5532 5533 10483
5 2326 6399 7154 10484
5 1786 1784 6914 10485
5 5720 123 7158 10486
5 3533 2654 6912 10487
5 6191 6192 7147 10488
5 2449 3074 6887 10489
5 3063 5466 5467 10490
5 6344 3270 7150 10491
5 2707 126 6894 10492
5 7108 4426 7163 10493
5 4107 4105 7000 10494
5 4183 7227 7230 10495
5 5686 6758 6759 10496
5 5884 4183 7230 10497
5 5469 5471 7126 10498
5 6399 2753 7153 10499
5 5707 4115 7124 10500
5 6191 7147 7154 10501
5 2604 2556 7091 10502
5 4171 7174 7176 10503
5 3322 3324 6903 10504
5 7174 6185 7190 10505
5 4172 6634 7166 10506
5 6173 7079 7112 10507
5 2497 2448 6887 10508
5 2376 2307 7088 10509
5 4940 4938 7071 10510
5 1868 7108 7163 10511
5 7204 4527 7205 10512
5 6157 2270 7208 10513
5 1623 1625 6950 10514
5 4167 6191 7154 10515
5 131 130 5867 10516
5 6634 4167 7153 10517
5 1995 7113 7116 10518
5 6148 7080 7081 10519
5 1640 124 5720 10520
5 1625 6179 6950 10521
5 2753 6316 7166 10522
5 7153 2753 7166 10523
5 5355 5354 7111 10524
5 5913 7106 7253 10525
5 4163 4189 7114 10526
5 4176 6849 7161 10527
5 7079 3331 7112 10528
5 2261 6039 7203 10529
5 7174 6363 7176 10530
5 7141 6565 7146 10531
5 2305 2265 7157 10532
5 6175 6172 7159 10533
5 7119 3221 7160 10534
5 3167 4160 7070 10535
5 6316 2327 7190 10536
5 6363 2862 7176 10537
5 4170 6292 7173 10538
5 6111 6187 7208 10539
5 5658 4940 7071 10540
5 4155 4420 7155 10541
5 1866 1868 7163 10542
5 6173 7123 7159 10543
5 4426 4176 7161 10544
5 6154 5897 7186 10545
5 1093 1092 1653 10546
5 3221 3404 7160 10547
5 5665 5666 7178 10548
5 6018 2372 7230 10549
5 4191 5913 7253 10550
5 5489 5488 7085 10551
5 4170 7173 7181 10552
5 6625 2328 7181 10553
5 3769 6080 7168 10554
5 6118 2588 7238 10555
5 6409 2437 7198 10556
5 6247 4173 7167 10557
5 1092 1091 7099 10558
5 7173 6625 7181 10559
5 5499 5502 7258 10560
5 1915 6962 7059 10561
5 5958 3850 7148 10562
5 7080 2329 7081 10563
5 3435 3182 6127 10564
5 5471 5475 7126 10565
5 2345 2504 7180 10566
5 3393 2526 7110 10567
5 7180 4420 7213 10568
5 1995 7022 7113 10569
5 2328 6218 7177 10570
5 3321 3543 6913 10571
5 7012 4180 7210 10572
5 2075 2073 7162 10573
5 3122 6976 7033 10574
5 7035 4175 7239 10575
5 2327 6363 7174 10576
5 6292 4171 7176 10577
5 5932 5933 7100 10578
5 1104 1103 7037 10579
5 5754 4191 7238 10580
5 5872 5869 7250 10581
5 6812 5902 7214 10582
5 6107 6111 7183 10583
5 2270 7162 7183 10584
5 6010 4440 7172 10585
5 7109 6730 7142 10586
5 7145 4192 7259 10587
5 3296 3326 6886 10588
5 1609 1675 6182 10589
5 6002 5995 7223 10590
5 4156 4107 7000 10591
5 7162 6109 7183 10592
5 4384 7035 7239 10593
5 7238 4191 7253 10594
5 6187 6188 7191 10595
5 5506 5507 5509 10596
5 2862 6625 7173 10597
5 1086 1085 3809 10598
5 7149 6247 7167 10599
5 5709 5711 7088 10600
5 4178 4427 7179 10601
5 4426 7161 7163 10602
5 4189 4194 7198 10603
5 3031 3033 7222 10604
5 2372 1860 7197 10605
5 2663 7069 7076 10606
5 8251 8249 8252 10607
5 5666 6867 7178 10608
5 5519 5518 5520 10609
5 2862 7173 7176 10610
5 6097 4170 7181 10611
5 7231 6875 7246 10612
5 4503 4580 7184 10613
5 6185 4172 7190 10614
5 4161 4163 7114 10615
5 6106 6109 7192 10616
5 3033 3384 7222 10617
5 6118 7238 7253 10618
5 4181 4428 7106 10619
5 1784 1782 6867 10620
5 1806 1804 7175 10621
5 1089 1088 7127 10622
5 6188 6702 7206 10623
5 7173 6292 7176 10624
5 2474 5854 7120 10625
5 8250 8249 8251 10626
5 8260 8259 8261 10627
5 5909 2584 7210 10628
5 7185 4144 7216 10629
5 1087 1086 7128 10630
5 2718 7106 7200 10631
5 1862 1864 7199 10632
5 2278 6823 7206 10633
5 6823 6157 7191 10634
5 4440 4442 7172 10635
5 4172 7166 7190 10636
5 6642 6350 7221 10637
5 140 139 1392 10638
5 6702 4424 7211 10639
5 4242 5057 7187 10640
5 7166 6316 7190 10641
5 3312 3329 7004 10642
5 3293 3678 7156 10643
5 5560 5564 7235 10644
5 6823 7191 7206 10645
5 4177 5884 7219 10646
5 1675 6878 7275 10647
5 7106 4428 7200 10648
5 1804 2244 7175 10649
5 6991 6961 7100 10650
5 1102 1101 7165 10651
5 3727 4527 7143 10652
5 6217 6108 7207 10653
5 1088 1087 2891 10654
5 2471 7180 7213 10655
5 1782 2261 6867 10656
5 7307 5837 7314 10657
5 2071 2259 7193 10658
5 6187 7191 7208 10659
5 1938 7179 7199 10660
5 1047 1046 1526 10661
5 127 2707 7121 10662
5 7123 3333 7159 10663
5 7191 6157 7208 10664
5 1513 128 7121 10665
5 5820 5822 7284 10666
5 3890 4159 6960 10667
5 4184 5857 7243 10668
5 2307 5709 7088 10669
5 5643 5646 7257 10670
5 7121 2707 7122 10671
5 7191 6188 7206 10672
5 4424 4425 7211 10673
5 2642 6839 7254 10674
5 2518 2513 7118 10675
5 5405 5404 5406 10676
5 1119 1118 5832 10677
5 4183 4182 7220 10678
5 2277 1786 6914 10679
5 7143 4179 7188 10680
5 5377 4364 7194 10681
5 2453 3192 7083 10682
5 133 132 7242 10683
5 5806 5962 7229 10684
5 6103 6104 7216 10685
5 3384 4197 7222 10686
5 1607 1609 6182 10687
5 2448 2449 6887 10688
5 3785 3189 6944 10689
5 2895 4429 7202 10690
5 4430 3520 7027 10691
5 3682 7145 7259 10692
5 3381 2717 7241 10693
5 4442 6147 7172 10694
5 5832 1486 5833 10695
5 4425 6873 7211 10696
5 6758 5890 6759 10697
5 129 128 1513 10698
5 6961 5932 7100 10699
5 122 121 2293 10700
5 123 122 7158 10701
5 126 125 6894 10702
5 160 159 3063 10703
5 3189 2509 6944 10704
5 2594 5792 7237 10705
5 3286 3288 7232 10706
5 3310 3312 7004 10707
5 125 1640 6894 10708
5 7143 4527 7204 10709
5 1810 2257 7228 10710
5 1103 1102 2888 10711
5 1115 1114 1692 10712
5 120 119 3215 10713
5 6175 7207 7226 10714
5 7197 4427 7219 10715
5 1640 5723 6894 10716
5 7103 5996 7262 10717
5 5504 1491 5505 10718
5 6867 2261 7178 10719
5 1106 1105 1488 10720
5 3684 5826 7288 10721
5 3682 3241 7145 10722
5 4182 6934 7218 10723
5 7018 4161 7114 10724
5 4324 3890 6960 10725
5 1110 1109 7189 10726
5 5913 4181 7106 10727
5 3074 2451 7083 10728
5 1095 1094 2894 10729
5 1097 1096 1527 10730
5 7148 6642 7221 10731
5 3091 7184 7212 10732
5 3902 3904 7270 10733
5 2456 6409 7244 10734
5 4192 7152 7259 10735
5 3166 3477 7289 10736
5 5585 7265 7306 10737
5 3288 7156 7232 10738
5 5487 7282 7287 10739
5 4363 5381 7194 10740
5 3936 2477 6925 10741
5 2717 2593 7241 10742
5 1105 1104 7171 10743
5 5827 7261 7264 10744
5 6005 3107 7247 10745
5 7179 4427 7199 10746
5 1675 1611 6878 10747
5 3265 6361 7227 10748
5 4179 5930 7214 10749
5 2571 2569 7200 10750
5 4159 3888 6998 10751
5 6874 7246 7263 10752
5 1100 1099 7195 10753
5 5821 1667 7164 10754
5 3847 7120 7129 10755
5 1051 1050 1491 10756
5 3717 3715 7104 10757
5 6878 5813 7275 10758
5 5940 5939 5941 10759
5 3888 3180 6998 10760
5 1045 1044 2892 10761
5 1049 1048 2893 10762
5 2277 6914 7144 10763
5 2586 2592 7202 10764
5 5723 6953 7274 10765
5 5826 5827 7288 10766
5 8245 8244 8246 10767
5 4175 6021 7239 10768
5 7201 4428 7265 10769
5 1099 1098 2897 10770
5 4182 7218 7220 10771
5 2191 7021 7243 10772
5 5958 7148 7221 10773
5 6104 7185 7216 10774
5 7212 4582 7254 10775
5 5878 5879 7245 10776
5 4364 4363 7194 10777
5 5564 5570 7235 10778
5 6409 7198 7244 10779
5 6886 3326 7182 10780
5 2573 2571 7201 10781
5 2192 7093 7264 10782
5 7152 6891 7261 10783
5 5526 5528 5529 10784
5 5787 7294 7297 10785
5 3063 159 5466 10786
5 1090 1686 7075 10787
5 2518 7118 7209 10788
5 1117 1116 6691 10789
5 5428 1478 5442 10790
5 4401 3717 7104 10791
5 4356 5055 5185 10792
5 1101 1100 1489 10793
5 1109 1108 1691 10794
5 2592 2895 7202 10795
5 7192 6109 7193 10796
5 6602 3277 7251 10797
5 2259 7192 7193 10798
5 1091 7075 7099 10799
5 3288 3290 7156 10800
5 5834 1486 6691 10801
5 5857 7236 7243 10802
5 5875 5872 7250 10803
5 2718 6118 7253 10804
5 2372 7197 7219 10805
5 7252 1489 7308 10806
5 7057 7042 7252 10807
5 1121 1120 1688 10808
5 6752 5482 7273 10809
5 6875 4193 7246 10810
5 1120 1119 7217 10811
5 7259 7152 7261 10812
5 7198 4194 7244 10813
5 3188 3405 7224 10814
5 7266 5579 7267 10815
5 5854 6666 7129 10816
5 5812 5810 7279 10817
5 7037 2888 7038 10818
5 1016 2696 7316 10819
5 2517 2524 7234 10820
5 7207 6108 7226 10821
5 4183 7220 7227 10822
5 2899 3832 7269 10823
5 6996 2642 7272 10824
5 2705 5878 7242 10825
5 1112 1111 1487 10826
5 139 138 7103 10827
5 4432 3683 7297 10828
5 1686 1089 7127 10829
5 1613 1615 7278 10830
5 1611 1613 6878 10831
5 6996 7272 7280 10832
5 6891 2192 7261 10833
5 5993 1685 5994 10834
5 5867 130 7117 10835
5 5996 5998 7262 10836
5 1653 1092 7099 10837
5 5517 5515 5518 10838
5 1116 1115 7215 10839
5 5646 6088 7257 10840
5 2451 2453 7083 10841
5 1513 7121 7286 10842
5 1113 1112 7225 10843
5 4194 4199 7244 10844
5 1043 1042 1674 10845
5 1392 7103 7262 10846
5 5801 7182 7291 10847
5 3290 3293 7156 10848
5 5813 5809 7275 10849
5 1038 1037 3816 10850
5 4580 4582 7212 10851
5 6179 3253 7240 10852
5 4582 4674 7254 10853
5 1465 7242 7245 10854
5 4355 4449 4514 10855
5 7220 3265 7227 10856
5 5487 5489 7282 10857
5 1086 3809 7128 10858
5 7229 5962 7282 10859
5 7282 3328 7287 10860
5 7135 1526 7136 10861
5 1487 7130 7131 10862
5 2642 7254 7272 10863
5 7250 1513 7286 10864
5 1765 1766 1767 10865
5 1088 2891 7127 10866
5 4180 6875 7231 10867
5 1764 2023 4367 10868
5 2547 2548 2549 10869
5 3083 4196 7234 10870
5 3444 3188 7224 10871
5 3232 3727 7188 10872
5 2548 2546 3237 10873
5 1601 1600 1602 10874
5 2891 1087 7128 10875
5 1599 1601 1680 10876
5 7004 3329 7303 10877
5 1766 1694 5398 10878
5 6573 3936 6925 10879
5 7120 5854 7129 10880
5 5909 7210 7231 10881
5 8244 8242 8247 10882
5 4383 4200 7310 10883
5 8250 8253 8254 10884
5 7039 2888 7165 10885
5 5434 2695 5435 10886
5 5423 5421 5424 10887
5 4428 4185 7265 10888
5 5489 7229 7282 10889
5 5422 5421 5423 10890
5 5840 6691 7215 10891
5 1486 1117 6691 10892
5 1118 1486 5832 10893
5 5419 5445 5446 10894
5 7195 2897 7196 10895
5 7200 4428 7201 10896
5 4193 5754 7263 10897
5 137 136 1685 10898
5 2705 5867 5868 10899
5 5835 5837 7307 10900
5 2008 1672 2017 10901
5 3684 7295 7297 10902
5 5875 7311 7312 10903
5 2705 131 5867 10904
5 6732 6752 7273 10905
5 1615 1673 7278 10906
5 7132 7130 7189 10907
5 7184 4580 7212 10908
5 3904 5463 7270 10909
5 1665 2008 2037 10910
5 3120 7280 7290 10911
5 5812 7279 7284 10912
5 7169 1674 7170 10913
5 5869 5867 7117 10914
5 7280 4678 7290 10915
5 136 135 7223 10916
5 4185 6789 7306 10917
5 5993 5996 7103 10918
5 122 2293 7158 10919
5 2524 3083 7234 10920
5 5827 7259 7261 10921
5 3832 5184 7285 10922
5 7278 1673 7279 10923
5 5822 5821 7164 10924
5 7269 3832 7285 10925
5 9514 5455 9515 10926
5 1103 2888 7037 10927
5 2707 6894 7274 10928
5 7122 2707 7274 10929
5 7195 7196 7308 10930
5 7276 4433 7289 10931
5 5809 5814 7275 10932
5 5822 5801 7291 10933
5 5705 2177 7328 10934
5 1104 7037 7171 10935
5 7210 4180 7231 10936
5 2888 1102 7165 10937
5 1048 1047 7135 10938
5 1673 5820 7284 10939
5 5133 4433 7276 10940
5 2571 7200 7201 10941
5 4674 4676 7272 10942
5 3169 7300 7302 10943
5 129 1513 7117 10944
5 5558 5556 7266 10945
5 5521 5522 5523 10946
5 7037 7040 7171 10947
5 5832 5835 7217 10948
5 7130 1110 7189 10949
5 6690 4383 7317 10950
5 7272 4676 7280 10951
5 4676 4678 7280 10952
5 1487 1111 7130 10953
5 7279 1673 7284 10954
5 3120 6996 7280 10955
5 1101 1489 7165 10956
5 4430 7027 7269 10957
5 7246 4193 7263 10958
5 8245 8246 8248 10959
5 3846 6732 7273 10960
5 5962 3328 7282 10961
5 5827 7264 7288 10962
5 2696 5426 5427 10963
5 1018 1478 5428 10964
5 1109 1691 7189 10965
5 138 5993 7103 10966
5 5407 5406 5408 10967
5 7254 4674 7272 10968
5 1488 1105 7171 10969
5 137 1685 5993 10970
5 7093 5790 7264 10971
5 3923 3166 7294 10972
5 1119 5832 7217 10973
5 3727 7143 7188 10974
5 1099 2897 7195 10975
5 5810 5813 7279 10976
5 1489 1100 7195 10977
5 3328 7004 7287 10978
5 1115 1692 7215 10979
5 9513 5454 9514 10980
5 4430 7269 7285 10981
5 6894 5723 7274 10982
5 1392 139 7103 10983
5 5813 7278 7279 10984
5 132 2705 7242 10985
5 5454 5455 9514 10986
5 1047 1526 7135 10987
5 3169 5850 7300 10988
5 7136 1526 7137 10989
5 8239 8240 8241 10990
5 5486 5487 7287 10991
5 6789 5667 7292 10992
5 134 133 1465 10993
5 7121 7122 7286 10994
5 4431 4430 7285 10995
5 5486 7287 7303 10996
5 1688 1120 7217 10997
5 4433 4432 7289 10998
5 5850 3120 7290 10999
5 5526 5527 5528 11000
5 6691 1116 7215 11001
5 6002 7223 7233 11002
5 5875 7250 7286 11003
5 1050 1049 7293 11004
5 5787 3923 7294 11005
5 2893 1048 7135 11006
5 1112 1487 7225 11007
5 4678 5188 7290 11008
5 5535 5534 5538 11009
5 7182 5815 7291 11010
5 3166 7289 7294 11011
5 7300 5190 7302 11012
5 4281 7187 7283 11013
5 7136 7138 7260 11014
5 2698 5415 5417 11015
5 1491 1050 7293 11016
5 7187 5057 7283 11017
5 1049 2893 7293 11018
5 5415 5414 5416 11019
5 3684 7288 7295 11020
5 5995 1685 7223 11021
5 1465 7245 7326 11022
5 3848 5585 7306 11023
5 2696 5427 7316 11024
5 1023 1477 7324 11025
5 1685 136 7223 11026
5 1465 133 7242 11027
5 5906 7307 7314 11028
5 5907 7314 7315 11029
5 1059 1654 5671 11030
5 7223 135 7233 11031
5 1057 2708 5609 11032
5 3683 3684 7297 11033
5 134 1465 7233 11034
5 7277 2697 7296 11035
5 7289 4432 7294 11036
5 6768 3169 7302 11037
5 7293 2893 7318 11038
5 5403 7255 7256 11039
5 3329 6690 7303 11040
5 7264 5790 7288 11041
5 5188 5190 7300 11042
5 5850 7290 7300 11043
5 1045 2892 7301 11044
5 1526 1046 7301 11045
5 6002 7233 7326 11046
5 5505 1491 7293 11047
5 7137 1526 7301 11048
5 7290 5188 7300 11049
5 5790 5788 7295 11050
5 5484 5486 7317 11051
5 5906 1688 7307 11052
5 5907 5906 7314 11053
5 4200 4370 7310 11054
5 1046 1045 7301 11055
5 7311 7122 7320 11056
5 7292 3848 7306 11057
5 1027 1523 7299 11058
5 4356 4354 5055 11059
5 7217 5835 7307 11060
5 2892 1044 7169 11061
5 7057 7252 7308 11062
5 4355 4356 4449 11063
5 1043 1674 7169 11064
5 5533 5535 7328 11065
5 5875 7286 7311 11066
5 7255 1032 7298 11067
5 1688 7217 7307 11068
5 5505 7293 7318 11069
5 1680 5483 7322 11070
5 6789 7292 7306 11071
5 7286 7122 7311 11072
5 1651 5422 7298 11073
5 5507 5505 7318 11074
5 7308 7196 7309 11075
5 7288 5790 7295 11076
5 7057 7308 7309 11077
5 4383 7310 7322 11078
5 7274 6953 7320 11079
5 5435 2695 7324 11080
5 1764 1765 2023 11081
5 2547 2546 2548 11082
5 1599 1600 1601 11083
5 1765 1694 1766 11084
5 1044 1043 7169 11085
5 5486 7303 7317 11086
5 5429 2695 5434 11087
5 5511 5507 7318 11088
5 1672 1652 2276 11089
5 7303 6690 7317 11090
5 1665 1672 2008 11091
5 7122 7274 7320 11092
5 1060 5671 5672 11093
5 1477 1022 7333 11094
5 1477 7333 7336 11095
5 7139 7304 7305 11096
5 7310 1680 7322 11097
5 6003 6002 7326 11098
5 1651 5420 5421 11099
5 1032 1031 7298 11100
5 1060 1059 5671 11101
5 5403 2353 7255 11102
5 5438 1477 7336 11103
5 8247 8242 8272 11104
5 5531 5533 7325 11105
5 7304 2892 7334 11106
5 2604 5465 7337 11107
5 2696 5425 5426 11108
5 5424 5421 7277 11109
5 1028 1027 7299 11110
5 5511 7318 7319 11111
5 1029 1028 2697 11112
5 1034 1033 2353 11113
5 7301 2892 7304 11114
5 1016 1015 2696 11115
5 1019 1018 5428 11116
5 1021 1020 2698 11117
5 1031 1030 1651 11118
5 5631 3053 7327 11119
5 5508 5506 7323 11120
5 8242 8240 8272 11121
5 2698 5414 5415 11122
5 1022 1021 7333 11123
5 5506 5509 7323 11124
5 5536 5531 7325 11125
5 1024 1023 7324 11126
5 5539 7327 7335 11127
5 2698 1020 5414 11128
5 1651 1030 5420 11129
5 1478 1017 7316 11130
5 2353 1033 7255 11131
5 7313 7320 7332 11132
5 2696 1015 5425 11133
5 5419 5446 7339 11134
5 7139 7137 7304 11135
5 5421 5420 7277 11136
5 2552 2554 7337 11137
5 7320 6953 7332 11138
5 5408 5406 7329 11139
5 2893 7135 7319 11140
5 1031 1651 7298 11141
5 7137 7301 7304 11142
5 7318 2893 7319 11143
5 4355 4354 4356 11144
5 5406 5410 7329 11145
5 7327 3053 7335 11146
5 2697 1028 7299 11147
5 5397 5399 7342 11148
5 2698 5417 7333 11149
5 1021 2698 7333 11150
5 3053 5705 7335 11151
5 1599 1598 1600 11152
5 2545 2546 2547 11153
5 3234 2545 5397 11154
5 1597 1599 7271 11155
5 1764 1694 1765 11156
5 7169 7170 7334 11157
5 1665 1652 1672 11158
5 7333 5417 7336 11159
5 5417 5419 7336 11160
5 2892 7169 7334 11161
5 2554 2604 7337 11162
5 7339 5446 7340 11163
5 5437 7339 7340 11164
5 4835 4539 4972 11165
5 7305 7334 7338 11166
5 5437 5438 7339 11167
5 7334 7170 7338 11168
5 5465 3918 7342 11169
5 4353 4354 4355 11170
5 2121 2545 3234 11171
5 1597 1598 1599 11172
5 1598 1596 2694 11173
5 1671 1694 1764 11174
5 2545 2544 2546 11175
5 1647 1652 1665 11176
5 7341 5397 7342 11177
5 5387 5386 5388 11178
5 4465 4469 4947 11179
5 4469 3836 5305 11180
5 3918 4358 7341 11181
5 9231 9233 9234 11182
5 3918 7341 7342 11183
5 4539 4538 4540 11184
5 4537 4539 4835 11185
5 4353 4352 4354 11186
5 1671 1693 1694 11187
5 2121 2544 2545 11188
5 1597 1596 1598 11189
5 1645 1647 3845 11190
5 1647 1646 1652 11191
5 9014 9017 9018 11192
5 3753 4465 4466 11193
5 4465 3836 4469 11194
5 9210 9212 9215 11195
5 9231 9232 9233 11196
5 2609 3541 7343 11197
5 3540 2611 7343 11198
5 4537 4538 4539 11199
5 3814 4279 4573 11200
5 3813 4352 4353 11201
5 2611 2609 7343 11202
5 1670 1671 5400 11203
5 2121 1670 2544 11204
5 1595 1596 1597 11205
5 1671 1658 1693 11206
5 2007 1595 5396 11207
5 1646 1630 5382 11208
5 1645 1646 1647 11209
5 9014 9013 9017 11210
5 9012 9014 9016 11211
5 3755 3425 5386 11212
5 3753 3836 4465 11213
5 8212 8214 8215 11214
5 8308 8307 8309 11215
5 9231 9229 9232 11216
5 9210 9209 9212 11217
5 9208 9210 9211 11218
5 4537 4536 4538 11219
5 3541 2607 7345 11220
5 4351 3812 5374 11221
5 3814 3815 4279 11222
5 3813 4351 4352 11223
5 4388 3966 7346 11224
5 1981 6596 7346 11225
5 7349 2013 7358 11226
5 1593 1595 2007 11227
5 1595 1594 1596 11228
5 1657 1670 2121 11229
5 1670 1658 1671 11230
5 1645 1630 1646 11231
5 4368 5389 7347 11232
5 8055 8053 8073 11233
5 8054 8055 8056 11234
5 8995 8994 8996 11235
5 9012 9013 9014 11236
5 3754 3425 3755 11237
5 3753 3424 3836 11238
5 2007 5396 7344 11239
5 2607 2605 7345 11240
5 4770 4771 4772 11241
5 4771 4769 4773 11242
5 8212 8211 8214 11243
5 8305 8307 8308 11244
5 6596 4388 7346 11245
5 2583 5490 7348 11246
5 2590 2583 7348 11247
5 9247 9248 9249 11248
5 9208 9209 9210 11249
5 9230 9229 9231 11250
5 9248 9246 9250 11251
5 3540 5394 7354 11252
5 4535 4536 4537 11253
5 5391 4368 7347 11254
5 1981 7346 7353 11255
5 7345 2605 7348 11256
5 5448 3200 7352 11257
5 5394 4369 7352 11258
5 3814 3229 3815 11259
5 3813 3812 4351 11260
5 6113 6112 7353 11261
5 7346 5383 7353 11262
5 2605 2590 7348 11263
5 5254 5253 7350 11264
5 6885 3540 7354 11265
5 5390 4365 7354 11266
5 6773 3199 7355 11267
5 5365 4003 7355 11268
5 1658 1644 5395 11269
5 1593 1594 1595 11270
5 1594 1592 1635 11271
5 1657 1658 1670 11272
5 1584 1630 1645 11273
5 1630 1585 2090 11274
5 8054 8053 8055 11275
5 5262 5254 7350 11276
5 5927 5926 7356 11277
5 5975 3536 7356 11278
5 9032 9034 9035 11279
5 9012 9011 9013 11280
5 8994 8992 8999 11281
5 9010 9012 9021 11282
5 8993 8994 8995 11283
5 3422 3425 3754 11284
5 3425 3424 3753 11285
5 4369 5448 7352 11286
5 4770 4769 4771 11287
5 8209 8211 8212 11288
5 8305 8306 8307 11289
5 6112 1981 7353 11290
5 5659 4378 7357 11291
5 1809 1811 7358 11292
5 9228 9229 9230 11293
5 9208 9207 9209 11294
5 9206 9208 9218 11295
5 9247 9246 9248 11296
5 4365 6885 7354 11297
5 4003 6773 7355 11298
5 4533 4535 4698 11299
5 4535 4534 4536 11300
5 5192 5191 9015 11301
5 2263 2304 7359 11302
5 2304 6177 7359 11303
5 4089 2264 7359 11304
5 5926 5975 7356 11305
5 5371 4434 7364 11306
5 3812 3229 3814 11307
5 3228 3812 3813 11308
5 4378 5378 7357 11309
5 2013 1809 7358 11310
5 4435 7362 7363 11311
5 1593 1592 1594 11312
5 1657 1644 1658 11313
5 5375 3255 7365 11314
5 1584 1585 1630 11315
5 1585 1578 1659 11316
5 2264 2263 7359 11317
5 8052 8053 8054 11318
5 5378 6178 7360 11319
5 9032 9033 9034 11320
5 9010 9011 9012 11321
5 9011 9007 9020 11322
5 8993 8992 8994 11323
5 3422 3424 3425 11324
5 3423 3723 3724 11325
5 7357 5378 7360 11326
5 4768 4769 4770 11327
5 8305 8303 8306 11328
5 8209 8210 8211 11329
5 3532 4361 7361 11330
5 5379 2898 7361 11331
5 9245 9246 9247 11332
5 9228 9226 9229 11333
5 9206 9207 9208 11334
5 5173 5171 5176 11335
5 4533 4534 4535 11336
5 4595 5191 5192 11337
5 5380 5379 7361 11338
5 4434 3235 7364 11339
5 3843 5375 7364 11340
5 3434 5371 7365 11341
5 3255 2534 7365 11342
5 7397 7395 7398 11343
5 7867 7864 7868 11344
5 7884 7890 7891 11345
5 7581 7583 7584 11346
5 7362 5287 7363 11347
5 3228 3229 3812 11348
5 2898 3532 7361 11349
5 3840 1643 5373 11350
5 1643 1644 1657 11351
5 1591 1592 1593 11352
5 1644 1634 5385 11353
5 4435 4434 7362 11354
5 3235 3843 7364 11355
5 1584 1578 1585 11356
5 2534 3434 7365 11357
5 8037 8039 8040 11358
5 8052 8050 8053 11359
5 8120 8122 8123 11360
5 8085 8091 8092 11361
5 8991 8992 8993 11362
5 9010 9007 9011 11363
5 9032 9031 9033 11364
5 3423 3421 3723 11365
5 3422 3419 3424 11366
5 4768 4767 4769 11367
5 8304 8303 8305 11368
5 8290 8293 8294 11369
5 8369 8371 8372 11370
5 8209 8207 8210 11371
5 8415 8419 8420 11372
5 8511 8508 8512 11373
5 9206 9205 9207 11374
5 9227 9226 9228 11375
5 9242 9243 9255 11376
5 9245 9242 9246 11377
5 8644 8647 8648 11378
5 5172 5171 5173 11379
5 4595 4594 5191 11380
5 4533 4532 4534 11381
5 7564 7561 7568 11382
5 7618 7621 7622 11383
5 7561 7562 7563 11384
5 7750 7747 7751 11385
5 7470 7471 7472 11386
5 7885 7887 7888 11387
5 7908 7906 7910 11388
5 7396 7395 7397 11389
5 7709 7707 7712 11390
5 7865 7864 7867 11391
5 7807 7806 7809 11392
5 7884 7889 7890 11393
5 7471 7469 7478 11394
5 7485 7487 7488 11395
5 7635 7634 7636 11396
5 7491 7490 7492 11397
5 7581 7582 7583 11398
5 7422 7420 7423 11399
5 3228 3057 3229 11400
5 1580 1576 1581 11401
5 9476 9475 9477 11402
5 1590 2543 5320 11403
5 1591 1590 1592 11404
5 1633 1643 3840 11405
5 1643 1634 1644 11406
5 1589 1591 3771 11407
5 2543 1588 5303 11408
5 1577 1578 1584 11409
5 3194 1577 5332 11410
5 8087 8086 8088 11411
5 8120 8121 8122 11412
5 8157 8155 8158 11413
5 8037 8038 8039 11414
5 8051 8050 8052 11415
5 8085 8090 8091 11416
5 8089 8084 8093 11417
5 9006 9008 9009 11418
5 8991 8989 8992 11419
5 9026 9031 9032 11420
5 9008 9007 9010 11421
5 3421 3419 3422 11422
5 3418 3421 3423 11423
5 3840 5373 7366 11424
5 4766 4767 4768 11425
5 4729 4730 4731 11426
5 8319 8317 8321 11427
5 8454 8458 8536 11428
5 8389 8388 8390 11429
5 8301 8303 8304 11430
5 8208 8207 8209 11431
5 8432 8430 8433 11432
5 8369 8370 8371 11433
5 8359 8355 8361 11434
5 8358 8357 8360 11435
5 8290 8292 8293 11436
5 8415 8418 8419 11437
5 8510 8508 8511 11438
5 9224 9226 9227 11439
5 9241 9242 9245 11440
5 9203 9205 9206 11441
5 9242 9240 9243 11442
5 1660 1397 5295 11443
5 8712 8710 8713 11444
5 8646 8643 8649 11445
5 8608 8615 8616 11446
5 8736 8737 8738 11447
5 8633 8634 8636 11448
5 8644 8646 8647 11449
5 4438 4532 4533 11450
5 4316 4594 4595 11451
5 4315 5171 5172 11452
5 9340 9337 9342 11453
5 7624 7626 7627 11454
5 7581 7578 7582 11455
5 7483 7490 7491 11456
5 7561 7559 7562 11457
5 7632 7634 7635 11458
5 7519 7520 9577 11459
5 7885 7881 7887 11460
5 7708 7707 7709 11461
5 7749 7747 7750 11462
5 7863 7864 7865 11463
5 7866 7863 7870 11464
5 7618 7617 7621 11465
5 7521 7519 9578 11466
5 7696 7695 9530 11467
5 7949 7948 7950 11468
5 7884 7883 7889 11469
5 7805 7806 7807 11470
5 7790 7789 7793 11471
5 7695 7697 9529 11472
5 7387 7388 9113 11473
5 7789 7791 7792 11474
5 7883 7885 7886 11475
5 7617 7619 7620 11476
5 7391 7395 7396 11477
5 7470 7469 7471 11478
5 7907 7906 7908 11479
5 7455 7454 7456 11480
5 7773 7774 7775 11481
5 7560 7561 7564 11482
5 7412 7414 7415 11483
5 7580 7581 7585 11484
5 7421 7420 7422 11485
5 7485 7486 7487 11486
5 3057 2482 3729 11487
5 3055 3057 3228 11488
5 3056 3055 5331 11489
5 1579 1576 1580 11490
5 1575 1579 2033 11491
5 9471 9475 9476 11492
5 7749 7750 7755 11493
5 1589 1590 1591 11494
5 1633 1634 1643 11495
5 1590 1588 2543 11496
5 1634 1631 2374 11497
5 1571 1577 3194 11498
5 1577 1572 1578 11499
5 1632 1432 5307 11500
5 1432 1433 1434 11501
5 1433 1431 1663 11502
5 8037 8034 8038 11503
5 8010 8013 9524 11504
5 8083 8086 8087 11505
5 8085 8082 8090 11506
5 8142 8143 8144 11507
5 8011 8010 9525 11508
5 8042 8041 8044 11509
5 8030 8031 9891 11510
5 8154 8155 8157 11511
5 8120 8118 8121 11512
5 8049 8050 8051 11513
5 8008 8011 8012 11514
5 8086 8084 8089 11515
5 9040 9041 10209 11516
5 9026 9030 9031 11517
5 9006 9007 9008 11518
5 9052 9050 9053 11519
5 8990 8989 8991 11520
5 3418 3419 3421 11521
5 3419 3417 5370 11522
5 7785 1385 8182 11523
5 4762 4759 5300 11524
5 4766 4761 4767 11525
5 5153 5152 5154 11526
5 4828 5298 5299 11527
5 4914 4727 4915 11528
5 4729 4728 4730 11529
5 4834 4833 5232 11530
5 8509 8507 8514 11531
5 8507 8508 8510 11532
5 8318 8317 8319 11533
5 8205 8207 8208 11534
5 8354 8357 8358 11535
5 8431 8430 8432 11536
5 8369 8368 8370 11537
5 8468 8469 8470 11538
5 8357 8355 8359 11539
5 8546 8545 8547 11540
5 8454 8453 8458 11541
5 8339 8338 9410 11542
5 8338 8340 9409 11543
5 8414 8416 8417 11544
5 8533 8534 9595 11545
5 8415 8414 8418 11546
5 8290 8289 8292 11547
5 8452 8455 8456 11548
5 8402 8401 8403 11549
5 8387 8388 8389 11550
5 8301 8302 8303 11551
5 9241 9240 9242 11552
5 9203 9204 9205 11553
5 9224 9225 9226 11554
5 9239 9241 9244 11555
5 9204 9202 9213 11556
5 8657 8656 8658 11557
5 1655 1398 5306 11558
5 1398 1399 1428 11559
5 1399 1397 1660 11560
5 8633 8632 8634 11561
5 8735 8736 8740 11562
5 8739 8735 8741 11563
5 8644 8643 8646 11564
5 8711 8710 8712 11565
5 8736 8734 8737 11566
5 8608 8609 8615 11567
5 4316 4317 4594 11568
5 4531 4437 4558 11569
5 4438 4531 4532 11570
5 4317 4314 5302 11571
5 4315 5170 5171 11572
5 9339 9337 9340 11573
5 9338 9339 9343 11574
5 8340 9408 9409 11575
5 7624 7625 7626 11576
5 7459 7460 7461 11577
5 7580 7578 7581 11578
5 7483 7489 7490 11579
5 7419 7420 7421 11580
5 7590 7593 7594 11581
5 7485 7484 7486 11582
5 7499 7502 7503 11583
5 7617 7615 7619 11584
5 7391 7394 7395 11585
5 7412 7409 7414 11586
5 7517 7519 7521 11587
5 7469 7466 7476 11588
5 7452 7454 7455 11589
5 7642 7644 7646 11590
5 7632 7633 7634 11591
5 7841 7842 7843 11592
5 7822 7821 7823 11593
5 7905 7906 7907 11594
5 7820 7824 7825 11595
5 7650 7651 7652 11596
5 7831 7830 7832 11597
5 7805 7803 7806 11598
5 7773 7771 7774 11599
5 7737 7738 7740 11600
5 7707 7704 7710 11601
5 7540 7539 7541 11602
5 7598 7596 7599 11603
5 7851 7852 7854 11604
5 7946 7948 7949 11605
5 7747 7746 7748 11606
5 7863 7861 7864 11607
5 7883 7881 7885 11608
5 7721 7720 7723 11609
5 7387 7385 7388 11610
5 7852 7850 7853 11611
5 7788 7789 7790 11612
5 7695 7692 7697 11613
5 7789 7787 7791 11614
5 7719 7721 7722 11615
5 7862 7863 7866 11616
5 7745 7747 7749 11617
5 7694 7695 7696 11618
5 7882 7883 7884 11619
5 7705 7707 7708 11620
5 7560 7559 7561 11621
5 7948 7945 7951 11622
5 7507 7506 7508 11623
5 7906 7904 7909 11624
5 7804 7805 7808 11625
5 7738 7736 7739 11626
5 7519 7518 7520 11627
5 7468 7469 7470 11628
5 7454 7453 7457 11629
5 7410 7412 7413 11630
5 7616 7617 7618 11631
5 7768 7767 7769 11632
5 7644 7643 7645 11633
5 7633 7631 7637 11634
5 7379 7381 7382 11635
5 7367 5004 10554 11636
5 3055 2482 3057 11637
5 2481 3055 3056 11638
5 4802 4800 7367 11639
5 1575 1576 1579 11640
5 4800 5004 7367 11641
5 9471 9474 9475 11642
5 1589 1588 1590 11643
5 1633 1631 1634 11644
5 1571 1572 1577 11645
5 1432 1431 1433 11646
5 1427 1432 1632 11647
5 3056 5331 7369 11648
5 8126 8127 8128 11649
5 8118 8117 8119 11650
5 8036 8034 8037 11651
5 8154 8153 8155 11652
5 8104 8103 8105 11653
5 8008 8010 8011 11654
5 8049 8047 8050 11655
5 8084 8082 8085 11656
5 8083 8084 8086 11657
5 8010 8007 8013 11658
5 8048 8071 8072 11659
5 8142 8141 8143 11660
5 8030 8029 8031 11661
5 8018 8019 8020 11662
5 8035 8041 8042 11663
5 8152 8154 8156 11664
5 8116 8118 8120 11665
5 9051 9049 9054 11666
5 9049 9050 9052 11667
5 9040 9039 9041 11668
5 9006 9005 9007 11669
5 8988 8989 8990 11670
5 9062 9061 9063 11671
5 9026 9025 9030 11672
5 9025 9028 9029 11673
5 4695 4693 8883 11674
5 3418 3417 3419 11675
5 10787 7056 10915 11676
5 4761 4759 4762 11677
5 4758 4761 4766 11678
5 4828 4827 5298 11679
5 4827 5152 5153 11680
5 5003 5002 9960 11681
5 4728 4727 4914 11682
5 4726 4728 4729 11683
5 4831 4833 4834 11684
5 8329 8330 8331 11685
5 8287 8289 8290 11686
5 8315 8317 8318 11687
5 8300 8301 8310 11688
5 8206 8204 8213 11689
5 8387 8386 8388 11690
5 8338 8336 8340 11691
5 8533 8530 8534 11692
5 8428 8430 8431 11693
5 8379 8382 8383 11694
5 8380 8378 8381 11695
5 8368 8365 8373 11696
5 8560 8559 8561 11697
5 8354 8355 8357 11698
5 8362 8356 8363 11699
5 8400 8401 8402 11700
5 8445 8444 8446 11701
5 8366 8368 8369 11702
5 8545 8543 8548 11703
5 8507 8505 8508 11704
5 8466 8471 8472 11705
5 8468 8467 8469 11706
5 8544 8545 8546 11707
5 8413 8414 8415 11708
5 8452 8451 8455 11709
5 8337 8338 8339 11710
5 8506 8507 8509 11711
5 8414 8412 8416 11712
5 8558 8560 8562 11713
5 8205 8206 8207 11714
5 8317 8316 8320 11715
5 8450 8453 8454 11716
5 8385 8387 8391 11717
5 8289 8288 8291 11718
5 8301 8299 8302 11719
5 3840 7366 7370 11720
5 9224 9221 9225 11721
5 9239 9240 9241 11722
5 9262 9263 9264 11723
5 9203 9202 9204 11724
5 8655 8656 8657 11725
5 8622 8621 8623 11726
5 1398 1397 1399 11727
5 1396 1398 1655 11728
5 8608 8605 8609 11729
5 8660 8662 8664 11730
5 8685 8687 8688 11731
5 8680 8678 8681 11732
5 8643 8642 8645 11733
5 8733 8735 8739 11734
5 8709 8710 8711 11735
5 8641 8643 8644 11736
5 8632 8631 8635 11737
5 8630 8632 8633 11738
5 8756 8755 8757 11739
5 8735 8734 8736 11740
5 8704 8703 8705 11741
5 8687 8686 8689 11742
5 8662 8661 8663 11743
5 8714 8708 8715 11744
5 4358 6989 7370 11745
5 4315 4312 5170 11746
5 4438 4437 4531 11747
5 4316 4314 4317 11748
5 9338 9337 9339 11749
5 5384 3845 7372 11750
5 3531 5384 7371 11751
5 3845 1647 7372 11752
5 2496 3531 7371 11753
5 2037 2321 7371 11754
5 1665 2037 7372 11755
5 7459 7458 7460 11756
5 7624 7623 7625 11757
5 7725 7724 7726 11758
5 7754 7749 7755 11759
5 8790 8789 9134 11760
5 7379 7378 7381 11761
5 7517 7518 7519 11762
5 7616 7615 7617 11763
5 7498 7500 7501 11764
5 7384 7385 7387 11765
5 7524 7523 7527 11766
5 7410 7409 7412 11767
5 7499 7498 7502 11768
5 7468 7466 7469 11769
5 7452 7453 7454 11770
5 7558 7559 7560 11771
5 7532 7531 7533 11772
5 7607 7608 7609 11773
5 7554 7553 7556 11774
5 7419 7417 7420 11775
5 7390 7392 7393 11776
5 7804 7803 7805 11777
5 7505 7506 7507 11778
5 7446 7447 7449 11779
5 7577 7578 7580 11780
5 7788 7787 7789 11781
5 7597 7596 7598 11782
5 7851 7850 7852 11783
5 7905 7904 7906 11784
5 7819 7821 7822 11785
5 7642 7643 7644 11786
5 7391 7390 7394 11787
5 7772 7771 7773 11788
5 7829 7830 7831 11789
5 7813 7814 7815 11790
5 7862 7861 7863 11791
5 7705 7704 7707 11792
5 7882 7881 7883 11793
5 7933 7932 7934 11794
5 7537 7539 7540 11795
5 7523 7525 7526 11796
5 7694 7692 7695 11797
5 7719 7720 7721 11798
5 7657 7656 7658 11799
5 7512 7514 7515 11800
5 7590 7589 7593 11801
5 7737 7736 7738 11802
5 7946 7945 7948 11803
5 7538 7537 7544 11804
5 7820 7819 7824 11805
5 7766 7767 7768 11806
5 7745 7746 7747 11807
5 7835 7837 7838 11808
5 7650 7649 7651 11809
5 7482 7484 7485 11810
5 7841 7840 7842 11811
5 7483 7482 7489 11812
5 7632 7631 7633 11813
5 7589 7591 7592 11814
5 7573 7572 7574 11815
5 8339 9410 9411 11816
5 2481 2482 3055 11817
5 2402 2456 7373 11818
5 2469 2400 7373 11819
5 1575 1570 1576 11820
5 8952 7626 8953 11821
5 9323 9324 9325 11822
5 9470 9472 9473 11823
5 9471 9470 9474 11824
5 7366 4358 7370 11825
5 1574 1588 1589 11826
5 1587 1631 1633 11827
5 1571 1565 1572 11828
5 1676 5278 5280 11829
5 1427 1431 1432 11830
5 7594 7593 9573 11831
5 8126 8123 8127 11832
5 8022 8024 8025 11833
5 8048 8046 8071 11834
5 8018 8017 8019 11835
5 8027 8029 8030 11836
5 8046 8047 8049 11837
5 8008 8007 8010 11838
5 8083 8082 8084 11839
5 8111 8112 8113 11840
5 8033 8034 8036 11841
5 8140 8141 8142 11842
5 8035 8033 8041 11843
5 8102 8103 8104 11844
5 8165 8166 8167 11845
5 8152 8153 8154 11846
5 8116 8117 8118 11847
5 2321 2496 7371 11848
5 1647 1665 7372 11849
5 9049 9047 9050 11850
5 9024 9025 9026 11851
5 8988 8986 8989 11852
5 9048 9049 9051 11853
5 9004 9005 9006 11854
5 9025 9023 9028 11855
5 9037 9039 9040 11856
5 9060 9061 9062 11857
5 8987 8997 8998 11858
5 9067 9070 9071 11859
5 3833 3416 5314 11860
5 3416 3417 3418 11861
5 3417 3415 3420 11862
5 7711 7706 8182 11863
5 8598 1355 8959 11864
5 4782 4954 11125 11865
5 1479 3394 9277 11866
5 8941 9411 9412 11867
5 9484 2000 9606 11868
5 3043 9479 9482 11869
5 4759 4757 4760 11870
5 4758 4759 4761 11871
5 4827 4826 5152 11872
5 4825 4827 4828 11873
5 4805 5002 5003 11874
5 4726 4727 4728 11875
5 4831 4832 4833 11876
5 8296 8294 8297 11877
5 8340 8343 9408 11878
5 8329 8328 8330 11879
5 8287 8288 8289 11880
5 8205 8204 8206 11881
5 8315 8316 8317 11882
5 8428 8429 8430 11883
5 8379 8377 8382 11884
5 8353 8356 8362 11885
5 8354 8353 8355 11886
5 8377 8378 8380 11887
5 8366 8365 8368 11888
5 8532 8530 8533 11889
5 8460 8462 8463 11890
5 8466 8465 8471 11891
5 8465 8467 8468 11892
5 8443 8444 8445 11893
5 8544 8543 8545 11894
5 8400 8398 8401 11895
5 8449 8451 8452 11896
5 8337 8336 8338 11897
5 8506 8505 8507 11898
5 8450 8449 8453 11899
5 8558 8559 8560 11900
5 8413 8412 8414 11901
5 8385 8386 8387 11902
5 8300 8299 8301 11903
5 3500 4679 10647 11904
5 2400 2402 7373 11905
5 1655 5306 9316 11906
5 8159 10112 10147 11907
5 7864 7861 7871 11908
5 8789 9133 9134 11909
5 9222 9221 9224 11910
5 9260 9262 9265 11911
5 9239 9237 9240 11912
5 9201 9202 9203 11913
5 9262 9261 9263 11914
5 9220 9222 9223 11915
5 9238 9239 9252 11916
5 9216 9200 9217 11917
5 7874 7872 8578 11918
5 8655 8648 8656 11919
5 8620 8621 8622 11920
5 1396 1397 1398 11921
5 8607 8605 8608 11922
5 8600 8602 8603 11923
5 8685 8686 8687 11924
5 8707 8708 8714 11925
5 8709 8707 8710 11926
5 8641 8642 8643 11927
5 8679 8678 8680 11928
5 8660 8661 8662 11929
5 8702 8703 8704 11930
5 8754 8755 8756 11931
5 8733 8734 8735 11932
5 8697 8695 8698 11933
5 8630 8631 8632 11934
5 8723 8725 8726 11935
5 5304 5384 7376 11936
5 5384 3531 7376 11937
5 4313 4314 4316 11938
5 4314 4312 4315 11939
5 4436 4437 4438 11940
5 5218 4310 5219 11941
5 18 817 1407 11942
5 5026 5024 11338 11943
5 9336 9337 9338 11944
5 8750 8748 9377 11945
5 3531 5866 7376 11946
5 6727 8015 9971 11947
5 5279 5304 7376 11948
5 7951 7952 9093 11949
5 9915 7990 10083 11950
5 7871 1716 7872 11951
5 2909 7458 7459 11952
5 7619 7623 7624 11953
5 7599 7604 7605 11954
5 7794 2927 7795 11955
5 7853 7856 7858 11956
5 7639 1531 7640 11957
5 7791 7794 7796 11958
5 7856 2942 7857 11959
5 2924 7724 7725 11960
5 7753 7749 7754 11961
5 7662 8789 8790 11962
5 8798 8797 8799 11963
5 7536 7537 7538 11964
5 2907 7378 7379 11965
5 7384 2903 7385 11966
5 7417 1700 7418 11967
5 7552 7553 7554 11968
5 1699 7572 7573 11969
5 7537 1459 7539 11970
5 7378 7377 7380 11971
5 1424 7390 7391 11972
5 2904 7409 7410 11973
5 1705 7482 7483 11974
5 7577 1707 7578 11975
5 1704 7531 7532 11976
5 7576 7577 7579 11977
5 7512 7511 7514 11978
5 7416 7417 7419 11979
5 7482 7481 7484 11980
5 7523 1701 7525 11981
5 1462 7656 7657 11982
5 7606 7607 7612 11983
5 1345 7649 7650 11984
5 7642 2912 7643 11985
5 7589 1697 7591 11986
5 2910 7596 7597 11987
5 7446 2905 7447 11988
5 7383 7384 7386 11989
5 7497 7498 7499 11990
5 7466 7465 7467 11991
5 7531 7530 7534 11992
5 7607 1706 7608 11993
5 7445 7446 7448 11994
5 1357 7615 7616 11995
5 7572 7571 7575 11996
5 7390 7389 7392 11997
5 1347 7466 7468 11998
5 7505 7504 7506 11999
5 7409 7408 7411 12000
5 7498 1709 7500 12001
5 1710 7512 7513 12002
5 7818 7819 7820 12003
5 7588 7589 7590 12004
5 7522 7523 7524 12005
5 2908 7631 7632 12006
5 7745 1344 7746 12007
5 1713 7704 7705 12008
5 7517 7516 7518 12009
5 7719 1536 7720 12010
5 7452 1532 7453 12011
5 7834 7835 7836 12012
5 7735 7736 7737 12013
5 1711 7701 7702 12014
5 7692 2918 7693 12015
5 7829 7828 7830 12016
5 2944 7840 7841 12017
5 7704 7703 7706 12018
5 7691 7692 7694 12019
5 7914 7915 7916 12020
5 1542 7899 7900 12021
5 7770 7771 7772 12022
5 2941 7861 7862 12023
5 7944 7945 7946 12024
5 7553 1702 7555 12025
5 7766 7765 7767 12026
5 7931 7932 7933 12027
5 1539 7850 7851 12028
5 7880 7881 7882 12029
5 1352 7803 7804 12030
5 1535 7787 7788 12031
5 7558 1698 7559 12032
5 7813 1371 7814 12033
5 7915 1717 7917 12034
5 7819 2933 7821 12035
5 7945 1541 7947 12036
5 1540 7904 7905 12037
5 7835 2940 7837 12038
5 4747 4748 7374 12039
5 9308 9316 9317 12040
5 8116 8120 8125 12041
5 3698 3699 9914 12042
5 8343 9407 9408 12043
5 3699 3700 9914 12044
5 9248 9250 9256 12045
5 2481 2378 2482 12046
5 3407 2183 4993 12047
5 9257 9251 9273 12048
5 4718 4719 7375 12049
5 8012 8011 8015 12050
5 9376 9377 9378 12051
5 7798 7795 8188 12052
5 7860 1716 7871 12053
5 1569 1570 1575 12054
5 7868 7864 7871 12055
5 8013 8014 9523 12056
5 4722 4718 7375 12057
5 7452 7455 7458 12058
5 7619 7615 7623 12059
5 7806 7803 7811 12060
5 7853 7850 7856 12061
5 7791 7787 7794 12062
5 7599 7596 7604 12063
5 7719 7722 7724 12064
5 7642 7646 7647 12065
5 7745 7749 7753 12066
5 7637 7631 7639 12067
5 4748 4751 7374 12068
5 7503 7502 9545 12069
5 9323 9321 9324 12070
5 9468 9470 9471 12071
5 9470 9469 9472 12072
5 1476 8893 9142 12073
5 7387 9113 9116 12074
5 1574 1587 1588 12075
5 1587 1573 1631 12076
5 8606 8618 8907 12077
5 8287 8290 8295 12078
5 8508 8505 8515 12079
5 3810 9257 9273 12080
5 8534 8535 9594 12081
5 7584 7583 9144 12082
5 1564 1565 1571 12083
5 1565 1563 2024 12084
5 1676 1564 5278 12085
5 1427 1426 1431 12086
5 1426 4235 5277 12087
5 8830 7477 8845 12088
5 4199 4205 5376 12089
5 8125 8123 8126 12090
5 9552 8813 11085 12091
5 8021 8022 8023 12092
5 8022 1738 8024 12093
5 8016 8017 8018 12094
5 1737 8027 8028 12095
5 8102 8101 8103 12096
5 1728 8007 8008 12097
5 8165 1442 8166 12098
5 8007 8006 8009 12099
5 1735 8082 8083 12100
5 8046 8045 8047 12101
5 8116 1498 8117 12102
5 8032 8033 8035 12103
5 8135 8134 8137 12104
5 8131 1732 8133 12105
5 8096 8095 8097 12106
5 8027 8026 8029 12107
5 1734 8096 8098 12108
5 8033 1444 8034 12109
5 8110 8111 8114 12110
5 1733 8135 8136 12111
5 8111 1731 8112 12112
5 8140 8139 8141 12113
5 1568 8046 8048 12114
5 8152 8151 8153 12115
5 8130 8131 8132 12116
5 2961 8126 8175 12117
5 7388 9112 9113 12118
5 7708 7709 8955 12119
5 8985 8986 8988 12120
5 8987 8985 8997 12121
5 9066 9068 9069 12122
5 9060 9059 9061 12123
5 9067 9066 9070 12124
5 9004 9003 9005 12125
5 9048 9047 9049 12126
5 9024 9023 9025 12127
5 9037 9038 9039 12128
5 3416 3415 3417 12129
5 3414 3416 3833 12130
5 7625 2915 7669 12131
5 5291 4742 9483 12132
5 8641 8644 8654 12133
5 7771 2920 8785 12134
5 7761 7762 8785 12135
5 7733 7734 8783 12136
5 7736 1383 8783 12137
5 2909 7451 7458 12138
5 7614 2915 7623 12139
5 1529 7641 7647 12140
5 7802 2935 7811 12141
5 7786 2927 7794 12142
5 7595 1346 7604 12143
5 2921 7744 7753 12144
5 7630 1531 7639 12145
5 2924 7718 7724 12146
5 7849 2942 7856 12147
5 7753 7754 8832 12148
5 4610 3757 8202 12149
5 3432 3433 8202 12150
5 8941 8339 9411 12151
5 7738 7739 9166 12152
5 2961 8115 8125 12153
5 1473 7923 8579 12154
5 7632 7635 7678 12155
5 7582 7578 7679 12156
5 7483 7491 7699 12157
5 7391 7396 7450 12158
5 7562 7559 7587 12159
5 8120 8123 8125 12160
5 4758 4757 4759 12161
5 4825 4826 4827 12162
5 4806 4804 4807 12163
5 4805 4806 5002 12164
5 4724 4725 5231 12165
5 4726 4724 4727 12166
5 4831 4830 4832 12167
5 7605 7604 8897 12168
5 1550 8296 8375 12169
5 9243 9251 9257 12170
5 8295 8294 8296 12171
5 8515 3811 8516 12172
5 7882 7884 8579 12173
5 8213 8273 8275 12174
5 8273 1364 8274 12175
5 2999 8394 8395 12176
5 8340 8341 8343 12177
5 2970 8328 8329 12178
5 8422 1363 8423 12179
5 8341 2975 8342 12180
5 8970 8969 8971 12181
5 1636 8280 8281 12182
5 2972 8412 8413 12183
5 1362 8336 8337 12184
5 8346 1548 8347 12185
5 2968 8204 8205 12186
5 8521 1748 8523 12187
5 8385 1360 8386 12188
5 8377 1741 8378 12189
5 8353 8352 8356 12190
5 1742 8353 8354 12191
5 8376 8377 8379 12192
5 8428 2982 8429 12193
5 8365 8364 8367 12194
5 2979 8365 8366 12195
5 8459 8460 8461 12196
5 8460 1740 8462 12197
5 8443 8442 8444 12198
5 1356 8398 8400 12199
5 1743 8443 8447 12200
5 8558 2984 8559 12201
5 8465 1380 8467 12202
5 8464 8465 8466 12203
5 1511 8349 8350 12204
5 8490 1475 8492 12205
5 1402 8530 8532 12206
5 2991 8505 8506 12207
5 8489 8490 8491 12208
5 8398 8397 8399 12209
5 8530 8529 8531 12210
5 8551 8550 8552 12211
5 1747 8543 8544 12212
5 8448 8449 8450 12213
5 8315 1549 8316 12214
5 3218 8299 8300 12215
5 8287 2987 8288 12216
5 8349 8348 8351 12217
5 8449 1492 8451 12218
5 8520 8521 8522 12219
5 11207 8403 11352 12220
5 2022 8073 8876 12221
5 7477 8830 8831 12222
5 7887 2937 7957 12223
5 517 516 7377 12224
5 493 492 7481 12225
5 481 480 7511 12226
5 416 415 7587 12227
5 428 427 7685 12228
5 432 431 7389 12229
5 511 510 7679 12230
5 457 456 7530 12231
5 404 403 7451 12232
5 442 441 2904 12233
5 446 445 2903 12234
5 436 435 1708 12235
5 521 520 7463 12236
5 433 432 1424 12237
5 444 443 1470 12238
5 434 433 7450 12239
5 466 465 7655 12240
5 463 462 7571 12241
5 360 359 7504 12242
5 520 519 1471 12243
5 370 369 2905 12244
5 364 363 1347 12245
5 363 362 7465 12246
5 366 365 2906 12247
5 368 367 1528 12248
5 429 428 7516 12249
5 361 360 1712 12250
5 447 446 7383 12251
5 371 370 7445 12252
5 441 440 7408 12253
5 443 442 7462 12254
5 384 383 2914 12255
5 391 390 1353 12256
5 393 392 2912 12257
5 397 396 2915 12258
5 419 418 2917 12259
5 425 424 7588 12260
5 427 426 1403 12261
5 449 448 1453 12262
5 455 454 1464 12263
5 494 493 1705 12264
5 509 508 1455 12265
5 513 512 7576 12266
5 373 372 1346 12267
5 388 387 2908 12268
5 403 402 1532 12269
5 407 406 1367 12270
5 424 423 1697 12271
5 439 438 1435 12272
5 473 472 1461 12273
5 477 476 7497 12274
5 486 485 7536 12275
5 488 487 1696 12276
5 497 496 1457 12277
5 503 502 1456 12278
5 512 511 1707 12279
5 518 517 2907 12280
5 422 421 7628 12281
5 412 411 7552 12282
5 461 460 1463 12283
5 470 469 1701 12284
5 482 481 1710 12285
5 491 490 1458 12286
5 500 499 1703 12287
5 382 381 1345 12288
5 380 379 2911 12289
5 375 374 2910 12290
5 377 376 1530 12291
5 395 394 1529 12292
5 414 413 1372 12293
5 421 420 1387 12294
5 453 452 7606 12295
5 467 466 1462 12296
5 476 475 1709 12297
5 485 484 1459 12298
5 506 505 1700 12299
5 515 514 1454 12300
5 386 385 1531 12301
5 399 398 1357 12302
5 405 404 2909 12303
5 411 410 1702 12304
5 417 416 1698 12305
5 426 425 7677 12306
5 430 429 1695 12307
5 464 463 1699 12308
5 483 482 7689 12309
5 401 400 2913 12310
5 409 408 2916 12311
5 452 451 1706 12312
5 458 457 1704 12313
5 468 467 7664 12314
5 471 470 7522 12315
5 479 478 1460 12316
5 507 506 7416 12317
5 418 417 7557 12318
5 367 366 7510 12319
5 381 380 7648 12320
5 410 409 7683 12321
5 369 368 7529 12322
5 398 397 7614 12323
5 372 371 7660 12324
5 365 364 7528 12325
5 374 373 7595 12326
5 354 353 7828 12327
5 304 303 7801 12328
5 378 377 7663 12329
5 362 361 7675 12330
5 492 491 7976 12331
5 402 401 7586 12332
5 322 321 2918 12333
5 303 302 1535 12334
5 379 378 7671 12335
5 387 386 7630 12336
5 316 315 1344 12337
5 318 317 2921 12338
5 222 221 1713 12339
5 229 228 2922 12340
5 231 230 1536 12341
5 320 319 1533 12342
5 392 391 7654 12343
5 224 223 2923 12344
5 226 225 1383 12345
5 279 278 1711 12346
5 233 232 2924 12347
5 235 234 1382 12348
5 237 236 2926 12349
5 454 453 7673 12350
5 277 276 2925 12351
5 239 238 1534 12352
5 408 407 7661 12353
5 315 314 7833 12354
5 219 218 1385 12355
5 394 393 7641 12356
5 282 281 1368 12357
5 358 357 1400 12358
5 241 240 2920 12359
5 275 274 1371 12360
5 208 207 7816 12361
5 280 279 7716 12362
5 460 459 7666 12363
5 445 444 7509 12364
5 217 216 7826 12365
5 209 208 1714 12366
5 201 200 1472 12367
5 206 205 1401 12368
5 204 203 2928 12369
5 223 222 7732 12370
5 347 346 7903 12371
5 236 235 7756 12372
5 423 422 7674 12373
5 313 312 7959 12374
5 305 304 2935 12375
5 278 277 7700 12376
5 221 220 7703 12377
5 227 226 7735 12378
5 228 227 7758 12379
5 213 212 7878 12380
5 225 224 7733 12381
5 302 301 7786 12382
5 376 375 7676 12383
5 480 479 7653 12384
5 212 211 1386 12385
5 276 275 7812 12386
5 478 477 7659 12387
5 238 237 7759 12388
5 232 231 7718 12389
5 207 206 7817 12390
5 218 217 7764 12391
5 220 219 7785 12392
5 472 471 7570 12393
5 413 412 7668 12394
5 216 215 1715 12395
5 312 311 7944 12396
5 264 263 7955 12397
5 252 251 2938 12398
5 259 258 2941 12399
5 261 260 1374 12400
5 263 262 2943 12401
5 268 267 1373 12402
5 214 213 2934 12403
5 355 354 1719 12404
5 247 246 7880 12405
5 254 253 1375 12406
5 257 256 1716 12407
5 265 264 1717 12408
5 266 265 7914 12409
5 271 270 1718 12410
5 323 322 7691 12411
5 244 243 1384 12412
5 246 245 2937 12413
5 249 248 1473 12414
5 273 272 2929 12415
5 284 283 2930 12416
5 286 285 1542 12417
5 288 287 2945 12418
5 290 289 1365 12419
5 292 291 2942 12420
5 293 292 7849 12421
5 294 293 1539 12422
5 296 295 2932 12423
5 298 297 1355 12424
5 306 305 7802 12425
5 307 306 1352 12426
5 309 308 2936 12427
5 314 313 2919 12428
5 327 326 2939 12429
5 329 328 1537 12430
5 331 330 2940 12431
5 334 333 1349 12432
5 336 335 2944 12433
5 338 337 1538 12434
5 340 339 2933 12435
5 341 340 7818 12436
5 343 342 1350 12437
5 346 345 2931 12438
5 348 347 1540 12439
5 350 349 2946 12440
5 352 351 1351 12441
5 242 241 7770 12442
5 215 214 7876 12443
5 301 300 2927 12444
5 311 310 1541 12445
5 325 324 1348 12446
5 250 249 7922 12447
5 258 257 7860 12448
5 230 229 7743 12449
5 349 348 7964 12450
5 508 507 7981 12451
5 262 261 7929 12452
5 270 269 7935 12453
5 359 358 7763 12454
5 243 242 7954 12455
5 272 271 7924 12456
5 289 288 7918 12457
5 319 318 7730 12458
5 245 244 7957 12459
5 248 247 7923 12460
5 383 382 7665 12461
5 317 316 7744 12462
5 396 395 7669 12463
5 274 273 7968 12464
5 330 329 7941 12465
5 260 259 7967 12466
5 321 320 7742 12467
5 269 268 7931 12468
5 295 294 7936 12469
5 308 307 7901 12470
5 328 327 7939 12471
5 240 239 7761 12472
5 287 286 7958 12473
5 351 350 7942 12474
5 297 296 7937 12475
5 332 331 7834 12476
5 251 250 7926 12477
5 456 455 7971 12478
5 253 252 7927 12479
5 440 439 7670 12480
5 310 309 7956 12481
5 285 284 7898 12482
5 267 266 7970 12483
5 459 458 7686 12484
5 283 282 7965 12485
5 514 513 7980 12486
5 475 474 7690 12487
5 335 334 7839 12488
5 344 343 7962 12489
5 324 323 7953 12490
5 326 325 7920 12491
5 357 356 7765 12492
5 353 352 7977 12493
5 484 483 7684 12494
5 339 338 7902 12495
5 465 464 7974 12496
5 495 494 7699 12497
5 469 468 7687 12498
5 337 336 7961 12499
5 462 461 7978 12500
5 400 399 7680 12501
5 333 332 7960 12502
5 389 388 7678 12503
5 345 344 7973 12504
5 356 355 7969 12505
5 448 447 7975 12506
5 431 430 7688 12507
5 342 341 7979 12508
5 519 518 7972 12509
5 474 473 7681 12510
5 516 515 7982 12511
5 487 486 7983 12512
5 7947 7956 8183 12513
5 7956 2936 8183 12514
5 9572 7594 9573 12515
5 9201 9199 9202 12516
5 9199 9200 9216 12517
5 9220 9221 9222 12518
5 9260 9261 9262 12519
5 9238 9237 9239 12520
5 1760 8655 8721 12521
5 9121 9122 9123 12522
5 8654 8648 8655 12523
5 8690 8688 8691 12524
5 8682 1756 8683 12525
5 1412 8690 8692 12526
5 8743 8739 8744 12527
5 3014 8743 8745 12528
5 8620 8601 8621 12529
5 1396 1395 1397 12530
5 1411 8600 8601 12531
5 8600 8599 8602 12532
5 8605 1414 8606 12533
5 8723 1757 8725 12534
5 8702 1755 8703 12535
5 8604 8605 8607 12536
5 1752 8630 8638 12537
5 8733 1754 8734 12538
5 1419 8695 8697 12539
5 3000 8678 8679 12540
5 8717 1413 8719 12541
5 8630 8629 8631 12542
5 1762 8707 8709 12543
5 8754 8753 8755 12544
5 8707 8706 8708 12545
5 8685 3004 8686 12546
5 8695 8694 8696 12547
5 8660 3007 8661 12548
5 8722 8723 8724 12549
5 8641 3012 8642 12550
5 8716 8717 8718 12551
5 7952 9092 9093 12552
5 7626 7625 8953 12553
5 8627 1751 9305 12554
5 1550 8286 8295 12555
5 8504 3811 8515 12556
5 7477 7467 8845 12557
5 7698 7693 8848 12558
5 7952 7947 8183 12559
5 8930 8745 9150 12560
5 10143 5105 10506 12561
5 8290 8294 8295 12562
5 8512 8508 8515 12563
5 4313 4312 4314 12564
5 4309 4310 5218 12565
5 4436 4309 4437 12566
5 8213 8204 8273 12567
5 8385 8391 8394 12568
5 8428 8431 8435 12569
5 8315 8318 8328 12570
5 8340 8336 8341 12571
5 8302 8299 8313 12572
5 8416 8412 8422 12573
5 2916 7662 8836 12574
5 1695 7517 8837 12575
5 9336 9335 9337 12576
5 7715 7711 8182 12577
5 8091 8090 9101 12578
5 8307 8306 11034 12579
5 7836 9758 10089 12580
5 9167 9168 10058 12581
5 9168 7382 9169 12582
5 8853 7696 8864 12583
5 8856 7854 8865 12584
5 7508 8847 8866 12585
5 7769 8862 8868 12586
5 8064 9628 9717 12587
5 3283 7086 10053 12588
5 7486 8580 8581 12589
5 8584 7652 8585 12590
5 8594 7907 8595 12591
5 8558 8562 9100 12592
5 9476 9478 9479 12593
5 1760 8640 8654 12594
5 1300 1301 2949 12595
5 1297 1298 7988 12596
5 1319 1320 1544 12597
5 1299 1300 7985 12598
5 1315 1316 1466 12599
5 1269 1270 1504 12600
5 1274 1275 1505 12601
5 1292 1293 2951 12602
5 1282 1283 1501 12603
5 1261 1262 1500 12604
5 1284 1285 3093 12605
5 1290 1291 1566 12606
5 1303 1304 1467 12607
5 1267 1268 3072 12608
5 1276 1277 3015 12609
5 1308 1309 1468 12610
5 1332 1333 2948 12611
5 1298 1299 1508 12612
5 1317 1318 2947 12613
5 1323 1324 1512 12614
5 1268 1269 7986 12615
5 1258 1259 1721 12616
5 1326 1327 2093 12617
5 1293 1294 7991 12618
5 1330 1331 2308 12619
5 1265 1266 1502 12620
5 1278 1279 1503 12621
5 1296 1297 2953 12622
5 1288 1289 3157 12623
5 1321 1322 3016 12624
5 1266 1267 7989 12625
5 1286 1287 1519 12626
5 1316 1317 7987 12627
5 1263 1264 3046 12628
5 1280 1281 3062 12629
5 1270 1271 7993 12630
5 1294 1295 1543 12631
5 1311 1312 1720 12632
5 1242 1243 3115 12633
5 1271 1272 3102 12634
5 1329 1330 7994 12635
5 1264 1265 7990 12636
5 1295 1296 7992 12637
5 1256 1257 3104 12638
5 1250 1251 1495 12639
5 1341 1342 3530 12640
5 1305 1306 2950 12641
5 1313 1314 2952 12642
5 1328 1329 2954 12643
5 1193 1194 1522 12644
5 1189 1190 1520 12645
5 1186 1187 1722 12646
5 1192 1193 7995 12647
5 1177 1178 3226 12648
5 1229 1230 1388 12649
5 1255 1256 7999 12650
5 1190 1191 7996 12651
5 1251 1252 8000 12652
5 1179 1180 2297 12653
5 1191 1192 2956 12654
5 1184 1185 2957 12655
5 1214 1215 3158 12656
5 1183 1184 7997 12657
5 1182 1183 1521 12658
5 1235 1236 1390 12659
5 1203 1204 1510 12660
5 1217 1218 1391 12661
5 1238 1239 7998 12662
5 1199 1200 1518 12663
5 1196 1197 1726 12664
5 1205 1206 2958 12665
5 1226 1227 1725 12666
5 1209 1210 3090 12667
5 1237 1238 2955 12668
5 1232 1233 1724 12669
5 1240 1241 1406 12670
5 1207 1208 1493 12671
5 1223 1224 1389 12672
5 1201 1202 2959 12673
5 1212 1213 1430 12674
5 1220 1221 1723 12675
5 1254 1255 1499 12676
5 1252 1253 3075 12677
5 1245 1246 1469 12678
5 1247 1248 2960 12679
5 1253 1254 8001 12680
5 1239 1240 8002 12681
5 1340 1341 8003 12682
5 8644 8648 8654 12683
5 8660 8664 8675 12684
5 8685 8688 8690 12685
5 8681 8678 8682 12686
5 8733 8739 8743 12687
5 7555 7683 8836 12688
5 7392 7688 8837 12689
5 7716 7702 7717 12690
5 7662 8788 8789 12691
5 7919 8797 8798 12692
5 7925 8801 8802 12693
5 7827 8792 8793 12694
5 8803 7938 8804 12695
5 7928 8805 8806 12696
5 8138 2022 8876 12697
5 7701 8810 8811 12698
5 7899 8812 8813 12699
5 8814 7921 8815 12700
5 2907 7377 7378 12701
5 7536 1459 7537 12702
5 7416 1700 7417 12703
5 7463 1471 7464 12704
5 7383 2903 7384 12705
5 7576 1707 7577 12706
5 1705 7481 7482 12707
5 1699 7571 7572 12708
5 1424 7389 7390 12709
5 1704 7530 7531 12710
5 2904 7408 7409 12711
5 1462 7655 7656 12712
5 7606 1706 7607 12713
5 1710 7511 7512 12714
5 7552 1702 7553 12715
5 7445 2905 7446 12716
5 1357 7614 7615 12717
5 7522 1701 7523 12718
5 1695 7516 7517 12719
5 1347 7465 7466 12720
5 7497 1709 7498 12721
5 7588 1697 7589 12722
5 1345 7648 7649 12723
5 2916 7661 7662 12724
5 7681 1461 7682 12725
5 2910 7595 7596 12726
5 7641 2912 7642 12727
5 2911 7671 7672 12728
5 7557 1698 7558 12729
5 1712 7504 7505 12730
5 2908 7630 7631 12731
5 7628 1387 7629 12732
5 7451 1532 7452 12733
5 7756 1382 7757 12734
5 7735 1383 7736 12735
5 7718 1536 7719 12736
5 7733 2923 7734 12737
5 1711 7700 7701 12738
5 7818 2933 7819 12739
5 1463 7666 7667 12740
5 7759 2926 7760 12741
5 1533 7730 7731 12742
5 1713 7703 7704 12743
5 1719 7828 7829 12744
5 7744 1344 7745 12745
5 7761 1534 7762 12746
5 7691 2918 7692 12747
5 1535 7786 7787 12748
5 1351 7942 7943 12749
5 1400 7765 7766 12750
5 7812 1371 7813 12751
5 7965 1368 7966 12752
5 2929 7924 7925 12753
5 7770 2920 7771 12754
5 1542 7898 7899 12755
5 1539 7849 7850 12756
5 1365 7918 7919 12757
5 7764 7826 7827 12758
5 1375 7927 7928 12759
5 2934 7878 7879 12760
5 7914 1717 7915 12761
5 2941 7860 7861 12762
5 1352 7802 7803 12763
5 1715 7876 7877 12764
5 7880 2937 7881 12765
5 2943 7929 7930 12766
5 7931 1373 7932 12767
5 7944 1541 7945 12768
5 1540 7903 7904 12769
5 7834 2940 7835 12770
5 1537 7939 7940 12771
5 2944 7839 7840 12772
5 7937 2932 7938 12773
5 7962 1350 7963 12774
5 7920 1348 7921 12775
5 3800 4652 4653 12776
5 9320 9321 9323 12777
5 8817 4720 8818 12778
5 8083 8087 8176 12779
5 8038 8034 8075 12780
5 8008 8012 8074 12781
5 7874 8578 8820 12782
5 4041 10829 11286 12783
5 8050 8047 8876 12784
5 8073 8053 8876 12785
5 8194 1372 8829 12786
5 8546 8547 9425 12787
5 3757 3432 8202 12788
5 4693 8881 8883 12789
5 3151 6150 8577 12790
5 3319 3825 8885 12791
5 3323 3320 8885 12792
5 8363 9422 9423 12793
5 3002 8932 9386 12794
5 9308 1655 9316 12795
5 7696 9530 9531 12796
5 8899 7859 8902 12797
5 8090 8081 8109 12798
5 7247 4196 9792 12799
5 385 384 8185 12800
5 406 405 8186 12801
5 234 233 8187 12802
5 300 299 8188 12803
5 291 290 8189 12804
5 654 653 8006 12805
5 620 619 8021 12806
5 675 674 8078 12807
5 655 654 1728 12808
5 639 638 8075 12809
5 659 658 8016 12810
5 636 635 8101 12811
5 676 675 1450 12812
5 658 657 1447 12813
5 656 655 8074 12814
5 648 647 8081 12815
5 673 672 1737 12816
5 666 665 8095 12817
5 640 639 1444 12818
5 674 673 8080 12819
5 619 618 1738 12820
5 600 599 8045 12821
5 601 600 1568 12822
5 618 617 8076 12823
5 672 671 8026 12824
5 602 601 8100 12825
5 660 659 8107 12826
5 624 623 8134 12827
5 637 636 1736 12828
5 609 608 8169 12829
5 641 640 8032 12830
5 662 661 8163 12831
5 621 620 8106 12832
5 603 602 2963 12833
5 649 648 1735 12834
5 663 662 8151 12835
5 667 666 1734 12836
5 596 595 2964 12837
5 611 610 8160 12838
5 614 613 8110 12839
5 632 631 8130 12840
5 642 641 8099 12841
5 653 652 8145 12842
5 661 660 1729 12843
5 664 663 1448 12844
5 683 682 1451 12845
5 646 645 1445 12846
5 668 667 8146 12847
5 595 594 8178 12848
5 598 597 2022 12849
5 605 604 1498 12850
5 607 606 2961 12851
5 610 609 1439 12852
5 613 612 1731 12853
5 616 615 1440 12854
5 643 642 1730 12855
5 652 651 1446 12856
5 682 681 8129 12857
5 671 670 8162 12858
5 594 593 4340 12859
5 622 621 1441 12860
5 625 624 1733 12861
5 628 627 1442 12862
5 631 630 1732 12863
5 634 633 1443 12864
5 670 669 1449 12865
5 679 678 1727 12866
5 681 680 2962 12867
5 606 605 8115 12868
5 633 632 8171 12869
5 665 664 8108 12870
5 626 625 8173 12871
5 629 628 8164 12872
5 647 646 8109 12873
5 604 603 8170 12874
5 645 644 8139 12875
5 608 607 8175 12876
5 630 629 8174 12877
5 627 626 8168 12878
5 615 614 8172 12879
5 644 643 8177 12880
5 599 598 8138 12881
5 650 649 8176 12882
5 623 622 8179 12883
5 635 634 8181 12884
5 612 611 8180 12885
5 8618 3005 8907 12886
5 7484 7976 8580 12887
5 7385 7509 8582 12888
5 7981 7419 8583 12889
5 7665 7650 8584 12890
5 7659 7499 8588 12891
5 7643 7654 8586 12892
5 7961 7841 8589 12893
5 7677 7590 8587 12894
5 7746 7833 8590 12895
5 7680 7616 8591 12896
5 7720 7743 8592 12897
5 7964 7905 8594 12898
5 7967 7862 8593 12899
5 7976 1458 8580 12900
5 7509 1470 8582 12901
5 1455 7981 8583 12902
5 2914 7665 8584 12903
5 7654 1353 8586 12904
5 1403 7677 8587 12905
5 1538 7961 8589 12906
5 7743 2922 8592 12907
5 7833 2919 8590 12908
5 1460 7659 8588 12909
5 2946 7964 8594 12910
5 1374 7967 8593 12911
5 2913 7680 8591 12912
5 8009 8145 8821 12913
5 8145 1446 8821 12914
5 8203 1364 8273 12915
5 2970 8314 8328 12916
5 1567 8427 8435 12917
5 2999 8384 8394 12918
5 8298 2254 8313 12919
5 8411 1363 8422 12920
5 8335 2975 8341 12921
5 7541 7539 8913 12922
5 7788 7790 8898 12923
5 7884 7891 8579 12924
5 7508 7506 8847 12925
5 7832 7830 8851 12926
5 7820 7825 8852 12927
5 7705 7708 8849 12928
5 7851 7854 8856 12929
5 7694 7696 8853 12930
5 7769 7767 8862 12931
5 7379 7382 8846 12932
5 510 509 8190 12933
5 435 434 8191 12934
5 390 389 8192 12935
5 496 495 8193 12936
5 415 414 8194 12937
5 7486 7484 8580 12938
5 7388 7385 8582 12939
5 7419 7421 8583 12940
5 7499 7503 8588 12941
5 7650 7652 8584 12942
5 7590 7594 8587 12943
5 7645 7643 8586 12944
5 7841 7843 8589 12945
5 7748 7746 8590 12946
5 7723 7720 8592 12947
5 7616 7618 8591 12948
5 7905 7907 8594 12949
5 7862 7866 8593 12950
5 7798 8188 8598 12951
5 9476 9477 9478 12952
5 2378 2183 3407 12953
5 2377 2378 2481 12954
5 7410 7413 8919 12955
5 7823 7821 8925 12956
5 7737 7740 8923 12957
5 7457 7453 8921 12958
5 7946 7949 8924 12959
5 7520 7518 8922 12960
5 1608 5328 9301 12961
5 1473 8579 8828 12962
5 4791 4779 8816 12963
5 4717 4720 8817 12964
5 4739 4738 8819 12965
5 7386 7384 8958 12966
5 1421 8930 9150 12967
5 1390 6471 10153 12968
5 1751 8627 9160 12969
5 9376 8750 9377 12970
5 281 280 8201 12971
5 1569 1509 1570 12972
5 1479 1569 3394 12973
5 10591 4887 10880 12974
5 7922 1473 8828 12975
5 9307 9308 9309 12976
5 7804 7808 8933 12977
5 7859 7857 8902 12978
5 7562 8194 8829 12979
5 7739 8783 8784 12980
5 8783 7734 8784 12981
5 4779 4781 8816 12982
5 4719 4717 8817 12983
5 4738 5288 8819 12984
5 7739 7736 8783 12985
5 7774 7771 8785 12986
5 2537 5054 11243 12987
5 2907 517 7377 12988
5 1705 493 7481 12989
5 485 1459 7536 12990
5 7511 480 7653 12991
5 1698 416 7587 12992
5 506 1700 7416 12993
5 520 1471 7463 12994
5 1710 481 7511 12995
5 446 2903 7383 12996
5 433 1424 7450 12997
5 1704 457 7530 12998
5 442 2904 7462 12999
5 1699 463 7571 13000
5 512 1707 7576 13001
5 1424 432 7389 13002
5 2909 404 7451 13003
5 7666 459 7686 13004
5 477 7497 7659 13005
5 1462 466 7655 13006
5 444 1470 7509 13007
5 2904 441 7408 13008
5 409 2916 7683 13009
5 7516 428 7685 13010
5 1528 367 7510 13011
5 1470 443 7462 13012
5 427 1403 7685 13013
5 7389 431 7688 13014
5 7684 483 7689 13015
5 452 1706 7606 13016
5 491 1458 7976 13017
5 422 7628 7674 13018
5 370 2905 7445 13019
5 7465 362 7675 13020
5 1347 363 7465 13021
5 1695 429 7516 13022
5 368 1528 7529 13023
5 411 1702 7552 13024
5 1707 511 7679 13025
5 2906 365 7528 13026
5 366 2906 7510 13027
5 470 1701 7522 13028
5 364 1347 7528 13029
5 467 1462 7664 13030
5 1712 360 7504 13031
5 455 1464 7971 13032
5 1357 398 7614 13033
5 476 1709 7497 13034
5 371 7445 7660 13035
5 399 1357 7680 13036
5 424 1697 7588 13037
5 2905 369 7529 13038
5 1530 376 7676 13039
5 2917 418 7557 13040
5 403 1532 7451 13041
5 1403 426 7677 13042
5 373 1346 7595 13043
5 386 1531 7630 13044
5 1345 381 7648 13045
5 1454 514 7980 13046
5 425 7588 7677 13047
5 1453 448 7975 13048
5 2903 445 7509 13049
5 377 1530 7663 13050
5 380 2911 7648 13051
5 1455 508 7981 13052
5 412 7552 7668 13053
5 417 1698 7557 13054
5 391 1353 7654 13055
5 2910 374 7595 13056
5 1532 402 7586 13057
5 421 1387 7628 13058
5 401 2913 7586 13059
5 1529 394 7641 13060
5 2916 408 7661 13061
5 1461 472 7570 13062
5 1346 372 7660 13063
5 378 7663 7671 13064
5 7481 492 7976 13065
5 397 2915 7614 13066
5 1464 454 7673 13067
5 2912 392 7654 13068
5 2911 379 7671 13069
5 2914 383 7665 13070
5 393 2912 7641 13071
5 464 1699 7974 13072
5 482 1710 7689 13073
5 2908 387 7630 13074
5 2915 396 7669 13075
5 395 1529 7669 13076
5 407 1367 7661 13077
5 7408 440 7670 13078
5 461 1463 7978 13079
5 382 1345 7665 13080
5 471 7522 7570 13081
5 361 1712 7675 13082
5 453 7606 7673 13083
5 1471 519 7972 13084
5 439 1435 7670 13085
5 1702 410 7683 13086
5 1709 475 7690 13087
5 468 7664 7687 13088
5 375 2910 7676 13089
5 515 1454 7982 13090
5 1372 413 7668 13091
5 1697 423 7674 13092
5 1719 354 7828 13093
5 1701 469 7687 13094
5 279 1711 7716 13095
5 235 1382 7756 13096
5 2935 304 7801 13097
5 303 1535 7801 13098
5 2921 317 7744 13099
5 2923 223 7732 13100
5 226 1383 7735 13101
5 229 2922 7743 13102
5 222 1713 7732 13103
5 224 2923 7733 13104
5 1383 225 7733 13105
5 2922 228 7758 13106
5 231 1536 7718 13107
5 1463 460 7666 13108
5 7504 359 7763 13109
5 1344 315 7833 13110
5 318 2921 7730 13111
5 2918 321 7742 13112
5 2926 236 7756 13113
5 7530 456 7971 13114
5 1711 278 7700 13115
5 1713 221 7703 13116
5 1534 238 7759 13117
5 340 2933 7818 13118
5 2924 232 7718 13119
5 2925 276 7812 13120
5 277 2925 7700 13121
5 1536 230 7743 13122
5 227 7735 7758 13123
5 237 2926 7759 13124
5 358 1400 7763 13125
5 322 2918 7691 13126
5 7703 220 7785 13127
5 1533 319 7730 13128
5 1714 208 7816 13129
5 346 2931 7903 13130
5 7571 462 7978 13131
5 1535 302 7786 13132
5 7655 465 7974 13133
5 1385 218 7764 13134
5 7816 207 7817 13135
5 316 1344 7744 13136
5 320 1533 7742 13137
5 301 2927 7786 13138
5 219 1385 7785 13139
5 206 1401 7817 13140
5 239 1534 7761 13141
5 473 1461 7681 13142
5 312 7944 7959 13143
5 241 2920 7770 13144
5 275 1371 7812 13145
5 314 2919 7833 13146
5 1371 274 7968 13147
5 216 1715 7826 13148
5 1460 478 7659 13149
5 458 1704 7686 13150
5 7764 217 7826 13151
5 212 1386 7878 13152
5 2920 240 7761 13153
5 2929 272 7924 13154
5 1539 293 7849 13155
5 2939 326 7920 13156
5 2934 213 7878 13157
5 1355 297 7937 13158
5 1351 351 7942 13159
5 305 2935 7802 13160
5 265 1717 7914 13161
5 1365 289 7918 13162
5 332 7834 7960 13163
5 282 1368 7965 13164
5 1541 310 7956 13165
5 307 1352 7901 13166
5 247 7880 7923 13167
5 1352 306 7802 13168
5 1715 215 7876 13169
5 2941 258 7860 13170
5 263 2943 7955 13171
5 269 7931 7935 13172
5 327 2939 7939 13173
5 214 2934 7876 13174
5 2946 349 7964 13175
5 2919 313 7959 13176
5 244 1384 7957 13177
5 246 2937 7880 13178
5 249 1473 7922 13179
5 257 1716 7860 13180
5 261 1374 7929 13181
5 294 1539 7936 13182
5 334 1349 7839 13183
5 352 1351 7977 13184
5 1717 264 7955 13185
5 2943 262 7929 13186
5 1459 484 7684 13187
5 1384 243 7954 13188
5 1375 253 7927 13189
5 1542 285 7898 13190
5 242 7770 7954 13191
5 494 1705 7699 13192
5 250 7922 7926 13193
5 286 1542 7958 13194
5 348 1540 7964 13195
5 1400 357 7765 13196
5 1718 270 7935 13197
5 1374 260 7967 13198
5 311 1541 7944 13199
5 292 2942 7849 13200
5 329 1537 7941 13201
5 2937 245 7957 13202
5 2940 330 7941 13203
5 1540 347 7903 13204
5 1373 267 7970 13205
5 259 2941 7967 13206
5 273 2929 7968 13207
5 388 2908 7678 13208
5 430 1695 7688 13209
5 268 1373 7931 13210
5 288 2945 7918 13211
5 271 1718 7924 13212
5 1473 248 7923 13213
5 479 1460 7653 13214
5 518 2907 7972 13215
5 2913 400 7680 13216
5 507 7416 7981 13217
5 2945 287 7958 13218
5 2932 295 7936 13219
5 323 7691 7953 13220
5 2938 251 7926 13221
5 344 7962 7973 13222
5 2936 308 7901 13223
5 2930 283 7965 13224
5 252 2938 7927 13225
5 284 2930 7898 13226
5 331 2940 7834 13227
5 1537 328 7939 13228
5 266 7914 7970 13229
5 296 2932 7937 13230
5 350 2946 7942 13231
5 2933 339 7902 13232
5 1696 487 7983 13233
5 355 1719 7969 13234
5 309 2936 7956 13235
5 336 2944 7961 13236
5 2944 335 7839 13237
5 513 7576 7980 13238
5 1350 342 7979 13239
5 474 7681 7690 13240
5 343 1350 7962 13241
5 1348 324 7953 13242
5 338 1538 7902 13243
5 1538 337 7961 13244
5 7828 353 7977 13245
5 325 1348 7920 13246
5 1349 333 7960 13247
5 447 7383 7975 13248
5 2931 345 7973 13249
5 7765 356 7969 13250
5 7377 516 7982 13251
5 341 7818 7979 13252
5 486 7536 7983 13253
5 256 255 8578 13254
5 1551 8524 8938 13255
5 1497 8436 8939 13256
5 8933 7808 9091 13257
5 7514 7511 7653 13258
5 7392 7389 7688 13259
5 1699 7573 7974 13260
5 7484 7481 7976 13261
5 7385 2903 7509 13262
5 2904 7410 7462 13263
5 7497 7499 7659 13264
5 1424 7391 7450 13265
5 7536 7538 7983 13266
5 7552 7554 7668 13267
5 7380 7377 7982 13268
5 1357 7616 7680 13269
5 1345 7650 7665 13270
5 7525 1701 7687 13271
5 7575 7571 7978 13272
5 7643 2912 7654 13273
5 7447 2905 7529 13274
5 7467 7465 7675 13275
5 7539 1459 7684 13276
5 1462 7657 7664 13277
5 1347 7468 7528 13278
5 7591 1697 7674 13279
5 7606 7612 7673 13280
5 7445 7448 7660 13281
5 2910 7597 7676 13282
5 7534 7530 7971 13283
5 2908 7632 7678 13284
5 2907 7379 7972 13285
5 7588 7590 7677 13286
5 7500 1709 7690 13287
5 7578 1707 7679 13288
5 7506 7504 7763 13289
5 7522 7524 7570 13290
5 7576 7579 7980 13291
5 7411 7408 7670 13292
5 1705 7483 7699 13293
5 1704 7532 7686 13294
5 7416 7419 7981 13295
5 7559 1698 7587 13296
5 7453 1532 7586 13297
5 7834 7836 7960 13298
5 7746 1344 7833 13299
5 7693 2918 7742 13300
5 7720 1536 7743 13301
5 1711 7702 7716 13302
5 2944 7841 7961 13303
5 1713 7705 7732 13304
5 7383 7386 7975 13305
5 7818 7820 7979 13306
5 7735 7737 7758 13307
5 7830 7828 7977 13308
5 7518 7516 7685 13309
5 1542 7900 7958 13310
5 7706 7703 7785 13311
5 7691 7694 7953 13312
5 1535 7788 7801 13313
5 1710 7513 7689 13314
5 7555 1702 7683 13315
5 7947 1541 7956 13316
5 7821 2933 7902 13317
5 7944 7946 7959 13318
5 7914 7916 7970 13319
5 7880 7882 7923 13320
5 7814 1371 7968 13321
5 2941 7862 7967 13322
5 1352 7804 7901 13323
5 1539 7851 7936 13324
5 7931 7933 7935 13325
5 7770 7772 7954 13326
5 7837 2940 7941 13327
5 7917 1717 7955 13328
5 7767 7765 7969 13329
5 1540 7905 7964 13330
5 7715 8182 8934 13331
5 8014 8009 8821 13332
5 9555 9554 9556 13333
5 8354 8358 8396 13334
5 8205 8208 8278 13335
5 8693 8691 9501 13336
5 6128 3435 11017 13337
5 1448 8152 9095 13338
5 9468 9469 9470 13339
5 9218 9211 9589 13340
5 9501 8691 9502 13341
5 9394 8585 9395 13342
5 8366 8369 8939 13343
5 8413 8415 8938 13344
5 4250 10780 10781 13345
5 1409 8659 8675 13346
5 1412 8684 8690 13347
5 8677 1756 8682 13348
5 3014 8732 8743 13349
5 9127 9126 9292 13350
5 7682 8838 8839 13351
5 8842 7667 8843 13352
5 8857 7930 8858 13353
5 8860 7940 8861 13354
5 7806 7811 8926 13355
5 7508 8866 8867 13356
5 8868 7831 8869 13357
5 7649 7648 8786 13358
5 2911 7672 8786 13359
5 7662 7661 8788 13360
5 7672 7671 8787 13361
5 1715 7877 8792 13362
5 7812 7813 8791 13363
5 7919 7918 8797 13364
5 7940 7939 8800 13365
5 7827 7826 8792 13366
5 7877 7876 8796 13367
5 7925 7924 8801 13368
5 7937 7938 8803 13369
5 7965 7966 8809 13370
5 7879 7878 8794 13371
5 2934 7879 8796 13372
5 7928 7927 8805 13373
5 7701 7700 8810 13374
5 7899 7898 8812 13375
5 7920 7921 8814 13376
5 7505 8830 8845 13377
5 7582 7679 8190 13378
5 7699 7491 8193 13379
5 7678 7635 8192 13380
5 7450 7396 8191 13381
5 7562 7587 8194 13382
5 8610 8606 8907 13383
5 1574 1573 1587 13384
5 4742 4737 9483 13385
5 299 298 8598 13386
5 8296 8297 8822 13387
5 8927 2964 9137 13388
5 384 2914 8185 13389
5 1367 406 8186 13390
5 1531 385 8185 13391
5 405 2909 8186 13392
5 233 2924 8187 13393
5 1382 234 8187 13394
5 290 1365 8189 13395
5 2942 291 8189 13396
5 2927 300 8188 13397
5 255 254 8820 13398
5 4690 4689 8881 13399
5 7679 510 8190 13400
5 434 7450 8191 13401
5 1708 435 8191 13402
5 389 7678 8192 13403
5 1353 390 8192 13404
5 495 7699 8193 13405
5 509 1455 8190 13406
5 414 1372 8194 13407
5 1457 496 8193 13408
5 7587 415 8194 13409
5 4639 4640 9773 13410
5 907 906 8203 13411
5 913 912 8277 13412
5 875 874 8384 13413
5 908 907 2968 13414
5 943 942 8279 13415
5 933 932 2967 13416
5 944 943 1636 13417
5 942 941 2971 13418
5 851 850 8424 13419
5 935 934 1474 13420
5 924 923 1369 13421
5 884 883 2997 13422
5 862 861 1549 13423
5 866 865 1359 13424
5 949 948 3218 13425
5 71 70 8352 13426
5 909 908 8278 13427
5 874 873 1360 13428
5 77 76 8364 13429
5 883 882 8525 13430
5 27 26 1745 13431
5 870 869 1550 13432
5 84 83 1567 13433
5 914 913 2977 13434
5 827 826 1561 13435
5 945 944 8284 13436
5 60 59 8459 13437
5 78 77 2979 13438
5 906 905 1364 13439
5 880 879 2998 13440
5 888 887 2975 13441
5 916 915 1354 13442
5 918 917 2985 13443
5 67 66 8376 13444
5 64 63 2986 13445
5 902 901 1551 13446
5 829 828 2973 13447
5 73 72 8396 13448
5 927 926 1744 13449
5 82 81 2982 13450
5 920 919 1547 13451
5 89 88 2976 13452
5 91 90 4319 13453
5 72 71 1742 13454
5 66 65 1741 13455
5 80 79 1497 13456
5 872 871 2974 13457
5 889 888 8335 13458
5 890 889 1362 13459
5 892 891 2983 13460
5 893 892 8410 13461
5 894 893 1548 13462
5 896 895 2981 13463
5 898 897 1363 13464
5 900 899 2972 13465
5 922 921 2980 13466
5 65 64 8439 13467
5 90 89 8438 13468
5 79 78 8436 13469
5 83 82 8427 13470
5 81 80 8437 13471
5 61 60 8479 13472
5 50 49 8442 13473
5 68 67 8481 13474
5 848 847 8480 13475
5 826 825 8517 13476
5 853 852 8475 13477
5 831 830 1492 13478
5 869 868 8286 13479
5 38 37 8464 13480
5 849 848 8397 13481
5 59 58 1740 13482
5 87 86 2019 13483
5 70 69 8488 13484
5 56 55 8499 13485
5 850 849 1356 13486
5 852 851 2988 13487
5 63 62 8493 13488
5 871 870 8375 13489
5 51 50 1743 13490
5 41 40 8498 13491
5 75 74 1425 13492
5 62 61 1377 13493
5 40 39 2978 13494
5 55 54 1379 13495
5 85 84 8332 13496
5 940 939 1511 13497
5 69 68 1376 13498
5 76 75 8487 13499
5 42 41 1475 13500
5 28 27 8333 13501
5 57 56 2990 13502
5 39 38 8484 13503
5 860 859 2996 13504
5 37 36 1380 13505
5 836 835 8529 13506
5 52 51 8528 13507
5 934 933 8282 13508
5 937 936 2969 13509
5 49 48 8537 13510
5 873 872 8503 13511
5 878 877 1552 13512
5 32 31 8542 13513
5 54 53 8539 13514
5 47 46 8550 13515
5 821 820 2991 13516
5 838 837 8556 13517
5 840 839 1748 13518
5 843 842 1370 13519
5 854 853 1546 13520
5 819 818 3811 13521
5 823 822 1681 13522
5 856 855 2984 13523
5 858 857 1358 13524
5 820 819 8504 13525
5 825 824 2993 13526
5 834 833 1746 13527
5 837 836 1402 13528
5 845 844 2994 13529
5 847 846 1739 13530
5 58 57 8501 13531
5 34 33 8549 13532
5 33 32 1747 13533
5 35 34 2992 13534
5 30 29 1378 13535
5 45 44 1749 13536
5 48 47 1381 13537
5 43 42 8489 13538
5 53 52 2989 13539
5 46 45 8553 13540
5 44 43 8563 13541
5 36 35 8554 13542
5 895 894 8345 13543
5 31 30 8564 13544
5 855 854 8565 13545
5 828 827 8477 13546
5 891 890 8440 13547
5 939 938 8348 13548
5 879 878 8425 13549
5 844 843 8485 13550
5 911 910 1476 13551
5 899 898 8411 13552
5 841 840 8520 13553
5 904 903 2995 13554
5 882 881 1361 13555
5 863 862 8314 13556
5 885 884 8482 13557
5 868 867 2987 13558
5 842 841 8555 13559
5 864 863 2970 13560
5 886 885 1545 13561
5 930 929 1405 13562
5 947 946 2254 13563
5 824 823 8566 13564
5 867 866 8574 13565
5 857 856 8557 13566
5 903 902 8575 13567
5 861 860 8441 13568
5 832 831 8448 13569
5 830 829 8519 13570
5 941 940 8502 13571
5 881 880 8572 13572
5 846 845 8569 13573
5 822 821 8570 13574
5 876 875 2999 13575
5 833 832 8541 13576
5 835 834 8538 13577
5 948 947 8298 13578
5 839 838 8568 13579
5 859 858 8527 13580
5 915 914 8571 13581
5 936 935 8496 13582
5 938 937 8495 13583
5 901 900 8524 13584
5 7640 1531 8185 13585
5 2909 7459 8186 13586
5 2924 7725 8187 13587
5 7857 2942 8189 13588
5 7795 2927 8188 13589
5 8531 8538 8875 13590
5 8367 8487 8874 13591
5 8487 1425 8874 13592
5 8538 1746 8875 13593
5 7921 8853 8864 13594
5 7938 8856 8865 13595
5 8847 7766 8866 13596
5 8862 7829 8868 13597
5 9778 9777 9779 13598
5 1368 281 8201 13599
5 280 7716 8201 13600
5 8871 8595 9174 13601
5 1562 1564 1676 13602
5 1564 1563 1565 13603
5 7646 7644 8824 13604
5 1716 256 8578 13605
5 8020 8019 9565 13606
5 1426 1407 4235 13607
5 1408 1426 1427 13608
5 8737 8734 8772 13609
5 7872 1716 8578 13610
5 3062 5698 10413 13611
5 7798 8598 8959 13612
5 2249 5217 9569 13613
5 7583 7582 9084 13614
5 7635 7636 9083 13615
5 8097 8108 9095 13616
5 3527 7222 9102 13617
5 7563 7562 8829 13618
5 2921 7753 8832 13619
5 10825 4244 11277 13620
5 4916 3995 9916 13621
5 8024 8076 8077 13622
5 8146 8098 8147 13623
5 7505 7507 8830 13624
5 8021 1738 8022 13625
5 1450 8078 8079 13626
5 8016 1447 8017 13627
5 1728 8006 8007 13628
5 1737 8026 8027 13629
5 1735 8081 8082 13630
5 1736 8101 8102 13631
5 8032 1444 8033 13632
5 1568 8045 8046 13633
5 1734 8095 8096 13634
5 8160 1439 8161 13635
5 1733 8134 8135 13636
5 8115 1498 8116 13637
5 8110 1731 8111 13638
5 8164 1442 8165 13639
5 1448 8151 8152 13640
5 8130 1732 8131 13641
5 1445 8139 8140 13642
5 298 1355 8598 13643
5 7748 9119 9120 13644
5 254 1375 8820 13645
5 7618 7622 9118 13646
5 7716 7717 8201 13647
5 6085 1228 11134 13648
5 8984 8985 8987 13649
5 8985 1494 8986 13650
5 3051 9003 9004 13651
5 3017 9047 9048 13652
5 9065 9066 9067 13653
5 9037 1514 9038 13654
5 9023 9022 9027 13655
5 1628 9023 9024 13656
5 9066 1438 9068 13657
5 9058 9059 9060 13658
5 7757 8900 8901 13659
5 3414 3415 3416 13660
5 9173 9174 9175 13661
5 8374 8367 8874 13662
5 8535 8531 8875 13663
5 8594 8595 8871 13664
5 5426 8905 8906 13665
5 7723 8592 9109 13666
5 1300 2949 7985 13667
5 1508 1299 7985 13668
5 1298 1508 7988 13669
5 1269 1504 7986 13670
5 3072 1268 7986 13671
5 1267 3072 7989 13672
5 2953 1297 7988 13673
5 1317 2947 7987 13674
5 2951 1293 7991 13675
5 1504 1270 7993 13676
5 1466 1316 7987 13677
5 1502 1266 7989 13678
5 1294 1543 7991 13679
5 1330 2308 7994 13680
5 1265 1502 7990 13681
5 1296 2953 7992 13682
5 1271 3102 7993 13683
5 3046 1264 7990 13684
5 1543 1295 7992 13685
5 2954 1329 7994 13686
5 1256 3104 7999 13687
5 1193 1522 7995 13688
5 1520 1190 7996 13689
5 2956 1192 7995 13690
5 1191 2956 7996 13691
5 1495 1251 8000 13692
5 1184 2957 7997 13693
5 1521 1183 7997 13694
5 1252 3075 8000 13695
5 2955 1238 7998 13696
5 1499 1255 7999 13697
5 1240 1406 8002 13698
5 1254 1499 8001 13699
5 3075 1253 8001 13700
5 7998 1239 8002 13701
5 1341 3530 8003 13702
5 7943 8871 9174 13703
5 7425 7423 10478 13704
5 7875 7874 9089 13705
5 8815 9532 9533 13706
5 9404 9405 9406 13707
5 7517 7521 8837 13708
5 9120 9119 9138 13709
5 5329 9599 10260 13710
5 796 795 8599 13711
5 764 763 8706 13712
5 774 773 3005 13713
5 778 777 8617 13714
5 761 760 8699 13715
5 719 718 8753 13716
5 776 775 1414 13717
5 797 796 1411 13718
5 815 814 8628 13719
5 814 813 2171 13720
5 792 791 3002 13721
5 798 797 8619 13722
5 724 723 8732 13723
5 800 799 1751 13724
5 728 727 8760 13725
5 748 747 1418 13726
5 788 787 3004 13727
5 804 803 1410 13728
5 752 751 1755 13729
5 759 758 1760 13730
5 731 730 8677 13731
5 809 808 3007 13732
5 745 744 1757 13733
5 783 782 1413 13734
5 743 742 3008 13735
5 812 811 8676 13736
5 755 754 1417 13737
5 738 737 1763 13738
5 769 768 1415 13739
5 772 771 1752 13740
5 807 806 1758 13741
5 773 772 8700 13742
5 790 789 1412 13743
5 740 739 8694 13744
5 767 766 3011 13745
5 777 776 8604 13746
5 715 714 3003 13747
5 733 732 8767 13748
5 779 778 1750 13749
5 794 793 1753 13750
5 816 815 3029 13751
5 802 801 3009 13752
5 766 765 8771 13753
5 775 774 8618 13754
5 762 761 1416 13755
5 734 733 1420 13756
5 714 713 8770 13757
5 787 786 8758 13758
5 811 810 1409 13759
5 717 716 1759 13760
5 770 769 8639 13761
5 786 785 1761 13762
5 746 745 8722 13763
5 730 729 1756 13764
5 781 780 3006 13765
5 741 740 1419 13766
5 810 809 8659 13767
5 785 784 8727 13768
5 742 741 8769 13769
5 753 752 8701 13770
5 713 712 1423 13771
5 725 724 3014 13772
5 723 722 1754 13773
5 765 764 1762 13774
5 718 717 8768 13775
5 711 710 3001 13776
5 771 770 8629 13777
5 758 757 8640 13778
5 720 719 1422 13779
5 763 762 8759 13780
5 803 802 8728 13781
5 789 788 8684 13782
5 739 738 8751 13783
5 727 726 1421 13784
5 732 731 3000 13785
5 744 743 8731 13786
5 736 735 3013 13787
5 750 749 3010 13788
5 757 756 3012 13789
5 747 746 8752 13790
5 784 783 8716 13791
5 760 759 8721 13792
5 756 755 8720 13793
5 795 794 8766 13794
5 793 792 8761 13795
5 722 721 8772 13796
5 735 734 8776 13797
5 780 779 8774 13798
5 768 767 8763 13799
5 751 750 8773 13800
5 737 736 8778 13801
5 782 781 8730 13802
5 808 807 8765 13803
5 754 753 8782 13804
5 749 748 8780 13805
5 8268 8263 9882 13806
5 7662 8790 8836 13807
5 7731 7730 8832 13808
5 2925 8791 8810 13809
5 2930 8809 8812 13810
5 8800 2939 8814 13811
5 7648 2911 8786 13812
5 7671 7663 8787 13813
5 7661 1367 8788 13814
5 2925 7812 8791 13815
5 7826 1715 8792 13816
5 7918 2945 8797 13817
5 7939 2939 8800 13818
5 7878 1386 8794 13819
5 2930 7965 8809 13820
5 1355 7937 8803 13821
5 7876 2934 8796 13822
5 7924 1718 8801 13823
5 7927 2938 8805 13824
5 7700 2925 8810 13825
5 7898 2930 8812 13826
5 2939 7920 8814 13827
5 7766 7768 8866 13828
5 7829 7831 8868 13829
5 4256 4255 11316 13830
5 9554 9107 9556 13831
5 8188 299 8598 13832
5 7984 3527 9102 13833
5 5474 5501 9141 13834
5 8208 8209 9142 13835
5 8103 8181 8877 13836
5 8117 8170 8878 13837
5 8107 8018 8879 13838
5 8099 8035 8880 13839
5 8181 1443 8877 13840
5 8170 2963 8878 13841
5 1729 8107 8879 13842
5 1730 8099 8880 13843
5 8584 8585 8957 13844
5 8053 8050 8876 13845
5 7919 8899 8902 13846
5 7682 1461 8838 13847
5 7628 7629 8840 13848
5 7464 1471 8846 13849
5 7656 7655 8841 13850
5 7667 7666 8844 13851
5 1712 7505 8845 13852
5 1463 7667 8842 13853
5 1400 7766 8847 13854
5 7681 7682 8850 13855
5 1533 7731 8848 13856
5 7734 2923 8849 13857
5 7963 1350 8852 13858
5 7921 1348 8853 13859
5 1351 7943 8851 13860
5 2929 7925 8854 13861
5 7932 1373 8855 13862
5 2943 7930 8857 13863
5 7938 2932 8856 13864
5 1719 7829 8862 13865
5 1537 7940 8860 13866
5 638 637 8825 13867
5 657 656 8826 13868
5 651 650 8827 13869
5 8105 8103 8877 13870
5 8119 8117 8878 13871
5 8018 8020 8879 13872
5 8035 8042 8880 13873
5 4693 4690 8881 13874
5 7958 7900 8892 13875
5 8578 255 8820 13876
5 8864 7696 9531 13877
5 8155 8153 9177 13878
5 8143 8141 9176 13879
5 8048 8072 9178 13880
5 1304 1305 8833 13881
5 8919 7413 9111 13882
5 7520 8922 9117 13883
5 8924 7949 9119 13884
5 7457 8921 9118 13885
5 8388 9416 9435 13886
5 4585 5291 10653 13887
5 8804 7938 8865 13888
5 8815 7921 8864 13889
5 8940 8339 8941 13890
5 8561 8942 8943 13891
5 7943 7942 8871 13892
5 4488 9369 9385 13893
5 7459 7461 8904 13894
5 8954 7708 8955 13895
5 1368 8201 8903 13896
5 4849 3052 10483 13897
5 7730 2921 8832 13898
5 3320 3319 8885 13899
5 21 971 1393 13900
5 9982 4336 9983 13901
5 617 616 8834 13902
5 669 668 8835 13903
5 8638 8633 9431 13904
5 2946 8594 8871 13905
5 7647 8952 8953 13906
5 9121 9123 9197 13907
5 9400 8718 9507 13908
5 2374 5169 9749 13909
5 7890 7889 10184 13910
5 1382 8187 8900 13911
5 8189 1365 8902 13912
5 7570 7524 8838 13913
5 7974 7573 8841 13914
5 7591 7674 8840 13915
5 7575 7978 8842 13916
5 7972 7379 8846 13917
5 7686 7532 8844 13918
5 7506 7763 8847 13919
5 7467 7675 8845 13920
5 7979 7820 8852 13921
5 7693 7742 8848 13922
5 7732 7705 8849 13923
5 7830 7977 8851 13924
5 7953 7694 8853 13925
5 7970 7916 8855 13926
5 7500 7690 8850 13927
5 7814 7968 8854 13928
5 7936 7851 8856 13929
5 7837 7941 8860 13930
5 7767 7969 8862 13931
5 7917 7955 8857 13932
5 1461 7570 8838 13933
5 1471 7972 8846 13934
5 7674 7628 8840 13935
5 7666 7686 8844 13936
5 7655 7974 8841 13937
5 7978 1463 8842 13938
5 7675 1712 8845 13939
5 7763 1400 8847 13940
5 2923 7732 8849 13941
5 1350 7979 8852 13942
5 7742 1533 8848 13943
5 7690 7681 8850 13944
5 7977 1351 8851 13945
5 1348 7953 8853 13946
5 7968 2929 8854 13947
5 1373 7970 8855 13948
5 7969 1719 8862 13949
5 7955 2943 8857 13950
5 2932 7936 8856 13951
5 7941 1537 8860 13952
5 1367 8186 8904 13953
5 7935 7933 8863 13954
5 1718 7935 8863 13955
5 2285 4757 4758 13956
5 4825 4824 4826 13957
5 4805 4804 4806 13958
5 4724 4723 4725 13959
5 2287 4724 4726 13960
5 1959 4830 4831 13961
5 1479 23 1509 13962
5 7942 2946 8871 13963
5 8579 7891 8828 13964
5 5235 5256 9108 13965
5 1450 675 8078 13966
5 655 1728 8074 13967
5 673 1737 8080 13968
5 8078 674 8080 13969
5 619 1738 8021 13970
5 658 1447 8016 13971
5 8006 653 8145 13972
5 659 8016 8107 13973
5 1444 639 8075 13974
5 1728 654 8006 13975
5 1737 672 8026 13976
5 1736 636 8101 13977
5 1568 600 8045 13978
5 601 1568 8100 13979
5 1738 618 8076 13980
5 1735 648 8081 13981
5 620 8021 8106 13982
5 8095 665 8108 13983
5 8045 599 8138 13984
5 640 1444 8032 13985
5 2963 602 8100 13986
5 1733 624 8134 13987
5 8026 671 8162 13988
5 1729 660 8107 13989
5 1734 666 8095 13990
5 8081 647 8109 13991
5 632 8130 8171 13992
5 8139 644 8177 13993
5 610 1439 8160 13994
5 8168 626 8173 13995
5 641 8032 8099 13996
5 605 1498 8115 13997
5 613 1731 8110 13998
5 1730 642 8099 13999
5 1441 621 8106 14000
5 667 1734 8146 14001
5 8169 608 8175 14002
5 661 1729 8163 14003
5 1439 609 8169 14004
5 1451 682 8129 14005
5 622 1441 8179 14006
5 628 1442 8164 14007
5 1448 663 8151 14008
5 594 4340 8178 14009
5 1498 604 8170 14010
5 631 1732 8130 14011
5 8151 662 8163 14012
5 681 2962 8129 14013
5 614 8110 8172 14014
5 670 1449 8162 14015
5 2964 595 8178 14016
5 1732 630 8174 14017
5 634 1443 8181 14018
5 2961 606 8115 14019
5 603 2963 8170 14020
5 664 1448 8108 14021
5 646 1445 8109 14022
5 652 1446 8145 14023
5 607 2961 8175 14024
5 1442 627 8168 14025
5 629 8164 8174 14026
5 625 1733 8173 14027
5 1445 645 8139 14028
5 1731 612 8180 14029
5 1443 633 8171 14030
5 1440 615 8172 14031
5 649 1735 8176 14032
5 598 2022 8138 14033
5 643 1730 8177 14034
5 8101 635 8181 14035
5 8134 623 8179 14036
5 611 8160 8180 14037
5 5062 3046 9915 14038
5 8958 7387 9116 14039
5 4027 4029 9670 14040
5 8799 8797 8892 14041
5 9035 3022 9418 14042
5 3020 8999 9417 14043
5 8849 7708 8954 14044
5 8657 8658 8895 14045
5 7848 5125 10766 14046
5 9050 9047 9056 14047
5 9037 9040 9042 14048
5 8284 8281 8285 14049
5 8967 8540 8968 14050
5 8494 8969 8970 14051
5 8478 8965 8966 14052
5 8975 8346 8976 14053
5 8486 8978 8979 14054
5 8980 8526 8981 14055
5 10461 5423 10462 14056
5 8982 8573 8983 14057
5 1636 8279 8280 14058
5 2968 8203 8204 14059
5 2973 8477 8478 14060
5 2972 8411 8412 14061
5 1362 8335 8336 14062
5 8345 1548 8346 14063
5 2997 8525 8526 14064
5 8282 2967 8283 14065
5 1561 8517 8518 14066
5 8427 2982 8428 14067
5 1742 8352 8353 14068
5 8376 1741 8377 14069
5 2979 8364 8365 14070
5 2986 8493 8494 14071
5 8459 1740 8460 14072
5 2993 8566 8567 14073
5 1743 8442 8443 14074
5 2990 8499 8500 14075
5 8572 2998 8573 14076
5 8286 2987 8287 14077
5 8464 1380 8465 14078
5 1356 8397 8398 14079
5 1379 8539 8540 14080
5 2991 8504 8505 14081
5 8489 1475 8490 14082
5 1402 8529 8530 14083
5 8384 1360 8385 14084
5 8520 1748 8521 14085
5 2994 8485 8486 14086
5 1747 8542 8543 14087
5 8475 2988 8476 14088
5 1381 8550 8551 14089
5 1545 8482 8483 14090
5 8425 1552 8426 14091
5 1511 8348 8349 14092
5 8314 1549 8315 14093
5 8448 1492 8449 14094
5 8557 2984 8558 14095
5 3218 8298 8299 14096
5 2969 8496 8497 14097
5 2995 8575 8576 14098
5 8021 8023 8106 14099
5 1728 8008 8074 14100
5 8009 8006 8145 14101
5 8047 8045 8138 14102
5 1737 8028 8080 14103
5 8016 8018 8107 14104
5 8034 1444 8075 14105
5 8103 8101 8181 14106
5 8097 8095 8108 14107
5 1568 8048 8100 14108
5 8141 8139 8177 14109
5 8112 1731 8180 14110
5 8117 1498 8170 14111
5 8133 1732 8174 14112
5 8029 8026 8162 14113
5 8166 1442 8168 14114
5 8137 8134 8179 14115
5 8110 8114 8172 14116
5 1735 8083 8176 14117
5 8130 8132 8171 14118
5 8024 1738 8076 14119
5 8032 8035 8099 14120
5 8153 8151 8163 14121
5 1734 8098 8146 14122
5 1733 8136 8173 14123
5 5280 7984 9102 14124
5 9544 7503 9545 14125
5 1394 1396 9307 14126
5 2945 7958 8892 14127
5 4952 9085 9086 14128
5 8073 8927 9137 14129
5 8039 9162 9181 14130
5 7987 2947 11259 14131
5 1467 1304 8833 14132
5 1305 2950 8833 14133
5 8182 1385 8934 14134
5 1327 1328 8884 14135
5 8820 1375 9089 14136
5 5426 5425 8905 14137
5 1676 5280 5294 14138
5 7952 9091 9092 14139
5 7583 9143 9144 14140
5 8613 8610 8907 14141
5 8201 7717 8903 14142
5 8187 7725 8900 14143
5 7857 8189 8902 14144
5 8186 7459 8904 14145
5 9096 8028 9097 14146
5 7604 1346 8897 14147
5 7811 2935 8898 14148
5 7919 8798 8899 14149
5 7757 1382 8900 14150
5 1365 7919 8902 14151
5 7966 1368 8903 14152
5 8140 8951 9101 14153
5 8801 1718 8863 14154
5 7583 9084 9143 14155
5 9083 7636 9146 14156
5 7809 7806 8926 14157
5 1355 8803 8959 14158
5 9617 4609 11116 14159
5 8038 8075 8825 14160
5 8074 8012 8826 14161
5 8176 8087 8827 14162
5 8831 8830 8929 14163
5 8745 8746 9150 14164
5 8689 9104 9105 14165
5 9106 8711 9107 14166
5 2093 1327 8884 14167
5 1328 2954 8884 14168
5 4638 8674 11218 14169
5 7388 9111 9112 14170
5 9117 7594 9572 14171
5 1385 7764 8934 14172
5 1014 1013 9277 14173
5 9236 9237 9238 14174
5 9198 9199 9201 14175
5 9199 1404 9200 14176
5 9237 2349 9251 14177
5 9220 1554 9221 14178
5 9260 3035 9261 14179
5 8344 9297 9404 14180
5 5297 5221 9449 14181
5 905 904 8886 14182
5 897 896 8888 14183
5 887 886 8887 14184
5 865 864 8890 14185
5 877 876 8889 14186
5 8075 638 8825 14187
5 1447 657 8826 14188
5 656 8074 8826 14189
5 637 1736 8825 14190
5 1446 651 8827 14191
5 650 8176 8827 14192
5 8804 8865 9706 14193
5 8440 8337 8940 14194
5 8559 8565 8942 14195
5 8316 8441 8945 14196
5 8356 8488 8944 14197
5 8570 8506 8948 14198
5 8467 8554 8947 14199
5 8484 8466 8946 14200
5 8288 8574 8949 14201
5 8183 8933 9091 14202
5 2983 8440 8940 14203
5 8565 1546 8942 14204
5 8488 1376 8944 14205
5 1681 8570 8948 14206
5 8441 2996 8945 14207
5 2978 8484 8946 14208
5 8554 2992 8947 14209
5 8574 1359 8949 14210
5 8073 2022 8927 14211
5 9127 9292 10249 14212
5 5678 3448 10605 14213
5 8415 8420 8938 14214
5 8369 8372 8939 14215
5 8076 617 8834 14216
5 616 1440 8834 14217
5 1449 669 8835 14218
5 668 8146 8835 14219
5 8381 8378 9183 14220
5 8400 8402 9184 14221
5 8446 8444 9185 14222
5 8455 8451 9182 14223
5 9121 7754 9122 14224
5 9069 9537 9538 14225
5 910 909 8893 14226
5 74 73 8894 14227
5 8337 8339 8940 14228
5 8363 8356 8944 14229
5 8561 8559 8942 14230
5 8466 8472 8946 14231
5 8469 8467 8947 14232
5 8320 8316 8945 14233
5 8506 8509 8948 14234
5 8291 8288 8949 14235
5 9318 8088 9383 14236
5 1610 1608 9301 14237
5 9126 8777 9292 14238
5 8140 8142 8951 14239
5 8379 8383 9358 14240
5 8544 8546 9360 14241
5 8680 4680 11101 14242
5 5232 4815 10855 14243
5 8619 8601 8620 14244
5 8779 9126 9127 14245
5 9124 8729 9125 14246
5 1394 1395 1396 14247
5 1395 1393 3408 14248
5 1411 8599 8600 14249
5 8604 1414 8605 14250
5 8701 1755 8702 14251
5 1752 8629 8630 14252
5 8774 1750 8775 14253
5 1415 8763 8764 14254
5 8732 1754 8733 14255
5 8722 1757 8723 14256
5 1422 8753 8754 14257
5 1762 8706 8707 14258
5 3000 8677 8678 14259
5 1419 8694 8695 14260
5 8659 3007 8660 14261
5 1753 8761 8762 14262
5 8684 3004 8685 14263
5 8776 1420 8777 14264
5 8640 3012 8641 14265
5 8728 3009 8729 14266
5 8716 1413 8717 14267
5 8778 3013 8779 14268
5 3010 8780 8781 14269
5 438 437 9276 14270
5 8789 9132 9133 14271
5 8797 2945 8892 14272
5 7874 8820 9089 14273
5 7764 7827 8934 14274
5 2951 6092 9379 14275
5 8087 8088 9318 14276
5 8039 8038 9162 14277
5 597 596 8927 14278
5 7660 7448 8897 14279
5 7801 7788 8898 14280
5 1346 7660 8897 14281
5 2935 7801 8898 14282
5 9442 9443 9818 14283
5 4747 7374 9620 14284
5 7647 7646 8952 14285
5 8788 1367 8904 14286
5 8183 2936 8933 14287
5 946 945 8918 14288
5 8867 8866 8935 14289
5 8868 8869 8937 14290
5 7625 7669 8953 14291
5 8450 8454 9368 14292
5 7734 8849 8954 14293
5 1529 7647 8953 14294
5 7799 7798 8959 14295
5 8864 9531 9532 14296
5 8158 8155 9363 14297
5 7384 7387 8958 14298
5 8276 8274 9298 14299
5 8344 8342 9297 14300
5 5589 5551 9365 14301
5 8077 8076 8834 14302
5 8146 8147 8835 14303
5 1516 4312 4313 14304
5 4308 4309 4436 14305
5 4309 1515 4310 14306
5 9468 9471 9480 14307
5 8582 1470 8919 14308
5 1460 8588 8920 14309
5 1403 8587 8922 14310
5 2913 8591 8921 14311
5 8592 2922 8923 14312
5 8590 2919 8924 14313
5 1538 8589 8925 14314
5 8012 8015 9161 14315
5 2977 913 8277 14316
5 906 1364 8203 14317
5 1636 943 8279 14318
5 908 2968 8278 14319
5 2968 907 8203 14320
5 1474 934 8282 14321
5 2974 871 8375 14322
5 1362 889 8335 14323
5 942 2971 8279 14324
5 894 1548 8345 14325
5 2973 828 8477 14326
5 2972 899 8411 14327
5 944 1636 8284 14328
5 1548 893 8410 14329
5 935 1474 8496 14330
5 2999 875 8384 14331
5 1561 826 8517 14332
5 1742 71 8352 14333
5 1497 79 8436 14334
5 4319 90 8438 14335
5 89 2976 8438 14336
5 2982 81 8437 14337
5 82 2982 8427 14338
5 80 1497 8437 14339
5 1741 65 8439 14340
5 72 1742 8396 14341
5 874 1360 8384 14342
5 66 1741 8376 14343
5 890 1362 8440 14344
5 2979 77 8364 14345
5 78 2979 8436 14346
5 2997 883 8525 14347
5 64 2986 8439 14348
5 1567 83 8427 14349
5 8352 70 8488 14350
5 8397 848 8480 14351
5 67 8376 8481 14352
5 872 2974 8503 14353
5 850 1356 8424 14354
5 2986 63 8493 14355
5 902 1551 8575 14356
5 2971 941 8502 14357
5 60 8459 8479 14358
5 8364 76 8487 14359
5 2988 851 8424 14360
5 1377 61 8479 14361
5 892 2983 8410 14362
5 1546 853 8475 14363
5 1376 68 8481 14364
5 84 1567 8332 14365
5 59 1740 8459 14366
5 1492 830 8519 14367
5 27 1745 8333 14368
5 1549 861 8441 14369
5 69 1376 8488 14370
5 62 1377 8493 14371
5 75 1425 8487 14372
5 837 1402 8556 14373
5 1360 873 8503 14374
5 1743 50 8442 14375
5 847 1739 8480 14376
5 2983 891 8440 14377
5 40 2978 8498 14378
5 8442 49 8537 14379
5 1475 41 8498 14380
5 55 1379 8499 14381
5 888 2975 8335 14382
5 38 8464 8484 14383
5 2990 56 8499 14384
5 1551 901 8524 14385
5 2978 39 8484 14386
5 832 8448 8541 14387
5 2998 879 8425 14388
5 51 1743 8528 14389
5 1354 915 8571 14390
5 866 1359 8574 14391
5 1740 58 8501 14392
5 868 2987 8286 14393
5 933 2967 8282 14394
5 1379 54 8539 14395
5 37 1380 8464 14396
5 42 1475 8489 14397
5 880 2998 8572 14398
5 2984 855 8565 14399
5 2991 820 8504 14400
5 2981 895 8345 14401
5 57 2990 8501 14402
5 1402 836 8529 14403
5 825 2993 8517 14404
5 1356 849 8397 14405
5 1380 36 8554 14406
5 2993 824 8566 14407
5 2989 52 8528 14408
5 898 1363 8411 14409
5 819 3811 8504 14410
5 8529 835 8538 14411
5 48 1381 8537 14412
5 1747 32 8542 14413
5 53 2989 8539 14414
5 843 1370 8485 14415
5 8550 46 8553 14416
5 1381 47 8550 14417
5 33 1747 8549 14418
5 1749 44 8563 14419
5 2992 34 8549 14420
5 30 1378 8564 14421
5 45 1749 8553 14422
5 827 1561 8477 14423
5 43 8489 8563 14424
5 8542 31 8564 14425
5 1550 869 8286 14426
5 35 2992 8554 14427
5 852 2988 8475 14428
5 870 1550 8375 14429
5 1511 939 8348 14430
5 947 2254 8298 14431
5 2994 844 8485 14432
5 1358 857 8557 14433
5 1681 822 8570 14434
5 840 1748 8520 14435
5 841 8520 8555 14436
5 862 1549 8314 14437
5 882 1361 8525 14438
5 854 1546 8565 14439
5 1545 885 8482 14440
5 1739 846 8569 14441
5 829 2973 8519 14442
5 2970 863 8314 14443
5 1370 842 8555 14444
5 2996 859 8527 14445
5 831 1492 8448 14446
5 845 2994 8569 14447
5 940 1511 8502 14448
5 1748 839 8568 14449
5 823 1681 8566 14450
5 856 2984 8557 14451
5 821 2991 8570 14452
5 860 2996 8441 14453
5 884 2997 8482 14454
5 914 2977 8571 14455
5 1746 833 8541 14456
5 834 1746 8538 14457
5 878 1552 8425 14458
5 838 8556 8568 14459
5 3218 948 8298 14460
5 2987 867 8574 14461
5 858 1358 8527 14462
5 1361 881 8572 14463
5 900 2972 8524 14464
5 2995 903 8575 14465
5 8348 938 8495 14466
5 937 2969 8495 14467
5 2969 936 8496 14468
5 7645 9146 9147 14469
5 9218 1999 9541 14470
5 7525 7687 8909 14471
5 7447 7529 8908 14472
5 7664 7657 8909 14473
5 7539 7684 8913 14474
5 7673 7612 8910 14475
5 7689 7513 8913 14476
5 7980 7579 8914 14477
5 7975 7386 8917 14478
5 7529 1528 8908 14479
5 7687 7664 8909 14480
5 7684 7689 8913 14481
5 1464 7673 8910 14482
5 1454 7980 8914 14483
5 1453 7975 8917 14484
5 9368 8454 9414 14485
5 8715 9520 9560 14486
5 1470 7462 8919 14487
5 7653 1460 8920 14488
5 7685 1403 8922 14489
5 7586 2913 8921 14490
5 2922 7758 8923 14491
5 2919 7959 8924 14492
5 7902 1538 8925 14493
5 596 2964 8927 14494
5 2022 597 8927 14495
5 4595 5192 9082 14496
5 4338 10371 11269 14497
5 7462 7410 8919 14498
5 7514 7653 8920 14499
5 7453 7586 8921 14500
5 7518 7685 8922 14501
5 7758 7737 8923 14502
5 7959 7946 8924 14503
5 7821 7902 8925 14504
5 10687 4273 10688 14505
5 1362 8337 8440 14506
5 2972 8413 8524 14507
5 2968 8205 8278 14508
5 8316 1549 8441 14509
5 8451 1492 8519 14510
5 8347 1548 8410 14511
5 1636 8281 8284 14512
5 8523 1748 8568 14513
5 1511 8350 8502 14514
5 8378 1741 8439 14515
5 8459 8461 8479 14516
5 8356 8352 8488 14517
5 8448 8450 8541 14518
5 1742 8354 8396 14519
5 8559 2984 8565 14520
5 8376 8379 8481 14521
5 8429 2982 8437 14522
5 8399 8397 8480 14523
5 8531 8529 8538 14524
5 2979 8366 8436 14525
5 8386 1360 8503 14526
5 8367 8364 8487 14527
5 8444 8442 8537 14528
5 1402 8532 8556 14529
5 1743 8447 8528 14530
5 2991 8506 8570 14531
5 8492 1475 8498 14532
5 8462 1740 8501 14533
5 8464 8466 8484 14534
5 1356 8400 8424 14535
5 8467 1380 8554 14536
5 8552 8550 8553 14537
5 1747 8544 8549 14538
5 8489 8491 8563 14539
5 8520 8522 8555 14540
5 8351 8348 8495 14541
5 8288 2987 8574 14542
5 7669 1529 8953 14543
5 8784 7734 8954 14544
5 5900 4324 9432 14545
5 6992 6000 10810 14546
5 6001 9833 10810 14547
5 8471 8473 10794 14548
5 2003 9320 9322 14549
5 3038 9335 9336 14550
5 9330 9331 9332 14551
5 9320 9319 9321 14552
5 8185 2914 8957 14553
5 9500 8693 9501 14554
5 2936 7901 8933 14555
5 4904 4903 9591 14556
5 4324 6960 9432 14557
5 9152 8023 9153 14558
5 9155 8136 9156 14559
5 1509 23 3436 14560
5 1353 8192 9083 14561
5 8190 1455 9084 14562
5 4348 10577 11247 14563
5 9039 9038 9085 14564
5 9476 9479 9480 14565
5 8152 8156 9095 14566
5 8832 7754 9121 14567
5 9163 7738 9166 14568
5 9167 7382 9168 14569
5 7963 9170 9171 14570
5 726 725 8930 14571
5 729 728 8931 14572
5 791 790 8932 14573
5 8717 8719 9090 14574
5 1372 7668 8956 14575
5 7901 7804 8933 14576
5 9179 8132 9180 14577
5 9086 9085 9087 14578
5 7741 7723 9109 14579
5 5230 9374 11199 14580
5 8755 8768 9103 14581
5 8771 8709 9106 14582
5 8686 8758 9104 14583
5 7222 4197 9102 14584
5 8090 8109 9101 14585
5 1375 7928 9089 14586
5 8768 1759 9103 14587
5 3011 8771 9106 14588
5 8758 1761 9104 14589
5 9046 1998 9056 14590
5 3021 9036 9042 14591
5 9186 8500 9187 14592
5 9351 8491 9352 14593
5 9189 8350 9190 14594
5 8977 9191 9192 14595
5 10028 10026 11223 14596
5 8635 8631 9288 14597
5 8705 8703 9289 14598
5 4588 10638 10639 14599
5 8582 8919 9111 14600
5 8922 8587 9117 14601
5 8921 8591 9118 14602
5 8590 8924 9119 14603
5 4205 5364 5376 14604
5 8815 8864 9532 14605
5 9220 9223 9235 14606
5 9260 9265 9267 14607
5 8757 8755 9103 14608
5 8689 8686 9104 14609
5 8709 8711 9106 14610
5 721 720 8950 14611
5 7640 8185 8957 14612
5 1387 9587 9645 14613
5 8280 8279 8961 14614
5 8526 8525 8962 14615
5 8425 8426 8963 14616
5 8573 2998 8963 14617
5 8478 8477 8965 14618
5 1561 8518 8965 14619
5 8518 8517 8964 14620
5 1379 8540 8967 14621
5 8494 8493 8969 14622
5 8500 8499 8967 14623
5 2993 8567 8964 14624
5 8345 8346 8975 14625
5 8540 8539 8977 14626
5 8486 8485 8978 14627
5 8483 8482 8980 14628
5 2997 8526 8980 14629
5 8841 4614 10770 14630
5 8572 8573 8982 14631
5 4997 3729 11296 14632
5 8396 8358 8894 14633
5 8278 8208 8893 14634
5 9395 10729 11005 14635
5 8830 7507 8929 14636
5 8192 7635 9083 14637
5 7582 8190 9084 14638
5 9342 9335 9344 14639
5 8829 1372 8956 14640
5 8473 4299 10794 14641
5 7668 7554 8956 14642
5 4681 4292 11072 14643
5 9421 6231 9708 14644
5 8079 8078 9096 14645
5 8160 8161 9098 14646
5 8164 8165 9099 14647
5 1189 1520 9148 14648
5 2914 8584 8957 14649
5 8155 9177 9363 14650
5 9178 8072 9361 14651
5 8143 9176 9364 14652
5 1445 8140 9101 14653
5 904 2995 8886 14654
5 896 2981 8888 14655
5 1363 897 8888 14656
5 1364 905 8886 14657
5 886 1545 8887 14658
5 2975 887 8887 14659
5 864 2970 8890 14660
5 1359 865 8890 14661
5 1552 877 8889 14662
5 876 2999 8889 14663
5 9119 7949 9138 14664
5 2293 121 9398 14665
5 120 3215 9398 14666
5 7952 8183 9091 14667
5 799 798 8960 14668
5 2917 7566 9587 14669
5 2000 9232 9606 14670
5 8557 8558 9100 14671
5 73 8396 8894 14672
5 1425 74 8894 14673
5 1476 910 8893 14674
5 909 8278 8893 14675
5 8866 7768 8935 14676
5 7769 8868 8937 14677
5 8586 1353 9083 14678
5 1455 8583 9084 14679
5 9000 3020 9417 14680
5 3022 9078 9418 14681
5 2176 9079 9419 14682
5 8423 1363 8888 14683
5 8274 1364 8886 14684
5 8342 2975 8887 14685
5 2970 8329 8890 14686
5 2999 8395 8889 14687
5 5901 1639 9301 14688
5 8943 9195 9490 14689
5 7520 9576 9577 14690
5 1411 796 8599 14691
5 797 1411 8619 14692
5 1750 778 8617 14693
5 1414 775 8618 14694
5 3029 815 8628 14695
5 776 1414 8604 14696
5 772 1752 8700 14697
5 794 1753 8766 14698
5 777 8604 8617 14699
5 774 3005 8618 14700
5 3005 773 8700 14701
5 8706 763 8759 14702
5 811 1409 8676 14703
5 769 1415 8639 14704
5 792 3002 8761 14705
5 786 1761 8758 14706
5 1416 761 8699 14707
5 752 1755 8701 14708
5 1762 764 8706 14709
5 807 1758 8765 14710
5 784 8716 8727 14711
5 1422 719 8753 14712
5 3003 714 8770 14713
5 781 3006 8730 14714
5 814 2171 8628 14715
5 3011 766 8771 14716
5 8694 739 8751 14717
5 723 1754 8732 14718
5 746 8722 8752 14719
5 1757 744 8731 14720
5 1409 810 8659 14721
5 1415 768 8763 14722
5 8753 718 8768 14723
5 741 1419 8769 14724
5 745 1757 8722 14725
5 1412 789 8684 14726
5 3000 731 8677 14727
5 1752 771 8629 14728
5 8699 760 8721 14729
5 1410 803 8728 14730
5 809 3007 8659 14731
5 779 1750 8774 14732
5 713 1423 8770 14733
5 727 1421 8760 14734
5 730 1756 8677 14735
5 788 3004 8684 14736
5 1417 754 8782 14737
5 1419 740 8694 14738
5 1420 733 8767 14739
5 748 1418 8780 14740
5 8629 770 8639 14741
5 1763 737 8778 14742
5 3008 742 8769 14743
5 717 1759 8768 14744
5 759 1760 8721 14745
5 765 1762 8771 14746
5 732 3000 8767 14747
5 3014 724 8732 14748
5 734 1420 8776 14749
5 8599 795 8766 14750
5 802 3009 8728 14751
5 1753 793 8761 14752
5 743 3008 8731 14753
5 3012 756 8720 14754
5 757 3012 8640 14755
5 3004 787 8758 14756
5 1760 758 8640 14757
5 738 1763 8751 14758
5 1755 751 8773 14759
5 783 1413 8716 14760
5 3006 780 8774 14761
5 767 3011 8763 14762
5 762 1416 8759 14763
5 1418 747 8752 14764
5 755 1417 8720 14765
5 750 3010 8773 14766
5 1754 722 8772 14767
5 1761 785 8727 14768
5 3013 735 8776 14769
5 1413 782 8730 14770
5 736 3013 8778 14771
5 3007 808 8765 14772
5 753 8701 8782 14773
5 3010 749 8780 14774
5 9415 8360 9444 14775
5 945 8284 8918 14776
5 2254 946 8918 14777
5 8055 8073 9137 14778
5 8803 8804 9140 14779
5 8522 8521 9372 14780
5 7949 7950 9138 14781
5 3800 4651 4652 14782
5 8388 8386 9416 14783
5 9162 8102 9181 14784
5 3394 8905 9277 14785
5 8905 5425 9277 14786
5 8343 8344 9407 14787
5 8080 8028 9096 14788
5 8112 8180 9098 14789
5 8133 8174 9099 14790
5 8137 8179 9154 14791
5 8078 8080 9096 14792
5 8180 8160 9098 14793
5 8174 8164 9099 14794
5 8179 1441 9154 14795
5 1411 8601 8619 14796
5 8606 1414 8618 14797
5 1752 8638 8700 14798
5 8602 8599 8766 14799
5 8708 8706 8759 14800
5 8725 1757 8731 14801
5 8755 8753 8768 14802
5 8604 8607 8617 14803
5 1419 8697 8769 14804
5 8703 1755 8773 14805
5 8722 8724 8752 14806
5 8719 1413 8730 14807
5 8716 8718 8727 14808
5 8734 1754 8772 14809
5 8696 8694 8751 14810
5 3000 8679 8767 14811
5 8631 8629 8639 14812
5 8642 3012 8720 14813
5 8686 3004 8758 14814
5 1762 8709 8771 14815
5 8661 3007 8765 14816
5 8109 1445 9101 14817
5 7731 9121 9197 14818
5 8358 8360 9415 14819
5 8904 7461 9132 14820
5 9836 5829 10028 14821
5 8789 8788 9132 14822
5 5472 5474 9141 14823
5 8000 3075 10633 14824
5 6471 1390 10337 14825
5 2019 5745 11038 14826
5 1447 8826 9161 14827
5 8825 1736 9162 14828
5 8209 8212 9142 14829
5 676 1450 9151 14830
5 8738 9397 9401 14831
5 9084 8583 9143 14832
5 8586 9083 9146 14833
5 3189 3785 10373 14834
5 9024 9026 9418 14835
5 9004 9006 9419 14836
5 8989 8986 9417 14837
5 10982 4700 10983 14838
5 7388 8582 9111 14839
5 8587 7594 9117 14840
5 8591 7618 9118 14841
5 7748 8590 9119 14842
5 9032 9035 9418 14843
5 8999 8992 9417 14844
5 7454 7457 9421 14845
5 9279 8156 9280 14846
5 8430 8429 9428 14847
5 9285 8762 9286 14848
5 8777 9290 9291 14849
5 9391 9390 9392 14850
5 9257 9366 9592 14851
5 9131 9294 9295 14852
5 8284 8285 8918 14853
5 3435 6129 6130 14854
5 8788 8904 9132 14855
5 8069 8067 10542 14856
5 8746 8750 9150 14857
5 8426 9299 9300 14858
5 8344 9404 9406 14859
5 9404 9403 9405 14860
5 8423 9302 9303 14861
5 8776 8777 9126 14862
5 8728 8729 9124 14863
5 8779 3013 9126 14864
5 8774 8775 9128 14865
5 8762 8761 9129 14866
5 8778 8779 9130 14867
5 8781 8780 9131 14868
5 7698 8848 9197 14869
5 4614 8841 10797 14870
5 3710 3712 5177 14871
5 8737 8772 8950 14872
5 8387 8389 10473 14873
5 3994 10281 10528 14874
5 4345 9307 9309 14875
5 9307 1655 9308 14876
5 6213 1391 9727 14877
5 8940 8941 9357 14878
5 8943 8942 9195 14879
5 1518 1200 9306 14880
5 1201 2959 9306 14881
5 18 1408 4323 14882
5 8040 4615 11357 14883
5 7740 7738 9163 14884
5 11095 4886 11245 14885
5 9195 8476 9490 14886
5 4722 7375 10092 14887
5 8064 8059 9628 14888
5 1188 1189 9148 14889
5 8826 8012 9161 14890
5 8038 8825 9162 14891
5 9109 7740 9110 14892
5 7741 9109 9110 14893
5 8777 9291 9292 14894
5 8932 8692 9386 14895
5 7698 9527 9528 14896
5 8102 8104 9181 14897
5 5270 5272 9732 14898
5 3002 791 8932 14899
5 728 8760 8931 14900
5 1756 729 8931 14901
5 790 1412 8932 14902
5 1421 726 8930 14903
5 725 3014 8930 14904
5 18 1407 1408 14905
5 3251 5297 9449 14906
5 5640 1689 9439 14907
5 10091 4603 11104 14908
5 3074 7083 9440 14909
5 8772 721 8950 14910
5 720 1422 8950 14911
5 7731 8832 9121 14912
5 9361 8072 9362 14913
5 8683 1756 8931 14914
5 1412 8692 8932 14915
5 3014 8745 8930 14916
5 9173 7943 9174 14917
5 8962 1361 8982 14918
5 2998 8425 8963 14919
5 8279 2971 8961 14920
5 8525 1361 8962 14921
5 8477 1561 8965 14922
5 8499 1379 8967 14923
5 8493 1377 8969 14924
5 8517 2993 8964 14925
5 2981 8345 8975 14926
5 8539 2989 8977 14927
5 8485 1370 8978 14928
5 8482 2997 8980 14929
5 1361 8572 8982 14930
5 9304 9107 9554 14931
5 8852 7825 9170 14932
5 8846 7382 9167 14933
5 7832 8851 9173 14934
5 677 676 9151 14935
5 7065 6612 10582 14936
5 1751 799 8960 14937
5 798 8619 8960 14938
5 8017 1447 9161 14939
5 1736 8102 9162 14940
5 8622 8624 9305 14941
5 2377 2183 2378 14942
5 8583 7421 9143 14943
5 7645 8586 9146 14944
5 4953 4721 11152 14945
5 1358 8557 9100 14946
5 3249 3251 9449 14947
5 562 561 9002 14948
5 587 586 9044 14949
5 585 584 9076 14950
5 968 967 9046 14951
5 962 961 3020 14952
5 964 963 1494 14953
5 569 568 9078 14954
5 965 964 8984 14955
5 959 958 9077 14956
5 567 566 9022 14957
5 590 589 9064 14958
5 967 966 1998 14959
5 584 583 3021 14960
5 581 580 9045 14961
5 583 582 9036 14962
5 589 588 2294 14963
5 588 587 9043 14964
5 970 969 9075 14965
5 578 577 9065 14966
5 568 567 1628 14967
5 591 590 3205 14968
5 565 564 2176 14969
5 582 581 1514 14970
5 566 565 9057 14971
5 580 579 3018 14972
5 575 574 3019 14973
5 576 575 9073 14974
5 573 572 9058 14975
5 579 578 9072 14976
5 572 571 1506 14977
5 969 968 3017 14978
5 958 957 9080 14979
5 574 573 9074 14980
5 564 563 9079 14981
5 577 576 1438 14982
5 570 569 3022 14983
5 586 585 1641 14984
5 563 562 3051 14985
5 954 953 2473 14986
5 963 962 9000 14987
5 957 956 1997 14988
5 966 965 9001 14989
5 952 951 4318 14990
5 960 959 1559 14991
5 5002 9959 9960 14992
5 3504 6059 11102 14993
5 4273 3504 11102 14994
5 8624 8627 9305 14995
5 1292 2951 9379 14996
5 1566 1291 9379 14997
5 4914 4484 11153 14998
5 1388 1230 9380 14999
5 3820 9648 10819 15000
5 8509 8514 9929 15001
5 9194 9372 9373 15002
5 9297 8483 9404 15003
5 3789 3948 10564 15004
5 8613 8907 9430 15005
5 2973 8478 9182 15006
5 2986 8494 9183 15007
5 1381 8551 9185 15008
5 8476 2988 9184 15009
5 2990 8500 9186 15010
5 2969 8497 9188 15011
5 8738 8737 9397 15012
5 8479 8461 9278 15013
5 8454 8536 9414 15014
5 9375 8750 9376 15015
5 8169 8128 9282 15016
5 9358 8383 9422 15017
5 9360 8546 9424 15018
5 4909 4906 8195 15019
5 5305 3420 10104 15020
5 6212 6213 9727 15021
5 3034 9219 9235 15022
5 1517 9259 9267 15023
5 1479 1509 1569 15024
5 8344 9406 9407 15025
5 1439 8169 9282 15026
5 801 800 9160 15027
5 8475 8476 9195 15028
5 8567 8566 9196 15029
5 8329 8331 9389 15030
5 9351 9352 9353 15031
5 8123 8122 10744 15032
5 4906 4909 8200 15033
5 7580 7585 10008 15034
5 7550 7551 9492 15035
5 8619 8620 8960 15036
5 8097 9095 9279 15037
5 8626 9542 9549 15038
5 9957 7305 10629 15039
5 4337 10720 11273 15040
5 1216 1217 9452 15041
5 7762 1534 9433 15042
5 7759 7760 9433 15043
5 8959 8803 9140 15044
5 5137 4497 9933 15045
5 9845 5036 10821 15046
5 8942 1546 9195 15047
5 1681 8948 9196 15048
5 8282 8283 9275 15049
5 9553 9554 9555 15050
5 9387 4664 9388 15051
5 9105 9104 9400 15052
5 5425 1014 9277 15053
5 8887 1545 9297 15054
5 8886 2995 9298 15055
5 1552 8889 9299 15056
5 8451 8519 9182 15057
5 8351 8495 9188 15058
5 8378 8439 9183 15059
5 8444 8537 9185 15060
5 8462 8501 9186 15061
5 8424 8400 9184 15062
5 8563 8491 9351 15063
5 8519 2973 9182 15064
5 8439 2986 9183 15065
5 8495 2969 9188 15066
5 8501 2990 9186 15067
5 8537 1381 9185 15068
5 2988 8424 9184 15069
5 8888 2981 9302 15070
5 8502 8350 9189 15071
5 8528 8447 9191 15072
5 8555 8522 9193 15073
5 1749 8563 9351 15074
5 3009 801 9160 15075
5 800 1751 9160 15076
5 2971 8502 9189 15077
5 1370 8555 9193 15078
5 2989 8528 9191 15079
5 8939 8372 9399 15080
5 9106 9107 9304 15081
5 7464 8846 9167 15082
5 7963 8852 9170 15083
5 8851 7943 9173 15084
5 9681 6230 10287 15085
5 3393 4951 10122 15086
5 9320 9323 9632 15087
5 9323 4628 9632 15088
5 8938 8420 9356 15089
5 9468 1553 9469 15090
5 8878 2963 9178 15091
5 8877 1443 9179 15092
5 1729 8879 9177 15093
5 1730 8880 9176 15094
5 1999 9270 9541 15095
5 1546 8475 9195 15096
5 8566 1681 9196 15097
5 8764 9304 9554 15098
5 3593 4290 10985 15099
5 8971 8969 9278 15100
5 4924 3056 10334 15101
5 8106 8023 9152 15102
5 8172 8114 9157 15103
5 8166 8168 9155 15104
5 8173 8136 9155 15105
5 1441 8106 9152 15106
5 8168 8173 9155 15107
5 1440 8172 9157 15108
5 7799 8959 9140 15109
5 4969 7393 10253 15110
5 1441 9152 9154 15111
5 9393 8585 9394 15112
5 9506 9105 9507 15113
5 8715 8708 9520 15114
5 9694 9863 11260 15115
5 9334 1496 9344 15116
5 2963 8100 9178 15117
5 8163 1729 9177 15118
5 8177 1730 9176 15119
5 1443 8171 9179 15120
5 4250 10781 10849 15121
5 1474 8282 9275 15122
5 5739 8332 10232 15123
5 1524 5580 11256 15124
5 9986 7437 10014 15125
5 5292 5270 9732 15126
5 8100 8048 9178 15127
5 8141 8177 9176 15128
5 8153 8163 9177 15129
5 8171 8132 9179 15130
5 3043 9467 9480 15131
5 7555 8836 9429 15132
5 4102 3807 5148 15133
5 1722 1187 9420 15134
5 9401 8756 9402 15135
5 4443 5160 9519 15136
5 4668 3790 4877 15137
5 1639 1610 9301 15138
5 498 7443 10495 15139
5 191 192 5205 15140
5 10 186 5206 15141
5 529 528 5208 15142
5 180 179 9465 15143
5 174 173 9463 15144
5 13 549 5207 15145
5 545 544 9462 15146
5 524 523 9457 15147
5 542 541 5209 15148
5 535 534 5210 15149
5 543 542 9464 15150
5 175 174 9453 15151
5 188 189 5211 15152
5 194 195 5212 15153
5 197 198 5213 15154
5 181 180 9455 15155
5 540 539 5214 15156
5 546 545 5216 15157
5 548 547 5215 15158
5 526 525 9459 15159
5 532 531 9458 15160
5 534 533 9466 15161
5 178 177 9460 15162
5 184 183 9461 15163
5 1410 8728 9124 15164
5 3013 8776 9126 15165
5 3006 8774 9128 15166
5 8761 3002 9129 15167
5 1763 8778 9130 15168
5 8780 1418 9131 15169
5 8821 9318 9383 15170
5 1435 438 9276 15171
5 8848 7731 9197 15172
5 8760 1421 9375 15173
5 1377 8479 9278 15174
5 177 176 9456 15175
5 183 182 9454 15176
5 1396 1655 9307 15177
5 9110 7740 9163 15178
5 3394 1569 9582 15179
5 8161 1439 9282 15180
5 9225 9221 9258 15181
5 2309 1557 5157 15182
5 1557 1573 1574 15183
5 1573 1556 5169 15184
5 3428 3831 4687 15185
5 5182 8457 10371 15186
5 8342 8887 9297 15187
5 8274 8886 9298 15188
5 8889 8395 9299 15189
5 8423 8888 9302 15190
5 1551 8938 9356 15191
5 8019 6727 10517 15192
5 1421 9150 9375 15193
5 3070 3447 5221 15194
5 8878 9178 9361 15195
5 9177 8879 9363 15196
5 9176 8880 9364 15197
5 4464 5500 10576 15198
5 1753 8762 9285 15199
5 8775 1750 9287 15200
5 1415 8764 9288 15201
5 3010 8781 9289 15202
5 8777 1420 9290 15203
5 9952 7054 10922 15204
5 5064 4431 9539 15205
5 7285 5184 9539 15206
5 9201 9203 9541 15207
5 3784 3189 10373 15208
5 4609 10642 10750 15209
5 1200 1201 9306 15210
5 1545 8483 9297 15211
5 2995 8576 9298 15212
5 8426 1552 9299 15213
5 9206 9218 9541 15214
5 8961 2971 9189 15215
5 8977 2989 9191 15216
5 8978 1370 9193 15217
5 8575 1551 9356 15218
5 7899 8813 9551 15219
5 9129 3002 9386 15220
5 8627 8626 9549 15221
5 1446 8827 9318 15222
5 5698 3062 10593 15223
5 5592 5589 9365 15224
5 8764 8763 9304 15225
5 9193 8522 9194 15226
5 5006 9777 9778 15227
5 9424 8546 9425 15228
5 8892 7900 9283 15229
5 816 3029 9367 15230
5 4299 8473 8474 15231
5 9471 9476 9480 15232
5 8014 9521 9523 15233
5 6087 6792 10570 15234
5 8285 8281 9436 15235
5 1562 1563 1564 15236
5 6654 8382 10680 15237
5 10835 4634 10913 15238
5 3233 2458 9559 15239
5 3806 3794 10765 15240
5 3080 6390 9562 15241
5 4054 4056 9562 15242
5 9416 8822 9435 15243
5 6829 6280 9563 15244
5 6213 6214 9563 15245
5 2535 521 7463 15246
5 8576 8575 9356 15247
5 6000 6001 10810 15248
5 8692 8693 9386 15249
5 1408 1407 1426 15250
5 4923 9429 9904 15251
5 3011 9106 9304 15252
5 5061 3815 9685 15253
5 9397 8754 9401 15254
5 4235 1407 9367 15255
5 10505 6128 11059 15256
5 8602 8766 9285 15257
5 8617 8607 9287 15258
5 8703 8773 9289 15259
5 8631 8639 9288 15260
5 8767 8679 9290 15261
5 8821 1446 9318 15262
5 8725 8731 9391 15263
5 8766 1753 9285 15264
5 1750 8617 9287 15265
5 8639 1415 9288 15266
5 1420 8767 9290 15267
5 8773 3010 9289 15268
5 8875 9368 9414 15269
5 8719 8730 9293 15270
5 8752 8724 9294 15271
5 8696 8751 9296 15272
5 8731 3008 9391 15273
5 8730 3006 9293 15274
5 1418 8752 9294 15275
5 8751 1763 9296 15276
5 4578 10174 11194 15277
5 8827 8087 9318 15278
5 8799 8892 9283 15279
5 8763 3011 9304 15280
5 8391 10473 10474 15281
5 2291 2249 9569 15282
5 5090 9844 11294 15283
5 8950 1422 9397 15284
5 4164 4165 10471 15285
5 7045 7047 9604 15286
5 9383 8088 9384 15287
5 9350 9351 9353 15288
5 5313 5312 11356 15289
5 4655 9265 11340 15290
5 9382 9436 9437 15291
5 8548 8543 9590 15292
5 8969 1377 9278 15293
5 2254 8918 9381 15294
5 1291 1292 9379 15295
5 2294 9043 9692 15296
5 817 816 9367 15297
5 9081 9441 9442 15298
5 6428 3647 9571 15299
5 6442 4237 9571 15300
5 8390 8388 9435 15301
5 8984 1494 8985 15302
5 3017 9046 9047 15303
5 3051 9002 9003 15304
5 9036 1514 9037 15305
5 9065 1438 9066 15306
5 1628 9022 9023 15307
5 9058 1506 9059 15308
5 9077 9080 9081 15309
5 8374 9444 9445 15310
5 4969 10253 10463 15311
5 1505 1275 9508 15312
5 1276 3015 9508 15313
5 3528 10435 10871 15314
5 4458 10015 11214 15315
5 1230 1231 9380 15316
5 5257 2185 5265 15317
5 8420 8419 9387 15318
5 9095 8156 9279 15319
5 3414 3413 3415 15320
5 3413 4240 4699 15321
5 8119 8878 9361 15322
5 8879 8020 9363 15323
5 8880 8042 9364 15324
5 1575 2033 9582 15325
5 9255 9243 9592 15326
5 8313 2254 9381 15327
5 2027 9281 10375 15328
5 8875 1746 9368 15329
5 2981 8975 9302 15330
5 3780 6015 10965 15331
5 805 804 9566 15332
5 6 172 1515 15333
5 550 13 1516 15334
5 7447 8908 9540 15335
5 9726 7757 9807 15336
5 1002 1001 9219 15337
5 1000 999 9258 15338
5 992 991 9271 15339
5 1005 1004 1404 15340
5 1008 1007 1999 15341
5 988 987 2349 15342
5 1012 1011 9268 15343
5 1006 1005 9198 15344
5 1003 1002 3034 15345
5 1007 1006 9270 15346
5 1004 1003 9269 15347
5 1001 1000 1554 15348
5 1011 1010 1366 15349
5 994 993 9259 15350
5 993 992 3035 15351
5 989 988 9236 15352
5 986 985 3810 15353
5 987 986 9273 15354
5 991 990 1650 15355
5 998 997 2000 15356
5 990 989 9272 15357
5 995 994 1517 15358
5 1476 8256 9973 15359
5 8994 8999 9586 15360
5 2983 8940 9357 15361
5 8944 1376 9358 15362
5 2978 8946 9359 15363
5 8947 2992 9360 15364
5 1188 9148 9420 15365
5 5273 7309 10886 15366
5 121 120 9398 15367
5 3006 9128 9293 15368
5 1763 9130 9296 15369
5 9131 1418 9294 15370
5 8737 8950 9397 15371
5 8399 8480 9348 15372
5 8523 8568 9349 15373
5 8556 8532 9349 15374
5 8552 8553 9350 15375
5 8480 1739 9348 15376
5 8568 8556 9349 15377
5 8553 1749 9350 15378
5 9350 1749 9351 15379
5 7796 7797 9584 15380
5 5281 5294 9149 15381
5 8754 8756 9401 15382
5 1376 8481 9358 15383
5 8410 2983 9357 15384
5 8498 2978 9359 15385
5 2992 8549 9360 15386
5 8014 8821 9383 15387
5 5318 3272 9626 15388
5 1457 7496 9756 15389
5 8918 8285 9381 15390
5 8347 8410 9357 15391
5 8481 8379 9358 15392
5 8492 8498 9359 15393
5 8549 8544 9360 15394
5 9389 8331 9494 15395
5 8957 8585 9393 15396
5 1359 8890 9389 15397
5 1746 8541 9368 15398
5 10511 4658 10512 15399
5 2974 8822 9416 15400
5 8874 9415 9444 15401
5 9233 9642 9696 15402
5 8920 8588 9543 15403
5 1422 8754 9397 15404
5 21 1394 4345 15405
5 8980 8981 9403 15406
5 4297 10956 11354 15407
5 9494 8331 9495 15408
5 8541 8450 9368 15409
5 2952 4971 10636 15410
5 4920 7569 10575 15411
5 10458 3751 10540 15412
5 1666 1335 5016 15413
5 9835 5829 9836 15414
5 8987 8998 9603 15415
5 1497 8939 9399 15416
5 9112 9111 9413 15417
5 9117 9572 9576 15418
5 2479 2396 9602 15419
5 2398 2469 9602 15420
5 3448 5677 10605 15421
5 5083 4694 10997 15422
5 9074 9060 9427 15423
5 5007 10009 10098 15424
5 7040 7045 9604 15425
5 1488 7171 9604 15426
5 8944 9358 9422 15427
5 8947 9360 9424 15428
5 5908 5907 9605 15429
5 3731 9910 9911 15430
5 3019 9074 9427 15431
5 8437 1497 9399 15432
5 3036 9485 9655 15433
5 3952 3954 10001 15434
5 3047 5100 9942 15435
5 8890 8329 9389 15436
5 9026 9032 9418 15437
5 9006 9009 9419 15438
5 8992 8989 9417 15439
5 9148 6423 9420 15440
5 7456 7454 9421 15441
5 9499 8693 9500 15442
5 8433 8430 9428 15443
5 9580 11043 11213 15444
5 9060 9062 9427 15445
5 1425 8894 9415 15446
5 9518 4879 10126 15447
5 9374 6016 11200 15448
5 6092 2951 9652 15449
5 3009 9160 9549 15450
5 8535 9593 9594 15451
5 9226 9225 9606 15452
5 9232 9229 9606 15453
5 9194 8522 9372 15454
5 5105 8098 10506 15455
5 8854 7925 9596 15456
5 4637 10472 11013 15457
5 419 2917 9587 15458
5 1387 420 9587 15459
5 9521 6726 9523 15460
5 4571 9567 9568 15461
5 8670 8669 9566 15462
5 1187 1188 9420 15463
5 8472 8471 10794 15464
5 8503 2974 9416 15465
5 4229 4880 9609 15466
5 5062 4231 9609 15467
5 8949 1359 9389 15468
5 8633 8636 9431 15469
5 1556 4903 5169 15470
5 9150 8750 9375 15471
5 4043 4304 9926 15472
5 8600 8603 9635 15473
5 554 553 1649 15474
5 557 556 2320 15475
5 559 558 3690 15476
5 1170 1169 2003 15477
5 170 169 9328 15478
5 1160 1159 2348 15479
5 1173 1172 2363 15480
5 171 170 3037 15481
5 169 168 1648 15482
5 1165 1164 3038 15483
5 1171 1170 9327 15484
5 1168 1167 9346 15485
5 1169 1168 9319 15486
5 164 163 3685 15487
5 166 165 2319 15488
5 1166 1165 9347 15489
5 1163 1162 1496 15490
5 165 164 9345 15491
5 558 557 9326 15492
5 1161 1160 9330 15493
5 1167 1166 1555 15494
5 1162 1161 9333 15495
5 1164 1163 9334 15496
5 552 551 3036 15497
5 1247 2960 9581 15498
5 1469 1246 9581 15499
5 4032 4033 10697 15500
5 1407 817 9367 15501
5 7640 8957 9393 15502
5 8535 8875 9414 15503
5 5614 4282 9621 15504
5 4281 7283 9621 15505
5 8391 8387 10473 15506
5 2285 4756 4757 15507
5 1984 4824 4825 15508
5 1961 4804 4805 15509
5 2287 4723 4724 15510
5 1959 4829 4830 15511
5 8327 8324 9498 15512
5 3170 3040 5877 15513
5 3106 4067 5877 15514
5 9663 9009 9672 15515
5 9381 8285 9382 15516
5 167 166 9355 15517
5 8874 1425 9415 15518
5 7637 7639 9629 15519
5 8429 8437 9399 15520
5 5773 10062 10063 15521
5 8167 5042 10717 15522
5 8894 8358 9415 15523
5 4971 2952 10815 15524
5 3821 3283 10053 15525
5 9104 1761 9400 15526
5 21 1393 1394 15527
5 8483 8980 9403 15528
5 1076 1075 9281 15529
5 9283 7900 9551 15530
5 2442 2447 9626 15531
5 3272 2440 9626 15532
5 8769 8697 9390 15533
5 3008 8769 9390 15534
5 8907 3005 9430 15535
5 3008 9390 9391 15536
5 4345 1394 9307 15537
5 5583 5640 9439 15538
5 9520 8895 9560 15539
5 7083 4480 9440 15540
5 7449 9540 11190 15541
5 9372 8521 9703 15542
5 9960 4206 10555 15543
5 1761 8727 9400 15544
5 8727 8718 9400 15545
5 7394 7393 9450 15546
5 9543 7503 9544 15547
5 4274 7713 10329 15548
5 9069 9068 9446 15549
5 4619 5410 10660 15550
5 9043 587 9044 15551
5 589 2294 9064 15552
5 3017 968 9046 15553
5 3021 583 9036 15554
5 584 3021 9076 15555
5 2294 588 9043 15556
5 586 1641 9044 15557
5 3205 590 9064 15558
5 967 1998 9046 15559
5 3051 562 9002 15560
5 1641 585 9076 15561
5 1514 581 9045 15562
5 568 1628 9078 15563
5 582 1514 9036 15564
5 964 1494 8984 15565
5 1494 963 9000 15566
5 580 3018 9045 15567
5 9022 566 9057 15568
5 962 3020 9000 15569
5 969 3017 9075 15570
5 965 8984 9001 15571
5 3018 579 9072 15572
5 3022 569 9078 15573
5 1998 966 9001 15574
5 1628 567 9022 15575
5 578 9065 9072 15576
5 577 1438 9065 15577
5 1438 576 9073 15578
5 565 2176 9057 15579
5 575 3019 9073 15580
5 9077 958 9080 15581
5 1559 959 9077 15582
5 3019 574 9074 15583
5 573 9058 9074 15584
5 572 1506 9058 15585
5 2176 564 9079 15586
5 563 3051 9079 15587
5 957 1997 9080 15588
5 7610 9698 9787 15589
5 9111 7413 9413 15590
5 7520 9117 9576 15591
5 9133 9132 9434 15592
5 8483 9403 9404 15593
5 7784 7760 9726 15594
5 4964 4961 9682 15595
5 3449 3389 5181 15596
5 5462 5584 9447 15597
5 8621 8601 9635 15598
5 8836 8790 9429 15599
5 1534 7759 9433 15600
5 9038 1514 9045 15601
5 9027 9022 9057 15602
5 8986 1494 9000 15603
5 8984 8987 9001 15604
5 9065 9067 9072 15605
5 3017 9048 9075 15606
5 9068 1438 9073 15607
5 1628 9024 9078 15608
5 3051 9004 9079 15609
5 9058 9060 9074 15610
5 3039 9371 10356 15611
5 5329 10260 10592 15612
5 8791 7813 9627 15613
5 3965 3249 9449 15614
5 7248 8272 11232 15615
5 9826 9353 9828 15616
5 8988 8990 10261 15617
5 1073 1072 9369 15618
5 1074 1073 1560 15619
5 1082 1081 2360 15620
5 1067 1066 4307 15621
5 1071 1070 2021 15622
5 1069 1068 3039 15623
5 1068 1067 9371 15624
5 1070 1069 9370 15625
5 17 709 1824 15626
5 687 686 2286 15627
5 103 102 1953 15628
5 701 700 4743 15629
5 95 94 4704 15630
5 686 685 5195 15631
5 101 100 2283 15632
5 100 99 4734 15633
5 97 96 4955 15634
5 695 694 2284 15635
5 693 692 2105 15636
5 99 98 1957 15637
5 708 707 2289 15638
5 110 109 4882 15639
5 117 116 2138 15640
5 689 688 2108 15641
5 96 95 1956 15642
5 94 93 2282 15643
5 93 92 4837 15644
5 692 691 5194 15645
5 105 104 2288 15646
5 111 110 1962 15647
5 92 2 2478 15648
5 703 702 1939 15649
5 707 706 4954 15650
5 109 108 2290 15651
5 691 690 2285 15652
5 102 101 4714 15653
5 705 704 4848 15654
5 697 696 1984 15655
5 104 103 4953 15656
5 702 701 4847 15657
5 114 113 1961 15658
5 706 705 1968 15659
5 108 107 5193 15660
5 3 117 4793 15661
5 700 699 1928 15662
5 685 684 2287 15663
5 704 703 4818 15664
5 107 106 1959 15665
5 709 708 4776 15666
5 8386 8503 9416 15667
5 9560 8658 9561 15668
5 8363 8944 9422 15669
5 8469 8947 9424 15670
5 7007 5159 9755 15671
5 8949 9389 9494 15672
5 3005 8700 9430 15673
5 8822 8297 9435 15674
5 6793 6087 10570 15675
5 9375 9376 9448 15676
5 9564 8020 9565 15677
5 9050 9056 9614 15678
5 4519 9556 10818 15679
5 9353 9352 9828 15680
5 9160 8627 9549 15681
5 2469 5364 9940 15682
5 9583 8664 10723 15683
5 7512 7515 9653 15684
5 4955 4713 11334 15685
5 1072 1071 9385 15686
5 7474 9687 10381 15687
5 6421 6423 9649 15688
5 7405 9805 9920 15689
5 8374 8874 9444 15690
5 4313 4316 9655 15691
5 6298 6092 9652 15692
5 8127 8123 10744 15693
5 10633 3075 10817 15694
5 4683 8859 9600 15695
5 9081 9080 9441 15696
5 1217 1391 9452 15697
5 9198 1404 9199 15698
5 9219 1554 9220 15699
5 9236 2349 9237 15700
5 9259 3035 9260 15701
5 8700 8638 9430 15702
5 9589 9211 9641 15703
5 1416 8895 9520 15704
5 8931 8760 9448 15705
5 6489 6490 9664 15706
5 6315 4288 9664 15707
5 4801 4803 9883 15708
5 4752 4755 9884 15709
5 5245 5251 5258 15710
5 7990 1502 10083 15711
5 8542 8564 9590 15712
5 2533 3452 4854 15713
5 8114 8111 9680 15714
5 5741 5737 9752 15715
5 8324 8326 9498 15716
5 9132 7461 9434 15717
5 4015 4014 11298 15718
5 3022 9035 9488 15719
5 8999 3020 9487 15720
5 9587 7566 9645 15721
5 9436 8281 9719 15722
5 9184 8402 9489 15723
5 8446 9185 9491 15724
5 1302 4930 11075 15725
5 8476 9489 9490 15726
5 10393 10185 10394 15727
5 3292 3291 5676 15728
5 5042 9354 10717 15729
5 1649 9709 10052 15730
5 5779 5781 9760 15731
5 8548 5118 10386 15732
5 4349 1583 10335 15733
5 4031 4032 10697 15734
5 1394 1393 1395 15735
5 8683 8931 9448 15736
5 8759 1416 9520 15737
5 8055 9137 9628 15738
5 1275 1276 9508 15739
5 5184 4443 9519 15740
5 5168 5167 10526 15741
5 9542 8729 9549 15742
5 4640 4267 9840 15743
5 7613 450 9698 15744
5 9588 9353 9826 15745
5 5734 5738 9750 15746
5 9875 7405 9920 15747
5 536 9 10860 15748
5 11 522 10859 15749
5 5235 9108 9631 15750
5 3057 3729 9685 15751
5 3815 3229 9685 15752
5 9331 2348 9451 15753
5 4897 10081 10437 15754
5 9217 9200 9690 15755
5 5171 5170 9688 15756
5 7213 5078 10400 15757
5 8664 8662 9535 15758
5 2525 6615 9689 15759
5 4071 4073 9689 15760
5 9382 8285 9436 15761
5 5024 3886 5992 15762
5 17 1824 5123 15763
5 2284 694 4775 15764
5 2478 2 5068 15765
5 2285 690 4756 15766
5 2138 116 5201 15767
5 1961 113 4804 15768
5 1984 696 4824 15769
5 3 4793 5107 15770
5 1928 699 5200 15771
5 2287 684 4723 15772
5 1959 106 4829 15773
5 9263 9261 9713 15774
5 961 960 9487 15775
5 571 570 9488 15776
5 5228 9372 9703 15777
5 8349 8351 9536 15778
5 8291 8949 9494 15779
5 4595 9082 9655 15780
5 9082 3036 9655 15781
5 3408 9496 9644 15782
5 9596 8802 10290 15783
5 1516 4311 4312 15784
5 4308 1515 4309 15785
5 4961 4963 9682 15786
5 5781 2527 9760 15787
5 3692 6376 9695 15788
5 9272 9238 9548 15789
5 8497 10634 10772 15790
5 4860 10823 10825 15791
5 4431 7285 9539 15792
5 10013 7495 10135 15793
5 971 970 9496 15794
5 7449 7447 9540 15795
5 1650 9272 9548 15796
5 9203 9206 9541 15797
5 5561 5562 5566 15798
5 7134 5846 9809 15799
5 9088 9086 11281 15800
5 9071 9088 11281 15801
5 1232 1724 9671 15802
5 6074 6288 10005 15803
5 9446 9612 9640 15804
5 4683 9600 9601 15805
5 450 449 9698 15806
5 10143 5103 10144 15807
5 9238 9252 9548 15808
5 6212 9727 9865 15809
5 4412 4913 6689 15810
5 7490 7489 9728 15811
5 3445 3446 10882 15812
5 2003 9319 9320 15813
5 3037 9328 9329 15814
5 3038 9334 9335 15815
5 9330 2348 9331 15816
5 9249 9738 11030 15817
5 999 998 9484 15818
5 9129 9386 9499 15819
5 6 1515 4308 15820
5 1516 13 4311 15821
5 8476 9184 9489 15822
5 9185 8551 9491 15823
5 7900 7899 9551 15824
5 10651 8089 11126 15825
5 3423 3724 10446 15826
5 9211 9210 9715 15827
5 9125 8729 9542 15828
5 8760 9375 9448 15829
5 8104 8105 10055 15830
5 3020 961 9487 15831
5 1506 571 9488 15832
5 960 1559 9487 15833
5 570 3022 9488 15834
5 4966 4965 10022 15835
5 2458 2351 9559 15836
5 6423 9148 9649 15837
5 5693 5692 9721 15838
5 5190 5189 9721 15839
5 6390 4054 9562 15840
5 9446 9068 9612 15841
5 8588 7503 9543 15842
5 8729 3009 9549 15843
5 6214 6829 9563 15844
5 5745 2976 11038 15845
5 8198 8199 9583 15846
5 970 9075 9496 15847
5 9668 9034 9673 15848
5 8158 9363 9564 15849
5 9223 9607 9608 15850
5 9808 6582 11307 15851
5 8416 9829 11265 15852
5 7726 6583 10077 15853
5 9830 6505 11310 15854
5 551 550 9485 15855
5 172 171 9486 15856
5 9559 2351 9569 15857
5 4291 3593 5316 15858
5 9284 4873 11312 15859
5 6204 6208 9729 15860
5 9871 5879 11010 15861
5 8005 9897 10333 15862
5 3408 1393 9496 15863
5 2276 5133 9943 15864
5 6003 9871 11029 15865
5 9383 9384 9521 15866
5 8635 9288 9553 15867
5 8705 9289 9557 15868
5 3453 4608 10643 15869
5 4557 4972 11018 15870
5 8708 8759 9520 15871
5 7875 9847 10228 15872
5 9553 8764 9554 15873
5 556 555 9493 15874
5 4205 4245 5364 15875
5 1692 1114 9733 15876
5 1113 7225 9733 15877
5 7895 7896 10718 15878
5 2351 2291 9569 15879
5 8951 8142 9699 15880
5 8066 8061 9692 15881
5 9619 4747 9620 15882
5 9622 8981 9623 15883
5 6795 9630 11323 15884
5 1036 1035 9735 15885
5 5401 5444 9735 15886
5 6722 6721 6728 15887
5 2286 4732 10854 15888
5 8178 4340 9550 15889
5 7698 9197 9527 15890
5 7640 9393 9629 15891
5 8157 5104 10957 15892
5 9080 1997 9441 15893
5 119 118 9743 15894
5 9361 9362 9567 15895
5 8975 8976 9677 15896
5 7760 2926 9726 15897
5 7756 7757 9726 15898
5 8895 8658 9560 15899
5 10248 9127 10249 15900
5 9324 9321 9770 15901
5 4305 7475 10995 15902
5 5283 9436 9719 15903
5 3647 6442 9571 15904
5 5818 5319 9749 15905
5 9197 9123 9527 15906
5 1001 1554 9219 15907
5 3034 1002 9219 15908
5 1554 1000 9258 15909
5 1404 1004 9269 15910
5 1005 1404 9198 15911
5 3035 992 9271 15912
5 1999 1007 9270 15913
5 1011 1366 9268 15914
5 991 1650 9271 15915
5 1003 3034 9269 15916
5 1006 9198 9270 15917
5 2349 987 9273 15918
5 988 2349 9236 15919
5 993 3035 9259 15920
5 986 3810 9273 15921
5 989 9236 9272 15922
5 1517 994 9259 15923
5 1650 990 9272 15924
5 3565 3567 4998 15925
5 4604 3696 4816 15926
5 8245 8248 9751 15927
5 9075 9048 9644 15928
5 9236 9238 9272 15929
5 9200 1404 9269 15930
5 9251 2349 9273 15931
5 9198 9201 9270 15932
5 9261 3035 9271 15933
5 9221 1554 9258 15934
5 2007 7344 9755 15935
5 3943 7007 9755 15936
5 1342 1343 9745 15937
5 9235 9223 9714 15938
5 4999 2485 10220 15939
5 8865 9705 9706 15940
5 804 1410 9566 15941
5 4435 7363 9757 15942
5 4983 6799 9757 15943
5 4823 9860 9983 15944
5 9386 8693 9499 15945
5 5159 3771 9771 15946
5 9347 9336 9585 15947
5 5183 3409 8885 15948
5 4525 7612 10438 15949
5 7575 4583 10742 15950
5 1555 9347 9585 15951
5 10797 7574 10798 15952
5 7847 7846 9625 15953
5 2527 3110 9760 15954
5 9852 4478 9872 15955
5 2951 7991 9652 15956
5 9192 5197 10042 15957
5 8253 8260 9761 15958
5 7262 5998 10103 15959
5 1391 1218 9727 15960
5 1569 1575 9582 15961
5 7276 3477 9763 15962
5 7772 7781 10010 15963
5 10181 4634 10908 15964
5 1570 1509 9666 15965
5 6368 8808 11359 15966
5 8808 8806 11359 15967
5 7797 7800 9584 15968
5 9567 4571 10391 15969
5 195 196 9454 15970
5 189 190 9456 15971
5 9935 8409 10350 15972
5 1108 1107 9769 15973
5 9336 9338 9585 15974
5 1512 5652 10586 15975
5 8996 8994 9586 15976
5 1246 1247 9581 15977
5 190 191 9460 15978
5 196 197 9461 15979
5 982 981 2528 15980
5 979 978 1677 15981
5 976 975 9467 15982
5 530 529 9464 15983
5 538 537 5210 15984
5 528 527 9462 15985
5 186 187 9463 15986
5 192 193 9465 15987
5 549 548 9457 15988
5 547 546 9459 15989
5 539 538 9466 15990
5 541 540 9458 15991
5 525 524 5215 15992
5 533 532 5214 15993
5 193 194 9455 15994
5 527 526 5216 15995
5 531 530 5209 15996
5 176 175 5211 15997
5 182 181 5212 15998
5 185 184 5213 15999
5 187 188 9453 16000
5 544 543 5208 16001
5 975 974 1553 16002
5 978 977 9482 16003
5 523 8 5207 16004
5 173 6 5206 16005
5 179 178 5205 16006
5 977 976 3043 16007
5 973 972 3044 16008
5 974 973 9481 16009
5 10322 5143 10659 16010
5 8014 9383 9521 16011
5 8113 10447 10722 16012
5 5736 5734 9750 16013
5 3771 1591 9771 16014
5 1593 2007 9771 16015
5 8628 5132 10788 16016
5 3800 3478 4651 16017
5 9035 9034 9668 16018
5 9268 1366 9781 16019
5 10083 1502 10240 16020
5 3050 3172 9773 16021
5 9278 8461 9570 16022
5 9225 9258 9484 16023
5 4821 9617 11116 16024
5 420 419 9587 16025
5 4974 4929 10756 16026
5 5627 5625 10235 16027
5 4667 10394 11135 16028
5 9380 1231 9671 16029
5 9288 8764 9553 16030
5 9289 8781 9557 16031
5 3032 3030 9783 16032
5 10384 4986 10385 16033
5 8382 8380 10680 16034
5 9419 9009 9663 16035
5 950 949 9767 16036
5 8616 4588 10637 16037
5 8705 6516 11069 16038
5 7551 7549 9650 16039
5 9345 3685 10396 16040
5 4686 10795 10796 16041
5 4436 4438 9791 16042
5 7629 9645 9646 16043
5 4533 4698 9791 16044
5 7783 7888 10011 16045
5 5134 2276 10910 16046
5 3075 8001 10817 16047
5 1176 1177 9774 16048
5 115 114 11119 16049
5 698 697 11120 16050
5 7853 7858 11020 16051
5 6151 6986 9794 16052
5 1999 9218 9589 16053
5 5441 5443 9949 16054
5 9303 9302 9677 16055
5 8249 8246 10533 16056
5 7427 7430 10032 16057
5 8543 8542 9590 16058
5 5131 9598 10788 16059
5 10628 4730 11154 16060
5 9650 4670 9651 16061
5 5696 9640 9661 16062
5 8786 7672 9784 16063
5 8127 10744 10745 16064
5 9423 9422 9610 16065
5 1727 678 9753 16066
5 9412 6506 10057 16067
5 7925 8802 9596 16068
5 9363 8020 9564 16069
5 10425 8445 10426 16070
5 4770 4772 9737 16071
5 9232 2000 9642 16072
5 8119 9361 9567 16073
5 8460 8463 9810 16074
5 3056 4924 11235 16075
5 8552 9350 9588 16076
5 6136 9616 10772 16077
5 4525 10612 10613 16078
5 5619 5622 9800 16079
5 5617 5616 9800 16080
5 8577 6150 9794 16081
5 8416 8422 9829 16082
5 7951 9093 10667 16083
5 2396 2398 9602 16084
5 1506 9488 9668 16085
5 8996 9712 9716 16086
5 5858 3518 10834 16087
5 9376 9378 9849 16088
5 9666 3436 9667 16089
5 4214 4216 9718 16090
5 7171 7040 9604 16091
5 7050 7052 9803 16092
5 7950 7948 10667 16093
5 4869 9742 11063 16094
5 1393 971 9496 16095
5 8971 9278 9570 16096
5 5907 7315 9605 16097
5 4821 4819 9617 16098
5 4746 4744 9619 16099
5 7340 5446 10069 16100
5 4225 3423 10446 16101
5 9414 8536 9593 16102
5 1500 1262 9772 16103
5 1263 3046 9772 16104
5 7131 7134 9809 16105
5 7225 1487 9809 16106
5 9258 999 9484 16107
5 998 2000 9484 16108
5 5291 4585 10037 16109
5 10351 5037 10790 16110
5 9446 5696 9537 16111
5 9069 9446 9537 16112
5 1456 502 9795 16113
5 9632 4628 9633 16114
5 3218 8300 9767 16115
5 10801 2108 10854 16116
5 1585 1659 9812 16117
5 9614 8998 9615 16118
5 9053 9614 9615 16119
5 9616 6136 10545 16120
5 4186 4951 7110 16121
5 3690 558 9326 16122
5 3037 170 9328 16123
5 169 1648 9328 16124
5 1170 2003 9327 16125
5 2003 1169 9319 16126
5 557 2320 9326 16127
5 9319 1168 9346 16128
5 1165 3038 9347 16129
5 1160 2348 9330 16130
5 1167 1555 9346 16131
5 164 3685 9345 16132
5 2319 165 9345 16133
5 1163 1496 9334 16134
5 3038 1164 9334 16135
5 1555 1166 9347 16136
5 1496 1162 9333 16137
5 1161 9330 9333 16138
5 2003 9322 9327 16139
5 3038 9336 9347 16140
5 9330 9332 9333 16141
5 9321 9319 9346 16142
5 4233 5856 9763 16143
5 5183 8885 11150 16144
5 4995 9440 10761 16145
5 4246 4247 10862 16146
5 166 2319 9355 16147
5 2950 1306 9790 16148
5 7330 4618 9990 16149
5 8490 8492 9893 16150
5 7739 8784 9823 16151
5 9229 9226 9606 16152
5 9492 7551 10019 16153
5 4496 4261 9819 16154
5 7168 6080 9819 16155
5 4805 5003 9883 16156
5 4825 4828 9884 16157
5 9542 6310 10672 16158
5 9223 9222 9607 16159
5 6012 4566 11058 16160
5 8802 10289 10290 16161
5 10533 8246 11254 16162
5 4231 4229 9609 16163
5 3385 5715 10598 16164
5 592 591 9780 16165
5 9350 9353 9588 16166
5 4947 1666 10355 16167
5 5053 9684 10624 16168
5 4480 4479 9797 16169
5 3500 4301 11226 16170
5 4819 4822 9617 16171
5 4744 4747 9619 16172
5 9056 1998 9603 16173
5 6451 6476 9837 16174
5 3803 6309 10885 16175
5 1009 1008 9589 16176
5 4345 9309 9863 16177
5 8079 9096 9711 16178
5 5386 5387 10664 16179
5 3165 2886 9840 16180
5 9053 9050 9614 16181
5 4698 4535 9842 16182
5 4537 4835 9842 16183
5 10885 6309 11156 16184
5 7963 9171 9834 16185
5 9257 3810 9366 16186
5 677 9151 9753 16187
5 4282 4281 9621 16188
5 9243 9257 9592 16189
5 8545 8548 9846 16190
5 3040 3106 5877 16191
5 7928 8806 9847 16192
5 5858 10088 10245 16193
5 1198 6618 11077 16194
5 9547 7501 9866 16195
5 4661 4278 9624 16196
5 4406 5015 6750 16197
5 9367 3029 9598 16198
5 9 535 10860 16199
5 198 11 10859 16200
5 4916 9916 10086 16201
5 8664 9535 10723 16202
5 8131 8133 9838 16203
5 9137 2964 9717 16204
5 4669 4645 9624 16205
5 1661 2183 2377 16206
5 9815 5119 9889 16207
5 3291 5674 10947 16208
5 8897 7448 9764 16209
5 1203 1510 9814 16210
5 2959 1202 9814 16211
5 2440 2442 9626 16212
5 9782 3436 10942 16213
5 5053 9180 11225 16214
5 7430 7418 10129 16215
5 9405 9403 9622 16216
5 3526 10115 10365 16217
5 8698 6061 10775 16218
5 5151 4289 10308 16219
5 1472 200 9839 16220
5 7813 7815 9627 16221
5 201 1472 9841 16222
5 2928 203 9843 16223
5 1560 1073 9369 16224
5 1067 4307 9371 16225
5 2021 1070 9370 16226
5 3039 1068 9371 16227
5 1069 3039 9370 16228
5 5028 9680 10300 16229
5 9796 1648 11302 16230
5 9027 9663 9672 16231
5 7973 7962 9834 16232
5 7329 4618 7330 16233
5 9704 9703 9759 16234
5 5122 4797 9965 16235
5 7381 9879 9880 16236
5 3518 3697 10834 16237
5 9151 5092 9753 16238
5 5228 9703 9704 16239
5 5314 3423 9676 16240
5 3988 4485 6619 16241
5 3297 3448 5680 16242
5 4917 3446 6786 16243
5 9369 1072 9385 16244
5 1071 2021 9385 16245
5 8056 8055 9628 16246
5 10600 9266 10620 16247
5 4632 7415 10523 16248
5 1689 1138 9861 16249
5 1137 5657 9861 16250
5 1008 1999 9589 16251
5 171 3037 9486 16252
5 3036 551 9485 16253
5 5330 9936 9937 16254
5 1516 4313 9485 16255
5 4310 1515 9486 16256
5 2531 4854 5022 16257
5 7639 7640 9629 16258
5 2320 556 9493 16259
5 5281 1676 5294 16260
5 7474 5139 9687 16261
5 9605 7315 10215 16262
5 3423 4225 9676 16263
5 8067 8066 10542 16264
5 8738 9401 9657 16265
5 7508 8867 10314 16266
5 8928 3765 10804 16267
5 9174 8595 9856 16268
5 3090 6075 10892 16269
5 8535 9414 9593 16270
5 6075 3090 11054 16271
5 8702 8704 9634 16272
5 4700 9627 10983 16273
5 11199 9374 11200 16274
5 7702 7701 9874 16275
5 9711 9097 9844 16276
5 8326 8325 10857 16277
5 9028 9027 9672 16278
5 8601 8600 9635 16279
5 7378 7380 9879 16280
5 4954 1968 11125 16281
5 4858 4859 9707 16282
5 9837 9370 11251 16283
5 8310 2473 10502 16284
5 9059 9668 9673 16285
5 7245 5879 9871 16286
5 6003 7326 9871 16287
5 6883 9699 9700 16288
5 9488 9035 9668 16289
5 9338 9343 9869 16290
5 2034 3410 10105 16291
5 9322 9320 9632 16292
5 5696 9446 9640 16293
5 4591 7911 10137 16294
5 542 5209 9464 16295
5 5210 534 9466 16296
5 9453 174 9463 16297
5 5216 545 9462 16298
5 9455 180 9465 16299
5 9188 8497 9616 16300
5 7424 5765 10738 16301
5 2343 8003 8004 16302
5 177 9456 9460 16303
5 183 9454 9461 16304
5 8929 7507 10314 16305
5 8390 9435 9611 16306
5 10838 7622 11204 16307
5 5283 9719 9720 16308
5 3778 3801 9890 16309
5 3050 9773 10778 16310
5 9652 7991 9802 16311
5 7973 9834 11097 16312
5 9196 9928 11315 16313
5 10779 4583 10780 16314
5 8373 8374 9885 16315
5 7784 9726 9807 16316
5 2485 2392 9899 16317
5 2394 2479 9899 16318
5 8272 7248 9679 16319
5 6060 9725 10687 16320
5 8178 9550 9717 16321
5 9550 8064 9717 16322
5 8423 9303 9829 16323
5 5256 5236 9734 16324
5 9148 1520 9649 16325
5 2955 7998 9636 16326
5 9048 9051 9644 16327
5 3015 1277 9862 16328
5 1278 1503 9862 16329
5 6881 6882 9817 16330
5 9640 9062 9661 16331
5 9001 8987 9603 16332
5 4235 9367 9598 16333
5 1998 9001 9603 16334
5 8072 8071 9909 16335
5 7500 8850 9866 16336
5 4629 9343 10117 16337
5 7629 1387 9645 16338
5 1220 1723 9865 16339
5 4609 9618 10642 16340
5 4283 5062 9915 16341
5 10848 10847 10863 16342
5 6445 6421 9649 16343
5 4614 10798 10799 16344
5 5737 5740 9752 16345
5 3690 9326 10486 16346
5 9467 1553 9468 16347
5 7672 8787 9643 16348
5 3995 3992 9916 16349
5 2495 6775 9916 16350
5 3021 9042 9693 16351
5 4241 6298 9652 16352
5 4316 4595 9655 16353
5 9730 4664 9731 16354
5 5522 5520 9656 16355
5 9494 9495 9637 16356
5 7513 7512 9653 16357
5 7460 7455 9963 16358
5 10774 5549 11138 16359
5 8057 8056 8058 16360
5 8071 8049 9961 16361
5 9062 9063 9661 16362
5 1366 9715 9781 16363
5 5219 4310 9710 16364
5 5527 10695 10960 16365
5 7510 7474 10381 16366
5 2891 7128 10362 16367
5 10817 8001 10991 16368
5 550 1516 9485 16369
5 1515 172 9486 16370
5 9741 9740 9742 16371
5 1366 1010 9641 16372
5 4572 10847 10848 16373
5 4307 9774 11257 16374
5 4012 8972 10392 16375
5 7855 7853 11020 16376
5 2000 997 9642 16377
5 4680 10647 10994 16378
5 6427 6426 9665 16379
5 1759 9876 11039 16380
5 5981 7844 10820 16381
5 5730 5729 5731 16382
5 4288 6489 9664 16383
5 7421 7422 10734 16384
5 7895 10718 11044 16385
5 4513 7809 10610 16386
5 3797 4849 11252 16387
5 5694 3393 10325 16388
5 4611 4087 5148 16389
5 9575 7592 9970 16390
5 9396 7651 9683 16391
5 5491 3244 9933 16392
5 4497 3922 9933 16393
5 3019 9427 9612 16394
5 9761 8260 11267 16395
5 7875 9089 9847 16396
5 9422 8383 9610 16397
5 3086 3435 6130 16398
5 3090 10630 11054 16399
5 9403 8981 9622 16400
5 3215 9743 9744 16401
5 9612 9427 9640 16402
5 2960 1248 9896 16403
5 8148 5105 10421 16404
5 7260 7138 9936 16405
5 8756 8757 9941 16406
5 8470 8469 10311 16407
5 6040 2525 10515 16408
5 7374 5021 9620 16409
5 1559 9077 9712 16410
5 2395 3047 9942 16411
5 3068 2397 9942 16412
5 4083 4082 10776 16413
5 4573 4279 10030 16414
5 2531 2533 4854 16415
5 7781 7783 10010 16416
5 1672 2276 9943 16417
5 5856 2017 9943 16418
5 10265 4339 10298 16419
5 9401 9402 9657 16420
5 3743 4305 10995 16421
5 6583 7727 10842 16422
5 7281 5427 9946 16423
5 7470 7473 11317 16424
5 5220 5219 9775 16425
5 9073 3019 9612 16426
5 8782 8701 9848 16427
5 9435 8297 9611 16428
5 2021 9370 9837 16429
5 4458 8636 8637 16430
5 7139 7305 9957 16431
5 3498 4468 11151 16432
5 9061 9059 9673 16433
5 3929 6881 9817 16434
5 9068 9073 9612 16435
5 5047 9838 11308 16436
5 1231 1232 9671 16437
5 1010 1009 9641 16438
5 3215 9744 9962 16439
5 1437 1557 2309 16440
5 1557 1556 1573 16441
5 7823 5983 11320 16442
5 5427 5426 9968 16443
5 4797 4798 9965 16444
5 9694 3044 9863 16445
5 8941 9412 10057 16446
5 2967 8268 9882 16447
5 997 996 9642 16448
5 10282 3995 10523 16449
5 1083 1082 9631 16450
5 3171 3829 5562 16451
5 3208 3049 5562 16452
5 10202 9647 10233 16453
5 8747 8744 10510 16454
5 8263 8264 9882 16455
5 8997 8988 10261 16456
5 10795 10794 11321 16457
5 7888 7887 10011 16458
5 6314 6315 9975 16459
5 6249 4333 9975 16460
5 5836 5838 10659 16461
5 10474 5682 10928 16462
5 4623 10458 10540 16463
5 1244 1245 9964 16464
5 1759 716 9876 16465
5 715 3003 9876 16466
5 5594 5591 9980 16467
5 8111 8113 9680 16468
5 1308 1468 9930 16469
5 4518 5227 10211 16470
5 9059 1506 9668 16471
5 10543 4931 11295 16472
5 5433 5436 9988 16473
5 7411 7670 9920 16474
5 9863 9311 11260 16475
5 4815 5001 10855 16476
5 8724 8723 10025 16477
5 4963 4967 9682 16478
5 7579 7577 10007 16479
5 9369 4488 10816 16480
5 9722 8997 10261 16481
5 7808 7805 9999 16482
5 9570 8461 9810 16483
5 7889 10183 10184 16484
5 6378 9637 9638 16485
5 5481 9796 11302 16486
5 2176 9419 9663 16487
5 3204 6547 10005 16488
5 6073 6074 10005 16489
5 3756 5137 10047 16490
5 7605 9764 9765 16491
5 7473 2906 11317 16492
5 5249 5258 5259 16493
5 8061 8060 9692 16494
5 687 2286 10854 16495
5 2108 688 10854 16496
5 3735 9857 10293 16497
5 995 1517 9696 16498
5 8632 8635 10012 16499
5 10394 4667 10395 16500
5 7838 7837 9994 16501
5 9764 7448 10572 16502
5 210 5083 10997 16503
5 9469 9481 9694 16504
5 7461 7460 9976 16505
5 4206 4059 10993 16506
5 8331 8330 9927 16507
5 9014 9018 10016 16508
5 8863 7933 9966 16509
5 7591 8840 9970 16510
5 4247 4248 4249 16511
5 8782 9848 11106 16512
5 8670 9566 9821 16513
5 9712 9081 9716 16514
5 4665 9570 9810 16515
5 3755 5386 10664 16516
5 9057 2176 9663 16517
5 3772 3385 10598 16518
5 9481 3044 9694 16519
5 5060 3939 10029 16520
5 3229 3057 9685 16521
5 6481 10675 10677 16522
5 5774 5771 5780 16523
5 4987 10992 11330 16524
5 9427 9062 9640 16525
5 9838 10363 11308 16526
5 9946 4516 9947 16527
5 5006 9775 9777 16528
5 8968 8540 10042 16529
5 5575 4493 10527 16530
5 5176 5171 9688 16531
5 4016 4015 11298 16532
5 5596 5594 10038 16533
5 4881 5703 10039 16534
5 5212 195 9454 16535
5 5211 189 9456 16536
5 6615 4071 9689 16537
5 4632 9413 11115 16538
5 199 2536 9839 16539
5 191 5205 9460 16540
5 197 5213 9461 16541
5 5208 528 9462 16542
5 544 5208 9462 16543
5 5207 549 9457 16544
5 5215 547 9459 16545
5 525 5215 9459 16546
5 5214 539 9466 16547
5 533 5214 9466 16548
5 5206 186 9463 16549
5 5209 541 9458 16550
5 5205 192 9465 16551
5 523 5207 9457 16552
5 531 5209 9458 16553
5 173 5206 9463 16554
5 5212 181 9455 16555
5 194 5212 9455 16556
5 188 5211 9453 16557
5 5211 175 9453 16558
5 179 5205 9465 16559
5 540 5214 9458 16560
5 5214 532 9458 16561
5 5215 524 9457 16562
5 529 5208 9464 16563
5 548 5215 9457 16564
5 546 5216 9459 16565
5 5216 526 9459 16566
5 5208 543 9464 16567
5 5213 184 9461 16568
5 5205 178 9460 16569
5 182 5212 9454 16570
5 176 5211 9456 16571
5 8271 7248 11232 16572
5 1562 1558 1563 16573
5 1724 1233 9978 16574
5 9324 9770 9869 16575
5 9131 9295 9902 16576
5 9784 9643 9785 16577
5 6837 6205 10046 16578
5 3190 3784 8421 16579
5 3244 3242 10047 16580
5 3245 3756 10047 16581
5 7428 7427 10032 16582
5 8303 8302 10048 16583
5 3421 5329 9939 16584
5 9530 4263 9531 16585
5 9472 9469 9694 16586
5 1430 6285 10017 16587
5 9777 9775 10241 16588
5 5677 5676 10379 16589
5 5078 5077 10400 16590
5 5445 3833 5446 16591
5 5690 5693 10050 16592
5 4862 4452 10050 16593
5 1502 7989 10240 16594
5 6208 6210 10051 16595
5 9586 1559 9712 16596
5 4272 9506 10176 16597
5 3079 3528 4912 16598
5 4667 10166 10395 16599
5 8580 1458 10019 16600
5 5317 2447 10134 16601
5 2288 4953 11152 16602
5 4927 4858 9707 16603
5 5198 10424 10425 16604
5 9091 7808 9894 16605
5 8142 8144 9699 16606
5 9294 8724 9835 16607
5 1082 2360 9631 16608
5 8739 8741 10510 16609
5 4561 9957 10629 16610
5 8291 9494 9637 16611
5 4545 4544 4547 16612
5 8521 8523 9703 16613
5 2494 2388 10056 16614
5 2390 2485 10056 16615
5 9302 8975 9677 16616
5 3206 3786 10524 16617
5 8025 5036 10978 16618
5 8573 8963 10034 16619
5 1107 1106 10061 16620
5 9829 6505 11265 16621
5 1212 1430 10017 16622
5 7611 7610 9787 16623
5 911 1476 9973 16624
5 8277 912 9973 16625
5 1509 3436 9666 16626
5 3561 3563 4517 16627
5 4836 4810 9977 16628
5 8526 8962 10040 16629
5 449 1453 9698 16630
5 1453 8917 9787 16631
5 1384 7954 10010 16632
5 9019 4490 9974 16633
5 7534 4570 11051 16634
5 9579 5038 10494 16635
5 7957 1384 10011 16636
5 9865 1723 10051 16637
5 8860 8861 9994 16638
5 1562 1676 5281 16639
5 8121 8118 10391 16640
5 9196 8948 9928 16641
5 8983 10034 10378 16642
5 9158 10301 10302 16643
5 9144 9143 10734 16644
5 8346 8347 10101 16645
5 10189 10188 10958 16646
5 8996 9586 9712 16647
5 10341 7053 11040 16648
5 3034 9235 9690 16649
5 9027 9057 9663 16650
5 9623 8981 10040 16651
5 8865 7854 9705 16652
5 9210 9215 9715 16653
5 552 3036 9709 16654
5 1649 553 9709 16655
5 9342 9344 10336 16656
5 9096 9097 9711 16657
5 9180 5053 10625 16658
5 5479 5476 10098 16659
5 8799 4873 10674 16660
5 7007 3391 9789 16661
5 3723 3421 9939 16662
5 8001 1499 10991 16663
5 5186 5055 10370 16664
5 5692 5190 9721 16665
5 6531 9886 9887 16666
5 7725 7726 10077 16667
5 8393 6377 10198 16668
5 8281 8280 9719 16669
5 1009 9589 9641 16670
5 8998 8997 9722 16671
5 9557 8781 9902 16672
5 10409 5176 10440 16673
5 9407 5674 9408 16674
5 10566 9507 11006 16675
5 5166 5163 10111 16676
5 5164 5613 10111 16677
5 9067 9071 10116 16678
5 9649 1520 9811 16679
5 8292 10585 10989 16680
5 7086 3190 8421 16681
5 5238 5239 5240 16682
5 9566 1410 9821 16683
5 504 503 10106 16684
5 4516 9968 9969 16685
5 7489 7488 9728 16686
5 9774 10578 11257 16687
5 7196 2897 9732 16688
5 1250 1495 10078 16689
5 4817 3696 9562 16690
5 9077 9081 9712 16691
5 4974 1423 11342 16692
5 3001 4974 11342 16693
5 3036 9082 9709 16694
5 10545 6128 10547 16695
5 9486 3037 9710 16696
5 996 995 9696 16697
5 8951 9699 10715 16698
5 1488 9604 9803 16699
5 2897 5292 9732 16700
5 8226 8224 10128 16701
5 6206 6204 9729 16702
5 4572 8844 10846 16703
5 10857 8325 11139 16704
5 3413 3411 4240 16705
5 3412 3413 3414 16706
5 8844 4572 10878 16707
5 3087 2483 10060 16708
5 8214 8211 10004 16709
5 10790 5032 10912 16710
5 4241 9652 9802 16711
5 2964 8178 9717 16712
5 9081 9442 9716 16713
5 6310 9542 11278 16714
5 9354 5040 10717 16715
5 1218 1219 9727 16716
5 5424 10444 10445 16717
5 5236 5238 9734 16718
5 6953 6952 10141 16719
5 4271 9785 10707 16720
5 505 504 10129 16721
5 6944 6945 10477 16722
5 8977 9192 10042 16723
5 7436 7440 10068 16724
5 3710 5177 10937 16725
5 1114 1113 9733 16726
5 4680 9291 11101 16727
5 4233 9763 11070 16728
5 9071 9070 10255 16729
5 8702 9634 9848 16730
5 5831 8726 10789 16731
5 2926 7756 9726 16732
5 10984 10308 10985 16733
5 10171 4252 10172 16734
5 3037 9329 9710 16735
5 9803 7052 10061 16736
5 1349 7960 10089 16737
5 6445 9649 9811 16738
5 5092 5085 10658 16739
5 8561 10583 10584 16740
5 8901 8900 10077 16741
5 7418 1700 10129 16742
5 9071 9087 10116 16743
5 1035 5401 9735 16744
5 9703 8523 9759 16745
5 9187 8500 10165 16746
5 9469 1553 9481 16747
5 9295 9835 9836 16748
5 9216 9217 10602 16749
5 8636 4458 10278 16750
5 5175 5776 10186 16751
5 553 552 9709 16752
5 4975 4974 10756 16753
5 9223 9608 9714 16754
5 6898 11146 11147 16755
5 8909 7657 10118 16756
5 9332 9741 9747 16757
5 5080 10969 11311 16758
5 3987 4239 10159 16759
5 9871 4499 11029 16760
5 6231 10838 11204 16761
5 5520 5518 10156 16762
5 9847 8808 10228 16763
5 9087 9085 10125 16764
5 9388 4664 9730 16765
5 3215 119 9743 16766
5 9456 190 9460 16767
5 9454 196 9461 16768
5 4499 9871 11010 16769
5 9085 9038 10125 16770
5 5209 530 9464 16771
5 1677 978 9482 16772
5 538 5210 9466 16773
5 527 5216 9462 16774
5 187 9453 9463 16775
5 193 9455 9465 16776
5 3043 976 9467 16777
5 975 1553 9467 16778
5 1553 974 9481 16779
5 977 3043 9482 16780
5 973 3044 9481 16781
5 3492 3494 9660 16782
5 5036 8025 10821 16783
5 4770 9737 10868 16784
5 5653 1325 11262 16785
5 2537 2419 10200 16786
5 2417 2522 10200 16787
5 7649 8786 10180 16788
5 10240 7989 10434 16789
5 3047 2393 10204 16790
5 2391 2901 10204 16791
5 4474 10126 10669 16792
5 7991 1543 9802 16793
5 1659 5129 9922 16794
5 4899 9689 10207 16795
5 7847 9625 10089 16796
5 8097 9279 10142 16797
5 9478 9477 9738 16798
5 1501 5141 10773 16799
5 7848 7847 9758 16800
5 3706 3708 4641 16801
5 5319 2374 9749 16802
5 9332 9331 9740 16803
5 9076 3021 9693 16804
5 2521 5411 10627 16805
5 9410 4224 9411 16806
5 4059 4207 10993 16807
5 1510 1204 10149 16808
5 1205 2958 10149 16809
5 5747 5736 9750 16810
5 4310 9486 9710 16811
5 1235 1390 10153 16812
5 8255 8245 9751 16813
5 1739 8569 10085 16814
5 3685 163 9788 16815
5 2360 5233 5234 16816
5 9601 9600 10267 16817
5 3530 1342 9745 16818
5 1458 9492 10019 16819
5 7170 1674 10102 16820
5 9720 9719 9825 16821
5 8920 9543 10326 16822
5 8603 8602 10192 16823
5 7344 3943 9755 16824
5 5601 5600 10279 16825
5 5621 5620 10279 16826
5 8024 8077 10221 16827
5 8696 9296 9725 16828
5 10847 10846 11212 16829
5 7442 7443 9756 16830
5 9850 4658 10511 16831
5 9252 9244 10093 16832
5 8302 8313 10262 16833
5 3833 5314 10069 16834
5 6799 4435 9757 16835
5 3409 5183 11351 16836
5 3155 3032 10234 16837
5 678 677 9753 16838
5 5142 1401 10644 16839
5 2535 7463 10440 16840
5 3399 4266 5275 16841
5 5566 5565 10263 16842
5 8231 8228 10238 16843
5 10610 7793 11329 16844
5 4679 3502 10251 16845
5 10647 4680 10648 16846
5 4817 4058 10853 16847
5 10409 10058 10410 16848
5 7605 8897 9764 16849
5 8161 9282 10188 16850
5 4325 4475 10252 16851
5 8658 8656 10244 16852
5 3110 3429 9760 16853
5 3807 3806 10830 16854
5 1723 1221 10203 16855
5 4679 10250 10994 16856
5 8280 8961 9825 16857
5 8254 8253 9761 16858
5 559 3690 9806 16859
5 9200 9269 9690 16860
5 9689 4073 10207 16861
5 3783 3782 10211 16862
5 7832 9173 9981 16863
5 9269 3034 9690 16864
5 9615 8998 9722 16865
5 3477 4635 9763 16866
5 8132 8131 10275 16867
5 10798 7574 10896 16868
5 8970 8973 10315 16869
5 8791 9627 10963 16870
5 1503 1279 10216 16871
5 1280 3062 10216 16872
5 10843 9327 11264 16873
5 9181 8104 10154 16874
5 2901 6040 9768 16875
5 1691 1108 9769 16876
5 9344 1496 9747 16877
5 4951 9921 10121 16878
5 10377 8983 10378 16879
5 5744 5746 9962 16880
5 9279 5103 10142 16881
5 7757 8901 9807 16882
5 9864 4587 10851 16883
5 4295 4294 4296 16884
5 5413 5412 10102 16885
5 7566 7567 10907 16886
5 6084 6954 10305 16887
5 8330 8318 10488 16888
5 4769 4767 10306 16889
5 9696 1517 9956 16890
5 7624 7627 10316 16891
5 8143 9364 10148 16892
5 8494 8970 10315 16893
5 3592 4292 4681 16894
5 3745 3747 11191 16895
5 7620 7619 10316 16896
5 7796 9584 10822 16897
5 9642 996 9696 16898
5 8027 8030 10342 16899
5 9234 9233 9956 16900
5 5983 10454 11320 16901
5 8463 8462 10270 16902
5 5291 9483 10653 16903
5 2027 5265 10418 16904
5 8815 9533 10318 16905
5 7917 8857 10181 16906
5 2027 1076 9281 16907
5 1591 1593 9771 16908
5 10669 10668 11158 16909
5 4066 4485 10067 16910
5 4767 4761 10323 16911
5 9130 8779 10247 16912
5 7449 11190 11192 16913
5 7896 8805 10718 16914
5 3172 3797 9773 16915
5 9268 9781 9782 16916
5 10174 10966 11194 16917
5 9061 9673 9872 16918
5 7515 7514 10326 16919
5 9921 4952 10121 16920
5 3056 7369 10334 16921
5 9424 9425 10311 16922
5 7393 7392 10253 16923
5 4357 6471 10337 16924
5 6987 6985 10337 16925
5 4888 7715 11009 16926
5 8740 10521 10872 16927
5 5908 9605 11140 16928
5 6396 6302 10344 16929
5 7994 2308 10317 16930
5 8837 7521 10253 16931
5 8979 8978 10197 16932
5 6248 6249 10352 16933
5 6383 4461 10352 16934
5 1262 1263 9772 16935
5 949 3218 9767 16936
5 4659 10745 10959 16937
5 9730 9731 10563 16938
5 5018 9544 11124 16939
5 6922 10651 11126 16940
5 1405 9761 11267 16941
5 4322 4482 10356 16942
5 5074 5079 10307 16943
5 3407 4997 11296 16944
5 3391 5293 9789 16945
5 7868 7873 10405 16946
5 1650 9548 9713 16947
5 3030 3227 9783 16948
5 4753 4750 10359 16949
5 5141 1501 10948 16950
5 6952 5724 10364 16951
5 4648 9874 10956 16952
5 4249 4250 4251 16953
5 5055 4354 10370 16954
5 8967 8968 10165 16955
5 4272 3710 10937 16956
5 9170 7825 10456 16957
5 8213 8275 10303 16958
5 1177 3226 9774 16959
5 1273 1274 10345 16960
5 4474 4877 10126 16961
5 1468 1309 10296 16962
5 8294 8293 10388 16963
5 8523 9349 9759 16964
5 3589 3592 4681 16965
5 5079 8577 10307 16966
5 7205 1466 11137 16967
5 4438 4533 9791 16968
5 9097 8028 10342 16969
5 1306 1307 9790 16970
5 6150 6151 9794 16971
5 9271 1650 9713 16972
5 5468 5469 10396 16973
5 8447 8443 10424 16974
5 9328 1648 9796 16975
5 3226 10581 10930 16976
5 5170 4311 10361 16977
5 1567 8435 10232 16978
5 9928 4522 11315 16979
5 5051 5052 9684 16980
5 4771 4773 4774 16981
5 8252 8249 10533 16982
5 2471 7213 10400 16983
5 1228 6085 11208 16984
5 4356 5185 10401 16985
5 9261 9271 9713 16986
5 8119 9567 10391 16987
5 8801 8863 10288 16988
5 8800 8814 10318 16989
5 502 501 9795 16990
5 4451 4862 10413 16991
5 5698 5697 10413 16992
5 1222 1223 10390 16993
5 9139 10828 11240 16994
5 1466 7205 10979 16995
5 7612 7607 10438 16996
5 8165 8167 10442 16997
5 9834 7913 11097 16998
5 8382 6654 11202 16999
5 4484 9786 11154 17000
5 9490 9489 9762 17001
5 5516 5513 10431 17002
5 5508 7323 10431 17003
5 3187 3185 10433 17004
5 7542 7541 10399 17005
5 1649 10052 11290 17006
5 9693 9042 10470 17007
5 3557 3559 11364 17008
5 7277 7296 10444 17009
5 8854 9596 11220 17010
5 9773 4640 10778 17011
5 7189 1691 10450 17012
5 7940 8800 10416 17013
5 3569 6196 10694 17014
5 9267 9265 10600 17015
5 3558 3557 11364 17016
5 9491 10650 10809 17017
5 3668 3406 11143 17018
5 7276 9763 11028 17019
5 9802 1543 9934 17020
5 3453 3455 4608 17021
5 1528 7510 10381 17022
5 4807 4808 10867 17023
5 7256 5422 10461 17024
5 5616 5619 9800 17025
5 9325 9324 10380 17026
5 7417 7418 10478 17027
5 4691 4692 10464 17028
5 6639 4241 9802 17029
5 2473 8311 10732 17030
5 2702 1155 10476 17031
5 1154 1485 10476 17032
5 7047 7050 9803 17033
5 7792 10822 11048 17034
5 1195 1196 10439 17035
5 9040 10209 10470 17036
5 7423 7420 10478 17037
5 11003 10562 11295 17038
5 4472 9752 10107 17039
5 7535 7534 10618 17040
5 7799 9140 10354 17041
5 7414 7411 9805 17042
5 7567 5065 10907 17043
5 8312 8308 10242 17044
5 9286 10900 11197 17045
5 2284 4775 9737 17046
5 9041 4952 9921 17047
5 3431 4639 10483 17048
5 3052 2484 10483 17049
5 8612 8613 10278 17050
5 9005 9003 10486 17051
5 3785 6944 10477 17052
5 1520 7996 9811 17053
5 3723 9937 9938 17054
5 5475 5478 10492 17055
5 6127 4228 11017 17056
5 3435 6127 11017 17057
5 10193 9286 11197 17058
5 4195 9545 9546 17059
5 6536 9885 9886 17060
5 9194 5230 10197 17061
5 9193 9194 10197 17062
5 6134 10545 10547 17063
5 7948 7951 10667 17064
5 5635 5634 10550 17065
5 5008 4817 10853 17066
5 4272 9505 9506 17067
5 5076 5073 10307 17068
5 2521 1039 10509 17069
5 1038 3816 10509 17070
5 10465 5048 10574 17071
5 5621 10279 11286 17072
5 1487 7131 9809 17073
5 2538 2539 10516 17074
5 3206 3790 10516 17075
5 2171 813 10346 17076
5 812 8676 10346 17077
5 8740 8736 10521 17078
5 8133 9099 9798 17079
5 9727 1219 9865 17080
5 7327 5539 10522 17081
5 7196 9732 9931 17082
5 818 19 10879 17083
5 9928 8509 9929 17084
5 1703 7444 11168 17085
5 5574 5575 10527 17086
5 9543 5018 10326 17087
5 8569 2994 10350 17088
5 591 3205 9780 17089
5 9285 9286 10192 17090
5 3394 9582 10967 17091
5 8560 8561 10584 17092
5 3773 3772 10701 17093
5 4294 4291 4298 17094
5 163 162 9788 17095
5 19 1175 10879 17096
5 6446 6445 9811 17097
5 2090 1585 9812 17098
5 9329 9328 9796 17099
5 9013 9011 10538 17100
5 9421 7457 10838 17101
5 3760 3662 10481 17102
5 8461 8460 9810 17103
5 3662 3661 10481 17104
5 5634 5639 10550 17105
5 1392 7262 10550 17106
5 5114 5116 10002 17107
5 6897 10193 11083 17108
5 5058 9764 10572 17109
5 3659 3225 4584 17110
5 3790 3206 10524 17111
5 9365 5551 10774 17112
5 7446 7449 10572 17113
5 3397 3395 5274 17114
5 9227 10929 11182 17115
5 7541 8913 10399 17116
5 7775 6482 10408 17117
5 9775 5219 10241 17118
5 2955 6987 10532 17119
5 9732 5272 9931 17120
5 9604 7047 9803 17121
5 3074 9440 11014 17122
5 10091 4722 10092 17123
5 4884 9138 9139 17124
5 4457 9657 9658 17125
5 5266 2891 10362 17126
5 1581 4870 10335 17127
5 4482 9837 11251 17128
5 5060 5061 11105 17129
5 9186 9187 10270 17130
5 8672 8670 9821 17131
5 1311 1720 10493 17132
5 1202 1203 9814 17133
5 4696 3745 11191 17134
5 3830 9110 9163 17135
5 8292 8289 10585 17136
5 7569 7563 10575 17137
5 4253 4254 4255 17138
5 9431 8636 10278 17139
5 4261 7168 9819 17140
5 8956 7554 10484 17141
5 8347 9357 10057 17142
5 4203 3807 10830 17143
5 4833 4832 10496 17144
5 5443 9946 9947 17145
5 4615 8043 11357 17146
5 4033 10215 10748 17147
5 9971 8015 10596 17148
5 9682 3003 10973 17149
5 10074 3478 11129 17150
5 9166 7739 9823 17151
5 9919 4662 10373 17152
5 8015 8011 10596 17153
5 4950 10124 11239 17154
5 9156 8136 10574 17155
5 9333 9332 9747 17156
5 9625 1349 10089 17157
5 4909 8198 8200 17158
5 5002 9958 9959 17159
5 1496 9333 9747 17160
5 8683 9448 9849 17161
5 5410 4618 7329 17162
5 9156 10494 11184 17163
5 8698 8695 10685 17164
5 4344 5024 10190 17165
5 9439 1689 11019 17166
5 1390 1236 10532 17167
5 1237 2955 10532 17168
5 9876 4967 11039 17169
5 2958 1206 10534 17170
5 1207 1493 10534 17171
5 8962 8982 10376 17172
5 8244 8247 11254 17173
5 8704 8705 11069 17174
5 8422 8423 9829 17175
5 5675 5676 10947 17176
5 4917 6786 11171 17177
5 7817 1401 9820 17178
5 9848 8653 11106 17179
5 7486 8581 10626 17180
5 4549 4550 11299 17181
5 4482 6451 9837 17182
5 8608 8616 10637 17183
5 9673 9034 9852 17184
5 5747 2019 10595 17185
5 7962 7963 9834 17186
5 8381 9183 10315 17187
5 9966 7934 9967 17188
5 7626 8952 10539 17189
5 9968 8906 9969 17190
5 8086 8089 10651 17191
5 6597 6444 10657 17192
5 2297 5227 10581 17193
5 2294 9692 10733 17194
5 4635 3165 9840 17195
5 5637 5577 11174 17196
5 5410 5404 10660 17197
5 5403 7256 10660 17198
5 4535 4537 9842 17199
5 1325 5653 10529 17200
5 4625 9147 10459 17201
5 4495 5586 10666 17202
5 200 199 9839 17203
5 1210 1211 10630 17204
5 4933 10543 11295 17205
5 7885 7888 10675 17206
5 1336 1337 9895 17207
5 10543 4933 11011 17208
5 9598 5131 10309 17209
5 202 201 9841 17210
5 8092 8091 10715 17211
5 3397 5274 10787 17212
5 203 202 9843 17213
5 9904 9429 10551 17214
5 9556 9107 10818 17215
5 5527 5524 10695 17216
5 3226 1178 10581 17217
5 1179 2297 10581 17218
5 1323 1512 10586 17219
5 3016 1322 10586 17220
5 593 12 10894 17221
5 9295 9294 9835 17222
5 8738 9657 10521 17223
5 7989 3072 10434 17224
5 8167 8166 10678 17225
5 9584 4530 10822 17226
5 1282 1501 10593 17227
5 3062 1281 10593 17228
5 560 559 9806 17229
5 10289 5147 10291 17230
5 6075 6071 10713 17231
5 6382 6383 10713 17232
5 9654 7515 11111 17233
5 12 592 10894 17234
5 9709 9082 10052 17235
5 11269 4932 11270 17236
5 8547 8545 9846 17237
5 9698 1453 9787 17238
5 11312 9283 11346 17239
5 9860 9982 9983 17240
5 8368 8373 10728 17241
5 10417 10584 11193 17242
5 8070 9693 10470 17243
5 3996 7398 10806 17244
5 7572 7575 10742 17245
5 4251 4252 4253 17246
5 204 2928 10644 17247
5 1401 205 10644 17248
5 202 9841 9843 17249
5 9141 5501 10936 17250
5 8952 7646 10597 17251
5 10055 5052 10155 17252
5 1302 1303 10683 17253
5 9147 6796 10459 17254
5 4406 3668 5015 17255
5 1410 9124 9821 17256
5 7556 9906 9907 17257
5 980 9256 10621 17258
5 7555 9429 11280 17259
5 7831 7832 10737 17260
5 8124 10196 10941 17261
5 1555 9585 9770 17262
5 9763 4635 11070 17263
5 10400 5077 10969 17264
5 4871 9054 9055 17265
5 9805 4631 11343 17266
5 3929 9700 9701 17267
5 8714 8715 11172 17268
5 7314 5837 10747 17269
5 9140 8804 10571 17270
5 5651 1512 10529 17271
5 8207 8206 10759 17272
5 7790 7793 10610 17273
5 4521 9365 10774 17274
5 1313 2952 10636 17275
5 1720 1312 10636 17276
5 8798 8799 10674 17277
5 8829 8956 10575 17278
5 5225 2297 11161 17279
5 9699 6883 10715 17280
5 5669 5698 10773 17281
5 5141 4945 10773 17282
5 7534 7971 10618 17283
5 5548 5549 10774 17284
5 4521 10774 11138 17285
5 8595 7907 10754 17286
5 9167 10058 10409 17287
5 7835 7838 10285 17288
5 9605 4566 11140 17289
5 2886 2884 10778 17290
5 8395 8394 10928 17291
5 4949 10566 11006 17292
5 9618 9617 10814 17293
5 5676 5675 10379 17294
5 8935 7768 10645 17295
5 9672 9009 9974 17296
5 7809 8926 10610 17297
5 2019 86 10595 17298
5 85 8332 10595 17299
5 1464 8910 10618 17300
5 5176 9688 10440 17301
5 2378 3407 11296 17302
5 8701 8702 9848 17303
5 25 1065 10895 17304
5 1198 1199 10740 17305
5 8043 8036 11357 17306
5 8105 8877 10625 17307
5 10007 7580 10008 17308
5 7205 4527 10815 17309
5 4526 4971 10815 17310
5 4488 4487 10816 17311
5 1343 25 10895 17312
5 8681 8682 10972 17313
5 6129 10504 11052 17314
5 7792 7791 10822 17315
5 3739 8936 9993 17316
5 8497 8496 10634 17317
5 7524 7527 10777 17318
5 8711 8712 10818 17319
5 8513 2363 10843 17320
5 5112 5114 10002 17321
5 5518 5515 10832 17322
5 8697 8698 10775 17323
5 9737 4775 10868 17324
5 4639 9773 11252 17325
5 9034 9033 9852 17326
5 9845 5033 10931 17327
5 9627 4700 10963 17328
5 9346 1555 9770 17329
5 9914 4481 10284 17330
5 5315 9676 9988 17331
5 9676 9674 9988 17332
5 5584 5582 10743 17333
5 6231 9421 10838 17334
5 8906 8905 10967 17335
5 7769 8937 10645 17336
5 7507 7508 10314 17337
5 8491 8490 10769 17338
5 5837 5836 10700 17339
5 9483 4713 10653 17340
5 10357 4886 10568 17341
5 4887 10357 10568 17342
5 3185 3181 10858 17343
5 7560 7564 9855 17344
5 7934 7932 10865 17345
5 9811 7996 9950 17346
5 5226 5225 11000 17347
5 8805 2938 10718 17348
5 985 22 10911 17349
5 9321 9346 9770 17350
5 7656 8841 10770 17351
5 4421 6119 10866 17352
5 9719 8280 9825 17353
5 1389 1224 10726 17354
5 8063 9064 10733 17355
5 5436 5437 10874 17356
5 1474 9275 10634 17357
5 1225 1226 10807 17358
5 4885 4853 10893 17359
5 3820 6689 11057 17360
5 10454 7822 11320 17361
5 24 1036 10897 17362
5 1037 24 10897 17363
5 4780 4783 10869 17364
5 5516 10432 10832 17365
5 10846 7533 11212 17366
5 9265 9262 11340 17367
5 9089 7928 9847 17368
5 10577 3561 11247 17369
5 8037 8040 11357 17370
5 10381 9687 10881 17371
5 22 984 10911 17372
5 10144 5103 10145 17373
5 8022 8025 10978 17374
5 4297 10981 10982 17375
5 9175 9174 9856 17376
5 1646 5382 10910 17377
5 2276 1652 10910 17378
5 7057 7309 10915 17379
5 9440 4996 11014 17380
5 7556 7553 11280 17381
5 4464 9141 10936 17382
5 9230 9231 10924 17383
5 7602 8787 11279 17384
5 8726 8725 10789 17385
5 1661 2377 11293 17386
5 5511 7260 10932 17387
5 10556 6136 10772 17388
5 6137 10556 10772 17389
5 5498 5500 10936 17390
5 3508 5828 10028 17391
5 9311 9312 10415 17392
5 3729 2482 11296 17393
5 2447 2445 11300 17394
5 3119 3558 11299 17395
5 6639 9802 9934 17396
5 9286 8762 10900 17397
5 8154 8157 10957 17398
5 3151 8577 10866 17399
5 8577 5079 10866 17400
5 7468 7470 11317 17401
5 9790 1307 9930 17402
5 10445 10446 11314 17403
5 4255 4256 4257 17404
5 2481 3056 11235 17405
5 9384 8088 10651 17406
5 6922 9384 10651 17407
5 8841 7573 10797 17408
5 5459 5460 10980 17409
5 8963 8426 10808 17410
5 1138 1137 9861 17411
5 7531 7534 11051 17412
5 5225 4643 11000 17413
5 6529 3783 11000 17414
5 5147 9967 11159 17415
5 9683 7651 10180 17416
5 4988 9683 10180 17417
5 8840 7629 10840 17418
5 9254 4657 10093 17419
5 8407 9348 10085 17420
5 5974 6887 11014 17421
5 8233 8231 11016 17422
5 4972 4539 11018 17423
5 9596 4685 11220 17424
5 8402 8403 11207 17425
5 9275 6137 10634 17426
5 9309 9311 9863 17427
5 3801 5258 11121 17428
5 9276 7403 9875 17429
5 8238 8271 11232 17430
5 8272 8240 11232 17431
5 8478 8966 10988 17432
5 7667 8844 10878 17433
5 6072 6075 11054 17434
5 8360 8357 11060 17435
5 7827 8793 11009 17436
5 8656 8648 11050 17437
5 4494 4930 11224 17438
5 4267 3766 11070 17439
5 4577 9828 9850 17440
5 8844 7532 10846 17441
5 9191 8447 10482 17442
5 1277 1278 9862 17443
5 4675 4673 11076 17444
5 9224 9227 11182 17445
5 5439 5441 11203 17446
5 9429 8790 10551 17447
5 4728 4914 11153 17448
5 6573 3087 11103 17449
5 7412 7415 11115 17450
5 6794 7633 11107 17451
5 3937 5060 11105 17452
5 4479 3193 11105 17453
5 6397 6398 10793 17454
5 8261 8259 11306 17455
5 1040 2521 10627 17456
5 4943 5141 11123 17457
5 7204 7205 11137 17458
5 6012 5545 11140 17459
5 5628 9439 11019 17460
5 8019 8017 11198 17461
5 118 4 10902 17462
5 211 210 10997 17463
5 9233 9696 9956 17464
5 9153 8023 10978 17465
5 8224 8221 11145 17466
5 3018 9072 10116 17467
5 9688 2535 10440 17468
5 3447 4919 4921 17469
5 4 91 10902 17470
5 9280 8156 10957 17471
5 8839 8838 10777 17472
5 9287 8607 10637 17473
5 1219 1220 9865 17474
5 9045 3018 10125 17475
5 7815 7814 11220 17476
5 7501 7500 9866 17477
5 9444 8360 10169 17478
5 8532 8533 11055 17479
5 1325 1326 11262 17480
5 1209 3090 10892 17481
5 1493 1208 10892 17482
5 7822 10454 10792 17483
5 6446 9811 9950 17484
5 9629 9393 11078 17485
5 498 497 11180 17486
5 5116 5118 9868 17487
5 9382 5284 10262 17488
5 9381 9382 10262 17489
5 5654 5647 10243 17490
5 7645 9147 11173 17491
5 9364 8042 10699 17492
5 9125 9542 10672 17493
5 9299 8395 10398 17494
5 8276 9730 10563 17495
5 9429 4923 11280 17496
5 8391 10474 10928 17497
5 5681 10080 10474 17498
5 5431 5432 10632 17499
5 5828 3510 10608 17500
5 1228 1229 11134 17501
5 10434 3072 10603 17502
5 6353 3204 10714 17503
5 9090 4949 11006 17504
5 8717 9090 11006 17505
5 8811 8810 10963 17506
5 10695 4600 10960 17507
5 1501 1283 10948 17508
5 1284 3093 10948 17509
5 9135 9136 10201 17510
5 8850 7682 11205 17511
5 1182 1521 11297 17512
5 5783 9738 9739 17513
5 4625 8824 11173 17514
5 8824 7644 11173 17515
5 5443 9947 9949 17516
5 9770 9585 9869 17517
5 8254 11250 11339 17518
5 3510 3796 10608 17519
5 500 1703 11168 17520
5 1315 1466 10979 17521
5 2952 1314 10979 17522
5 8372 8371 10606 17523
5 8552 9588 10650 17524
5 8787 7663 11279 17525
5 10546 6134 10547 17526
5 9190 8350 11188 17527
5 9343 4629 10380 17528
5 10607 6514 11068 17529
5 7326 7245 9871 17530
5 8679 8680 11101 17531
5 1083 9631 9877 17532
5 9063 9061 9872 17533
5 1543 7992 9934 17534
5 4348 10357 10591 17535
5 6133 10505 11059 17536
5 1726 1197 11077 17537
5 9691 9252 10093 17538
5 5065 9646 10907 17539
5 5072 5070 11311 17540
5 1725 1227 11208 17541
5 2297 1180 11161 17542
5 9282 8128 10944 17543
5 2906 7528 11317 17544
5 7859 8899 10691 17545
5 7701 8811 9874 17546
5 2473 953 10502 17547
5 952 4318 10502 17548
5 7381 7378 9879 17549
5 10513 4686 10796 17550
5 4308 4436 10360 17551
5 9857 4565 10293 17552
5 10193 4202 11083 17553
5 5562 3829 5566 17554
5 8715 9560 10087 17555
5 8793 8792 11095 17556
5 7715 8934 11009 17557
5 7672 9643 9784 17558
5 927 1744 11339 17559
5 8812 8809 11085 17560
5 1744 926 11336 17561
5 5227 4518 10930 17562
5 4247 4249 4992 17563
5 9154 9152 10622 17564
5 9332 9740 9741 17565
5 4923 9905 9906 17566
5 4329 3778 9890 17567
5 4604 10100 10435 17568
5 9391 9392 10789 17569
5 8112 9098 10987 17570
5 8283 2967 9882 17571
5 716 715 9876 17572
5 9179 9180 10625 17573
5 4568 4510 11132 17574
5 9491 8551 10650 17575
5 9657 4457 10521 17576
5 9828 9352 9850 17577
5 1358 9100 10857 17578
5 9611 8297 10388 17579
5 10587 4933 10785 17580
5 4522 10587 10785 17581
5 9100 8326 10857 17582
5 1405 929 11250 17583
5 9118 7622 10838 17584
5 2976 88 11038 17585
5 87 2019 11038 17586
5 8383 8382 11202 17587
5 9448 9376 9849 17588
5 1423 712 11342 17589
5 711 3001 11342 17590
5 11107 7637 11323 17591
5 4254 4253 10500 17592
5 10225 9249 10839 17593
5 3764 3762 10876 17594
5 7598 7599 9898 17595
5 20 950 10925 17596
5 2392 2394 9899 17597
5 5561 5566 10263 17598
5 8516 3811 10879 17599
5 4474 4473 4668 17600
5 4971 4528 10526 17601
5 7922 8828 11044 17602
5 9582 4574 10967 17603
5 9155 9156 10678 17604
5 1248 1249 9896 17605
5 4933 10587 11011 17606
5 9092 9091 9894 17607
5 9536 8351 10544 17608
5 1488 9803 10061 17609
5 5647 9510 9903 17610
5 6786 4083 11171 17611
5 8719 9293 10844 17612
5 951 20 10925 17613
5 4513 10610 11329 17614
5 6921 6723 11079 17615
5 7605 9765 11148 17616
5 6617 6618 11242 17617
5 5746 9398 9962 17618
5 9729 1723 10203 17619
5 9588 5082 10650 17620
5 9983 9984 10813 17621
5 10063 5777 11291 17622
5 10052 9018 11290 17623
5 10454 6957 10792 17624
5 3447 3445 10882 17625
5 8039 9181 10904 17626
5 8374 9445 9885 17627
5 8946 8472 11031 17628
5 5078 7213 11362 17629
5 1961 4805 9883 17630
5 1984 4825 9884 17631
5 9108 3809 9877 17632
5 9189 9190 10898 17633
5 9951 5150 10865 17634
5 4285 4283 9915 17635
5 4576 4220 10514 17636
5 1435 9875 9920 17637
5 9362 8072 9909 17638
5 4932 8455 10988 17639
5 4490 9019 10162 17640
5 3992 2495 9916 17641
5 8511 8513 10113 17642
5 8206 8213 9918 17643
5 3958 3960 10899 17644
5 8966 8965 11003 17645
5 4606 4568 11241 17646
5 9786 5011 11154 17647
5 9234 10600 10620 17648
5 5838 10322 10659 17649
5 8409 8407 10085 17650
5 7052 7051 10507 17651
5 1648 168 10312 17652
5 7067 11207 11352 17653
5 7994 10317 10889 17654
5 1435 9276 9875 17655
5 3429 3428 4687 17656
5 167 9355 10312 17657
5 4203 9515 9517 17658
5 4073 4915 10207 17659
5 9483 4740 11334 17660
5 4843 10481 11179 17661
5 10481 4321 11179 17662
5 2343 8004 8005 17663
5 554 1649 10319 17664
5 8623 6899 10681 17665
5 8781 9131 9902 17666
5 9147 9146 11002 17667
5 9715 9215 9781 17668
5 7513 9653 10399 17669
5 7480 3741 10995 17670
5 23 1012 10942 17671
5 4228 10548 10877 17672
5 1084 1083 9877 17673
5 8784 8954 11024 17674
5 4265 5687 9922 17675
5 7873 7875 9925 17676
5 9413 7413 11115 17677
5 8079 9711 11122 17678
5 954 2473 10732 17679
5 7670 1435 9920 17680
5 8945 2996 11139 17681
5 8433 9428 10606 17682
5 4583 7575 11094 17683
5 209 1714 11113 17684
5 4860 10118 10823 17685
5 6726 9521 9522 17686
5 10427 9491 10809 17687
5 4466 4465 10355 17688
5 7309 7196 9931 17689
5 8492 9359 9892 17690
5 8435 8431 11096 17691
5 9312 5784 10415 17692
5 3922 5491 9933 17693
5 4276 6639 9934 17694
5 1307 1308 9930 17695
5 8015 6727 11198 17696
5 10717 5040 10950 17697
5 5462 9447 10980 17698
5 9447 4986 10980 17699
5 9284 11312 11346 17700
5 8455 9182 10988 17701
5 6212 9865 10051 17702
5 10107 9752 11096 17703
5 0 1176 10968 17704
5 8334 5112 10002 17705
5 4290 3593 4291 17706
5 7340 10069 10875 17707
5 10069 5315 10875 17708
5 8943 9490 11100 17709
5 9934 7992 10097 17710
5 9392 9390 10775 17711
5 7138 7140 9936 17712
5 4266 3397 10787 17713
5 4682 9601 10267 17714
5 9637 6378 10585 17715
5 8486 8979 9935 17716
5 9161 8015 11198 17717
5 1159 18 10964 17718
5 2397 2395 9942 17719
5 8651 8650 10049 17720
5 5981 3262 10453 17721
5 3835 3508 10028 17722
5 10745 4659 10944 17723
5 8127 10745 10944 17724
5 10497 4605 11104 17725
5 2017 1672 9943 17726
5 7717 7702 11158 17727
5 10142 5103 10143 17728
5 6792 6791 10459 17729
5 9495 8331 9927 17730
5 4859 4857 10433 17731
5 4280 9041 9921 17732
5 5443 7281 9946 17733
5 10822 4530 11048 17734
5 3262 6955 10453 17735
5 8948 8509 9928 17736
5 7996 2956 9950 17737
5 4554 8896 10599 17738
5 6301 6446 9950 17739
5 6791 3752 10459 17740
5 4247 4992 9940 17741
5 9274 3526 10365 17742
5 8306 10048 11035 17743
5 9825 8961 10898 17744
5 9763 5856 11028 17745
5 7133 7132 9952 17746
5 4783 4785 9954 17747
5 5016 1336 9895 17748
5 7140 7139 9957 17749
5 3411 2034 4562 17750
5 4856 4855 9799 17751
5 1066 0 10968 17752
5 9536 6135 11188 17753
5 8349 9536 11188 17754
5 5002 4806 9958 17755
5 9402 8756 9941 17756
5 9143 7421 10734 17757
5 9291 9290 11101 17758
5 8049 8051 9961 17759
5 10142 10143 10506 17760
5 3741 7480 10530 17761
5 9493 555 10319 17762
5 9398 3215 9962 17763
5 5683 10377 10379 17764
5 5 161 10977 17765
5 7455 7456 9963 17766
5 3436 23 10942 17767
5 9883 4803 11119 17768
5 9884 4755 11120 17769
5 4798 4802 9965 17770
5 8291 9637 10585 17771
5 4293 10289 10291 17772
5 7933 7934 9966 17773
5 8276 9298 11186 17774
5 7494 7495 9989 17775
5 7592 7591 9970 17776
5 9451 10964 11356 17777
5 8855 7916 9951 17778
5 10634 6137 10772 17779
5 6958 9172 9438 17780
5 11163 4888 11164 17781
5 5426 8906 9968 17782
5 3049 3171 5562 17783
5 9443 8309 11033 17784
5 9129 9499 10900 17785
5 4247 4246 10803 17786
5 9598 3029 10788 17787
5 10929 5716 11182 17788
5 1245 1469 9964 17789
5 4251 4253 4660 17790
5 9009 9008 9974 17791
5 4585 10653 11361 17792
5 8255 9751 11336 17793
5 1456 9795 10811 17794
5 9650 9651 9932 17795
5 4333 6314 9975 17796
5 4810 4812 9977 17797
5 5050 10187 10189 17798
5 5364 4245 9940 17799
5 6795 9629 11078 17800
5 1085 1 10996 17801
5 561 15 10971 17802
5 9624 4645 10721 17803
5 5131 5130 10309 17804
5 9542 8626 11278 17805
5 1517 9267 9956 17806
5 10585 6378 10989 17807
5 5591 5592 9980 17808
5 162 5 10977 17809
5 4746 9619 9860 17810
5 912 911 9973 17811
5 4570 10171 10172 17812
5 8683 9849 10972 17813
5 9585 9338 9869 17814
5 6205 6203 10565 17815
5 9617 4822 10814 17816
5 1233 1234 9978 17817
5 9173 9175 9981 17818
5 3072 7986 10603 17819
5 9674 5433 9988 17820
5 15 560 10971 17821
5 4972 4557 11081 17822
5 18 4323 10964 17823
5 11098 4067 11324 17824
5 9631 9108 9877 17825
5 9630 11107 11323 17826
5 5070 5080 11311 17827
5 4450 5144 5203 17828
5 4630 9633 10298 17829
5 4285 9915 10083 17830
5 5065 11233 11284 17831
5 7805 7807 9999 17832
5 9896 1249 10078 17833
5 5481 5479 10009 17834
5 5102 10147 10735 17835
5 9499 6898 10900 17836
5 6689 4913 11057 17837
5 10025 8726 10026 17838
5 5829 10025 10026 17839
5 4259 4260 4916 17840
5 6547 6073 10005 17841
5 4190 9654 11263 17842
5 4684 9281 10805 17843
5 8811 10981 11353 17844
5 9296 9130 10961 17845
5 5522 9656 10695 17846
5 9656 4600 10695 17847
5 9507 8718 11006 17848
5 7577 7580 10007 17849
5 8469 9424 10311 17850
5 8672 9821 10132 17851
5 4568 11132 11241 17852
5 2363 8512 10615 17853
5 1 1084 10996 17854
5 3831 3802 10162 17855
5 8254 9761 11250 17856
5 9821 9124 10132 17857
5 4476 4497 11301 17858
5 8634 8632 10012 17859
5 4280 4187 10219 17860
5 10221 5031 10403 17861
5 4602 10497 10871 17862
5 4913 4912 9924 17863
5 9188 9616 10544 17864
5 9616 6134 10544 17865
5 9016 9014 10016 17866
5 5290 5291 10037 17867
5 7887 7957 10011 17868
5 7837 8860 9994 17869
5 5295 3408 10986 17870
5 8973 4666 8974 17871
5 8431 8432 10107 17872
5 8676 1409 10926 17873
5 7954 7772 10010 17874
5 1211 1212 10017 17875
5 8581 8580 10019 17876
5 8612 10278 11214 17877
5 4628 9325 10266 17878
5 1522 1194 10623 17879
5 10599 8896 10784 17880
5 9950 2956 10109 17881
5 3823 9055 10210 17882
5 3994 3995 10282 17883
5 4276 9934 10097 17884
5 8650 8653 10049 17885
5 8723 8726 10025 17886
5 6285 6289 10017 17887
5 3939 4334 10029 17888
5 4253 4252 10500 17889
5 10124 4950 10414 17890
5 5716 9607 11182 17891
5 9607 9222 11182 17892
5 9619 9620 9982 17893
5 9340 9342 10031 17894
5 7432 7428 10032 17895
5 3808 10031 11063 17896
5 7620 10316 11333 17897
5 9054 4871 10783 17898
5 972 21 11025 17899
5 3285 3821 10443 17900
5 10548 4226 10827 17901
5 9028 9672 11053 17902
5 9624 4278 11103 17903
5 10081 10082 11363 17904
5 10082 4979 11363 17905
5 9355 5480 10312 17906
5 5654 10243 10665 17907
5 1324 1325 10529 17908
5 4669 9624 11103 17909
5 10362 7128 11249 17910
5 5599 5596 10038 17911
5 5286 4881 10039 17912
5 10720 3449 11273 17913
5 8983 8573 10034 17914
5 9540 8908 10881 17915
5 6301 9950 10109 17916
5 4879 8903 10668 17917
5 8635 9553 10283 17918
5 7441 1703 10495 17919
5 6612 3750 10229 17920
5 5090 5089 10491 17921
5 10075 5715 10076 17922
5 4473 4296 4911 17923
5 10247 9127 10248 17924
5 7404 4633 10281 17925
5 4072 4075 9786 17926
5 3830 3569 10694 17927
5 2483 3052 10060 17928
5 8981 8526 10040 17929
5 6838 6837 10046 17930
5 4421 10866 11362 17931
5 10603 7986 10767 17932
5 3242 3245 10047 17933
5 5125 10286 11228 17934
5 5624 5626 10731 17935
5 8306 8303 10048 17936
5 3724 3723 9991 17937
5 2363 1172 10843 17938
5 1171 9327 10843 17939
5 4224 9410 9822 17940
5 4220 4222 10514 17941
5 4872 5295 10986 17942
5 1583 1581 10335 17943
5 4452 5690 10050 17944
5 1457 9756 11180 17945
5 4027 9953 10340 17946
5 6210 6212 10051 17947
5 9281 1075 10805 17948
5 6604 10182 10184 17949
5 9434 7461 9976 17950
5 5310 10199 10837 17951
5 10199 5311 10837 17952
5 10068 7440 10746 17953
5 3447 4921 5221 17954
5 4577 9826 9828 17955
5 5285 9825 10898 17956
5 10419 3768 11215 17957
5 8513 10843 11264 17958
5 4604 5232 10100 17959
5 9751 1744 11336 17960
5 9711 5095 11122 17961
5 9768 4900 10272 17962
5 4733 4731 10628 17963
5 7992 2953 10097 17964
5 8133 9798 9838 17965
5 8744 8739 10510 17966
5 4956 4958 10756 17967
5 2388 2390 10056 17968
5 4621 5999 10138 17969
5 8540 8977 10042 17970
5 9497 4872 10783 17971
5 1074 1560 10805 17972
5 4644 4669 10060 17973
5 1106 1488 10061 17974
5 7437 7436 10068 17975
5 9881 8068 10208 17976
5 8696 9725 10685 17977
5 9725 6060 10685 17978
5 10483 4639 11252 17979
5 7133 9953 11255 17980
5 10560 3772 11210 17981
5 9953 4865 11255 17982
5 8996 9716 10347 17983
5 9017 9493 10319 17984
5 9172 6958 10137 17985
5 5197 10044 10167 17986
5 9180 10276 11225 17987
5 9264 10701 11340 17988
5 9849 4647 10972 17989
5 1692 9733 10353 17990
5 3824 9373 10933 17991
5 9082 5192 10052 17992
5 9761 1405 11250 17993
5 9357 8941 10057 17994
5 1703 499 10495 17995
5 5097 8079 11122 17996
5 8118 8119 10391 17997
5 8196 8197 10389 17998
5 10521 4457 10872 17999
5 7912 2931 11097 18000
5 4713 9483 11334 18001
5 11157 8614 11214 18002
5 1249 1250 10078 18003
5 4871 9497 10783 18004
5 5011 4733 10628 18005
5 9978 1234 10153 18006
5 10580 5049 10622 18007
5 9153 10580 10622 18008
5 4439 4285 10083 18009
5 3789 5156 10479 18010
5 4011 6652 10485 18011
5 9451 2348 10964 18012
5 6775 2494 10086 18013
5 9747 9741 10336 18014
5 5132 5131 10788 18015
5 5795 3930 10635 18016
5 4721 4722 10090 18017
5 5125 9758 10285 18018
5 9820 4554 10599 18019
5 5044 9798 10442 18020
5 9798 9099 10442 18021
5 8405 6014 10965 18022
5 4641 10845 11046 18023
5 2182 3478 3800 18024
5 8900 7725 10077 18025
5 6206 9729 10203 18026
5 10094 4753 11112 18027
5 8197 4910 10812 18028
5 8392 3485 9613 18029
5 4329 9890 10375 18030
5 7551 9650 9932 18031
5 4338 3449 5181 18032
5 21 4345 11025 18033
5 6705 4276 10097 18034
5 3950 10321 11329 18035
5 7960 7836 10089 18036
5 10087 9561 10088 18037
5 5476 5477 10098 18038
5 2976 5742 10752 18039
5 10286 7838 11073 18040
5 5412 7331 10102 18041
5 5232 4833 10100 18042
5 10420 8148 10421 18043
5 4323 5313 11356 18044
5 8486 9935 10350 18045
5 4248 4247 10803 18046
5 5432 9674 9675 18047
5 10383 4986 10384 18048
5 8976 8346 10101 18049
5 4075 5015 11258 18050
5 5081 4577 10514 18051
5 2949 1301 11075 18052
5 6300 6301 10109 18053
5 3393 10122 10325 18054
5 4952 9086 10121 18055
5 10097 2953 10246 18056
5 9560 9561 10087 18057
5 9217 9714 10631 18058
5 503 1456 10106 18059
5 3750 5945 10018 18060
5 5163 5164 10111 18061
5 5776 5774 5779 18062
5 8492 9892 9893 18063
5 4861 2288 11152 18064
5 4227 9437 10923 18065
5 6727 9971 10518 18066
5 9891 8031 10114 18067
5 5138 9540 10881 18068
5 7817 9820 10599 18069
5 5848 1692 10353 18070
5 9958 4836 10903 18071
5 5773 5771 5774 18072
5 2956 7995 10109 18073
5 7053 4864 11040 18074
5 10398 5682 10883 18075
5 9646 9645 10907 18076
5 9633 4628 10265 18077
5 4298 5317 10134 18078
5 9692 8060 10733 18079
5 7657 7658 10118 18080
5 4931 11003 11295 18081
5 2033 1579 2034 18082
5 4339 8514 10297 18083
5 4255 4257 4999 18084
5 10421 5105 10422 18085
5 6479 3768 10408 18086
5 10572 7449 11192 18087
5 9348 1739 10085 18088
5 5210 537 10860 18089
5 185 5213 10859 18090
5 8229 8226 10128 18091
5 7911 9172 10137 18092
5 8472 10794 10795 18093
5 5135 5134 11114 18094
5 9730 8276 11186 18095
5 4344 10959 11285 18096
5 2528 981 10621 18097
5 10366 3691 10367 18098
5 1700 505 10129 18099
5 4543 4542 4544 18100
5 10424 8445 10425 18101
5 9684 5052 10624 18102
5 10300 9680 10722 18103
5 7332 6953 10141 18104
5 9124 9125 10132 18105
5 7986 1504 10767 18106
5 8096 8097 10142 18107
5 10166 5199 11298 18108
5 9441 1997 10242 18109
5 8652 1417 11106 18110
5 10279 4471 11286 18111
5 5019 4166 10976 18112
5 4525 10438 10612 18113
5 3263 3732 10455 18114
5 4665 10185 10393 18115
5 8144 8143 10148 18116
5 9891 5106 10725 18117
5 10444 4620 10445 18118
5 9256 9250 10621 18119
5 5043 5204 11308 18120
5 3488 3490 10130 18121
5 10451 6957 10452 18122
5 6377 8393 9611 18123
5 3794 3793 10765 18124
5 9782 9781 10999 18125
5 4670 7548 11326 18126
5 9810 8463 10185 18127
5 9952 7132 10450 18128
5 1204 1205 10149 18129
5 6128 6136 11059 18130
5 4439 10083 10240 18131
5 1234 1235 10153 18132
5 8093 8092 10177 18133
5 8576 9388 11186 18134
5 4245 4247 9940 18135
5 5099 5098 10741 18136
5 5136 5135 11114 18137
5 9440 4480 10761 18138
5 5178 11088 11091 18139
5 9882 8264 10646 18140
5 4228 10546 10547 18141
5 4996 4994 10320 18142
5 9850 9352 10769 18143
5 4658 9850 10769 18144
5 4619 10461 10462 18145
5 4465 4947 10355 18146
5 4254 10613 11316 18147
5 8265 1405 11267 18148
5 9564 9565 10112 18149
5 4445 9722 10261 18150
5 3494 10466 10872 18151
5 8068 8070 10208 18152
5 4546 5142 10423 18153
5 5839 4592 10322 18154
5 6705 10097 10246 18155
5 9660 3494 10872 18156
5 6516 10607 11069 18157
5 9293 9128 10124 18158
5 7414 9805 11343 18159
5 6955 3263 10455 18160
5 9425 4578 10311 18161
5 7651 7649 10180 18162
5 9769 7052 10507 18163
5 9644 9051 10986 18164
5 5740 5739 10232 18165
5 9795 501 11168 18166
5 8857 8858 10181 18167
5 10914 9601 11072 18168
5 1078 1077 10418 18169
5 5034 5032 10790 18170
5 9561 10244 10245 18171
5 10799 4246 10824 18172
5 3988 4275 11360 18173
5 10130 3490 10191 18174
5 9445 9444 10169 18175
5 7836 7835 10285 18176
5 9675 4620 10632 18177
5 4873 10524 10536 18178
5 9113 4260 9116 18179
5 10767 1504 10934 18180
5 9620 4336 9982 18181
5 1580 1582 1629 18182
5 5116 9868 10002 18183
5 5424 10445 11313 18184
5 10119 4037 10120 18185
5 8500 8967 10165 18186
5 6133 10503 10504 18187
5 2419 2417 10200 18188
5 4806 4807 10867 18189
5 5626 5629 10731 18190
5 10109 7995 10277 18191
5 3782 4518 10211 18192
5 2393 2391 10204 18193
5 9072 9067 10116 18194
5 10046 1389 10726 18195
5 7609 10711 11130 18196
5 6300 10109 10277 18197
5 8581 9932 10919 18198
5 4473 4474 11248 18199
5 1221 1222 10203 18200
5 5191 4594 9985 18201
5 3573 3795 9912 18202
5 5227 5226 10211 18203
5 9038 9045 10125 18204
5 3502 4273 10251 18205
5 5203 5144 10649 18206
5 5876 3799 11098 18207
5 9972 3820 10499 18208
5 10835 4289 10909 18209
5 8533 9595 10212 18210
5 9149 3529 9315 18211
5 4491 9961 10205 18212
5 1173 2363 10615 18213
5 10908 10909 11187 18214
5 5143 10322 10696 18215
5 4771 4774 10588 18216
5 9098 8161 10187 18217
5 8896 4691 10784 18218
5 5150 9951 10308 18219
5 7440 7442 10746 18220
5 5676 3291 10947 18221
5 4247 4245 10862 18222
5 1279 1280 10216 18223
5 499 498 10495 18224
5 8025 8024 10221 18225
5 2953 7988 10246 18226
5 5718 10140 10468 18227
5 8409 9935 11231 18228
5 9394 9395 11005 18229
5 9795 7438 10811 18230
5 4989 7598 10831 18231
5 5176 10409 10410 18232
5 8470 10311 11194 18233
5 7858 7859 10226 18234
5 5620 5601 10279 18235
5 4381 10286 11074 18236
5 4207 7368 10993 18237
5 10036 5030 10403 18238
5 8978 9193 10197 18239
5 8651 6514 10412 18240
5 4596 4687 9985 18241
5 9759 9349 11055 18242
5 10113 8513 11264 18243
5 9812 4476 11301 18244
5 8602 9285 10192 18245
5 9775 5006 9776 18246
5 9685 3729 10339 18247
5 5256 9734 10362 18248
5 3731 3155 10234 18249
5 10227 10226 10691 18250
5 10612 10438 11130 18251
5 6503 3285 10443 18252
5 6136 6128 10545 18253
5 1485 5654 10665 18254
5 5229 9759 11055 18255
5 7128 3809 11249 18256
5 10848 4250 10849 18257
5 9838 9798 10363 18258
5 8228 8229 10238 18259
5 9905 4919 9906 18260
5 9254 3773 11238 18261
5 4441 4439 10240 18262
5 9070 9538 10255 18263
5 4189 4166 10280 18264
5 8308 8309 10242 18265
5 7213 4421 11362 18266
5 4019 4018 10441 18267
5 9773 3797 11252 18268
5 5051 5795 10635 18269
5 5648 4867 10243 18270
5 10607 11068 11069 18271
5 4294 4293 11008 18272
5 4344 3886 5024 18273
5 5255 2185 5257 18274
5 3227 5974 10320 18275
5 4306 6705 10246 18276
5 4327 4325 10252 18277
5 7525 8909 11099 18278
5 8613 9431 10278 18279
5 4347 8929 10314 18280
5 10701 4655 11340 18281
5 4249 4248 10782 18282
5 11270 8966 11271 18283
5 10273 9782 10999 18284
5 8392 9613 11015 18285
5 4349 10335 10927 18286
5 9395 9396 10729 18287
5 4557 4546 10423 18288
5 8779 9127 10247 18289
5 9366 3810 10911 18290
5 8332 1567 10232 18291
5 6302 6300 10277 18292
5 1661 2182 2183 18293
5 10261 8990 10901 18294
5 4528 5168 10526 18295
5 7526 10826 11087 18296
5 7866 7870 10267 18297
5 8104 10055 10154 18298
5 2522 5795 10698 18299
5 10058 5175 10410 18300
5 10552 4499 11136 18301
5 8516 1174 10615 18302
5 3809 9108 11249 18303
5 2954 7994 10889 18304
5 6956 10452 10455 18305
5 3528 3696 10435 18306
5 5098 5094 10741 18307
5 5030 5029 5032 18308
5 7392 8837 10253 18309
5 9680 8113 10722 18310
5 10281 7400 10528 18311
5 10041 6795 11078 18312
5 9898 7599 11148 18313
5 9766 9898 11148 18314
5 10144 5101 10422 18315
5 9165 9164 9823 18316
5 10305 1725 11208 18317
5 10246 7988 10430 18318
5 6513 8651 10412 18319
5 5101 10420 10421 18320
5 2243 5388 9895 18321
5 3704 4459 11157 18322
5 4457 9660 10872 18323
5 7049 7046 10655 18324
5 6958 6956 10455 18325
5 5073 5074 10307 18326
5 9180 8132 10275 18327
5 9561 8658 10244 18328
5 9291 4680 10994 18329
5 8096 10142 10506 18330
5 3204 10005 10714 18331
5 8802 8801 10288 18332
5 8514 8510 10297 18333
5 6006 10003 10004 18334
5 7870 4682 10267 18335
5 7995 1522 10277 18336
5 6085 6084 10305 18337
5 10302 5031 11032 18338
5 4773 4769 10306 18339
5 10316 4624 11333 18340
5 4250 4249 10782 18341
5 1309 1310 10296 18342
5 9553 9555 10283 18343
5 3960 3962 10579 18344
5 7431 5763 10561 18345
5 9283 9551 11346 18346
5 4992 4249 10170 18347
5 4352 4351 10317 18348
5 7619 7624 10316 18349
5 3483 3486 10619 18350
5 10451 10452 10456 18351
5 4265 9922 11201 18352
5 3525 3524 10152 18353
5 4657 9691 10093 18354
5 8814 8815 10318 18355
5 1504 7993 10934 18356
5 4251 4660 10170 18357
5 9860 9619 9982 18358
5 7367 10554 10993 18359
5 10030 10029 10850 18360
5 8795 4695 10601 18361
5 982 2528 10693 18362
5 9733 5847 10353 18363
5 6604 3695 10182 18364
5 3786 3787 11022 18365
5 8462 9186 10270 18366
5 8855 9951 10865 18367
5 8065 4524 10954 18368
5 5838 5839 10322 18369
5 4529 10001 10475 18370
5 1077 2027 10418 18371
5 8312 955 10732 18372
5 4761 4762 10323 18373
5 1512 1324 10529 18374
5 4997 4995 10761 18375
5 10029 4334 10850 18376
5 9756 7443 11180 18377
5 4930 10683 11224 18378
5 6581 3573 9912 18379
5 7369 4514 10334 18380
5 4352 10317 10370 18381
5 6985 4357 10337 18382
5 10912 5029 11338 18383
5 3444 7224 10654 18384
5 10876 9778 11275 18385
5 3763 10150 10508 18386
5 8936 3739 10530 18387
5 9951 7916 11187 18388
5 5151 9951 11187 18389
5 9741 4869 10336 18390
5 4441 10240 10434 18391
5 9596 10290 11127 18392
5 6398 6396 10344 18393
5 3700 3702 10015 18394
5 7056 10787 11283 18395
5 8028 8027 10342 18396
5 8995 8996 10347 18397
5 8313 9381 10262 18398
5 1691 9769 10507 18399
5 9256 1677 10839 18400
5 9248 9256 10839 18401
5 4306 10246 10430 18402
5 8199 8196 10389 18403
5 5904 2537 10351 18404
5 4461 6248 10352 18405
5 4879 10668 10669 18406
5 10708 4987 11330 18407
5 4774 9945 10589 18408
5 7800 7799 10354 18409
5 8647 10706 11050 18410
5 6287 3441 10751 18411
5 9869 9343 10380 18412
5 3793 9903 10763 18413
5 4564 4322 10356 18414
5 2994 8486 10350 18415
5 5037 5034 10790 18416
5 1274 1505 10345 18417
5 4327 10252 10460 18418
5 813 812 10346 18419
5 10257 11061 11062 18420
5 4750 4752 10359 18421
5 10541 10113 11264 18422
5 7514 8920 10326 18423
5 8381 10315 10951 18424
5 10473 8389 11015 18425
5 4912 4603 9924 18426
5 4227 10033 11036 18427
5 9797 4479 10339 18428
5 5724 5726 10364 18429
5 9183 8494 10315 18430
5 4873 8799 11312 18431
5 9752 5740 11096 18432
5 5083 210 11113 18433
5 9656 5520 10156 18434
5 4354 4352 10370 18435
5 7633 7637 11107 18436
5 9734 5266 10362 18437
5 6725 6722 6728 18438
5 10934 7993 11093 18439
5 5027 5026 5029 18440
5 168 167 10312 18441
5 4331 4329 10375 18442
5 5637 11174 11175 18443
5 5118 5117 10386 18444
5 9093 4448 10667 18445
5 7350 5275 7351 18446
5 4958 4960 10935 18447
5 8673 8672 11007 18448
5 10154 10055 10155 18449
5 3695 6366 9900 18450
5 6476 4488 11071 18451
5 10657 1726 11077 18452
5 10581 5227 10930 18453
5 5273 10787 10915 18454
5 9833 4342 10810 18455
5 9517 5459 10383 18456
5 8297 8294 10388 18457
5 9526 6726 10703 18458
5 3829 3764 10576 18459
5 8 2535 10361 18460
5 2536 10 10360 18461
5 8982 8983 10376 18462
5 8802 10288 10289 18463
5 10288 5147 10289 18464
5 4905 4906 10295 18465
5 8158 9564 10112 18466
5 10385 9447 11109 18467
5 10841 4917 11170 18468
5 555 554 10319 18469
5 4255 4999 10220 18470
5 5776 5775 10641 18471
5 9762 9489 11207 18472
5 7067 9762 11207 18473
5 9766 7603 9898 18474
5 9249 9248 10839 18475
5 5469 7126 10396 18476
5 9837 6476 11071 18477
5 4082 4000 10776 18478
5 4660 4253 10220 18479
5 9710 9329 10241 18480
5 4765 5014 5300 18481
5 5088 5091 11023 18482
5 10780 4583 10781 18483
5 4632 9115 9413 18484
5 3414 3833 11166 18485
5 9482 9479 10225 18486
5 6203 6206 10565 18487
5 1223 1389 10390 18488
5 9873 4478 10054 18489
5 9969 8906 10254 18490
5 7086 8418 10053 18491
5 8908 1528 10381 18492
5 6738 2471 10400 18493
5 4449 4356 10401 18494
5 10742 4583 10779 18495
5 9967 7934 10256 18496
5 2528 9592 10693 18497
5 7575 8842 11094 18498
5 7331 9990 10404 18499
5 6480 10408 10419 18500
5 7988 1508 10430 18501
5 6398 10439 10793 18502
5 6618 10740 11242 18503
5 7867 7868 10405 18504
5 10296 1310 10493 18505
5 8137 9154 10382 18506
5 4033 4035 10652 18507
5 10018 5945 10133 18508
5 5173 5176 10410 18509
5 5697 4451 10413 18510
5 9300 9299 10398 18511
5 4594 4317 4596 18512
5 9892 9359 11031 18513
5 4686 9892 11031 18514
5 4832 4830 10762 18515
5 4014 10393 10394 18516
5 9656 10156 10157 18517
5 5067 9855 10940 18518
5 9266 4655 10560 18519
5 8562 8560 10417 18520
5 3761 3760 11229 18521
5 1174 1173 10615 18522
5 4970 3996 10528 18523
5 4216 4218 10174 18524
5 4257 4258 11344 18525
5 9212 9209 10073 18526
5 4234 4019 10441 18527
5 4604 4816 10537 18528
5 7464 10409 10440 18529
5 8861 7940 10416 18530
5 5413 1041 10627 18531
5 4497 5137 11149 18532
5 10286 4381 11228 18533
5 4339 10265 10720 18534
5 5387 10258 10264 18535
5 8137 10382 10465 18536
5 10382 9580 10465 18537
5 8913 7513 10399 18538
5 4000 9577 10661 18539
5 8443 8445 10424 18540
5 5219 9710 10241 18541
5 7096 4306 10430 18542
5 5513 5508 10431 18543
5 10090 4722 10091 18544
5 3822 3187 10433 18545
5 10335 4870 10927 18546
5 4500 4441 10434 18547
5 4854 3452 11237 18548
5 4210 4211 11110 18549
5 11305 8261 11306 18550
5 7607 7609 10438 18551
5 4966 9103 11039 18552
5 8817 8818 9648 18553
5 4211 4212 11110 18554
5 3068 9942 10735 18555
5 5049 9702 11043 18556
5 8311 8312 10732 18557
5 7463 7464 10440 18558
5 4483 10217 10348 18559
5 5424 7277 10444 18560
5 4067 11136 11324 18561
5 3390 3808 11082 18562
5 10497 4832 10762 18563
5 9538 9537 11118 18564
5 4695 8883 10601 18565
5 8063 8064 10457 18566
5 5033 9702 10580 18567
5 7132 7189 10450 18568
5 7825 7824 10451 18569
5 10243 4867 10665 18570
5 4614 10797 10798 18571
5 6130 6129 11056 18572
5 3496 3498 11151 18573
5 9928 9929 11183 18574
5 9592 9366 10693 18575
5 9667 9782 10273 18576
5 6954 6688 11080 18577
5 9600 7866 10267 18578
5 1196 1726 10439 18579
5 5177 9501 9502 18580
5 4453 4327 10460 18581
5 5038 9354 11184 18582
5 1194 1195 10623 18583
5 5422 5423 10461 18584
5 9158 10302 11032 18585
5 7521 9578 10463 18586
5 9892 4686 10513 18587
5 4279 10029 10030 18588
5 4692 5083 10464 18589
5 7464 9167 10409 18590
5 1714 10464 11113 18591
5 8135 8137 10465 18592
5 4685 9596 11127 18593
5 10430 1508 10590 18594
5 4631 9805 10856 18595
5 4321 10480 10953 18596
5 4295 4296 11328 18597
5 1155 1154 10476 18598
5 6792 7638 10570 18599
5 9329 9796 10802 18600
5 9268 9782 10942 18601
5 10282 4631 10856 18602
5 7658 10800 10824 18603
5 7420 7417 10478 18604
5 4190 4189 10280 18605
5 10172 4252 11212 18606
5 4572 10846 10847 18607
5 9099 8165 10442 18608
5 10376 8983 10377 18609
5 5683 10376 10377 18610
5 5290 10037 10611 18611
5 5239 5237 5255 18612
5 9776 3762 10294 18613
5 9707 4859 10858 18614
5 4450 3390 11082 18615
5 2484 3431 10483 18616
5 7554 7556 10484 18617
5 10498 10499 10819 18618
5 8262 8265 11267 18619
5 10048 5284 11035 18620
5 9613 5681 11015 18621
5 4578 9425 9426 18622
5 9020 9005 10486 18623
5 9245 9247 10487 18624
5 9474 9473 10179 18625
5 8318 8319 10488 18626
5 9986 5759 9987 18627
5 10190 5025 10447 18628
5 7051 7054 10507 18629
5 7126 5475 10492 18630
5 4875 10535 10536 18631
5 9439 5628 11155 18632
5 7993 3102 11093 18633
5 5100 5101 11319 18634
5 9042 9040 10470 18635
5 10677 7782 11215 18636
5 9192 9191 10482 18637
5 10475 3954 10828 18638
5 10650 5082 10809 18639
5 1961 9883 11119 18640
5 1984 9884 11120 18641
5 5831 11222 11223 18642
5 7443 7441 10495 18643
5 9758 7836 10285 18644
5 4842 4843 11179 18645
5 1310 1311 10493 18646
5 10700 10659 10786 18647
5 9923 4913 9924 18648
5 7054 7053 10922 18649
5 9987 9597 10561 18650
5 5106 9891 10114 18651
5 8098 8096 10506 18652
5 2525 9689 10515 18653
5 9213 9216 10602 18654
5 1039 1038 10509 18655
5 9646 5065 11284 18656
5 7404 10282 10856 18657
5 11189 5058 11192 18658
5 8135 10465 10574 18659
5 10278 4458 11214 18660
5 10001 3954 10475 18661
5 4739 8819 10498 18662
5 9228 9230 10075 18663
5 7096 10430 10590 18664
5 9565 8019 10517 18665
5 5795 5051 10698 18666
5 3486 3488 10690 18667
5 2539 3206 10516 18668
5 9523 6726 9524 18669
5 8736 8738 10521 18670
5 9209 9207 10072 18671
5 2309 5203 10649 18672
5 6230 9681 10313 18673
5 5539 8004 10522 18674
5 4500 10434 10603 18675
5 3732 3733 10218 18676
5 4260 4259 11344 18677
5 10442 8167 10950 18678
5 10900 6898 11197 18679
5 10194 6897 10195 18680
5 7268 5574 10527 18681
5 1677 9482 10225 18682
5 10123 4445 10901 18683
5 6061 6059 10027 18684
5 4751 5021 7374 18685
5 10781 8843 10849 18686
5 5760 10068 10746 18687
5 9064 2294 10733 18688
5 3765 5858 10706 18689
5 5653 5651 10529 18690
5 9616 8497 10772 18691
5 11294 9844 11303 18692
5 5096 11294 11303 18693
5 953 952 10502 18694
5 1236 1237 10532 18695
5 4813 4815 10537 18696
5 4965 4962 10449 18697
5 5830 10608 10609 18698
5 10608 6516 10609 18699
5 9011 9020 10538 18700
5 10167 8968 11236 18701
5 1206 1207 10534 18702
5 5904 10351 10790 18703
5 7627 7626 10539 18704
5 4453 10460 10633 18705
5 10139 4275 11176 18706
5 8094 6882 10269 18707
5 1666 5016 10355 18708
5 8283 9882 10646 18709
5 10744 4343 10745 18710
5 10130 4959 10331 18711
5 3698 9724 10271 18712
5 5639 1392 10550 18713
5 4295 10982 10983 18714
5 8790 9134 10551 18715
5 11088 11089 11091 18716
5 10317 4351 10889 18717
5 4665 9810 10185 18718
5 11164 8793 11245 18719
5 10004 8211 10131 18720
5 1437 1556 1557 18721
5 4251 4250 10863 18722
5 10620 9266 11210 18723
5 9275 8283 10503 18724
5 7913 7912 11097 18725
5 3395 3826 5274 18726
5 6482 6479 10408 18727
5 7429 7431 10561 18728
5 9531 4263 9532 18729
5 10124 9128 11239 18730
5 10297 4630 10298 18731
5 4730 11153 11154 18732
5 6378 9695 10989 18733
5 6581 10842 11227 18734
5 8899 8798 10535 18735
5 8064 9550 10457 18736
5 6134 9616 10545 18737
5 10706 5860 11050 18738
5 3184 9707 10858 18739
5 9695 6376 10989 18740
5 4576 10511 10512 18741
5 4921 4919 10616 18742
5 983 982 10693 18743
5 10389 8676 10926 18744
5 1518 6491 11242 18745
5 5647 9903 10243 18746
5 9903 5648 10243 18747
5 7822 7823 11320 18748
5 7448 7446 10572 18749
5 6945 6006 10004 18750
5 8136 8135 10574 18751
5 4212 9815 9889 18752
5 4488 9385 11071 18753
5 10958 4659 10959 18754
5 4083 9573 9574 18755
5 8807 6368 11359 18756
5 8806 8807 11359 18757
5 4907 5277 11185 18758
5 3770 9944 9945 18759
5 4202 10193 11147 18760
5 4772 5152 10918 18761
5 4588 10639 10640 18762
5 10639 4950 10640 18763
5 1508 7985 10590 18764
5 1041 1040 10627 18765
5 7296 5431 10632 18766
5 6899 10194 10682 18767
5 11043 5035 11213 18768
5 8289 8291 10585 18769
5 3485 8393 10198 18770
5 4772 4771 10588 18771
5 4190 11124 11219 18772
5 4446 7096 10590 18773
5 6014 8408 11004 18774
5 8514 4339 9929 18775
5 4784 5146 10749 18776
5 1178 1179 10581 18777
5 7715 4888 11162 18778
5 1322 1323 10586 18779
5 8011 9525 10596 18780
5 6688 6838 11080 18781
5 8775 10640 11239 18782
5 9897 10259 11292 18783
5 8804 9706 10571 18784
5 10964 4323 11356 18785
5 5056 1727 11345 18786
5 7563 8829 10575 18787
5 10183 6604 10184 18788
5 8653 8652 11106 18789
5 4614 10799 10800 18790
5 8438 2976 10752 18791
5 5696 9661 10467 18792
5 8518 8964 10562 18793
5 4486 5122 8873 18794
5 3476 3475 10196 18795
5 9227 9228 10076 18796
5 1281 1282 10593 18797
5 4719 8817 10045 18798
5 5061 9685 10339 18799
5 9584 7800 9997 18800
5 5082 10428 10809 18801
5 8351 9188 10544 18802
5 4502 4500 10603 18803
5 9207 9205 9214 18804
5 9394 11005 11078 18805
5 4463 10386 10938 18806
5 5411 5413 10627 18807
5 4999 4257 10402 18808
5 86 85 10595 18809
5 3729 9797 10339 18810
5 9408 5674 9822 18811
5 8512 8516 10615 18812
5 5742 5743 10752 18813
5 7816 7817 10599 18814
5 6528 1560 10816 18815
5 6584 3795 10006 18816
5 4301 10704 10705 18817
5 7646 8824 10597 18818
5 4883 3960 10579 18819
5 9247 9249 11030 18820
5 10071 4651 10072 18821
5 5715 3730 10231 18822
5 4814 4817 5008 18823
5 9343 9339 10117 18824
5 3441 6353 10751 18825
5 10235 4304 10702 18826
5 8816 4781 10096 18827
5 8819 5288 9972 18828
5 3833 5445 11165 18829
5 9354 5042 11184 18830
5 7487 7486 10626 18831
5 4548 4554 11142 18832
5 9547 11090 11092 18833
5 5299 5298 10757 18834
5 4731 4730 10628 18835
5 6738 10400 10969 18836
5 8246 8244 11254 18837
5 7305 7338 10629 18838
5 4031 5143 10696 18839
5 9366 983 10693 18840
5 10704 8681 10705 18841
5 10590 7985 10739 18842
5 9152 9153 10622 18843
5 7971 1464 10618 18844
5 4290 4291 11008 18845
5 10289 4293 10290 18846
5 4455 4453 10633 18847
5 5277 4235 11185 18848
5 4457 9658 9660 18849
5 1423 4975 10771 18850
5 1663 5277 11216 18851
5 6882 8094 10177 18852
5 7824 7822 10792 18853
5 6059 10686 10688 18854
5 4345 9863 11025 18855
5 8926 7790 10610 18856
5 11033 8307 11034 18857
5 3799 5877 11098 18858
5 3787 3789 10479 18859
5 4577 5081 10429 18860
5 3770 5022 10094 18861
5 4252 4251 10863 18862
5 8607 8608 10637 18863
5 7768 7769 10645 18864
5 3928 3929 10175 18865
5 3090 1210 10630 18866
5 2928 9843 11081 18867
5 3526 3799 10115 18868
5 9689 4899 10515 18869
5 5277 4907 11216 18870
5 10394 10185 11135 18871
5 3791 3761 11229 18872
5 8088 8086 10651 18873
5 205 204 10644 18874
5 11149 11027 11301 18875
5 8551 8552 10650 18876
5 1312 1313 10636 18877
5 10344 1522 10623 18878
5 3962 4263 10579 18879
5 9630 10041 10570 18880
5 4713 4712 10653 18881
5 6618 6597 10657 18882
5 3768 6604 10343 18883
5 4446 10590 10739 18884
5 9044 1641 10542 18885
5 5388 2243 9897 18886
5 4339 10297 10298 18887
5 9475 9474 10178 18888
5 5687 4476 11045 18889
5 9344 9747 10336 18890
5 5404 5403 10660 18891
5 3752 3751 10458 18892
5 10771 4964 10973 18893
5 4867 4885 10665 18894
5 4930 4495 10666 18895
5 8496 1474 10634 18896
5 7886 7885 10675 18897
5 1727 9753 10658 18898
5 3776 4629 10020 18899
5 9411 4224 10736 18900
5 4502 10603 10767 18901
5 8877 9179 10625 18902
5 6 4308 11327 18903
5 4311 13 11331 18904
5 8695 8696 10685 18905
5 5524 5522 10695 18906
5 1490 1558 1562 18907
5 8042 8044 10699 18908
5 4467 10466 11151 18909
5 4949 4641 10176 18910
5 4988 4271 10730 18911
5 5025 10299 10300 18912
5 4269 4270 10710 18913
5 10491 5088 11023 18914
5 5095 10491 11023 18915
5 8842 8843 11094 18916
5 9537 5696 10324 18917
5 6722 6725 10519 18918
5 9954 4785 10833 18919
5 9205 9204 10070 18920
5 8680 8681 10704 18921
5 1303 1467 10683 18922
5 9180 10275 10276 18923
5 10275 5047 10276 18924
5 7816 10599 10784 18925
5 1437 2309 4462 18926
5 8993 8995 10349 18927
5 7134 7133 11255 18928
5 5829 10026 10028 18929
5 6288 6286 10714 18930
5 8060 8063 10733 18931
5 6071 6382 10713 18932
5 4822 10813 10814 18933
5 10504 10503 10646 18934
5 1176 9774 10968 18935
5 5033 5032 5034 18936
5 4923 9904 9905 18937
5 8903 7717 10668 18938
5 9743 118 10902 18939
5 4732 10801 10854 18940
5 5144 4868 10199 18941
5 4645 6884 10721 18942
5 9947 9948 9949 18943
5 9948 4505 9949 18944
5 4455 10633 10817 18945
5 1036 9735 10897 18946
5 10956 9874 11353 18947
5 9428 8372 10606 18948
5 10785 11144 11315 18949
5 8030 9891 10724 18950
5 8370 8368 10728 18951
5 4558 5220 10294 18952
5 5680 5681 9613 18953
5 4380 4381 9996 18954
5 4823 4820 10760 18955
5 9753 5092 10658 18956
5 7515 10326 11111 18957
5 9919 9918 10303 18958
5 11128 4350 11129 18959
5 1224 1225 10726 18960
5 2938 7926 10718 18961
5 10438 7609 11130 18962
5 5302 5172 10970 18963
5 10536 10535 10674 18964
5 8518 10562 11003 18965
5 9925 7875 10228 18966
5 9339 9340 9341 18967
5 13 5207 11331 18968
5 9917 9723 10110 18969
5 4030 4031 10864 18970
5 7838 9994 11073 18971
5 2093 10030 10850 18972
5 3412 3414 9948 18973
5 5586 4446 10739 18974
5 8166 9155 10678 18975
5 1689 9861 11019 18976
5 3733 3735 10293 18977
5 9579 5048 11213 18978
5 10975 4585 11361 18979
5 7574 7572 10742 18980
5 8869 7831 10737 18981
5 8616 4459 10638 18982
5 8916 8915 11291 18983
5 8091 8951 10715 18984
5 10568 4886 11095 18985
5 11153 4484 11154 18986
5 7442 9989 10746 18987
5 7985 2949 10739 18988
5 9745 1343 10895 18989
5 10553 9960 10555 18990
5 5846 7134 10955 18991
5 950 9767 10925 18992
5 7315 7314 10747 18993
5 3775 5818 10295 18994
5 4785 4784 10749 18995
5 5769 9144 10734 18996
5 10453 6957 10454 18997
5 5983 10453 10454 18998
5 4785 10749 10750 18999
5 8408 8409 11231 19000
5 8883 4553 9804 19001
5 981 980 10621 19002
5 5045 5054 10698 19003
5 7907 7908 10754 19004
5 4929 4956 10756 19005
5 8210 8207 10759 19006
5 3806 9511 9512 19007
5 4017 4016 10044 19008
5 1199 1518 10740 19009
5 8665 8666 11217 19010
5 4471 10066 11286 19011
5 8799 9283 11312 19012
5 4579 4502 10767 19013
5 11174 5636 11175 19014
5 9164 3830 9166 19015
5 10015 11157 11214 19016
5 9705 5156 9706 19017
5 5755 5756 11230 19018
5 4785 10750 10833 19019
5 7658 7656 10770 19020
5 4029 4030 10864 19021
5 9516 10383 10384 19022
5 4945 5669 10773 19023
5 5551 5548 10774 19024
5 6444 6397 10793 19025
5 9019 9010 9021 19026
5 9008 9010 9019 19027
5 10598 4656 11210 19028
5 4597 4317 5302 19029
5 6376 3485 10198 19030
5 2884 3050 10778 19031
5 9051 9054 10783 19032
5 955 954 10732 19033
5 5718 5755 11230 19034
5 10086 2494 10402 19035
5 4967 4966 11039 19036
5 9033 9031 9854 19037
5 9352 8491 10769 19038
5 4259 4916 10086 19039
5 3045 5904 10790 19040
5 4960 4964 10935 19041
5 5773 5774 10641 19042
5 5220 9775 9776 19043
5 7526 7525 11099 19044
5 4264 4380 9996 19045
5 7573 7574 10797 19046
5 3661 3659 10480 19047
5 3948 3950 10663 19048
5 9241 9245 9253 19049
5 9244 9241 9253 19050
5 9204 9213 9910 19051
5 4605 10497 10762 19052
5 4587 8958 10990 19053
5 5312 5310 10837 19054
5 11033 11034 11036 19055
5 1714 7816 10784 19056
5 8380 8381 10679 19057
5 5239 5255 5257 19058
5 10055 8105 10624 19059
5 7405 7404 10856 19060
5 4527 4526 10815 19061
5 9234 9956 10600 19062
5 9779 9777 10802 19063
5 4487 6528 10816 19064
5 10556 6133 11059 19065
5 4508 4455 10817 19066
5 8838 7524 10777 19067
5 7637 9629 11323 19068
5 8901 10077 11049 19069
5 9013 10538 11348 19070
5 7791 7796 10822 19071
5 5192 9015 11131 19072
5 5763 7434 9986 19073
5 4536 4534 5282 19074
5 4018 4017 10044 19075
5 5628 5627 11155 19076
5 4860 10825 10826 19077
5 5515 5516 10832 19078
5 9406 5674 9407 19079
5 4235 9598 11185 19080
5 3954 3956 10828 19081
5 4522 9928 11183 19082
5 5146 4821 11116 19083
5 4249 4251 10170 19084
5 1226 1725 10807 19085
5 3776 10265 10266 19086
5 3930 3928 10501 19087
5 9107 8711 10818 19088
5 9918 8213 10303 19089
5 8808 9901 10228 19090
5 6016 9935 11200 19091
5 5035 5034 5037 19092
5 9599 5329 10692 19093
5 8426 9300 10808 19094
5 3488 10331 10690 19095
5 10187 8161 10188 19096
5 8770 1423 10771 19097
5 7532 7533 10846 19098
5 10492 5478 11358 19099
5 4334 5653 10850 19100
5 3659 4584 10975 19101
5 4529 10000 10001 19102
5 4579 10767 10934 19103
5 5694 10324 10467 19104
5 10356 4482 11251 19105
5 9388 9730 11186 19106
5 9931 5272 10887 19107
5 4834 5232 10855 19108
5 3776 3449 10720 19109
5 3181 3184 10858 19110
5 3223 3819 10611 19111
5 9031 9030 10151 19112
5 3045 10790 10912 19113
5 6378 9638 9695 19114
5 10470 10209 11195 19115
5 6516 3796 10607 19116
5 4808 4836 10867 19117
5 3809 1085 10996 19118
5 3696 4604 10435 19119
5 3029 8628 10788 19120
5 8271 8236 9792 19121
5 4478 9852 9853 19122
5 9852 9033 9853 19123
5 9477 9475 10160 19124
5 4474 4668 4877 19125
5 6119 3151 10866 19126
5 4849 10483 11252 19127
5 161 5660 10977 19128
5 3928 5149 10501 19129
5 7224 3405 10123 19130
5 11040 4864 11041 19131
5 4753 10359 11112 19132
5 2021 9837 11071 19133
5 9086 9087 11281 19134
5 9087 9071 11281 19135
5 9212 10074 10949 19136
5 10653 4712 11361 19137
5 5206 6 11327 19138
5 3759 6531 10257 19139
5 3559 3561 10577 19140
5 9951 5151 10308 19141
5 4768 4770 10868 19142
5 9525 6724 10596 19143
5 11271 4931 11272 19144
5 8818 10498 10819 19145
5 4781 4780 10869 19146
5 10127 5387 10264 19147
5 5387 5388 9897 19148
5 6723 6722 10703 19149
5 10718 7926 11044 19150
5 11245 4886 11246 19151
5 5437 7340 10874 19152
5 1409 8675 10926 19153
5 5677 10377 10378 19154
5 4679 10249 10250 19155
5 10498 8819 10499 19156
5 4351 5374 10889 19157
5 4905 4904 4906 19158
5 10250 9291 10994 19159
5 6230 10374 11204 19160
5 4853 4851 10893 19161
5 4933 10562 11144 19162
5 6480 7775 10408 19163
5 10084 4035 10332 19164
5 7556 9907 10484 19165
5 8818 4720 10917 19166
5 10562 8964 11144 19167
5 8843 7667 10878 19168
5 8725 9391 10789 19169
5 3816 1037 10897 19170
5 9907 4920 10484 19171
5 4508 10817 10991 19172
5 1560 9369 10816 19173
5 9324 9869 10380 19174
5 6957 10451 10792 19175
5 10451 7824 10792 19176
5 9214 10070 10071 19177
5 1065 5631 10895 19178
5 8787 7602 10992 19179
5 7457 9118 10838 19180
5 9090 8719 10844 19181
5 4918 7569 9908 19182
5 4196 3461 11244 19183
5 1208 1209 10892 19184
5 7932 8855 10865 19185
5 1301 1302 11075 19186
5 8664 9583 11276 19187
5 4202 3714 11084 19188
5 592 9780 10894 19189
5 3498 3500 11226 19190
5 9390 8697 10775 19191
5 5100 5102 10735 19192
5 8527 1358 10857 19193
5 9615 9722 9723 19194
5 8040 8039 10904 19195
5 5782 3773 10372 19196
5 6882 6921 10269 19197
5 3741 3743 10995 19198
5 1652 1646 10910 19199
5 6927 3045 10912 19200
5 7915 7917 10908 19201
5 9054 9052 9055 19202
5 5127 4710 10953 19203
5 9030 9029 10161 19204
5 4234 10426 10427 19205
5 4227 3444 10217 19206
5 7056 7057 10915 19207
5 9447 5584 10743 19208
5 5133 7276 11028 19209
5 4802 8872 9965 19210
5 8872 5122 9965 19211
5 5152 4826 10918 19212
5 3702 3704 11157 19213
5 9231 9234 10924 19214
5 1075 1074 10805 19215
5 5845 5846 10955 19216
5 10173 3759 11062 19217
5 9136 3965 10201 19218
5 9377 8748 10224 19219
5 3529 5782 10310 19220
5 5003 9960 10553 19221
5 5510 5511 10932 19222
5 4581 4579 10934 19223
5 10283 9555 10284 19224
5 4481 10283 10284 19225
5 5301 4477 10323 19226
5 7629 9646 10840 19227
5 5501 5498 10936 19228
5 3826 3396 11177 19229
5 10613 4254 10614 19230
5 10399 9653 11288 19231
5 1558 4855 4856 19232
5 6722 10519 10703 19233
5 3412 3411 3413 19234
5 3528 4603 4912 19235
5 8995 10347 10348 19236
5 10347 4483 10348 19237
5 6613 10417 11193 19238
5 8394 8391 10928 19239
5 8128 8127 10944 19240
5 1172 1171 10843 19241
5 91 4319 10902 19242
5 9215 9212 10949 19243
5 4335 10643 10814 19244
5 4340 593 10894 19245
5 5856 9943 11028 19246
5 8968 10042 11236 19247
5 8062 8065 10954 19248
5 4067 4066 10552 19249
5 10666 2949 11075 19250
5 9159 9158 11032 19251
5 5117 5115 9558 19252
5 4239 7266 7267 19253
5 8156 8154 10957 19254
5 1283 1284 10948 19255
5 3494 3496 10466 19256
5 3808 3430 10020 19257
5 10005 6288 10714 19258
5 6724 9525 9526 19259
5 3433 6738 10969 19260
5 4253 4255 10220 19261
5 3802 3427 10054 19262
5 4915 5231 11211 19263
5 9555 9556 9724 19264
5 4870 9666 10927 19265
5 688 687 10854 19266
5 4254 8912 10614 19267
5 8682 8683 10972 19268
5 5741 9752 10916 19269
5 3811 818 10879 19270
5 8762 9129 10900 19271
5 4637 9583 10723 19272
5 5460 5462 10980 19273
5 8113 8112 10987 19274
5 8023 8022 10978 19275
5 6656 9423 9610 19276
5 8808 6368 9901 19277
5 7810 3952 10001 19278
5 4510 4508 10991 19279
5 10 5206 11327 19280
5 9797 4997 10761 19281
5 9052 9053 10210 19282
5 4643 6529 11000 19283
5 8961 9189 10898 19284
5 8810 8791 10963 19285
5 9637 9495 9638 19286
5 1314 1315 10979 19287
5 1659 9922 11045 19288
5 8824 4625 10458 19289
5 6366 3594 10407 19290
5 5629 5628 11019 19291
5 3003 8770 10973 19292
5 9667 10273 10274 19293
5 5879 5880 11010 19294
5 4581 10934 11093 19295
5 5880 5882 11324 19296
5 9812 1659 11045 19297
5 8958 9116 10990 19298
5 9922 5687 11045 19299
5 8718 8717 11006 19300
5 5432 9675 10632 19301
5 3427 5694 10054 19302
5 10107 8432 10330 19303
5 5038 5037 5039 19304
5 10016 9018 11131 19305
5 1386 211 10997 19306
5 7915 10908 11187 19307
5 3692 9639 9851 19308
5 9661 9063 10035 19309
5 4270 4271 10710 19310
5 4874 9552 10952 19311
5 6887 3074 11014 19312
5 8236 8233 11016 19313
5 4539 4540 11018 19314
5 4884 7751 9120 19315
5 8359 8361 11062 19316
5 9264 4657 11238 19317
5 3524 3526 9832 19318
5 9829 9303 11310 19319
5 10299 5027 10301 19320
5 8905 3394 10967 19321
5 10893 4851 11256 19322
5 5382 2090 11027 19323
5 9833 6003 11029 19324
5 8955 7709 11066 19325
5 5762 5765 10237 19326
5 6310 10885 11156 19327
5 8309 8307 11033 19328
5 4239 7268 10159 19329
5 8885 3825 11150 19330
5 5095 11023 11122 19331
5 3730 3731 10163 19332
5 4268 9765 9859 19333
5 6838 10046 10726 19334
5 5137 5136 11149 19335
5 8954 8955 11024 19336
5 8748 8747 8749 19337
5 5283 9720 10923 19338
5 5329 3754 10692 19339
5 8527 10857 11139 19340
5 9425 8547 9426 19341
5 8264 11001 11052 19342
5 3492 9659 9824 19343
5 6927 10912 11338 19344
5 8648 8647 11050 19345
5 7533 7531 11051 19346
5 4248 10798 10896 19347
5 9029 9028 11053 19348
5 6074 6072 11054 19349
5 9900 7897 10182 19350
5 8419 8421 9387 19351
5 8421 4664 9387 19352
5 8473 8470 8474 19353
5 9666 9667 10927 19354
5 8357 8359 11060 19355
5 8371 8370 9686 19356
5 9018 10052 11131 19357
5 10052 5192 11131 19358
5 88 87 11038 19359
5 3216 3770 9945 19360
5 6311 3803 10885 19361
5 3766 4233 11070 19362
5 8934 7827 11009 19363
5 10473 5681 10474 19364
5 10517 6727 10518 19365
5 10813 4335 10814 19366
5 9714 9608 10631 19367
5 8965 8518 11003 19368
5 9002 561 10971 19369
5 4976 4675 11076 19370
5 210 209 11113 19371
5 4538 4536 10327 19372
5 7926 7922 11044 19373
5 8052 8054 10233 19374
5 6532 9887 10169 19375
5 4673 4581 11093 19376
5 9406 9405 10945 19377
5 8713 8714 11172 19378
5 4318 951 10925 19379
5 5330 9937 9939 19380
5 6005 7247 9878 19381
5 4206 10554 10555 19382
5 4871 9055 9799 19383
5 9215 10949 10999 19384
5 10949 4350 10999 19385
5 8054 8056 8057 19386
5 1337 1338 2243 19387
5 8813 8812 11085 19388
5 9405 9622 10946 19389
5 9567 9362 9568 19390
5 1197 1198 11077 19391
5 9521 9384 9522 19392
5 4278 6573 11103 19393
5 5093 5094 5098 19394
5 5035 9579 11213 19395
5 8051 8052 9647 19396
5 9168 9169 11253 19397
5 9182 8478 10988 19398
5 3193 3937 11105 19399
5 5759 5762 9987 19400
5 9146 7636 11002 19401
5 8432 8433 8434 19402
5 8990 8991 10123 19403
5 3406 3216 9945 19404
5 8259 8269 11306 19405
5 9774 3226 10578 19406
5 7413 7412 11115 19407
5 5836 10659 10700 19408
5 1499 7999 11132 19409
5 5228 9704 10933 19410
5 5040 5039 5041 19411
5 8636 8634 8637 19412
5 3410 3411 3412 19413
5 4941 4943 11123 19414
5 4784 4782 11125 19415
5 6531 3525 9888 19416
5 4816 3696 4817 19417
5 3735 3737 10397 19418
5 8770 10771 10973 19419
5 9412 9411 10736 19420
5 8536 8458 11350 19421
5 4567 7204 11137 19422
5 8792 7877 11095 19423
5 5545 5908 11140 19424
5 8455 4932 11268 19425
5 2931 7973 11097 19426
5 8221 8220 11145 19427
5 7908 10293 10755 19428
5 10293 4565 10755 19429
5 3478 2182 11325 19430
5 9393 9394 11078 19431
5 9103 1759 11039 19432
5 4699 4240 11064 19433
5 3697 3698 10271 19434
5 7599 7605 11148 19435
5 9525 9524 9526 19436
5 4730 4728 11153 19437
5 8157 8158 8159 19438
5 9136 9133 9434 19439
5 8089 8093 8094 19440
5 8979 10197 11199 19441
5 8712 8713 10021 19442
5 7714 7715 11162 19443
5 9053 9615 9917 19444
5 7315 10747 10748 19445
5 7644 7645 11173 19446
5 9913 4481 9914 19447
5 9409 9408 9822 19448
5 8675 8664 11276 19449
5 8615 8611 10239 19450
5 8741 8740 8742 19451
5 8867 8935 8936 19452
5 8122 8121 8124 19453
5 3458 3483 10520 19454
5 1229 1388 11134 19455
5 4263 9530 9870 19456
5 4895 4896 10207 19457
5 5256 10362 11249 19458
5 501 500 11168 19459
5 6230 3691 10374 19460
5 4083 9574 11206 19461
5 4259 10086 10402 19462
5 8674 3774 11218 19463
5 9222 9224 11182 19464
5 3430 3776 10020 19465
5 7807 7809 7810 19466
5 5030 9845 10821 19467
5 1180 1181 11161 19468
5 5033 10580 10931 19469
5 10090 4861 11152 19470
5 7916 7915 11187 19471
5 4567 11137 11259 19472
5 9657 9402 9658 19473
5 8350 8349 11188 19474
5 4014 4013 10768 19475
5 5656 4265 11201 19476
5 5440 5439 11203 19477
5 4258 10712 10852 19478
5 4541 10327 10328 19479
5 9793 8236 11016 19480
5 7249 9793 11016 19481
5 8211 8210 10131 19482
5 1012 9268 10942 19483
5 3714 6896 11084 19484
5 5877 4067 11098 19485
5 4035 4037 10332 19486
5 497 1457 11180 19487
5 5057 4494 11224 19488
5 5622 5621 5623 19489
5 5600 5599 5602 19490
5 4039 4041 10066 19491
5 5530 5528 10264 19492
5 5534 5532 5537 19493
5 5473 5472 6900 19494
5 5477 5473 6900 19495
5 5727 5729 5730 19496
5 7323 5509 9599 19497
5 10462 4617 11287 19498
5 5538 5534 10259 19499
5 5563 5559 10263 19500
5 7682 8839 11205 19501
5 9510 9509 10763 19502
5 5528 5527 10127 19503
5 5445 5440 11165 19504
5 6491 6617 11242 19505
5 9171 9170 11181 19506
5 5207 8 11331 19507
5 6883 9700 9817 19508
5 11144 8567 11315 19509
5 9942 5100 10735 19510
5 4058 4206 10853 19511
5 8240 8238 11232 19512
5 8004 5538 8005 19513
5 5873 5874 5876 19514
5 5559 5558 5561 19515
5 8611 8612 8614 19516
5 1227 1228 11208 19517
5 9303 9677 11026 19518
5 5509 5510 10260 19519
5 9359 8946 11031 19520
5 5532 5530 10258 19521
5 5043 5041 5045 19522
5 5999 6992 6993 19523
5 9886 6531 9888 19524
5 3704 3706 11337 19525
5 4305 7472 7475 19526
5 4985 10236 10702 19527
5 10866 5079 11362 19528
5 3396 3827 11177 19529
5 3737 3739 9993 19530
5 5298 5153 10758 19531
5 3956 3958 11240 19532
5 3691 3965 10367 19533
5 3739 3741 10530 19534
5 5756 5759 10014 19535
5 3751 6230 10313 19536
5 1417 8782 11106 19537
5 10757 10094 11112 19538
5 2377 2481 11235 19539
5 4041 4043 10829 19540
5 3490 3492 9824 19541
5 4851 4846 11256 19542
5 5765 5768 10738 19543
5 4654 4567 11259 19544
5 3747 4268 11191 19545
5 5768 5771 11335 19546
5 5077 5072 11311 19547
5 8626 8625 11278 19548
5 9959 9958 10903 19549
5 2996 8527 11139 19550
5 8417 8416 11265 19551
5 8389 8390 8392 19552
5 8260 8262 11267 19553
5 8456 8455 11268 19554
5 4218 4220 10966 19555
5 9349 8532 11055 19556
5 7283 5057 11318 19557
5 4979 4981 11363 19558
5 9018 9017 11290 19559
5 8964 8567 11144 19560
5 3405 3823 10110 19561
5 4549 4542 4550 19562
5 7553 7555 11280 19563
5 4037 4039 10120 19564
5 3118 3119 11299 19565
5 2445 2538 11300 19566
5 5480 5481 11302 19567
5 4187 3476 10024 19568
5 5945 3692 9851 19569
5 11161 1181 11297 19570
5 3950 3952 10321 19571
5 5045 5041 5054 19572
5 2482 2378 11296 19573
5 6006 6005 10168 19574
5 4712 5128 11361 19575
5 3059 6927 11338 19576
5 7415 7414 11343 19577
5 5079 5078 11362 19578
5 9262 9264 11340 19579
5 3475 3886 10941 19580
5 4212 4214 9816 19581
5 4013 4012 10768 19582
5 8036 8037 11357 19583
5 7488 7487 10468 19584
5 8937 8869 9534 19585
5 10845 4948 11046 19586
5 10022 4965 10448 19587
5 4506 10022 10448 19588
5 6900 5472 9141 19589
5 9778 9779 11274 19590
5 4922 9134 9135 19591
5 8647 8646 10804 19592
5 9144 5769 9145 19593
5 929 928 11250 19594
5 7814 8854 11220 19595
5 6135 9536 10943 19596
5 1181 1182 11297 19597
5 9509 9511 10764 19598
5 5549 6012 10084 19599
5 10827 9190 10877 19600
5 3810 985 10911 19601
5 5046 5045 5051 19602
5 6724 9971 10596 19603
5 9290 8679 11101 19604
5 1326 2093 11262 19605
5 2348 1159 10964 19606
5 9684 5053 11225 19607
5 5008 4512 9977 19608
5 5726 5727 10753 19609
5 10871 10497 11104 19610
5 7663 1530 11279 19611
5 926 925 11336 19612
5 928 927 11339 19613
5 7999 3104 11241 19614
5 10447 5025 10722 19615
5 9529 9528 10573 19616
5 7621 7620 9681 19617
5 7528 7468 11317 19618
5 9874 8811 11353 19619
5 712 711 11342 19620
5 10480 5127 10953 19621
5 9629 6795 11323 19622
5 9593 8536 11349 19623
5 9697 4463 9718 19624
5 10322 4592 10696 19625
5 5765 7424 10237 19626
5 5627 10235 10236 19627
5 7782 6480 10419 19628
5 9311 10415 11260 19629
5 1467 8833 11318 19630
5 9063 9872 9873 19631
5 9872 4478 9873 19632
5 11250 928 11339 19633
5 9008 9019 9974 19634
5 4260 9113 9114 19635
5 5592 9365 9748 19636
5 3561 4517 11247 19637
5 4762 5301 10323 19638
5 7750 7751 7752 19639
5 4307 1066 10968 19640
5 5873 5881 5882 19641
5 8393 8390 9611 19642
5 5265 2185 10418 19643
5 8017 9161 11198 19644
5 9327 9322 11264 19645
5 4319 9743 10902 19646
5 9735 3816 10897 19647
5 10265 4628 10266 19648
5 10315 8973 10951 19649
5 5027 10036 10302 19650
5 4531 4558 5005 19651
5 9913 3700 10015 19652
5 11224 1467 11318 19653
5 4459 3704 10727 19654
5 5175 10058 10059 19655
5 8833 7283 11318 19656
5 9108 5256 11249 19657
5 9128 8775 11239 19658
5 9506 9507 10566 19659
5 10796 10795 11321 19660
5 4448 9093 9094 19661
5 11027 2090 11301 19662
5 9377 4468 9378 19663
5 5057 11224 11318 19664
5 9722 4445 9723 19665
5 7793 7792 9813 19666
5 8293 8292 8596 19667
5 4948 10124 10414 19668
5 9298 8576 11186 19669
5 9524 6726 9526 19670
5 9212 10073 10074 19671
5 4476 9812 11045 19672
5 10926 8675 11276 19673
5 4474 10669 10670 19674
5 9595 9594 10214 19675
5 6377 8596 10198 19676
5 10340 4863 10341 19677
5 10392 4665 10393 19678
5 5282 10150 10328 19679
5 4472 10107 10330 19680
5 9774 4307 10968 19681
5 10241 9329 10802 19682
5 9738 9477 9739 19683
5 10195 6897 11083 19684
5 9843 4972 11081 19685
5 4301 10648 10704 19686
5 5631 9745 10895 19687
5 9736 7065 10164 19688
5 8567 9196 11315 19689
5 9516 4203 9517 19690
5 4203 9514 9515 19691
5 7889 7886 10183 19692
5 4540 4538 4541 19693
5 4499 10552 11029 19694
5 9818 9443 10033 19695
5 7046 7043 10656 19696
5 8094 8093 10177 19697
5 3995 4632 10523 19698
5 10191 9824 10449 19699
5 9438 9171 11181 19700
5 6956 9438 11181 19701
5 5081 4234 10429 19702
5 8199 10926 11276 19703
5 7755 7750 10304 19704
5 9767 4318 10925 19705
5 9645 7566 10907 19706
5 4697 7478 7479 19707
5 7055 7056 11283 19708
5 9667 10274 10927 19709
5 10274 4349 10927 19710
5 7622 7621 10287 19711
5 5058 10572 11192 19712
5 10435 10100 10496 19713
5 4602 10435 10496 19714
5 10314 8867 11108 19715
5 9699 8144 9700 19716
5 11268 4932 11269 19717
5 5213 198 10859 19718
5 535 5210 10860 19719
5 4498 10366 10367 19720
5 9844 9097 11303 19721
5 10358 4969 10463 19722
5 7434 7437 9986 19723
5 10096 4781 10870 19724
5 9885 9445 9886 19725
5 4266 10887 10888 19726
5 10100 4833 10496 19727
5 4272 9504 9505 19728
5 9687 5138 10881 19729
5 4492 9686 10152 19730
5 9266 10560 11210 19731
5 114 1961 11119 19732
5 697 1984 11120 19733
5 9956 9267 10600 19734
5 9742 9740 11341 19735
5 7825 10451 10456 19736
5 4256 10612 11130 19737
5 10218 3733 10292 19738
5 1648 10312 11302 19739
5 4480 9797 10761 19740
5 8881 4553 8883 19741
5 4627 10226 10227 19742
5 10319 1649 11290 19743
5 9489 8402 11207 19744
5 9643 8787 10992 19745
5 9175 9856 9857 19746
5 4468 3498 11226 19747
5 11132 7999 11241 19748
5 9906 4919 9907 19749
5 4836 9958 10867 19750
5 9958 4806 10867 19751
5 10313 9681 11333 19752
5 9854 3802 10054 19753
5 9697 4216 10174 19754
5 4964 10771 10935 19755
5 10955 7134 11255 19756
5 7472 7471 7475 19757
5 9572 9573 10662 19758
5 8043 5149 8044 19759
5 3408 9644 10986 19760
5 1661 1583 2182 19761
5 10779 4248 10896 19762
5 4987 9643 10992 19763
5 9990 9991 9992 19764
5 9991 4561 9992 19765
5 10164 7066 11100 19766
5 9762 10164 11100 19767
5 4903 4904 4905 19768
5 4663 9919 10477 19769
5 10414 4300 11047 19770
5 9724 3698 9914 19771
5 5274 3826 11282 19772
5 3044 972 11025 19773
5 9805 7405 10856 19774
5 4865 10955 11255 19775
5 10168 6005 11042 19776
5 5102 5100 11319 19777
5 10080 5678 10883 19778
5 7867 10405 10406 19779
5 10405 6367 10406 19780
5 4291 4294 11008 19781
5 6901 4464 10576 19782
5 2182 1583 11325 19783
5 8872 4210 8873 19784
5 5312 9451 11356 19785
5 9887 9445 10169 19786
5 9737 4772 10918 19787
5 4252 10847 11212 19788
5 9961 8051 10205 19789
5 9860 4823 10760 19790
5 9677 6504 11026 19791
5 10311 4578 11194 19792
5 4964 9682 10973 19793
5 4472 9832 10916 19794
5 9385 2021 11071 19795
5 8995 10348 10349 19796
5 4672 7543 10836 19797
5 5183 9594 11349 19798
5 9362 9909 10023 19799
5 9697 8547 9846 19800
5 4463 9697 9846 19801
5 10504 10646 11052 19802
5 10646 8264 11052 19803
5 4257 4259 10402 19804
5 10024 4491 10205 19805
5 5197 10043 10044 19806
5 9555 9724 10284 19807
5 10504 6129 10505 19808
5 7627 10539 10540 19809
5 4630 10113 10541 19810
5 9863 3044 11025 19811
5 1556 1436 11332 19812
5 7247 9793 9878 19813
5 4922 9904 10551 19814
5 4346 10533 11254 19815
5 6206 10390 10565 19816
5 9634 8704 11068 19817
5 6514 9634 11068 19818
5 9558 4214 9718 19819
5 9533 9532 10891 19820
5 9527 4883 9528 19821
5 9134 4922 10551 19822
5 4506 9659 9941 19823
5 9659 9402 9941 19824
5 4507 10119 10120 19825
5 10291 5147 11159 19826
5 4625 3752 10458 19827
5 7869 10406 10407 19828
5 9936 7140 9937 19829
5 9253 9245 10487 19830
5 9021 3831 10162 19831
5 4344 10189 10958 19832
5 5052 10055 10624 19833
5 9780 4340 10894 19834
5 4746 9860 10760 19835
5 10826 7526 11099 19836
5 4812 5008 9977 19837
5 4473 4911 11117 19838
5 6655 10679 10951 19839
5 8819 9972 10499 19840
5 4560 10364 10365 19841
5 9777 10241 10802 19842
5 5230 3824 9374 19843
5 10548 10827 10877 19844
5 10159 7268 10527 19845
5 9739 5782 10372 19846
5 9877 3809 10996 19847
5 4246 10823 10824 19848
5 10899 4884 11240 19849
5 3952 7810 10321 19850
5 9092 9894 10475 19851
5 9725 9296 10961 19852
5 9980 5592 10119 19853
5 9551 4874 11346 19854
5 5022 4754 10094 19855
5 7584 9144 9145 19856
5 10706 8647 10804 19857
5 9944 5154 10589 19858
5 1081 1080 5233 19859
5 9861 5629 11019 19860
5 9134 9133 9135 19861
5 9115 9112 9413 19862
5 10212 9595 10213 19863
5 8434 10152 10998 19864
5 4577 10511 10514 19865
5 9535 10472 10723 19866
5 10053 8417 11265 19867
5 6505 10053 11265 19868
5 5946 9639 9927 19869
5 9639 9495 9927 19870
5 4481 9913 10012 19871
5 9913 8634 10012 19872
5 6582 9808 9912 19873
5 10485 6654 10680 19874
5 8092 6883 10177 19875
5 3829 5565 5566 19876
5 4696 11189 11190 19877
5 9583 8199 11276 19878
5 4486 8873 9889 19879
5 6725 6728 10112 19880
5 5599 10038 10206 19881
5 9244 9254 10093 19882
5 9610 8383 11202 19883
5 10546 4228 10943 19884
5 10351 2537 11243 19885
5 5093 5090 5094 19886
5 6481 10677 11215 19887
5 5124 9995 9996 19888
5 4561 9938 9957 19889
5 9938 7140 9957 19890
5 4594 4596 9985 19891
5 9855 7564 10368 19892
5 10033 4227 10217 19893
5 4575 9701 10148 19894
5 9701 8144 10148 19895
5 10904 4616 10905 19896
5 8040 10904 10905 19897
5 9138 7950 9139 19898
5 4641 11046 11047 19899
5 6536 9886 9888 19900
5 9929 4339 10411 19901
5 9944 3770 10758 19902
5 10642 10222 10750 19903
5 9303 11026 11310 19904
5 11026 9830 11310 19905
5 9546 9547 11092 19906
5 5119 4486 9889 19907
5 2093 10850 11262 19908
5 9355 2319 11358 19909
5 4344 10958 10959 19910
5 10168 6007 11145 19911
5 8220 10168 11145 19912
5 9911 9213 10602 19913
5 4523 9911 10602 19914
5 4554 9820 11142 19915
5 3594 7869 10407 19916
5 9576 9572 10661 19917
5 4812 4813 4814 19918
5 9955 3458 10520 19919
5 10552 9833 11029 19920
5 9597 5762 10237 19921
5 3791 5059 5140 19922
5 9935 8979 11200 19923
5 10448 4965 10449 19924
5 9598 10309 11185 19925
5 9765 4268 9766 19926
5 5946 10488 10489 19927
5 10488 8319 10489 19928
5 8596 6376 10198 19929
5 4596 4317 4597 19930
5 2320 9493 11348 19931
5 9807 8901 11307 19932
5 9370 3039 11251 19933
5 9738 5783 11030 19934
5 9371 4307 11257 19935
5 9910 3731 10071 19936
5 9953 4863 10340 19937
5 10675 6481 10676 19938
5 7886 10675 10676 19939
5 10112 6728 10147 19940
5 10503 8283 10646 19941
5 3449 4338 11273 19942
5 7598 9898 10831 19943
5 4458 8637 10015 19944
5 5783 10487 11030 19945
5 10487 9247 11030 19946
5 9781 9215 10999 19947
5 10578 3226 10930 19948
5 10580 9153 10931 19949
5 10364 5726 10365 19950
5 7752 4884 10899 19951
5 7066 10582 10583 19952
5 6196 7729 10694 19953
5 8901 11049 11307 19954
5 11049 9808 11307 19955
5 5240 5239 5251 19956
5 5660 9788 10977 19957
5 4586 10096 10619 19958
5 5759 9986 10014 19959
5 8159 8158 10112 19960
5 8419 7086 8421 19961
5 10679 8381 10951 19962
5 10425 10426 10441 19963
5 9434 9976 11261 19964
5 5516 4599 10432 19965
5 5115 4470 9816 19966
5 11162 4888 11163 19967
5 3700 9913 9914 19968
5 9820 4559 11142 19969
5 10724 9891 10725 19970
5 9947 3412 9948 19971
5 5177 9502 10937 19972
5 5128 10975 11361 19973
5 10332 4521 11138 19974
5 8380 10679 10680 19975
5 7777 6584 10006 19976
5 10071 3731 10234 19977
5 4216 9697 9718 19978
5 4918 7568 7569 19979
5 10417 8560 10584 19980
5 9568 10024 10196 19981
5 6505 9829 11310 19982
5 10909 5151 11187 19983
5 9658 3492 9660 19984
5 10236 4985 11155 19985
5 9538 5695 10255 19986
5 9653 5017 11288 19987
5 9984 4336 11237 19988
5 9280 5104 10146 19989
5 10324 10325 11118 19990
5 4998 9164 9165 19991
5 9164 9166 9823 19992
5 10886 9931 10887 19993
5 9923 10045 11057 19994
5 9994 5124 11073 19995
5 4532 4531 10508 19996
5 5756 10013 10135 19997
5 6654 10485 10689 19998
5 10371 11268 11269 19999
5 10132 9125 10671 20000
5 10067 4342 10552 20001
5 5675 9622 9623 20002
5 4484 4914 9867 20003
5 9113 9112 9114 20004
5 8403 6015 9746 20005
5 10038 4507 10206 20006
5 3795 7780 9912 20007
5 9788 162 10977 20008
5 7751 4884 7752 20009
5 9963 7456 10366 20010
5 3730 10163 10230 20011
5 10248 10249 10251 20012
5 7870 7865 10268 20013
5 10523 7415 11343 20014
5 4631 10523 11343 20015
5 9490 9762 11100 20016
5 4668 4473 11117 20017
5 4234 10427 10428 20018
5 9779 10009 11274 20019
5 10009 5007 11274 20020
5 4350 10273 10999 20021
5 4876 3760 10481 20022
5 10969 5077 11311 20023
5 11010 5880 11136 20024
5 10885 6310 11278 20025
5 8625 10885 11278 20026
5 4560 10115 10141 20027
5 10115 7332 10141 20028
5 4663 10716 10759 20029
5 10716 8210 10759 20030
5 4534 4532 10150 20031
5 4490 10684 11053 20032
5 10684 9029 11053 20033
5 4899 4900 10515 20034
5 9015 10016 11131 20035
5 8991 7224 10123 20036
5 9909 4491 10023 20037
5 8615 4459 8616 20038
5 1433 1663 11332 20039
5 9472 9694 11260 20040
5 11004 8408 11234 20041
5 10390 1389 10565 20042
5 7309 9931 10886 20043
5 9894 4529 10475 20044
5 6013 6016 9374 20045
5 6582 9807 11307 20046
5 10567 8370 10728 20047
5 6536 10567 10728 20048
5 3524 9832 10998 20049
5 7048 7055 11282 20050
5 1079 1078 2185 20051
5 9274 5741 9832 20052
5 560 9806 10971 20053
5 9762 9736 10164 20054
5 7564 7568 10369 20055
5 4663 9918 9919 20056
5 7456 9421 9708 20057
5 8432 8434 10330 20058
5 4507 9980 10119 20059
5 11222 3835 11223 20060
5 8361 6653 10173 20061
5 9806 9002 10971 20062
5 9552 4877 10952 20063
5 4483 10033 10217 20064
5 3806 9512 10830 20065
5 9932 9651 10919 20066
5 10226 7859 10691 20067
5 6398 10344 10623 20068
5 4876 4925 10557 20069
5 8229 9878 10238 20070
5 9878 7249 10238 20071
5 5784 9312 9314 20072
5 3429 4687 10186 20073
5 8269 6131 11306 20074
5 10671 9125 10672 20075
5 9943 5133 11028 20076
5 9702 5035 11043 20077
5 9898 7603 10831 20078
5 10077 6583 11049 20079
5 4618 10462 11287 20080
5 10766 5125 11228 20081
5 11060 8359 11061 20082
5 6532 11060 11061 20083
5 4863 9952 10922 20084
5 9503 9504 10937 20085
5 4906 8200 10295 20086
5 6725 9565 10517 20087
5 4472 10330 10998 20088
5 5775 9169 9880 20089
5 9516 9517 10383 20090
5 5117 9558 10938 20091
5 5066 10840 10841 20092
5 10840 9646 10841 20093
5 9244 9253 9254 20094
5 5760 7495 10013 20095
5 10172 7533 11051 20096
5 4570 10172 11051 20097
5 8389 8392 11015 20098
5 11035 5284 11037 20099
5 7480 7479 8831 20100
5 5828 9836 10028 20101
5 9907 4919 9908 20102
5 7585 5772 10008 20103
5 10058 9168 10059 20104
5 8824 10458 10597 20105
5 10458 4623 10597 20106
5 5288 5289 10079 20107
5 9513 9514 10830 20108
5 9648 8818 10819 20109
5 7375 4719 9923 20110
5 8843 10781 11094 20111
5 5500 5569 10576 20112
5 10584 7068 11193 20113
5 4900 4897 10437 20114
5 10592 5510 10932 20115
5 5330 10592 10932 20116
5 9740 5311 11341 20117
5 9209 10072 10073 20118
5 8051 9647 10205 20119
5 11167 5440 11203 20120
5 4505 11167 11203 20121
5 5000 5059 11229 20122
5 8457 5182 8458 20123
5 4600 3755 10664 20124
5 10324 5696 10467 20125
5 4557 10423 11081 20126
5 7865 7867 7869 20127
5 4066 10067 10552 20128
5 10035 5694 10467 20129
5 1084 9877 10996 20130
5 11195 10209 11196 20131
5 10208 11195 11196 20132
5 4529 9999 10000 20133
5 10412 6514 10607 20134
5 10701 9264 11238 20135
5 10033 9443 11036 20136
5 2360 1081 5233 20137
5 11001 6129 11052 20138
5 10849 8843 10878 20139
5 10524 9284 11347 20140
5 4493 10159 10527 20141
5 10671 10672 10673 20142
5 5175 5173 10410 20143
5 10771 4975 10935 20144
5 3410 2034 3411 20145
5 6656 6652 10223 20146
5 5859 10490 11172 20147
5 10490 8713 11172 20148
5 10371 8456 11268 20149
5 9537 10324 11118 20150
5 7603 4269 10709 20151
5 10183 7886 10676 20152
5 10014 7437 10068 20153
5 9530 9529 9870 20154
5 5315 10874 10875 20155
5 10874 7340 10875 20156
5 9999 7807 10000 20157
5 4274 7712 7713 20158
5 4470 5113 9815 20159
5 5678 10604 10884 20160
5 4498 9963 10366 20161
5 5044 10442 10950 20162
5 4075 5011 9786 20163
5 4671 10469 10626 20164
5 10469 7487 10626 20165
5 5301 5014 11258 20166
5 4018 10425 10441 20167
5 9093 9092 9094 20168
5 9522 10269 11079 20169
5 4603 3528 10871 20170
5 5330 9939 10592 20171
5 4515 4462 10649 20172
5 4571 9568 10196 20173
5 7422 7423 7424 20174
5 5124 9996 11074 20175
5 8817 9648 10045 20176
5 4467 8742 10466 20177
5 7782 10419 11215 20178
5 5021 4854 11237 20179
5 9858 4489 9981 20180
5 4490 10162 10684 20181
5 10013 5756 10014 20182
5 6085 10305 11208 20183
5 9639 5946 9851 20184
5 5172 5173 5174 20185
5 9443 11033 11036 20186
5 1727 10658 11345 20187
5 10446 11287 11314 20188
5 1558 1429 4855 20189
5 4592 5842 11133 20190
5 5039 5037 10351 20191
5 7424 5766 10237 20192
5 10749 5146 11116 20193
5 9544 9545 11219 20194
5 9090 10844 10845 20195
5 10844 4948 10845 20196
5 2090 9812 11301 20197
5 8908 10381 10881 20198
5 7741 9110 10694 20199
5 1677 10225 10839 20200
5 5054 5041 11243 20201
5 9731 10373 10719 20202
5 10373 4662 10719 20203
5 5046 9684 11225 20204
5 4855 4871 9799 20205
5 5220 9776 10294 20206
5 4968 9450 10806 20207
5 6653 9423 10223 20208
5 4348 9804 10577 20209
5 9998 7800 10354 20210
5 4590 9998 10354 20211
5 9175 9858 9981 20212
5 9853 9033 9854 20213
5 3784 4664 8421 20214
5 10403 5030 10821 20215
5 1337 2243 9895 20216
5 3752 4625 10459 20217
5 10826 10825 11277 20218
5 10965 6014 11004 20219
5 9228 10075 10076 20220
5 10360 10 11327 20221
5 8 10361 11331 20222
5 10588 4774 10589 20223
5 4337 10411 10720 20224
5 10535 8798 10674 20225
5 4593 5845 9670 20226
5 9207 9214 10072 20227
5 4656 10620 11210 20228
5 10229 6613 11193 20229
5 4877 3790 10952 20230
5 4296 4473 11328 20231
5 11005 10041 11078 20232
5 4259 4257 11344 20233
5 10269 6922 11126 20234
5 10640 4950 11239 20235
5 9917 3823 10210 20236
5 10729 9683 10730 20237
5 7546 4672 10836 20238
5 5204 5047 11308 20239
5 7709 7712 11067 20240
5 10313 4624 10540 20241
5 9945 9944 10589 20242
5 9532 4263 10891 20243
5 5051 5045 10698 20244
5 5018 11124 11263 20245
5 5273 4266 10787 20246
5 10178 9474 10179 20247
5 6838 10807 11080 20248
5 4269 10708 10709 20249
5 10095 4477 11143 20250
5 6312 10671 10673 20251
5 4540 4541 4542 20252
5 9116 4260 10594 20253
5 8431 10107 11096 20254
5 4917 10841 11233 20255
5 3529 9314 9315 20256
5 10188 4659 10958 20257
5 4290 9967 10984 20258
5 4899 4897 4900 20259
5 2033 2034 10105 20260
5 8220 10003 10168 20261
5 10711 4256 11130 20262
5 5025 10300 10722 20263
5 10562 4933 11295 20264
5 3461 8270 11141 20265
5 9659 4506 9824 20266
5 4478 9853 10054 20267
5 7755 4303 9122 20268
5 9638 3692 9695 20269
5 5122 8872 8873 20270
5 5760 10014 10068 20271
5 5830 5828 10608 20272
5 9886 9445 9887 20273
5 10138 4485 11355 20274
5 10472 4636 10525 20275
5 5763 9986 9987 20276
5 3826 10656 11282 20277
5 10747 4589 10748 20278
5 6654 10689 11202 20279
5 10519 6724 10703 20280
5 8672 10132 11007 20281
5 8882 4555 9979 20282
5 4578 9426 10174 20283
5 4445 10261 10901 20284
5 5674 9406 10945 20285
5 9661 10035 10467 20286
5 4547 4549 9979 20287
5 4589 10700 10786 20288
5 10439 1726 10793 20289
5 6655 4011 10485 20290
5 9997 3948 10663 20291
5 5015 3668 11258 20292
5 5307 4462 5308 20293
5 9984 4335 10813 20294
5 10256 5150 10984 20295
5 9314 3529 10310 20296
5 9935 6016 11231 20297
5 11061 8359 11062 20298
5 5306 4460 9316 20299
5 10326 5018 11111 20300
5 4565 10754 10755 20301
5 10754 7908 10755 20302
5 10480 4321 10481 20303
5 6898 11147 11197 20304
5 11147 10193 11197 20305
5 10075 9230 10890 20306
5 4473 11248 11328 20307
5 10707 10708 10710 20308
5 6604 10183 10343 20309
5 9815 4212 9816 20310
5 7533 10172 11212 20311
5 9607 5716 10230 20312
5 6367 9901 10407 20313
5 4214 9558 9816 20314
5 10883 5678 10884 20315
5 4222 5081 10514 20316
5 10680 10679 10873 20317
5 7727 7728 11227 20318
5 10301 5027 10302 20319
5 4320 5127 10480 20320
5 9214 9205 10070 20321
5 8167 10717 10950 20322
5 5984 5862 10820 20323
5 4485 3988 11360 20324
5 9900 6366 9901 20325
5 5677 10378 10549 20326
5 8392 8390 8393 20327
5 10962 4842 11179 20328
5 10539 4623 10540 20329
5 6129 10136 11056 20330
5 10290 4293 10569 20331
5 7067 9736 9762 20332
5 9339 9341 10117 20333
5 11087 10826 11277 20334
5 4721 10090 11152 20335
5 7658 10770 10800 20336
5 9594 5183 10214 20337
5 10794 4299 11321 20338
5 6946 8214 10004 20339
5 5873 5876 5881 20340
5 4893 4894 4896 20341
5 9967 4290 11159 20342
5 4615 8040 10501 20343
5 5859 10087 10088 20344
5 5982 7845 10820 20345
5 10485 10680 10873 20346
5 9976 4498 11261 20347
5 8199 10389 10926 20348
5 10851 4258 10852 20349
5 4685 11127 11178 20350
5 5017 9654 10280 20351
5 10334 4514 11064 20352
5 10386 5117 10938 20353
5 10042 5197 11236 20354
5 6725 10517 10518 20355
5 6504 9678 10443 20356
5 5983 5981 10453 20357
5 9063 9873 10035 20358
5 9658 9402 9659 20359
5 9568 9362 10023 20360
5 5757 9728 10140 20361
5 10185 8463 11135 20362
5 10139 4621 11355 20363
5 9638 9495 9639 20364
5 10498 8818 10917 20365
5 10583 7068 10584 20366
5 9676 5315 10069 20367
5 4754 4753 10094 20368
5 9135 9133 9136 20369
5 6726 6723 10703 20370
5 5174 5175 10186 20371
5 9535 4636 10472 20372
5 4273 10248 10251 20373
5 4497 11149 11301 20374
5 5029 5026 11338 20375
5 10133 9851 10489 20376
5 9447 10743 11109 20377
5 10274 10273 11128 20378
5 4616 10154 10155 20379
5 9910 9213 9911 20380
5 10825 4246 10862 20381
5 9615 9723 9917 20382
5 8321 5947 10133 20383
5 10156 4598 10157 20384
5 5089 5090 5093 20385
5 11248 4297 11328 20386
5 3958 10899 11240 20387
5 8229 10128 11042 20388
5 5783 9739 10372 20389
5 9937 7140 9938 20390
5 9204 9910 10070 20391
5 4590 5156 10564 20392
5 4739 10498 10917 20393
5 3772 10560 10701 20394
5 8649 6515 8928 20395
5 10659 5143 10786 20396
5 9322 10541 11264 20397
5 3827 11040 11041 20398
5 4638 8673 8674 20399
5 5017 10280 11289 20400
5 4300 10638 10727 20401
5 10160 9475 10178 20402
5 7910 4591 10292 20403
5 5762 9597 9987 20404
5 4485 6993 10067 20405
5 5774 5776 10641 20406
5 4522 10785 11315 20407
5 5775 10062 10641 20408
5 10244 5860 10245 20409
5 9573 4083 10662 20410
5 9859 11189 11191 20411
5 9378 4468 10387 20412
5 4381 10766 11228 20413
5 10265 3776 10720 20414
5 10836 7543 10976 20415
5 3965 9136 10367 20416
5 9700 8144 9701 20417
5 10329 7714 11162 20418
5 1583 11266 11325 20419
5 3821 9830 10443 20420
5 4493 5637 10158 20421
5 2343 8005 10333 20422
5 3039 10356 11251 20423
5 10208 8070 11195 20424
5 10781 4583 11094 20425
5 4576 10513 10796 20426
5 4524 10219 10954 20427
5 10197 5230 11199 20428
5 4468 9377 10224 20429
5 10273 4350 11128 20430
5 9704 3825 10933 20431
5 10671 6312 11007 20432
5 10132 10671 11007 20433
5 4981 10436 11363 20434
5 10436 10081 11363 20435
5 10908 4634 10909 20436
5 9426 8547 9697 20437
5 9234 10620 10924 20438
5 10620 4656 10924 20439
5 10145 9280 10146 20440
5 4290 10984 10985 20441
5 5153 5154 9944 20442
5 4576 10512 10513 20443
5 10647 4679 10994 20444
5 10655 7046 10656 20445
5 9511 3806 10764 20446
5 10725 5094 11294 20447
5 10329 11162 11163 20448
5 10343 10183 10676 20449
5 10679 6655 10873 20450
5 10020 4629 10117 20451
5 5238 5237 5239 20452
5 4649 5623 10829 20453
5 9854 9031 10151 20454
5 5592 9748 10119 20455
5 9832 5741 10916 20456
5 1663 9591 11332 20457
5 6723 6726 11079 20458
5 10368 4287 10940 20459
5 4505 11166 11167 20460
5 3405 10110 10123 20461
5 4765 5013 5014 20462
5 4812 4814 5008 20463
5 7475 4697 10995 20464
5 10359 5299 11112 20465
5 6794 9630 10570 20466
5 5039 10351 11243 20467
5 11034 4227 11036 20468
5 3764 6901 10576 20469
5 4225 9674 9676 20470
5 10869 4447 10870 20471
5 4781 10869 10870 20472
5 10194 10195 10682 20473
5 9686 9888 10152 20474
5 5782 10178 10179 20475
5 10531 8869 10737 20476
5 4489 10531 10737 20477
5 4626 7855 10479 20478
5 7542 10399 11288 20479
5 7543 5019 10976 20480
5 10276 5046 11225 20481
5 10423 2928 11081 20482
5 9888 9686 10567 20483
5 10959 10745 11285 20484
5 10842 7727 11227 20485
5 4227 11034 11035 20486
5 4347 10314 11108 20487
5 5766 7426 9597 20488
5 2034 1629 4562 20489
5 7869 7867 10406 20490
5 10757 5298 10758 20491
5 5199 4016 11298 20492
5 10309 4907 11185 20493
5 10945 10946 10947 20494
5 9720 4226 10923 20495
5 5602 5599 10206 20496
5 10151 9030 10161 20497
5 4566 9605 10215 20498
5 9924 4603 10092 20499
5 7728 6196 11227 20500
5 10745 4343 11285 20501
5 7855 11020 11021 20502
5 11020 4627 11021 20503
5 6605 7890 10184 20504
5 4037 9748 10332 20505
5 10387 4468 11226 20506
5 9739 9477 10160 20507
5 4671 10919 10920 20508
5 10919 9651 10920 20509
5 10750 10222 10833 20510
5 9830 3821 10053 20511
5 10081 4897 10082 20512
5 3770 10757 10758 20513
5 3558 8882 9979 20514
5 6013 11004 11234 20515
5 7426 7429 9597 20516
5 4342 9833 10552 20517
5 11349 11350 11351 20518
5 8637 8634 9913 20519
5 4295 10983 11169 20520
5 11068 8704 11069 20521
5 9312 9313 9314 20522
5 4636 8665 10525 20523
5 10464 5083 11113 20524
5 6618 10657 11077 20525
5 5382 11027 11114 20526
5 11027 5136 11114 20527
5 5032 5029 10912 20528
5 3823 9917 10110 20529
5 7400 4970 10528 20530
5 10511 4576 10514 20531
5 4536 5282 10327 20532
5 1434 1437 4462 20533
5 10499 3820 10819 20534
5 1339 1340 2343 20535
5 3691 9708 10374 20536
5 7493 5757 10135 20537
5 1428 1490 4460 20538
5 10727 3704 11337 20539
5 9055 9052 10210 20540
5 10008 5772 10065 20541
5 9804 4553 10577 20542
5 3724 4618 11287 20543
5 10365 5726 10753 20544
5 8327 6613 10229 20545
5 11065 8955 11066 20546
5 10672 6310 11156 20547
5 9857 3735 9858 20548
5 3785 9919 10373 20549
5 10945 9405 10946 20550
5 4575 5149 10175 20551
5 10213 9595 10214 20552
5 4268 7603 9766 20553
5 8748 8749 10224 20554
5 4662 10563 10719 20555
5 10563 9731 10719 20556
5 10524 3786 10536 20557
5 4873 9284 10524 20558
5 4765 5012 5013 20559
5 9114 9112 9115 20560
5 1437 1436 1556 20561
5 9558 5115 9816 20562
5 10291 4290 11008 20563
5 10215 4033 10652 20564
5 5005 4558 10294 20565
5 11136 5880 11324 20566
5 10312 5480 11302 20567
5 9227 10076 10929 20568
5 10966 4220 11322 20569
5 3833 11165 11166 20570
5 9053 9917 10210 20571
5 9752 4472 10916 20572
5 8070 10470 11195 20573
5 10828 3956 11240 20574
5 10173 6653 10223 20575
5 10363 5043 11308 20576
5 5681 10473 11015 20577
5 4868 5144 11082 20578
5 11127 10569 11178 20579
5 10415 9472 11260 20580
5 5144 4515 10649 20581
5 10411 4339 10720 20582
5 5154 10588 10589 20583
5 10321 4513 11329 20584
5 10308 4289 10985 20585
5 4897 4894 10082 20586
5 9647 10202 11160 20587
5 9017 10319 11290 20588
5 10494 5038 11184 20589
5 5569 3829 10576 20590
5 10850 5653 11262 20591
5 3796 6516 10608 20592
5 10062 5773 10641 20593
5 3406 9945 10095 20594
5 10799 4248 10803 20595
5 9341 10020 10117 20596
5 4930 10666 11075 20597
5 11349 8536 11350 20598
5 4321 10962 11179 20599
5 4343 8124 10941 20600
5 10325 5695 11118 20601
5 8054 8057 10233 20602
5 9647 8052 10233 20603
5 7404 10281 10282 20604
5 2343 1340 8003 20605
5 9575 11170 11206 20606
5 8089 8094 11126 20607
5 8990 10123 10901 20608
5 10841 9646 11284 20609
5 4258 10594 11344 20610
5 10638 4459 10727 20611
5 5999 6993 10138 20612
5 2185 1078 10418 20613
5 3950 9813 10663 20614
5 10196 3475 10941 20615
5 4321 10953 10962 20616
5 10953 4710 10962 20617
5 10673 10672 11156 20618
5 10446 3724 11287 20619
5 10578 4564 11257 20620
5 9897 2243 10333 20621
5 10670 4297 11248 20622
5 8665 11217 11218 20623
5 11217 4638 11218 20624
5 5253 5275 7350 20625
5 8403 9746 11352 20626
5 10501 8040 10905 20627
5 6955 6957 10453 20628
5 4762 5014 5301 20629
5 5104 8159 10147 20630
5 4268 9859 11191 20631
5 1490 1429 1558 20632
5 5677 10549 10605 20633
5 10258 5387 11292 20634
5 4292 10913 10914 20635
5 9939 5329 10592 20636
5 10161 9029 10684 20637
5 10613 10612 11316 20638
5 10688 4273 11102 20639
5 3826 10655 10656 20640
5 10952 3790 11347 20641
5 6131 10136 11305 20642
5 8611 8614 10239 20643
5 5101 10421 10422 20644
5 11089 4204 11090 20645
5 10668 7717 11158 20646
5 5007 10099 11275 20647
5 5534 5537 10259 20648
5 5528 10127 10264 20649
5 10743 4984 11109 20650
5 8005 5538 10259 20651
5 5559 5561 10263 20652
5 9599 5509 10260 20653
5 10258 5530 10264 20654
5 5537 5532 10258 20655
5 10807 1725 11080 20656
5 2319 10492 11358 20657
5 10468 7487 10469 20658
5 3799 7313 10115 20659
5 10162 10161 10684 20660
5 4951 10121 10122 20661
5 4228 10547 11017 20662
5 4308 10360 11327 20663
5 9858 3735 10397 20664
5 10361 4311 11331 20665
5 5727 5730 10753 20666
5 3697 10490 10834 20667
5 10763 9509 10764 20668
5 10164 7065 10582 20669
5 6796 6792 10459 20670
5 4195 9546 11092 20671
5 10209 4280 11196 20672
5 2185 5255 9662 20673
5 4541 4538 10327 20674
5 9686 8370 10567 20675
5 4608 10222 10642 20676
5 4338 11270 11272 20677
5 10681 6899 10682 20678
5 5549 10084 11138 20679
5 9088 5695 10122 20680
5 5172 5174 10970 20681
5 4597 5302 10970 20682
5 10683 1467 11224 20683
5 4462 2309 10649 20684
5 5773 10063 10064 20685
5 10785 4933 11144 20686
5 4682 7870 10268 20687
5 10847 4252 10863 20688
5 5258 5251 11121 20689
5 10174 4218 10966 20690
5 10189 4344 10190 20691
5 4517 11163 11164 20692
5 9055 3823 9799 20693
5 4530 9584 9997 20694
5 10445 4225 10446 20695
5 10021 8713 10490 20696
5 5174 5173 5175 20697
5 10538 2320 11348 20698
5 4816 4813 10537 20699
5 4248 10780 10782 20700
5 10991 1499 11132 20701
5 5858 10245 10706 20702
5 7807 7810 10000 20703
5 5715 10075 10598 20704
5 4524 9881 10219 20705
5 9923 4719 10045 20706
5 10131 8210 10716 20707
5 10763 10764 10765 20708
5 7368 7367 10993 20709
5 10286 11073 11074 20710
5 11073 5124 11074 20711
5 10377 5677 10379 20712
5 4751 4754 5021 20713
5 10981 4297 11354 20714
5 9736 7067 11352 20715
5 7456 9708 10366 20716
5 3774 10525 11218 20717
5 10260 5510 10592 20718
5 10295 8200 11013 20719
5 10099 3764 11275 20720
5 5675 9623 10379 20721
5 7621 9681 10287 20722
5 9972 5288 10079 20723
5 9165 11024 11065 20724
5 11024 8955 11065 20725
5 9856 4565 9857 20726
5 7750 7752 10304 20727
5 10616 9905 10791 20728
5 5766 9597 10237 20729
5 1582 1583 1661 20730
5 8742 8740 10872 20731
5 10982 4295 11328 20732
5 4517 11164 11246 20733
5 10121 9088 10122 20734
5 10280 4166 11289 20735
5 4663 10477 10716 20736
5 10547 6128 11017 20737
5 4563 4959 10130 20738
5 3706 4641 11337 20739
5 9700 3929 9817 20740
5 4227 11035 11037 20741
5 4338 11269 11270 20742
5 10171 4254 10500 20743
5 6724 9526 10703 20744
5 1579 1629 2034 20745
5 5282 4534 10150 20746
5 10697 4033 10748 20747
5 4299 8474 10966 20748
5 8474 8470 11194 20749
5 4697 7479 7480 20750
5 10120 5602 10206 20751
5 8094 10269 11126 20752
5 9937 3723 9939 20753
5 11063 4868 11082 20754
5 8882 3558 11364 20755
5 11165 5440 11167 20756
5 10740 1518 11242 20757
5 4014 10394 10395 20758
5 4919 9905 10616 20759
5 5128 4320 10975 20760
5 4510 10991 11132 20761
5 5136 11027 11149 20762
5 10136 11304 11305 20763
5 11304 8261 11305 20764
5 9094 9092 10475 20765
5 4656 10598 10890 20766
5 4336 5021 11237 20767
5 5782 10179 10310 20768
5 10471 4670 11326 20769
5 7546 10471 11326 20770
5 4903 1556 11332 20771
5 3731 9911 10163 20772
5 3759 10257 11062 20773
5 10582 7068 10583 20774
5 10135 5757 10140 20775
5 4301 10647 10648 20776
5 8614 8612 11214 20777
5 11124 9544 11219 20778
5 11313 10445 11314 20779
5 4617 11313 11314 20780
5 10127 5527 10960 20781
5 4562 1629 11293 20782
5 10471 7546 10836 20783
5 3827 10341 11040 20784
5 5771 5773 11335 20785
5 5695 9538 11118 20786
5 7066 10164 10582 20787
5 4287 10368 10882 20788
5 4043 9926 10829 20789
5 8596 8292 10989 20790
5 6945 10004 10131 20791
5 4346 9679 11244 20792
5 9423 6656 10223 20793
5 4447 9955 10520 20794
5 11066 7709 11067 20795
5 4292 10835 10913 20796
5 6583 10842 11209 20797
5 10084 6012 11058 20798
5 4566 10652 11058 20799
5 10195 11083 11084 20800
5 9545 4195 11219 20801
5 4301 10387 11226 20802
5 9622 5675 10946 20803
5 9870 10573 10579 20804
5 5623 5621 11286 20805
5 4293 10291 11008 20806
5 3750 10018 10229 20807
5 10059 9168 11253 20808
5 4611 10384 10385 20809
5 9832 4472 10998 20810
5 4519 10021 10271 20811
5 10338 5290 10611 20812
5 10158 3987 10159 20813
5 5007 10098 10099 20814
5 6993 4342 10067 20815
5 4448 9094 10828 20816
5 4530 9997 10663 20817
5 10661 9572 10662 20818
5 3461 11141 11244 20819
5 10368 7564 10369 20820
5 9274 10365 10753 20821
5 10098 5477 10099 20822
5 3764 10876 11275 20823
5 9651 4670 10921 20824
5 11049 6583 11209 20825
5 9808 11049 11209 20826
5 10369 4918 10882 20827
5 10358 3998 10806 20828
5 4263 9870 10579 20829
5 7908 10292 10293 20830
5 4531 5005 10508 20831
5 11221 10027 11222 20832
5 4244 10825 10862 20833
5 5251 5239 5257 20834
5 6793 10041 11005 20835
5 4512 5008 10853 20836
5 5387 10127 10664 20837
5 5289 5290 10338 20838
5 9528 4883 10573 20839
5 11129 3478 11266 20840
5 10642 9618 10643 20841
5 4802 7368 8872 20842
5 4576 11321 11322 20843
5 5763 9987 10561 20844
5 6059 10688 11102 20845
5 10490 10088 10834 20846
5 9955 9954 10833 20847
5 8217 6946 10003 20848
5 8361 10173 11062 20849
5 4489 10397 10531 20850
5 5773 10065 11335 20851
5 7865 7869 10268 20852
5 5243 5240 5251 20853
5 10842 6581 11209 20854
5 4244 11086 11087 20855
5 10150 3763 10328 20856
5 6945 10131 10477 20857
5 4165 10920 10921 20858
5 4220 4576 11322 20859
5 4913 9923 11057 20860
5 8200 4637 11013 20861
5 10088 5858 10834 20862
5 3948 9997 9998 20863
5 3773 9254 10372 20864
5 6726 9522 11079 20865
5 5102 10145 10146 20866
5 9945 4774 10095 20867
5 4641 11047 11337 20868
5 6131 8269 8270 20869
5 11166 11165 11167 20870
5 9175 9857 9858 20871
5 4751 4753 4754 20872
5 4600 10664 10960 20873
5 3668 5301 11258 20874
5 4802 7367 7368 20875
5 9870 9529 10573 20876
5 6007 10168 11042 20877
5 11117 4911 11300 20878
5 2538 11117 11300 20879
5 9997 7800 9998 20880
5 11111 5018 11263 20881
5 9654 11111 11263 20882
5 4599 9599 10692 20883
5 3452 9984 11237 20884
5 11288 5017 11289 20885
5 7542 11288 11289 20886
5 10466 3496 11151 20887
5 10472 3775 11013 20888
5 7375 9924 10092 20889
5 5627 10236 11155 20890
5 4304 10558 10702 20891
5 10392 10393 10768 20892
5 11231 6016 11234 20893
5 8408 11231 11234 20894
5 1582 1581 1583 20895
5 10076 10231 10929 20896
5 4275 11175 11176 20897
5 4459 8615 10239 20898
5 4252 10171 10500 20899
5 5247 5245 5258 20900
5 9990 4618 9991 20901
5 3802 10161 10162 20902
5 4489 9858 10397 20903
5 7622 10287 11204 20904
5 10021 3697 10271 20905
5 10343 6481 11215 20906
5 9534 8869 10531 20907
5 4244 11087 11277 20908
5 4447 10520 10870 20909
5 7793 9813 11329 20910
5 5052 5051 10635 20911
5 5882 5881 11324 20912
5 10554 4206 10993 20913
5 4530 10663 11048 20914
5 5106 10420 11309 20915
5 9813 7792 11048 20916
5 3835 10028 11223 20917
5 1338 1339 10333 20918
5 5773 10064 10065 20919
5 5446 3833 10069 20920
5 11246 10357 11247 20921
5 10661 10662 10776 20922
5 9793 7249 9878 20923
5 6368 7897 9900 20924
5 9648 3820 11057 20925
5 4884 9139 11240 20926
5 9983 4336 9984 20927
5 9681 7620 11333 20928
5 10150 4532 10508 20929
5 9679 4196 11244 20930
5 4504 9534 9993 20931
5 9889 8873 11110 20932
5 10452 6955 10455 20933
5 5143 10697 10786 20934
5 3730 10230 10231 20935
5 4337 10543 11011 20936
5 9901 6366 10407 20937
5 8867 8936 11108 20938
5 10324 5694 10325 20939
5 6900 4464 6901 20940
5 3488 10130 10331 20941
5 4814 4813 4816 20942
5 3751 10313 10540 20943
5 10697 10748 10786 20944
5 6531 9887 10257 20945
5 4477 5301 11143 20946
5 8979 11199 11200 20947
5 10374 6231 11204 20948
5 6725 10518 10519 20949
5 4631 10282 10523 20950
5 9284 11346 11347 20951
5 11346 4874 11347 20952
5 9136 9434 11261 20953
5 1428 1399 1429 20954
5 4297 10982 11328 20955
5 10044 4016 10167 20956
5 10096 10520 10619 20957
5 10587 4337 11011 20958
5 4187 10024 11160 20959
5 3772 10598 11210 20960
5 5041 5039 11243 20961
5 5253 5249 5259 20962
5 10770 4614 10800 20963
5 1582 1661 11293 20964
5 10530 4347 11108 20965
5 4035 10084 10652 20966
5 4031 10696 10864 20967
5 4601 5020 10690 20968
5 10956 11353 11354 20969
5 11353 10981 11354 20970
5 4860 10826 11099 20971
5 5945 9851 10133 20972
5 4566 10215 10652 20973
5 9110 3830 10694 20974
5 3825 10213 11150 20975
5 10577 4553 11364 20976
5 4962 4563 10191 20977
5 5101 10144 11319 20978
5 8458 5182 11350 20979
5 10368 10369 10882 20980
5 9731 3784 10373 20981
5 4608 10642 10643 20982
5 4922 10616 10791 20983
5 4896 4894 4897 20984
5 10598 10075 10890 20985
5 11124 4190 11263 20986
5 3770 10094 10757 20987
5 10780 4250 10782 20988
5 4029 9669 9670 20989
5 4246 10799 10803 20990
5 3929 9701 10175 20991
5 4474 10670 11248 20992
5 8873 4210 11110 20993
5 5153 9944 10758 20994
5 9169 5775 11253 20995
5 4493 10158 10159 20996
5 9808 6581 9912 20997
5 1579 1580 1629 20998
5 4468 10224 11151 20999
5 5387 9897 11292 21000
5 10027 3835 11222 21001
5 9878 8229 11042 21002
5 3768 10343 11215 21003
5 4553 8881 8882 21004
5 3695 9900 10182 21005
5 8057 8062 10202 21006
5 4212 9889 11110 21007
5 5089 5088 10491 21008
5 10557 5000 11229 21009
5 4014 10395 11298 21010
5 4896 4897 4899 21011
5 10152 3524 10998 21012
5 3802 9854 10151 21013
5 10179 5784 10310 21014
5 10015 3702 11157 21015
5 6896 10681 10682 21016
5 9824 10448 10449 21017
5 4517 11246 11247 21018
5 10110 4445 10123 21019
5 9565 6725 10112 21020
5 10066 5602 10120 21021
5 4896 4899 10207 21022
5 8247 8272 9679 21023
5 4287 10939 10940 21024
5 10612 4256 11316 21025
5 8881 4689 8882 21026
5 10477 10131 10716 21027
5 10696 4592 11133 21028
5 3765 10706 10804 21029
5 10518 9971 10519 21030
5 10076 5715 10231 21031
5 11282 7055 11283 21032
5 10741 5106 11309 21033
5 1629 1582 11293 21034
5 10471 4165 10921 21035
5 10594 4260 11344 21036
5 3802 10151 10161 21037
5 10729 4409 11005 21038
5 1080 1079 9662 21039
5 8252 10533 11141 21040
5 9792 8236 9793 21041
5 10725 5106 10741 21042
5 3526 9274 9832 21043
5 10787 5274 11283 21044
5 6368 9900 9901 21045
5 10140 5718 11230 21046
5 5234 5233 5255 21047
5 8936 10530 11108 21048
5 10202 8062 10954 21049
5 9904 4922 10791 21050
5 9993 9534 10397 21051
5 7568 4918 10369 21052
5 1434 1433 1436 21053
5 10249 4679 10251 21054
5 4250 10848 10863 21055
5 1580 1581 1582 21056
5 10652 10084 11058 21057
5 5842 9669 10108 21058
5 9669 4029 10108 21059
5 3490 9824 10191 21060
5 5674 10945 10947 21061
5 10135 10140 11230 21062
5 9678 6503 10443 21063
5 8269 8252 8270 21064
5 4303 7755 10304 21065
5 10397 9534 10531 21066
5 9971 6724 10519 21067
5 10974 4585 10975 21068
5 4814 4816 4817 21069
5 7810 4513 10321 21070
5 10024 3476 10196 21071
5 10213 10214 11150 21072
5 10920 9651 10921 21073
5 9824 4506 10448 21074
5 11350 5182 11351 21075
5 4067 10552 11136 21076
5 4275 10139 11360 21077
5 4409 10729 10730 21078
5 9995 4264 9996 21079
5 4998 9165 11065 21080
5 11083 4202 11084 21081
5 11088 4204 11089 21082
5 4550 4541 10328 21083
5 9708 6231 10374 21084
5 10664 10127 10960 21085
5 4505 9948 11166 21086
5 10043 4018 10044 21087
5 9669 4593 9670 21088
5 7247 9792 9793 21089
5 9778 11274 11275 21090
5 11274 5007 11275 21091
5 9748 4521 10332 21092
5 5014 5013 11258 21093
5 10155 5052 10635 21094
5 3732 6958 10455 21095
5 10426 4234 10441 21096
5 7375 9923 9924 21097
5 10128 6007 11042 21098
5 5149 3928 10175 21099
5 4471 5602 10066 21100
5 9514 4203 10830 21101
5 11272 10543 11273 21102
5 9504 4272 10937 21103
5 7248 8271 9792 21104
5 10864 10696 11133 21105
5 3773 10701 11238 21106
5 10136 6131 11056 21107
5 10144 10145 11319 21108
5 10195 6896 10682 21109
5 9654 4190 10280 21110
5 10663 9813 11048 21111
5 4621 10138 11355 21112
5 4962 10191 10449 21113
5 5625 9926 10235 21114
5 4547 4544 4549 21115
5 10003 6006 10168 21116
5 10065 5772 11335 21117
5 9919 3785 10477 21118
5 6901 3764 10099 21119
5 2243 1338 10333 21120
5 4957 4601 10331 21121
5 10231 5716 10929 21122
5 6131 11305 11306 21123
5 3762 9776 10876 21124
5 5314 9676 10069 21125
5 9996 4381 11074 21126
5 4553 8882 11364 21127
5 9591 4903 11332 21128
5 3793 10763 10765 21129
5 7712 4274 11067 21130
5 6005 9878 11042 21131
5 5842 10108 11133 21132
5 11141 4346 11244 21133
5 10393 4014 10768 21134
5 9145 5769 10738 21135
5 4459 10239 11157 21136
5 5756 10135 11230 21137
5 5094 10725 10741 21138
5 9926 4649 10829 21139
5 5253 5259 5275 21140
5 10525 8665 11218 21141
5 4922 9135 10201 21142
5 9905 9904 10791 21143
5 4874 10952 11347 21144
5 1436 1433 11332 21145
5 5947 8323 10018 21146
5 10560 4655 10701 21147
5 5099 10741 11309 21148
5 10479 7855 11021 21149
5 11146 4202 11147 21150
5 3790 10524 11347 21151
5 10946 5675 10947 21152
5 5947 10018 10133 21153
5 4271 10707 10710 21154
5 5625 4649 9926 21155
5 4338 11272 11273 21156
5 10202 4187 11160 21157
5 5784 9314 10310 21158
5 10003 6946 10004 21159
5 11047 4300 11337 21160
5 4000 10661 10776 21161
5 4542 4541 4550 21162
5 5881 5876 11098 21163
5 4618 3724 9991 21164
5 10292 3733 10293 21165
5 4300 10727 11337 21166
5 9998 4590 10564 21167
5 4292 10914 11072 21168
5 6883 9817 10177 21169
5 10257 6532 11061 21170
5 5087 5088 5089 21171
5 10549 10604 10605 21172
5 10395 10166 11298 21173
5 10041 6793 10570 21174
5 4591 10218 10292 21175
5 4591 10137 10218 21176
5 11041 10655 11177 21177
5 3406 10095 11143 21178
5 10420 5101 11309 21179
5 5251 5257 11121 21180
5 10139 11355 11360 21181
5 10217 3444 10654 21182
5 10348 10217 10654 21183
5 10079 5289 10338 21184
5 9888 3525 10152 21185
5 4584 10611 10974 21186
5 5059 3791 11229 21187
5 5144 4450 11082 21188
5 10269 6921 11079 21189
5 10037 4585 10974 21190
5 4012 10392 10768 21191
5 5730 5732 9274 21192
5 4447 9954 9955 21193
5 5760 10013 10014 21194
5 5183 11349 11351 21195
5 10655 3826 11177 21196
5 4603 10871 11104 21197
5 10708 4269 10710 21198
5 9887 6532 10257 21199
5 1434 1436 1437 21200
5 6896 10195 11084 21201
5 6536 9888 10567 21202
5 1079 2185 9662 21203
5 7893 6605 10182 21204
5 10611 10037 10974 21205
5 10182 6605 10184 21206
5 11170 4917 11206 21207
5 5783 10372 10617 21208
5 5143 4031 10697 21209
5 4507 10120 10206 21210
5 4498 10367 11261 21211
5 4470 9815 9816 21212
5 10081 10436 10437 21213
5 4596 4597 4687 21214
5 1428 1429 1490 21215
5 5537 10258 11292 21216
5 6958 3732 10218 21217
5 4563 10130 10191 21218
5 3559 10577 11364 21219
5 10372 9254 10617 21220
5 10635 3930 10906 21221
5 5301 3668 11143 21222
5 11171 4083 11206 21223
5 11189 4696 11191 21224
5 8057 10202 10233 21225
5 4039 10066 10120 21226
5 10604 5678 10605 21227
5 3661 10480 10481 21228
5 10155 10635 10906 21229
5 5237 5234 5255 21230
5 9701 4575 10175 21231
5 9254 9253 10617 21232
5 9851 5946 10489 21233
5 11355 4485 11360 21234
5 10108 10864 11133 21235
5 10304 7752 10899 21236
5 4303 10304 10899 21237
5 10239 8614 11157 21238
5 4901 5087 10272 21239
5 10533 4346 11141 21240
5 10487 5783 10617 21241
5 10357 4348 11247 21242
5 3760 10557 11229 21243
5 5782 10160 10178 21244
5 10224 8749 11151 21245
5 9723 4445 10110 21246
5 4670 10471 10921 21247
5 10219 10202 10954 21248
5 3948 9998 10564 21249
5 10327 5282 10328 21250
5 9314 9313 9315 21251
5 10764 3806 10765 21252
5 9948 3414 11166 21253
5 10573 4883 10579 21254
5 10245 5860 10706 21255
5 10146 5104 10147 21256
5 11321 4299 11322 21257
5 5087 5089 10272 21258
5 3775 10295 11013 21259
5 9776 5006 10876 21260
5 4555 4551 9979 21261
5 9911 4523 10163 21262
5 10436 4901 10437 21263
5 9253 10487 10617 21264
5 5233 1080 9662 21265
5 11266 3478 11325 21266
5 3737 9993 10397 21267
5 1339 2343 10333 21268
5 4774 4773 10095 21269
5 10024 10205 11160 21270
5 10428 9827 10429 21271
5 10230 5716 10231 21272
5 4187 10202 10219 21273
5 4234 10428 10429 21274
5 10045 9648 11057 21275
5 10272 4900 10437 21276
5 5156 3789 10564 21277
5 10543 4337 11273 21278
5 10905 4616 10906 21279
5 6612 7068 10582 21280
5 10145 5102 11319 21281
5 4998 11065 11066 21282
5 10330 8434 10998 21283
5 10349 10348 10654 21284
5 10367 9136 11261 21285
5 10205 9647 11160 21286
5 5477 6900 6901 21287
5 4922 10201 10616 21288
5 10662 4083 10776 21289
5 10137 6958 10218 21290
5 10108 4029 10864 21291
5 7224 10349 10654 21292
5 10023 4491 10024 21293
5 10520 3483 10619 21294
5 4627 10227 11022 21295
5 6481 10343 10676 21296
5 10259 5537 11292 21297
5 3808 11063 11082 21298
5 10281 3994 10282 21299
5 3754 10432 10692 21300
5 11021 4627 11022 21301
5 4917 11171 11206 21302
5 10520 10096 10870 21303
5 8270 8252 11141 21304
5 10201 4921 10616 21305
5 4164 10471 10836 21306
5 4584 10974 10975 21307
5 4299 10966 11322 21308
5 4616 10155 10906 21309
5 3827 11041 11177 21310
5 10432 4599 10692 21311
5 10331 4601 10690 21312
5 10406 6367 10407 21313
5 9817 6882 10177 21314
5 5730 9274 10753 21315
5 10214 5183 11150 21316
5 5102 10146 10147 21317
5 5477 6901 10099 21318
5 5255 5233 9662 21319
5 3819 10079 10338 21320
5 3819 10338 10611 21321
5 10479 11021 11022 21322
5 4624 10313 11333 21323
5 10501 10905 10906 21324
5 5274 11282 11283 21325
5 4901 10272 10437 21326
5 3787 10479 11022 21327
5 3930 10501 10906 21328
5 1429 1399 1660 21329
5 4258 4256 10712 21330
5 9139 4448 10828 21331
5 9786 4484 9867 21332
5 10115 4560 10365 21333
5 9938 4561 9991 21334
5 4790 4586 10619 21335
5 4586 8816 10096 21336
5 10157 4598 10432 21337
5 11287 4617 11314 21338
5 5410 4619 10462 21339
5 5156 4626 10479 21340
5 10469 4671 10920 21341
5 4878 9518 10126 21342
5 4895 4893 4896 21343
5 7398 4968 10806 21344
5 9450 4969 10358 21345
5 5019 7542 11289 21346
5 5096 10724 10725 21347
5 9015 5191 9985 21348
5 9373 5228 10933 21349
5 5245 5243 5251 21350
5 5249 5247 5258 21351
5 5273 10886 10887 21352
5 9437 5283 10923 21353
5 5561 5558 7266 21354
5 5565 5563 10263 21355
5 10158 5637 11175 21356
5 5649 5648 9903 21357
5 5732 5735 5741 21358
5 5772 9145 10738 21359
5 5876 5874 7312 21360
5 7844 5982 10820 21361
5 5984 7848 10766 21362
5 6015 8405 10965 21363
5 10877 6135 10943 21364
5 6136 10556 11059 21365
5 6311 8623 10681 21366
5 6367 9925 10228 21367
5 6956 6958 9438 21368
5 9679 7248 9792 21369
5 9597 7429 10561 21370
5 7585 7584 9145 21371
5 7713 7714 10329 21372
5 8418 8417 10053 21373
5 8457 8456 10371 21374
5 8991 8993 10349 21375
5 9015 9016 10016 21376
5 9341 9340 10031 21377
5 9410 9409 9822 21378
5 9903 9510 10763 21379
5 9574 9575 11206 21380
5 9577 9576 10661 21381
5 9594 9593 11349 21382
5 9967 10256 10984 21383
NPOIN= 11365
0 0 0
0 0.03 1
0.045 0.03 2
0.045 0.04 3
0.005 0.04 4
0.005 0.067 5
0.012 0.067 6
0.012 0.075 7
0.207 0.067 8
0.207 0.075 9
0.013 0.067 10
0.013 0.075 11
0.215 0.0475 12
0.208 0.067 13
0.208 0.075 14
0.215 0.067 15
0.16 0.0475 16
0.16 0.0375 17
0.225 0.0375 18
0.225 0.048 19
0.305 0.048 20
0.305 0.035 21
0.313 0.035 22
0.313 0.018 23
0.328 0.018 24
0.328 0 25
0.0444029850746244 0.04 26
0.04380597014924879 0.04 27
0.04320895522387654 0.04 28
0.04261194029850611 0.04 29
0.04201492537313569 0.04 30
0.04141791044776526 0.04 31
0.04082089552239485 0.04 32
0.04022388059702442 0.04 33
0.039626865671654 0.04 34
0.03902985074628357 0.04 35
0.03843283582091316 0.04 36
0.03783582089554148 0.04 37
0.03723880597016847 0.04 38
0.03664179104479783 0.04 39
0.03604477611942516 0.04 40
0.03544776119405214 0.04 41
0.03485074626867978 0.04 42
0.03425373134330936 0.04 43
0.03365671641793893 0.04 44
0.03305970149256851 0.04 45
0.03246268656719808 0.04 46
0.03186567164182766 0.04 47
0.03126865671645724 0.04 48
0.03067164179108624 0.04 49
0.03007462686571332 0.04 50
0.02947761194034031 0.04 51
0.02888059701496876 0.04 52
0.02828358208959834 0.04 53
0.02768656716422764 0.04 54
0.02708955223885504 0.04 55
0.02649253731348202 0.04 56
0.02589552238810987 0.04 57
0.02529850746273941 0.04 58
0.0247014925373664 0.04 59
0.02410447761199082 0.04 60
0.02350746268661575 0.04 61
0.02291044776124258 0.04 62
0.02231343283586916 0.04 63
0.02171641791049383 0.04 64
0.02111940298511823 0.04 65
0.02052238805974263 0.04 66
0.01992537313436702 0.04 67
0.0193283582089923 0.04 68
0.01873134328361929 0.04 69
0.01813432835824561 0.04 70
0.01753731343287003 0.04 71
0.01694029850749443 0.04 72
0.01634328358211882 0.04 73
0.01574626865674363 0.04 74
0.01514925373137035 0.04 75
0.01455223880599734 0.04 76
0.01395522388062318 0.04 77
0.01335820895524758 0.04 78
0.01276119402987198 0.04 79
0.01216417910449637 0.04 80
0.01156716417912077 0.04 81
0.01097014925374516 0.04 82
0.01037313432836957 0.04 83
0.009776119402993957 0.04 84
0.009179104477621415 0.04 85
0.008582089552250989 0.04 86
0.007985074626877996 0.04 87
0.007388059701502386 0.04 88
0.006791044776126784 0.04 89
0.006194029850751188 0.04 90
0.005597014925375586 0.04 91
0.0455804645710752 0.03003380821134277 92
0.04615307935533407 0.03013477564748527 93
0.04671010071958502 0.0303015368971466 94
0.04724399590719969 0.03053183680149538 95
0.04774754489746458 0.03082256094761199 96
0.04821393805711036 0.03116977779168653 97
0.04863686821744791 0.03156879182081336 98
0.04901061597342305 0.03201420705444535 99
0.04933012702862209 0.0325000000168007 100
0.04959108054325713 0.03301960119033417 101
0.04978994756772034 0.03356598385696326 102
0.04992403876953637 0.03413175913704621 103
0.0499915407927899 0.0347092758800608 104
0.04999154078991344 0.03529072416932603 105
0.04992403876116663 0.03586824091042094 106
0.04978994755649577 0.03643401618052945 107
0.04959108052873724 0.03698039884332673 108
0.04933012701226226 0.03750000001153535 109
0.04901061595521744 0.03798579297000904 110
0.0486368681981395 0.03843120819965237 111
0.04821393804097399 0.03883022222185349 112
0.0477475448827869 0.03917743906204167 113
0.04724399589516699 0.03946816320454767 114
0.04671010071106534 0.03969846310595432 115
0.04615307935076285 0.03986522435359813 116
0.04558046456747379 0.03996619178907818 117
0.005 0.04059999999999979 118
0.005 0.04119999999999822 119
0.005 0.04179999999999665 120
0.005 0.04239999999999509 121
0.005 0.04299999999999352 122
0.005 0.04359999999999196 123
0.005 0.04419999999999162 124
0.005 0.04479999999999153 125
0.005 0.04539999999998997 126
0.005 0.04599999999999111 127
0.005 0.04659999999998955 128
0.005 0.04719999999998797 129
0.005 0.04779999999998641 130
0.005 0.04839999999998373 131
0.005 0.04899999999998328 132
0.005 0.04959999999998171 133
0.005 0.05019999999997743 134
0.005 0.05079999999997586 135
0.005 0.05139999999997288 136
0.005 0.05199999999997002 137
0.005 0.05259999999996945 138
0.005 0.05319999999996688 139
0.005 0.05379999999996532 140
0.005 0.05439999999996683 141
0.005 0.05499999999996776 142
0.005 0.05559999999997005 143
0.005 0.05619999999997234 144
0.005 0.05679999999997327 145
0.005 0.05739999999997557 146
0.005 0.0579999999999765 147
0.005 0.05859999999997879 148
0.005 0.05919999999998105 149
0.005 0.05979999999998084 150
0.005 0.06039999999998159 151
0.005 0.06099999999998253 152
0.005 0.06159999999998211 153
0.005 0.06219999999998575 154
0.005 0.06279999999998656 155
0.005 0.06339999999999024 156
0.005 0.06399999999999156 157
0.005 0.06459999999999169 158
0.005 0.06519999999999657 159
0.005 0.065799999999995 160
0.005 0.06639999999999928 161
0.005583333333332289 0.067 162
0.006166666666663844 0.067 163
0.006749999999995852 0.067 164
0.007333333333327013 0.067 165
0.007916666666658904 0.067 166
0.008499999999990685 0.067 167
0.009083333333325401 0.067 168
0.009666666666659779 0.067 169
0.01024999999999551 0.067 170
0.01083333333332989 0.067 171
0.01141666666666517 0.067 172
0.012 0.06757142857141928 173
0.012 0.0681428571428494 174
0.012 0.06871428571427952 175
0.012 0.06928571428570963 176
0.012 0.06985714285713976 177
0.012 0.07042857142856988 178
0.012 0.07099999999998916 179
0.012 0.07157142857141928 180
0.012 0.0721428571428494 181
0.012 0.07271428571427951 182
0.012 0.07328571428570964 183
0.012 0.07385714285713976 184
0.012 0.07442857142856987 185
0.013 0.06757142857141928 186
0.013 0.0681428571428494 187
0.013 0.06871428571427952 188
0.013 0.06928571428570963 189
0.013 0.06985714285713976 190
0.013 0.07042857142856988 191
0.013 0.07099999999998916 192
0.013 0.07157142857141928 193
0.013 0.0721428571428494 194
0.013 0.07271428571427951 195
0.013 0.07328571428570964 196
0.013 0.07385714285713976 197
0.013 0.07442857142856987 198
0.01359876543209743 0.067 199
0.01419753086419485 0.067 200
0.01479629629629228 0.067 201
0.01539506172838971 0.067 202
0.01599382716048714 0.067 203
0.01659259259258456 0.067 204
0.01719135802468199 0.067 205
0.01779012345677942 0.067 206
0.01838888888887685 0.067 207
0.01898765432097427 0.067 208
0.0195864197530717 0.067 209
0.02018518518516913 0.067 210
0.02078395061726647 0.067 211
0.02138271604936363 0.067 212
0.02198148148146079 0.067 213
0.02258024691355773 0.067 214
0.02317901234565462 0.067 215
0.02377777777775159 0.067 216
0.02437654320984875 0.067 217
0.02497530864194591 0.067 218
0.02557407407404347 0.067 219
0.02617283950614117 0.067 220
0.02677160493823892 0.067 221
0.02737037037033688 0.067 222
0.02796913580243485 0.067 223
0.02856790123453281 0.067 224
0.02916666666663077 0.067 225
0.02976543209872873 0.067 226
0.0303641975308267 0.067 227
0.03096296296292466 0.067 228
0.03156172839502262 0.067 229
0.03216049382712059 0.067 230
0.03275925925921856 0.067 231
0.03335802469131652 0.067 232
0.03395679012341448 0.067 233
0.03455555555551244 0.067 234
0.03515432098761041 0.067 235
0.03575308641970837 0.067 236
0.03635185185180633 0.067 237
0.03695061728390429 0.067 238
0.03754938271600199 0.067 239
0.03814814814809942 0.067 240
0.03874691358019685 0.067 241
0.03934567901229376 0.067 242
0.03994444444439065 0.067 243
0.04054320987648754 0.067 244
0.04114197530858444 0.067 245
0.04174074074068133 0.067 246
0.04233950617277822 0.067 247
0.04293827160487512 0.067 248
0.043537037036972 0.067 249
0.0441358024690689 0.067 250
0.04473456790116578 0.067 251
0.04533333333326268 0.067 252
0.04593209876535957 0.067 253
0.04653086419745647 0.067 254
0.04712962962955336 0.067 255
0.04772839506165025 0.067 256
0.04832716049374715 0.067 257
0.04892592592584404 0.067 258
0.04952469135794094 0.067 259
0.05012345679003782 0.067 260
0.05072222222213472 0.067 261
0.0513209876542316 0.067 262
0.0519197530863285 0.067 263
0.05251851851842539 0.067 264
0.05311728395052228 0.067 265
0.05371604938261917 0.067 266
0.05431481481471606 0.067 267
0.05491358024681296 0.067 268
0.05551234567890984 0.067 269
0.05611111111100673 0.067 270
0.05670987654310362 0.067 271
0.05730864197520052 0.067 272
0.05790740740729741 0.067 273
0.05850617283939433 0.067 274
0.05910493827149176 0.067 275
0.05970370370358918 0.067 276
0.0603024691356869 0.067 277
0.06090123456778486 0.067 278
0.06149999999988282 0.067 279
0.06209876543198078 0.067 280
0.06269753086407875 0.067 281
0.0632962962961762 0.067 282
0.0638950617282731 0.067 283
0.06449382716036998 0.067 284
0.06509259259246687 0.067 285
0.06569135802456377 0.067 286
0.06629012345666066 0.067 287
0.06688888888875755 0.067 288
0.06748765432085443 0.067 289
0.06808641975295134 0.067 290
0.06868518518504822 0.067 291
0.06928395061714512 0.067 292
0.06988271604924201 0.067 293
0.0704814814813389 0.067 294
0.07108024691343579 0.067 295
0.07167901234553267 0.067 296
0.07227777777762957 0.067 297
0.07287654320972646 0.067 298
0.07347530864182335 0.067 299
0.07407407407392025 0.067 300
0.07467283950601712 0.067 301
0.07527160493811426 0.067 302
0.07587037037021221 0.067 303
0.07646913580231017 0.067 304
0.0770679012344074 0.067 305
0.07766666666650429 0.067 306
0.07826543209860119 0.067 307
0.07886419753069808 0.067 308
0.07946296296279497 0.067 309
0.08006172839489187 0.067 310
0.08066049382698874 0.067 311
0.08125925925908564 0.067 312
0.08185802469118253 0.067 313
0.08245679012327942 0.067 314
0.08305555555537691 0.067 315
0.08365432098747487 0.067 316
0.08425308641957284 0.067 317
0.0848518518516708 0.067 318
0.08545061728376876 0.067 319
0.08604938271586673 0.067 320
0.08664814814796469 0.067 321
0.08724691358006265 0.067 322
0.08784567901215957 0.067 323
0.08844444444425648 0.067 324
0.08904320987635335 0.067 325
0.08964197530845025 0.067 326
0.09024074074054714 0.067 327
0.09083950617264404 0.067 328
0.09143827160474093 0.067 329
0.09203703703683783 0.067 330
0.09263580246893471 0.067 331
0.09323456790103161 0.067 332
0.0938333333331285 0.067 333
0.0944320987652254 0.067 334
0.09503086419732229 0.067 335
0.09562962962941919 0.067 336
0.09622839506151608 0.067 337
0.09682716049361298 0.067 338
0.09742592592570987 0.067 339
0.09802469135780677 0.067 340
0.09862345678990365 0.067 341
0.09922222222200056 0.067 342
0.09982098765409744 0.067 343
0.1004197530861943 0.067 344
0.1010185185182912 0.067 345
0.1016172839503881 0.067 346
0.102216049382485 0.067 347
0.1028148148145819 0.067 348
0.1034135802466788 0.067 349
0.1040123456787757 0.067 350
0.1046111111108726 0.067 351
0.1052098765429695 0.067 352
0.1058086419750664 0.067 353
0.1064074074071633 0.067 354
0.1070061728392602 0.067 355
0.1076049382713571 0.067 356
0.108203703703454 0.067 357
0.1088024691355514 0.067 358
0.1094012345676494 0.067 359
0.1099999999997474 0.067 360
0.1105987654318475 0.067 361
0.1111975308639476 0.067 362
0.1117962962960482 0.067 363
0.1123950617281494 0.067 364
0.1129938271602505 0.067 365
0.1135925925923517 0.067 366
0.1141913580244529 0.067 367
0.1147901234565541 0.067 368
0.1153888888886552 0.067 369
0.1159876543207564 0.067 370
0.1165864197528566 0.067 371
0.1171851851849567 0.067 372
0.1177839506170569 0.067 373
0.118382716049157 0.067 374
0.1189814814812571 0.067 375
0.1195802469133572 0.067 376
0.1201790123454573 0.067 377
0.1207777777775574 0.067 378
0.1213765432096575 0.067 379
0.1219753086417576 0.067 380
0.1225740740738577 0.067 381
0.1231728395059578 0.067 382
0.1237716049380579 0.067 383
0.1243703703701581 0.067 384
0.1249691358022582 0.067 385
0.1255679012343583 0.067 386
0.1261666666664584 0.067 387
0.1267654320985585 0.067 388
0.1273641975306586 0.067 389
0.1279629629627587 0.067 390
0.1285617283948588 0.067 391
0.1291604938269589 0.067 392
0.129759259259059 0.067 393
0.1303580246911591 0.067 394
0.1309567901232592 0.067 395
0.1315555555553593 0.067 396
0.1321543209874594 0.067 397
0.1327530864195596 0.067 398
0.1333518518516597 0.067 399
0.1339506172837598 0.067 400
0.1345493827158599 0.067 401
0.13514814814796 0.067 402
0.1357469135800601 0.067 403
0.1363456790121602 0.067 404
0.1369444444442603 0.067 405
0.1375432098763604 0.067 406
0.1381419753084606 0.067 407
0.1387407407405606 0.067 408
0.1393395061726607 0.067 409
0.1399382716047609 0.067 410
0.140537037036861 0.067 411
0.1411358024689611 0.067 412
0.1417345679010612 0.067 413
0.1423333333331613 0.067 414
0.1429320987652614 0.067 415
0.1435308641973615 0.067 416
0.1441296296294616 0.067 417
0.1447283950615617 0.067 418
0.1453271604936618 0.067 419
0.145925925925762 0.067 420
0.146524691357862 0.067 421
0.1471234567899622 0.067 422
0.1477222222220622 0.067 423
0.1483209876541624 0.067 424
0.1489197530862625 0.067 425
0.1495185185183626 0.067 426
0.1501172839504627 0.067 427
0.1507160493825628 0.067 428
0.1513148148146629 0.067 429
0.151913580246763 0.067 430
0.1525123456788634 0.067 431
0.1531111111109656 0.067 432
0.1537098765430679 0.067 433
0.1543086419751701 0.067 434
0.1549074074072724 0.067 435
0.1555061728393745 0.067 436
0.1561049382714746 0.067 437
0.1567037037035747 0.067 438
0.1573024691356748 0.067 439
0.1579012345677749 0.067 440
0.158499999999875 0.067 441
0.1590987654319773 0.067 442
0.1596975308640795 0.067 443
0.1602962962961818 0.067 444
0.160895061728284 0.067 445
0.1614938271603862 0.067 446
0.1620925925924865 0.067 447
0.1626913580245866 0.067 448
0.1632901234566867 0.067 449
0.1638888888887868 0.067 450
0.1644876543208869 0.067 451
0.165086419752987 0.067 452
0.1656851851850871 0.067 453
0.1662839506171872 0.067 454
0.1668827160492873 0.067 455
0.1674814814813874 0.067 456
0.1680802469134876 0.067 457
0.1686790123455877 0.067 458
0.1692777777776877 0.067 459
0.1698765432097879 0.067 460
0.170475308641888 0.067 461
0.1710740740739881 0.067 462
0.1716728395060882 0.067 463
0.1722716049381883 0.067 464
0.1728703703702884 0.067 465
0.1734691358023885 0.067 466
0.1740679012344886 0.067 467
0.1746666666665887 0.067 468
0.1752654320986888 0.067 469
0.175864197530789 0.067 470
0.1764629629628891 0.067 471
0.1770617283949892 0.067 472
0.1776604938270893 0.067 473
0.1782592592591894 0.067 474
0.1788580246912895 0.067 475
0.1794567901233896 0.067 476
0.1800555555554897 0.067 477
0.1806543209875898 0.067 478
0.1812530864196899 0.067 479
0.18185185185179 0.067 480
0.1824506172838901 0.067 481
0.1830493827159902 0.067 482
0.1836481481480904 0.067 483
0.1842469135801905 0.067 484
0.1848456790122906 0.067 485
0.1854444444443907 0.067 486
0.1860432098764908 0.067 487
0.1866419753085909 0.067 488
0.187240740740691 0.067 489
0.1878395061727911 0.067 490
0.1884382716048912 0.067 491
0.1890370370369913 0.067 492
0.1896358024690914 0.067 493
0.1902345679011915 0.067 494
0.1908333333332916 0.067 495
0.1914320987653918 0.067 496
0.1920308641974919 0.067 497
0.192629629629592 0.067 498
0.1932283950616921 0.067 499
0.1938271604937922 0.067 500
0.1944259259258923 0.067 501
0.1950246913579924 0.067 502
0.1956234567900925 0.067 503
0.1962222222221926 0.067 504
0.1968209876542927 0.067 505
0.1974197530863928 0.067 506
0.1980185185184929 0.067 507
0.1986172839505931 0.067 508
0.1992160493826932 0.067 509
0.1998148148147933 0.067 510
0.2004135802468933 0.067 511
0.2010123456789935 0.067 512
0.2016111111110936 0.067 513
0.2022098765431937 0.067 514
0.2028086419752938 0.067 515
0.2034074074073939 0.067 516
0.204006172839494 0.067 517
0.2046049382715942 0.067 518
0.2052037037036942 0.067 519
0.2058024691357955 0.067 520
0.2064012345678977 0.067 521
0.01249999999999864 0.075 522
0.207 0.06757142857141928 523
0.207 0.0681428571428494 524
0.207 0.06871428571427952 525
0.207 0.06928571428570963 526
0.207 0.06985714285713976 527
0.207 0.07042857142856988 528
0.207 0.07099999999998916 529
0.207 0.07157142857141928 530
0.207 0.0721428571428494 531
0.207 0.07271428571427951 532
0.207 0.07328571428570964 533
0.207 0.07385714285713976 534
0.207 0.07442857142856987 535
0.2074999999999891 0.075 536
0.208 0.07442857142857956 537
0.208 0.07385714285714828 538
0.208 0.07328571428571699 539
0.208 0.07271428571428572 540
0.208 0.07214285714285443 541
0.208 0.07157142857142315 542
0.208 0.07100000000000542 543
0.208 0.07042857142858228 544
0.208 0.06985714285715099 545
0.208 0.06928571428571971 546
0.208 0.06871428571428843 547
0.208 0.06814285714285714 548
0.208 0.06757142857142587 549
0.2085833333333279 0.067 550
0.2091666666666667 0.067 551
0.2097499999999946 0.067 552
0.2103333333333225 0.067 553
0.2109166666666612 0.067 554
0.2114999999999891 0.067 555
0.2120833333333171 0.067 556
0.2126666666666558 0.067 557
0.2132499999999946 0.067 558
0.2138333333333333 0.067 559
0.2144166666666721 0.067 560
0.215 0.06640909090909371 561
0.215 0.06581818181817993 562
0.215 0.06522727272727397 563
0.215 0.06463636363636668 564
0.215 0.06404545454545768 565
0.215 0.06345454545455335 566
0.215 0.06286363636364509 567
0.215 0.06227272727273463 568
0.215 0.06168181818182707 569
0.215 0.06109090909091999 570
0.215 0.06050000000001356 571
0.215 0.05990909090910546 572
0.215 0.05931818181819723 573
0.215 0.05872727272729245 574
0.215 0.05813636363638385 575
0.215 0.05754545454547484 576
0.215 0.05695454545456736 577
0.215 0.05636363636365683 578
0.215 0.05577272727274823 579
0.215 0.05518181818183861 580
0.215 0.05459090909092647 581
0.215 0.05400000000001627 582
0.215 0.05340909090910714 583
0.215 0.05281818181819452 584
0.215 0.05222727272728165 585
0.215 0.05163636363637547 586
0.215 0.05104545454546527 587
0.215 0.0504545454545556 588
0.215 0.04986363636364351 589
0.215 0.04927272727273146 590
0.215 0.04868181818182041 591
0.215 0.04809090909091156 592
0.2144021739130412 0.0475 593
0.2138043478260879 0.0475 594
0.2132065217391345 0.0475 595
0.2126086956521812 0.0475 596
0.2120108695652279 0.0475 597
0.2114130434782745 0.0475 598
0.2108152173913212 0.0475 599
0.2102173913043671 0.0475 600
0.2096195652174034 0.0475 601
0.2090217391304399 0.0475 602
0.2084239130434861 0.0475 603
0.2078260869565328 0.0475 604
0.2072282608695795 0.0475 605
0.2066304347826261 0.0475 606
0.2060326086956728 0.0475 607
0.2054347826087194 0.0475 608
0.2048369565217661 0.0475 609
0.2042391304348128 0.0475 610
0.2036413043478594 0.0475 611
0.2030434782609061 0.0475 612
0.2024456521739527 0.0475 613
0.2018478260869994 0.0475 614
0.2012500000000461 0.0475 615
0.2006521739130927 0.0475 616
0.2000543478261394 0.0475 617
0.1994565217391851 0.0475 618
0.1988586956522212 0.0475 619
0.1982608695652527 0.0475 620
0.1976630434782935 0.0475 621
0.1970652173913402 0.0475 622
0.1964673913043868 0.0475 623
0.1958695652174335 0.0475 624
0.1952717391304802 0.0475 625
0.1946739130435268 0.0475 626
0.1940760869565735 0.0475 627
0.1934782608696201 0.0475 628
0.1928804347826668 0.0475 629
0.1922826086957135 0.0475 630
0.1916847826087601 0.0475 631
0.1910869565218068 0.0475 632
0.1904891304348534 0.0475 633
0.1898913043479001 0.0475 634
0.1892934782609468 0.0475 635
0.1886956521739934 0.0475 636
0.1880978260870368 0.0475 637
0.1875000000000705 0.0475 638
0.1869021739131021 0.0475 639
0.1863043478261379 0.0475 640
0.1857065217391834 0.0475 641
0.18510869565223 0.0475 642
0.1845108695652767 0.0475 643
0.1839130434783234 0.0475 644
0.18331521739137 0.0475 645
0.1827173913044167 0.0475 646
0.1821195652174605 0.0475 647
0.1815217391304996 0.0475 648
0.1809239130435458 0.0475 649
0.1803260869565925 0.0475 650
0.1797282608696391 0.0475 651
0.1791304347826858 0.0475 652
0.1785326086957325 0.0475 653
0.1779347826087709 0.0475 654
0.1773369565218024 0.0475 655
0.176739130434834 0.0475 656
0.1761413043478656 0.0475 657
0.1755434782608972 0.0475 658
0.1749456521739299 0.0475 659
0.1743478260869723 0.0475 660
0.173750000000019 0.0475 661
0.1731521739130656 0.0475 662
0.1725543478261123 0.0475 663
0.171956521739159 0.0475 664
0.1713586956522026 0.0475 665
0.1707608695652417 0.0475 666
0.1701630434782881 0.0475 667
0.1695652173913348 0.0475 668
0.1689673913043814 0.0475 669
0.1683695652174281 0.0475 670
0.1677717391304747 0.0475 671
0.1671739130435198 0.0475 672
0.1665760869565551 0.0475 673
0.1659782608695867 0.0475 674
0.1653804347826182 0.0475 675
0.1647826086956498 0.0475 676
0.1641847826086828 0.0475 677
0.1635869565217254 0.0475 678
0.1629891304347721 0.0475 679
0.1623913043478188 0.0475 680
0.1617934782608655 0.0475 681
0.1611956521739121 0.0475 682
0.1605978260869588 0.0475 683
0.1594195354186956 0.04746619178746161 684
0.1588469206399428 0.04736522435139533 685
0.1582898992743593 0.04719846310064932 686
0.1577560040853856 0.04696816319478081 687
0.1572524550988851 0.04667743904998718 688
0.1567860619410598 0.04633022220677806 689
0.1563631317807372 0.04593120817726295 690
0.1559893840267055 0.04548579294572727 691
0.1556698729726571 0.04499999998541494 692
0.1554089194582056 0.04448039881305691 693
0.155210052432826 0.0439340161448618 694
0.1550759612312589 0.04336824086746388 695
0.1550084592074427 0.04279072412393187 696
0.1550084592097452 0.04220927583653581 697
0.1550759612374847 0.04163175909722783 698
0.1552100524414594 0.0410659838263008 699
0.1554089194684014 0.04051960116330674 700
0.155669872985867 0.03999999999170487 701
0.1559893840407781 0.03951420703536997 702
0.1563631317967757 0.03906879180573725 703
0.156786061953451 0.03866977778282455 704
0.1572524551101334 0.03832256094261471 705
0.1577560040968373 0.03803183679946792 706
0.1582898992806046 0.03780153689707761 707
0.158846920643494 0.03763477564776304 708
0.159419535420071 0.03753380821237763 709
0.1605963302752294 0.0375 710
0.1611926605504553 0.0375 711
0.1617889908256857 0.0375 712
0.1623853211009122 0.0375 713
0.1629816513761409 0.0375 714
0.1635779816513713 0.0375 715
0.1641743119266016 0.0375 716
0.1647706422018299 0.0375 717
0.1653669724770569 0.0375 718
0.1659633027522873 0.0375 719
0.1665596330275126 0.0375 720
0.1671559633027425 0.0375 721
0.1677522935779715 0.0375 722
0.1683486238531978 0.0375 723
0.1689449541284282 0.0375 724
0.1695412844036543 0.0375 725
0.1701376146788783 0.0375 726
0.170733944954103 0.0375 727
0.1713302752293333 0.0375 728
0.171926605504561 0.0375 729
0.1725229357797886 0.0375 730
0.173119266055019 0.0375 731
0.1737155963302439 0.0375 732
0.1743119266054743 0.0375 733
0.1749082568807027 0.0375 734
0.1755045871559267 0.0375 735
0.1761009174311506 0.0375 736
0.1766972477063794 0.0375 737
0.1772935779816094 0.0375 738
0.1778899082568347 0.0375 739
0.178486238532065 0.0375 740
0.1790825688072923 0.0375 741
0.1796788990825203 0.0375 742
0.1802752293577507 0.0375 743
0.1808715596329756 0.0375 744
0.1814678899082059 0.0375 745
0.1820642201834339 0.0375 746
0.1826605504586613 0.0375 747
0.1832568807338916 0.0375 748
0.1838532110091167 0.0375 749
0.1844495412843407 0.0375 750
0.1850458715595664 0.0375 751
0.1856422018347967 0.0375 752
0.1862385321100235 0.0375 753
0.186834862385252 0.0375 754
0.1874311926604823 0.0375 755
0.1880275229357063 0.0375 756
0.1886238532109303 0.0375 757
0.1892201834861572 0.0375 758
0.1898165137613875 0.0375 759
0.1904128440366131 0.0375 760
0.1910091743118428 0.0375 761
0.1916055045870719 0.0375 762
0.1922018348622981 0.0375 763
0.1927981651375285 0.0375 764
0.1933944954127547 0.0375 765
0.1939908256879838 0.0375 766
0.1945871559632135 0.0375 767
0.195183486238439 0.0375 768
0.1957798165136694 0.0375 769
0.1963761467888998 0.0375 770
0.1969724770641345 0.0375 771
0.1975688073393659 0.0375 772
0.1981651376145971 0.0375 773
0.1987614678898338 0.0375 774
0.1993577981650705 0.0375 775
0.1999541284403072 0.0375 776
0.2005504587155439 0.0375 777
0.2011467889907805 0.0375 778
0.2017431192660109 0.0375 779
0.2023394495412412 0.0375 780
0.2029357798164686 0.0375 781
0.2035321100916965 0.0375 782
0.2041284403669268 0.0375 783
0.2047247706421518 0.0375 784
0.2053211009173821 0.0375 785
0.2059174311926102 0.0375 786
0.2065137614678374 0.0375 787
0.2071100917430677 0.0375 788
0.207706422018293 0.0375 789
0.208302752293523 0.0375 790
0.2088990825687534 0.0375 791
0.2094954128439863 0.0375 792
0.2100917431192195 0.0375 793
0.2106880733944499 0.0375 794
0.2112844036696856 0.0375 795
0.2118807339449223 0.0375 796
0.2124770642201591 0.0375 797
0.2130733944953958 0.0375 798
0.2136697247706325 0.0375 799
0.2142660550458645 0.0375 800
0.2148623853210949 0.0375 801
0.2154587155963241 0.0375 802
0.2160550458715502 0.0375 803
0.2166513761467805 0.0375 804
0.2172477064220069 0.0375 805
0.2178440366972358 0.0375 806
0.2184403669724657 0.0375 807
0.2190366972476911 0.0375 808
0.2196330275229214 0.0375 809
0.2202293577981485 0.0375 810
0.2208256880733767 0.0375 811
0.2214220183486071 0.0375 812
0.222018348623832 0.0375 813
0.222614678899064 0.0375 814
0.2232110091742981 0.0375 815
0.2238073394495285 0.0375 816
0.2244036697247633 0.0375 817
0.2255970149253705 0.048 818
0.2261940298507411 0.048 819
0.2267910447761116 0.048 820
0.2273880597014822 0.048 821
0.2279850746268527 0.048 822
0.2285820895522233 0.048 823
0.2291791044775938 0.048 824
0.2297761194029644 0.048 825
0.2303731343283381 0.048 826
0.2309701492537139 0.048 827
0.2315671641790896 0.048 828
0.2321641791044653 0.048 829
0.232761194029841 0.048 830
0.2333582089552147 0.048 831
0.2339552238805853 0.048 832
0.2345522388059558 0.048 833
0.2351492537313264 0.048 834
0.2357462686566969 0.048 835
0.2363432835820675 0.048 836
0.236940298507438 0.048 837
0.2375373134328085 0.048 838
0.2381343283581791 0.048 839
0.2387313432835496 0.048 840
0.2393283582089202 0.048 841
0.2399253731342907 0.048 842
0.2405223880596613 0.048 843
0.2411194029850318 0.048 844
0.2417164179104024 0.048 845
0.2423134328357729 0.048 846
0.2429104477611434 0.048 847
0.2435074626865173 0.048 848
0.244104477611893 0.048 849
0.2447014925372659 0.048 850
0.2452985074626365 0.048 851
0.2458955223880094 0.048 852
0.246492537313383 0.048 853
0.2470895522387535 0.048 854
0.247686567164124 0.048 855
0.2482835820894946 0.048 856
0.2488805970148651 0.048 857
0.2494776119402348 0.048 858
0.2500746268656008 0.048 859
0.2506716417909718 0.048 860
0.2512686567163475 0.048 861
0.2518656716417232 0.048 862
0.2524626865670888 0.048 863
0.2530597014924541 0.048 864
0.2536567164178287 0.048 865
0.2542537313432044 0.048 866
0.2548507462685718 0.048 867
0.2554477611939373 0.048 868
0.2560447761193099 0.048 869
0.2566417910446856 0.048 870
0.2572388059700613 0.048 871
0.2578358208954371 0.048 872
0.2584328358208128 0.048 873
0.2590298507461885 0.048 874
0.2596268656715598 0.048 875
0.2602238805969214 0.048 876
0.2608208955222797 0.048 877
0.261417910447648 0.048 878
0.2620149253730237 0.048 879
0.2626119402983975 0.048 880
0.2632089552237629 0.048 881
0.2638059701491292 0.048 882
0.2644029850745049 0.048 883
0.2649999999998807 0.048 884
0.2655970149252461 0.048 885
0.2661940298506114 0.048 886
0.2667910447759861 0.048 887
0.2673880597013619 0.048 888
0.2679850746267376 0.048 889
0.2685820895521133 0.048 890
0.2691791044774891 0.048 891
0.2697761194028648 0.048 892
0.2703731343282405 0.048 893
0.2709701492536162 0.048 894
0.271567164178992 0.048 895
0.2721641791043677 0.048 896
0.2727611940297434 0.048 897
0.2733582089551191 0.048 898
0.2739552238804949 0.048 899
0.2745522388058706 0.048 900
0.2751492537312463 0.048 901
0.2757462686566199 0.048 902
0.2763432835819853 0.048 903
0.2769402985073518 0.048 904
0.2775373134327275 0.048 905
0.2781343283581034 0.048 906
0.2787313432834895 0.048 907
0.2793283582088756 0.048 908
0.2799253731342521 0.048 909
0.2805223880596278 0.048 910
0.281119402984995 0.048 911
0.2817164179103603 0.048 912
0.2823134328357333 0.048 913
0.2829104477611091 0.048 914
0.2835074626864847 0.048 915
0.2841044776118605 0.048 916
0.2847014925372362 0.048 917
0.285298507462612 0.048 918
0.2858955223879877 0.048 919
0.2864925373133634 0.048 920
0.2870895522387391 0.048 921
0.2876865671641148 0.048 922
0.2882835820894906 0.048 923
0.2888805970148686 0.048 924
0.2894776119402547 0.048 925
0.2900746268656395 0.048 926
0.2906716417910152 0.048 927
0.2912686567163906 0.048 928
0.2918656716417559 0.048 929
0.2924626865671213 0.048 930
0.2930597014924964 0.048 931
0.2936567164178721 0.048 932
0.2942537313432566 0.048 933
0.2948507462686426 0.048 934
0.2954477611940209 0.048 935
0.2960447761193967 0.048 936
0.2966417910447656 0.048 937
0.2972388059701246 0.048 938
0.2978358208954855 0.048 939
0.2984328358208562 0.048 940
0.2990298507462319 0.048 941
0.299626865671612 0.048 942
0.3002238805969981 0.048 943
0.3008208955223808 0.048 944
0.3014179104477565 0.048 945
0.3020149253731298 0.048 946
0.3026119402984951 0.048 947
0.303208955223862 0.048 948
0.3038059701492377 0.048 949
0.3044029850746139 0.048 950
0.305 0.04740909090909128 951
0.305 0.04681818181818749 952
0.305 0.04622727272727852 953
0.305 0.04563636363637288 954
0.305 0.045045454545466 955
0.305 0.04445454545455704 956
0.305 0.04386363636365251 957
0.305 0.04327272727274453 958
0.305 0.04268181818183556 959
0.305 0.04209090909093176 960
0.305 0.04150000000002033 961
0.305 0.04090909090910508 962
0.305 0.04031818181819968 963
0.305 0.0397272727272853 964
0.305 0.03913636363637189 965
0.305 0.03854545454546736 966
0.305 0.03795454545455457 967
0.305 0.03736363636364068 968
0.305 0.03677272727273233 969
0.305 0.03618181818182102 970
0.305 0.03559090909090983 971
0.3055714285714193 0.035 972
0.3061428571428355 0.035 973
0.306714285714247 0.035 974
0.3072857142856663 0.035 975
0.3078571428570778 0.035 976
0.308428571428494 0.035 977
0.3089999999999133 0.035 978
0.3095714285713542 0.035 979
0.310142857142806 0.035 980
0.3107142857142253 0.035 981
0.311285714285688 0.035 982
0.3118571428571073 0.035 983
0.3124285714285591 0.035 984
0.313 0.03441379310344996 985
0.313 0.03382758620689991 986
0.313 0.03324137931034987 987
0.313 0.03265517241379712 988
0.313 0.03206896551724708 989
0.313 0.03148275862069769 990
0.313 0.03089655172414821 991
0.313 0.03031034482759737 992
0.313 0.02972413793104653 993
0.313 0.02913793103449569 994
0.313 0.02855172413794756 995
0.313 0.02796551724139673 996
0.313 0.02737931034484589 997
0.313 0.02679310344829654 998
0.313 0.02620689655174529 999
0.313 0.02562068965519253 1000
0.313 0.0250344827586398 1001
0.313 0.02444827586208567 1002
0.313 0.02386206896553292 1003
0.313 0.02327586206898017 1004
0.313 0.02268965517242471 1005
0.313 0.02210344827587196 1006
0.313 0.02151724137931921 1007
0.313 0.02093103448276506 1008
0.313 0.02034482758621236 1009
0.313 0.0197586206896596 1010
0.313 0.01917241379310697 1011
0.313 0.01858620689655343 1012
0.3135999999999926 0.018 1013
0.3141999999999744 0.018 1014
0.3147999999999996 0.018 1015
0.3153999999999814 0.018 1016
0.315999999999987 0.018 1017
0.3165999999999883 0.018 1018
0.3171999999999701 0.018 1019
0.3177999999999953 0.018 1020
0.318399999999977 0.018 1021
0.318999999999974 0.018 1022
0.319599999999984 0.018 1023
0.3201999999999657 0.018 1024
0.3208000000000126 0.018 1025
0.3213999999999944 0.018 1026
0.3220000000000043 0.018 1027
0.3226000000000013 0.018 1028
0.3231999999999831 0.018 1029
0.3238000000000082 0.018 1030
0.32439999999999 0.018 1031
0.3249999999999914 0.018 1032
0.325599999999997 0.018 1033
0.3261999999999788 0.018 1034
0.3268000000000256 0.018 1035
0.3274000000000074 0.018 1036
0.328 0.01740000000000045 1037
0.328 0.01680000000000294 1038
0.328 0.01620000000000339 1039
0.328 0.01560000000000418 1040
0.328 0.01500000000000463 1041
0.328 0.01440000000000651 1042
0.328 0.01380000000000888 1043
0.328 0.01320000000001044 1044
0.328 0.01260000000001234 1045
0.328 0.01200000000001424 1046
0.328 0.01140000000001579 1047
0.328 0.01080000000001769 1048
0.328 0.01020000000001959 1049
0.328 0.009600000000020223 1050
0.328 0.00900000000002203 1051
0.328 0.00840000000002002 1052
0.328 0.007800000000020041 1053
0.328 0.007200000000017762 1054
0.328 0.006600000000015342 1055
0.328 0.006000000000015366 1056
0.328 0.005400000000013151 1057
0.328 0.004800000000010711 1058
0.328 0.004200000000010303 1059
0.328 0.003600000000007864 1060
0.328 0.003000000000005649 1061
0.328 0.00240000000000567 1062
0.328 0.001800000000004746 1063
0.328 0.001200000000003521 1064
0.328 0.0006000000000010858 1065
0 0.001938186391241216 1066
0 0.003876372782483496 1067
0 0.00581455917372326 1068
0 0.007752745564963063 1069
0 0.009690931956202754 1070
0 0.0116291183474426 1071
0 0.01356730473868245 1072
0 0.01550549112992522 1073
0 0.01744367752117696 1074
0 0.01938186391242733 1075
0 0.02132005030367907 1076
0 0.02325811820126773 1077
0 0.02494782260716423 1078
0 0.0261634324158873 1079
0 0.02703890914762444 1080
0 0.02767417633049901 1081
0 0.02825563224787388 1082
0 0.0288370881652495 1083
0 0.02941854408262543 1084
0.0005999999999988261 0.03 1085
0.001199999999997632 0.03 1086
0.001799999999996372 0.03 1087
0.00239999999999501 0.03 1088
0.002999999999993785 0.03 1089
0.003599999999992781 0.03 1090
0.004199999999991894 0.03 1091
0.004799999999990963 0.03 1092
0.005399999999989793 0.03 1093
0.005999999999988213 0.03 1094
0.006599999999986525 0.03 1095
0.007199999999984838 0.03 1096
0.007799999999983118 0.03 1097
0.00839999999998129 0.03 1098
0.008999999999979401 0.03 1099
0.009599999999977576 0.03 1100
0.01019999999997555 0.03 1101
0.01079999999997411 0.03 1102
0.01139999999997251 0.03 1103
0.01199999999997116 0.03 1104
0.01259999999996919 0.03 1105
0.01319999999996745 0.03 1106
0.01379999999996542 0.03 1107
0.01439999999996373 0.03 1108
0.01499999999996171 0.03 1109
0.01559999999996015 0.03 1110
0.01619999999995898 0.03 1111
0.01679999999995671 0.03 1112
0.01739999999995445 0.03 1113
0.017999999999953 0.03 1114
0.01859999999995127 0.03 1115
0.01919999999994901 0.03 1116
0.01979999999994696 0.03 1117
0.02039999999994653 0.03 1118
0.02099999999994492 0.03 1119
0.02159999999994265 0.03 1120
0.02219999999994049 0.03 1121
0.02279999999993996 0.03 1122
0.02339999999994144 0.03 1123
0.0239999999999438 0.03 1124
0.0245999999999455 0.03 1125
0.02519999999994603 0.03 1126
0.02579999999994817 0.03 1127
0.02639999999995047 0.03 1128
0.02699999999995113 0.03 1129
0.02759999999995254 0.03 1130
0.02819999999995491 0.03 1131
0.02879999999995727 0.03 1132
0.0293999999999581 0.03 1133
0.02999999999995928 0.03 1134
0.03059999999996164 0.03 1135
0.03119999999996349 0.03 1136
0.03179999999996371 0.03 1137
0.03239999999996376 0.03 1138
0.03299999999996499 0.03 1139
0.03359999999996947 0.03 1140
0.03419999999997415 0.03 1141
0.03479999999997749 0.03 1142
0.03539999999997755 0.03 1143
0.03599999999997761 0.03 1144
0.03659999999997765 0.03 1145
0.0371999999999777 0.03 1146
0.03779999999998051 0.03 1147
0.03839999999998518 0.03 1148
0.03899999999998859 0.03 1149
0.03959999999998873 0.03 1150
0.04019999999998878 0.03 1151
0.04079999999998882 0.03 1152
0.04139999999998886 0.03 1153
0.04199999999998955 0.03 1154
0.0425999999999935 0.03 1155
0.04319999999999818 0.03 1156
0.04379999999999991 0.03 1157
0.04439999999999995 0.03 1158
0.225 0.03808333333333077 1159
0.225 0.03866666666666425 1160
0.225 0.03924999999999503 1161
0.225 0.03983333333332776 1162
0.225 0.04041666666665929 1163
0.225 0.04099999999999277 1164
0.225 0.04158333333332626 1165
0.225 0.04216666666665703 1166
0.225 0.0427499999999878 1167
0.225 0.04333333333332008 1168
0.225 0.04391666666665477 1169
0.225 0.04449999999999096 1170
0.225 0.04508333333332716 1171
0.225 0.04566666666666064 1172
0.225 0.04624999999999503 1173
0.225 0.04683333333333002 1174
0.225 0.0474166666666638 1175
0.001994083854195255 0 1176
0.003988167708390595 0 1177
0.005982251562585971 0 1178
0.007976335416781308 0 1179
0.009970419270976421 0 1180
0.01196450312517119 0 1181
0.01395858697936591 0 1182
0.01595267083356062 0 1183
0.01794675468775534 0 1184
0.01994083854195032 0 1185
0.02193492239614568 0 1186
0.02392900625034141 0 1187
0.02592309010453753 0 1188
0.02791717395873409 0 1189
0.02991125781293019 0 1190
0.03190534166712562 0 1191
0.03389942552132075 0 1192
0.03589350937551627 0 1193
0.03788759322971283 0 1194
0.03988167708390863 0 1195
0.04187576093810321 0 1196
0.04386984479229644 0 1197
0.04586392864648879 0 1198
0.04785801250068205 0 1199
0.04985209635487545 0 1200
0.05184618020906853 0 1201
0.05384026406326089 0 1202
0.05583434791745429 0 1203
0.05782843177164846 0 1204
0.05982251562584243 0 1205
0.06181659948003583 0 1206
0.06381068333422923 0 1207
0.06580476718842172 0 1208
0.06779885104261406 0 1209
0.06979293489680705 0 1210
0.07178701875100146 0 1211
0.07378110260519379 0 1212
0.07577518645938613 0 1213
0.07776927031357943 0 1214
0.07976335416777354 0 1215
0.08175743802196589 0 1216
0.08375152187615824 0 1217
0.08574560573035184 0 1218
0.08773968958454562 0 1219
0.08973377343873797 0 1220
0.09172785729293031 0 1221
0.09372194114712422 0 1222
0.09571602500131771 0 1223
0.09771010885551006 0 1224
0.0997041927097024 0 1225
0.1016982765638966 0 1226
0.1036923604180898 0 1227
0.1056864442722821 0 1228
0.1076805281264745 0 1229
0.109674611980669 0 1230
0.1116686958348619 0 1231
0.1136627796890542 0 1232
0.1156568635432469 0 1233
0.1176509473974414 0 1234
0.1196450312516358 0 1235
0.1216391151058303 0 1236
0.123633198960024 0 1237
0.1256272828142163 0 1238
0.1276213666684066 0 1239
0.1296154505225968 0 1240
0.131609534376789 0 1241
0.1336036182309842 0 1242
0.1355977020851829 0 1243
0.1375917859393777 0 1244
0.1395858697935696 0 1245
0.1415799536477599 0 1246
0.1435740375019501 0 1247
0.1455681213561403 0 1248
0.1475622052103337 0 1249
0.1495562890645301 0 1250
0.151550372918728 0 1251
0.1535444567729225 0 1252
0.1555385406271131 0 1253
0.1575326244813034 0 1254
0.159526708335495 0 1255
0.1615207921896896 0 1256
0.1635148760438883 0 1257
0.1655089598980901 0 1258
0.167503043752295 0 1259
0.1694971276065021 0 1260
0.1714912114607092 0 1261
0.1734852953149163 0 1262
0.1754793791691208 0 1263
0.1774734630233223 0 1264
0.1794675468775212 0 1265
0.1814616307317241 0 1266
0.1834557145859302 0 1267
0.1854497984401373 0 1268
0.1874438822943443 0 1269
0.1894379661485515 0 1270
0.1914320500027547 0 1271
0.193426133856955 0 1272
0.1954202177111551 0 1273
0.1974143015653582 0 1274
0.1994083854195653 0 1275
0.2014024692737724 0 1276
0.2033965531279795 0 1277
0.2053906369821858 0 1278
0.2073847208363887 0 1279
0.2093788046905878 0 1280
0.211372888544789 0 1281
0.2133669723989934 0 1282
0.2153610562532005 0 1283
0.2173551401074076 0 1284
0.2193492239616147 0 1285
0.2213433078158197 0 1286
0.2233373916700218 0 1287
0.2253314755242204 0 1288
0.227325559378423 0 1289
0.2293196432326285 0 1290
0.2313137270868356 0 1291
0.2333078109410427 0 1292
0.2353018947952498 0 1293
0.2372959786494536 0 1294
0.2392900625036545 0 1295
0.241284146357854 0 1296
0.2432782302120569 0 1297
0.2452723140662637 0 1298
0.2472663979204708 0 1299
0.2492604817746794 0 1300
0.2512545656288904 0 1301
0.2532486494830976 0 1302
0.2552427333373046 0 1303
0.2572368171915117 0 1304
0.2592309010457171 0 1305
0.2612249848999158 0 1306
0.2632190687541223 0 1307
0.2652131526083293 0 1308
0.2672072364625365 0 1309
0.2692013203167436 0 1310
0.2711954041709507 0 1311
0.2731894880251513 0 1312
0.2751835718793499 0 1313
0.2771776557335485 0 1314
0.2791717395877473 0 1315
0.2811658234419537 0 1316
0.2831599072961609 0 1317
0.285153991150368 0 1318
0.2871480750045751 0 1319
0.2891421588587822 0 1320
0.2911362427129827 0 1321
0.2931303265671856 0 1322
0.2951244104213928 0 1323
0.2971184942755999 0 1324
0.299112578129807 0 1325
0.3011066619840141 0 1326
0.3031007458382181 0 1327
0.3050948296924168 0 1328
0.3070889135466155 0 1329
0.3090829974008142 0 1330
0.3110770812550172 0 1331
0.3130711651092242 0 1332
0.3150652489634314 0 1333
0.3170593328176385 0 1334
0.3190534166718456 0 1335
0.320941868518813 0 1336
0.3226493687956509 0 1337
0.323980128103027 0 1338
0.324932511377442 0 1339
0.3256070993749613 0 1340
0.3262053245312212 0 1341
0.3268035496874808 0 1342
0.3274017748437404 0 1343
0.08335474538015004 0.06648116441035776 1344
0.1228736496811829 0.06648116441035634 1345
0.1174844329117396 0.0664813751872943 1346
0.1120958719033746 0.06648116441035594 1347
0.08874382716030491 0.06648145392489614 1348
0.09413271604917693 0.06648145392489613 1349
0.09952160493804901 0.06648145392489613 1350
0.104910493826921 0.06648145392489613 1351
0.07796624227382901 0.0664811644103583 1352
0.1282622265420451 0.06648170309995136 1353
0.2838269296291724 0.04741876189153148 1354
0.07257687754807972 0.06648135412760681 1355
0.2444034514339716 0.04748227006483657 1356
0.1330526620268855 0.06648116441035698 1357
0.2491790676663638 0.04750832750413106 1358
0.2539548735635143 0.0474835166354606 1359
0.2587308769241066 0.04748227006483483 1360
0.2635074622217702 0.04748296803156433 1361
0.2682840484488147 0.04748227006483447 1362
0.2730584883104543 0.04748248670226302 1363
0.277834607713442 0.04748248670225567 1364
0.06778686330947198 0.06648146454262746 1365
0.3124923299357118 0.01946551724138329 1366
0.1378427661508576 0.06648164284575905 1367
0.06299708736641185 0.06648148693573666 1368
0.2886138756555104 0.04740378974174216 1369
0.2402241134130796 0.04748310325116574 1370
0.05880536266416676 0.06648116441035815 1371
0.1420335447822781 0.0664816935399796 1372
0.05461419753076451 0.06648145392489613 1373
0.05042315454088271 0.06646014635496653 1374
0.04623117029808349 0.06648161870851091 1375
0.01902999070268188 0.04051697834797193 1376
0.02320858814596177 0.04051681923367803 1377
0.04233589101533114 0.04053656846671536 1378
0.02738805970154116 0.04051746202200777 1379
0.03813479471761967 0.04051772993516212 1380
0.03156716417914245 0.04051703009180926 1381
0.03485511199899208 0.06648146454262627 1382
0.02946604938267989 0.06648091944863181 1383
0.04024382716043909 0.06648145392489613 1384
0.02527398780177809 0.06648123653423922 1385
0.02108333333331505 0.06648145392489591 1386
0.1462286171130029 0.06648602733014666 1387
0.1086775700535718 0.001726927275007217 1388
0.09684279253330424 0.001439041280936811 1389
0.120444402941568 0.001558412073226825 1390
0.08483684327981747 0.001706181143337993 1391
0.005499172290292963 0.05349999999996714 1392
0.304491241087306 0.03530023669760252 1393
0.3044873521772413 0.03470648157688481 1394
0.3039745187105166 0.03500714395347927 1395
0.3039736043917117 0.0344082112197923 1396
0.3034546551475891 0.03470814058805967 1397
0.3034545270199684 0.03410828945728009 1398
0.3030389379461889 0.03434831824166243 1399
0.1085030864195027 0.06648145392489588 1400
0.01745589716511518 0.06653943372263083 1401
0.2366422574041461 0.04748227006483805 1402
0.1498179590368676 0.06648147552625319 1403
0.3124891012312026 0.02298491250430561 1404
0.2920960791792176 0.04755582004376605 1405
0.1306719588932328 0.001906098444884109 1406
0.224698890779176 0.03698623895867038 1407
0.2253197597186 0.03699788885439582 1408
0.2205069516828186 0.03699691036200473 1409
0.2163455828095125 0.03698796529224061 1410
0.2121794723884189 0.03698270255979094 1411
0.2080060787297439 0.03698296922472619 1412
0.2038297019234325 0.03698270255979835 1413
0.1996553899968103 0.03698270255979276 1414
0.1954816513760542 0.03698356283260684 1415
0.1913101034528379 0.03698320807109737 1416
0.1871330275228673 0.03698356283260828 1417
0.1829590016993599 0.03698372639136595 1418
0.1787849769755581 0.03698270255979735 1419
0.1746100917430884 0.03698356283260835 1420
0.1704357798164906 0.03698356283260994 1421
0.1662608744465224 0.03698365470686638 1422
0.1620265971166324 0.03699339005101135 1423
0.153410686718292 0.06648116441035475 1424
0.01544810070574819 0.04051668203712933 1425
0.224998991757296 0.03647094219284242 1426
0.2256234909335331 0.03648356361587075 1427
0.3029349543612523 0.03380836433347225 1428
0.3022692733199385 0.03425926326053198 1429
0.07465122484536582 0.001760131103519662 1430
0.2252994595144991 0.0359519778473842 1431
0.2259002230335191 0.03595158865201371 1432
0.2255674474274119 0.03539181318601391 1433
0.2263339333834026 0.03545890512819871 1434
0.1570030864196248 0.06648145392489335 1435
0.2259774356053263 0.03472676652034108 1436
0.2270717708031351 0.0346067761973213 1437
0.2144861282556701 0.05725141990217803 1438
0.2045380434782895 0.04801773257834663 1439
0.2009514192275662 0.0480320259527283 1440
0.197364130434817 0.04801773257834663 1441
0.1937775135560452 0.04801824230657172 1442
0.1901903192501311 0.04801769473121599 1443
0.1866036005125701 0.04801824230657551 1444
0.1830163043478933 0.04801773257834664 1445
0.1794295951605333 0.04801747774066046 1446
0.1758420400534208 0.04801767647862288 1447
0.172255604325734 0.04801877122439821 1448
0.1686697659501723 0.04804211716933654 1449
0.1650815217391341 0.04801773257835909 1450
0.1608843887873161 0.0480293289873388 1451
0.005519615242271713 0.05709999999997493 1452
0.1629839777700149 0.06648884382925314 1453
0.2025091233588129 0.06645814044710853 1454
0.1989167858034078 0.06648170309995127 1455
0.195354717003866 0.06648511115365009 1456
0.1917314814814417 0.06648145392489335 1457
0.1881388888888409 0.06648145392489334 1458
0.1845461034049665 0.06648116441035641 1459
0.180953761506095 0.06648147552625347 1460
0.1773611111110394 0.06648145392489335 1461
0.1737687114097141 0.06648116441035579 1462
0.1701759259258379 0.06648145392489334 1463
0.1665833333332376 0.06650311231847778 1464
0.005519615242269312 0.04989999999997985 1465
0.2799006329535308 0.001461357760256285 1466
0.2562878804985097 0.001540085975329562 1467
0.2662243568994305 0.001770974439262275 1468
0.1407278799874646 0.001748052033649802 1469
0.1599968557776757 0.06648147552625147 1470
0.2055030864197448 0.06648145392489287 1471
0.01456277960753594 0.06649362605934737 1472
0.04323784642051104 0.0664813564390002 1473
0.2951489573649998 0.04750457003968299 1474
0.03514972009075849 0.04051772993516243 1475
0.2808450861309253 0.04750261581212484 1476
0.3192999999999736 0.01748038475773575 1477
0.3162999999999889 0.01748038475773169 1478
0.313303600859951 0.0174838544532059 1479
0.03089999999996246 0.02948038475772877 1480
0.03449999999997531 0.02948038475772801 1481
0.0272999999999512 0.02948038475772562 1482
0.0236999999999422 0.02948038475772826 1483
0.03809999999998451 0.029480384757727 1484
0.04177727747914607 0.02944111643750553 1485
0.02009999999994674 0.02948038475773092 1486
0.01649379220382279 0.02948396883050047 1487
0.01289007810769285 0.02948600856715481 1488
0.009899999999975978 0.02948038475773019 1489
0.3021078836434543 0.03294829825670834 1490
0.327480384757731 0.009300000000021321 1491
0.2330592351331343 0.04748227006483906 1492
0.06486438287800624 0.001655395581724955 1493
0.3044861282556698 0.04002414717489806 1494
0.1507380718951712 0.001661903865984421 1495
0.2255064162417021 0.04012312155104555 1496
0.012462369607852 0.04051701231475261 1497
0.2075275135560054 0.0480182423065721 1498
0.1586310547448603 0.001585662993182781 1499
0.1723039212301411 0.001779807419430054 1500
0.2142902438266377 0.001632943088903883 1501
0.1803615225223352 0.001692948868596954 1502
0.2066587956234876 0.001614120284718699 1503
0.1883459180018832 0.001618048942458486 1504
0.1986352267850901 0.001759828966336794 1505
0.2144895698484151 0.060202301213516 1506
0.005519615242271137 0.06009999999998092 1507
0.2462672414754029 0.001681255987503914 1508
0.3127083174991968 0.0174834490316711 1509
0.05684969066527408 0.0017871781328084 1510
0.2981347947175632 0.04748227006484057 1511
0.2960794508209393 0.001827292240432204 1512
0.005519615242269823 0.04689999999998806 1513
0.2144861282556683 0.05429687444762882 1514
0.011704304534694 0.06649341005494266 1515
0.2082956954653011 0.06649341005494316 1516
0.3124978526138359 0.02884801501270386 1517
0.04885505442777874 0.001726927275007671 1518
0.2223235313187391 0.001988197109953313 1519
0.02890872683606559 0.001690244039158509 1520
0.01465435870233005 0.001844525687952387 1521
0.0369259109074559 0.001514359791413432 1522
0.3217000000000017 0.01748038475773387 1523
0.04406026167371403 0.02938089525781715 1524
0.327480384757722 0.006900000000016185 1525
0.3274803847577319 0.01170000000001661 1526
0.007499277950200144 0.02944486781997167 1527
0.1145055790400784 0.06649026477186312 1528
0.1306574606219995 0.0664814221085613 1529
0.1198796296294072 0.06648145392489335 1530
0.1252680168901921 0.06648125371447036 1531
0.1354473379727333 0.06648116441035633 1532
0.08574999999981775 0.0664814539248952 1533
0.03724999999995311 0.06648271664772953 1534
0.07557118054543936 0.0664811644103578 1535
0.03245968365189374 0.06648116441035767 1536
0.09113888888869248 0.06648145392489613 1537
0.09652783558001966 0.06648147552625631 1538
0.07018229165656667 0.06648116441035828 1539
0.10251562498981 0.06648116441035828 1540
0.08036091821966389 0.06648116441035833 1541
0.06539216819979124 0.06648116441035828 1542
0.2382794479078977 0.001681462016625991 1543
0.2882106506477277 0.001865396005544524 1544
0.2658951019287461 0.0474829937977647 1545
0.2467904937721001 0.04748282486499148 1546
0.2862118249048922 0.04741805533596433 1547
0.270671175431538 0.04748227006483544 1548
0.2515666978196418 0.04748227006483992 1549
0.2563432835819974 0.0474829699081875 1550
0.2754485020178281 0.04748280041425243 1551
0.2611198234441509 0.04748299379776633 1552
0.306995541478654 0.03449845467046705 1553
0.3124891012312006 0.02532974009052192 1554
0.2255048067342976 0.04245943961967711 1555
0.2260969687211298 0.0335107424126149 1556
0.2279356759296647 0.03327000280135144 1557
0.3009139654363577 0.03381246427409031 1558
0.3044891979131312 0.04239533204203763 1559
0.001753336135983549 0.01668758157113199 1560
0.2306716417910247 0.04748253797799122 1561
0.3007432242236186 0.03201255235289922 1562
0.2991927804041695 0.03310020158392493 1563
0.2990424222467483 0.03110673341003392 1564
0.2973489383335828 0.03222515178150059 1565
0.2303063799635142 0.001767619504933717 1566
0.01007425275844583 0.04050304123327217 1567
0.2099181386179324 0.04801824230657482 1568
0.3130030979255364 0.016967235158521 1569
0.3124018017901846 0.01697955797898631 1570
0.2972643858271437 0.03018741678052231 1571
0.2955251753619526 0.0313918663436302 1572
0.2268935972326445 0.031613439814526 1573
0.2288651201138801 0.03152088530342116 1574
0.3127020521286047 0.0164500121399931 1575
0.3120966809086243 0.01646221426733121 1576
0.2954791271862612 0.02928900168818276 1577
0.2937711931050344 0.03042009016515721 1578
0.3124055381566305 0.01592632027712554 1579
0.3118637683745698 0.01603349507522539 1580
0.3115003022229221 0.01649048554277474 1581
0.3111959971669968 0.01579936757269365 1582
0.3105960973648815 0.01666674402569533 1583
0.2937051401767471 0.02836437752525191 1584
0.2920323651502757 0.02942046981163732 1585
0.005519615242271068 0.06249999999998586 1586
0.2277789612025461 0.02980406872091325 1587
0.2297734882782772 0.02968697105219256 1588
0.2308633018749037 0.03141035960136884 1589
0.2317702059803109 0.02957484991239806 1590
0.2328637959827862 0.03122719390807376 1591
0.2337676854083127 0.02945146692327087 1592
0.2348613964319889 0.03110194306082795 1593
0.2357647158470512 0.02933420265579169 1594
0.236859621573192 0.03100861554573277 1595
0.2377619278693821 0.02922589348276724 1596
0.2388567970645448 0.03090084840471967 1597
0.2397588623874027 0.02911475147749042 1598
0.2408537513632805 0.03079020250973015 1599
0.2417557798123423 0.02900362579462842 1600
0.2428506659392806 0.03067907954741103 1601
0.2437526861343411 0.02889239399657068 1602
0.2448475720443048 0.03056785938797961 1603
0.2457495908275343 0.02878115763761856 1604
0.2468444764660319 0.0304566222688776 1605
0.2477524675650454 0.02866585652015337 1606
0.2488423759479274 0.03034470486341242 1607
0.2497536840177132 0.02855541827786191 1608
0.2508401645590437 0.0302334845560828 1609
0.2517404223294865 0.02844957893651958 1610
0.2528355216682137 0.03012314691526716 1611
0.2537373778233155 0.02833830725718941 1612
0.2548321763907361 0.03001205099587209 1613
0.2557342301955531 0.02822709583840939 1614
0.2568290301952185 0.02990083874014035 1615
0.2577406536243244 0.0281074084940853 1616
0.2588275123561157 0.0297881944407618 1617
0.2597320899666508 0.02799753450215623 1618
0.2608237680620082 0.02967694702617361 1619
0.2617299706652597 0.02787485119901737 1620
0.2628207267514476 0.02956379754051534 1621
0.263722849836594 0.02777848924162943 1622
0.2648167226142847 0.02945557632308284 1623
0.265718931630978 0.02767023101312238 1624
0.2668135845818247 0.02934447699361016 1625
0.2677156915466539 0.02755951038742214 1626
0.2688104437677076 0.02923339530447381 1627
0.2144861282556687 0.06256676191603244 1628
0.3119639552831091 0.01528015647307369 1629
0.291935551593247 0.0274307551003318 1630
0.2257859854474734 0.02992282477851717 1631
0.2262434185951847 0.03649681957245653 1632
0.226680520235578 0.02812160939915759 1633
0.2246834204357441 0.02823609378650179 1634
0.2346670496747093 0.02766014453493396 1635
0.3005228544190788 0.04748227006483308 1636
0.2426545143305719 0.02720983110865587 1637
0.2697125640189358 0.02744838230224577 1638
0.252642206588502 0.02665540374365331 1639
0.00551961524227012 0.04449999999999177 1640
0.2144882577159481 0.05193181818182856 1641
0.2626278100495636 0.02609904339389722 1642
0.225580136277105 0.02644600126696988 1643
0.2235833002869237 0.02656154789764469 1644
0.2936190214259853 0.02635360144177136 1645
0.2919343896436806 0.02542791526153653 1646
0.2935431420527279 0.02435274265757572 1647
0.009372606192176227 0.06654899225361596 1648
0.210632966184208 0.06655151730674455 1649
0.3124925551524422 0.03118900276934672 1650
0.3240999999999983 0.01748038475773988 1651
0.2918602948058651 0.02342870661334995 1652
0.005068385546717199 0.02944925127626478 1653
0.327480384757729 0.004500000000010507 1654
0.3039729680767786 0.03380863970430675 1655
0.2708073487494324 0.02912214997328897 1656
0.2244804991487882 0.02477379265306043 1657
0.2224838082942996 0.02489001317285042 1658
0.2921197278200108 0.03142501218958638 1659
0.3027566457386911 0.03492083014537071 1660
0.3098939884884534 0.01543819879651228 1661
0.2699052339164445 0.03090714343451494 1662
0.2249946075661356 0.03542882592792054 1663
0.271902137878608 0.03079590178040016 1664
0.2934568917359439 0.02235413920942302 1665
0.3180563747447422 0.001681187274158536 1666
0.2639147021918101 0.03124026463026425 1667
0.2717094628832925 0.02733715903348262 1668
0.2706146729384676 0.0256634101680262 1669
0.2233810888027482 0.02310265395538472 1670
0.2213844808644395 0.02321925519098245 1671
0.2917152021239977 0.02143310569465359 1672
0.2579240765233439 0.03157435761459081 1673
0.327479905682314 0.01412565687172192 1674
0.251933459269932 0.03190810709444242 1675
0.3007043484918203 0.03004603081095184 1676
0.3092734209185112 0.0345137789537863 1677
0.272611576031577 0.0255521716481775 1678
0.2715167859224897 0.02387842337513821 1679
0.2419485680056632 0.03246435402223012 1680
0.2282841330935041 0.04748282486499483 1681
0.02909999999995911 0.02948038475772261 1682
0.005519615242271566 0.05529999999996883 1683
0.02549999999994605 0.02948038475772796 1684
0.0055196152422689 0.05169999999997131 1685
0.003302333109331987 0.02946312197564112 1686
0.03989999999998758 0.02948038475772754 1687
0.02189999999994173 0.02948038475773047 1688
0.03270168493626292 0.02951879672223157 1689
0.03629999999997928 0.02948038475772522 1690
0.01471122817460756 0.02950626888797713 1691
0.01829642651200599 0.02948293261683005 1692
0.2204872142229363 0.02500667790414127 1693
0.2193878841563863 0.02333590796090403 1694
0.1516141011746493 0.06648086389439836 1695
0.1863557129919586 0.06641836487685056 1696
0.1480214120468371 0.0664811644103562 1697
0.143830054022135 0.06648116441035593 1698
0.1719724151134134 0.06648116441035604 1699
0.1971316278181746 0.06648777526672187 1700
0.1755646219234637 0.06648116441035652 1701
0.1402374614295349 0.06648116441035658 1702
0.1935616218592028 0.06648493923993802 1703
0.168379822520813 0.06648116441035612 1704
0.1899353780764177 0.06648116441035558 1705
0.1647782813373614 0.06647623328162047 1706
0.2007127700716685 0.06648116441035565 1707
0.1552067901233236 0.06648145392489246 1708
0.1791572145160635 0.06648116441035669 1709
0.1827501928912172 0.06648116441035541 1710
0.06120081017510974 0.06648116441035763 1711
0.1102993827157975 0.06648145392489427 1712
0.02707118054556383 0.06648116441035767 1713
0.01931010260293504 0.06658219610981859 1714
0.02347839506170326 0.06648127554704036 1715
0.04802717064005982 0.06648128432879308 1716
0.05281770834319761 0.06648116441035823 1717
0.05641059021060324 0.06648150938851771 1718
0.1067067901232118 0.06648145392489613 1719
0.2722625092327807 0.001702839426123884 1720
0.1664659290683173 0.001796632358395585 1721
0.02292675328416254 0.001761124316569614 1722
0.09078035078783366 0.001604484012364234 1723
0.114457824283656 0.001706738528253225 1724
0.1028363643148793 0.001716366267285455 1725
0.04299379569209304 0.00136684990564686 1726
0.1632880434782489 0.04801773257834663 1727
0.1776355299223366 0.0480182423065794 1728
0.1740488111847422 0.04801769473121592 1729
0.1848096807499996 0.04801769473121496 1730
0.2027449048603801 0.04801824230657024 1731
0.1919840352951867 0.04801824230657202 1732
0.195570312531006 0.04801824230657244 1733
0.1704616168788139 0.04801824230657219 1734
0.181222486444073 0.04801824230657176 1735
0.1883970903814721 0.04801767647861768 1736
0.1668746603570866 0.04801824230657688 1737
0.1991579483386505 0.04801824230657616 1738
0.2426221837674057 0.04748945441654903 1739
0.02500046635944519 0.04051772993516285 1740
0.02082136188182226 0.04051772993516496 1741
0.01723833961079024 0.040517729935165 1742
0.02977565304363432 0.04051772993516285 1743
0.2904052352723103 0.047450426999782 1744
0.04412612247551032 0.04053094053119919 1745
0.234850021243725 0.04748298752809751 1746
0.04052192170031677 0.04051772993516181 1747
0.2384323694614733 0.04748227006483891 1748
0.03335820895525372 0.04051703009180926 1749
0.201444954128396 0.03698356283260475 1750
0.2139678899082483 0.03698356283260402 1751
0.1972712155076277 0.0369827025597954 1752
0.210389908256834 0.03698356283260475 1753
0.1680498854097053 0.03698270255979805 1754
0.1853434633913025 0.03698270255979811 1755
0.1722232790683408 0.03698296922472487 1756
0.1811691514647114 0.03698270255979703 1757
0.2181238224808092 0.03696373892877552 1758
0.1644962947179458 0.03700630362594945 1759
0.1895183486237724 0.03698356283260831 1760
0.2056190939042271 0.03698362621046195 1761
0.193096903581023 0.03698270255979694 1762
0.1769951267409114 0.03698372639136328 1763
0.2202851486123101 0.02154847507810513 1764
0.2182885535195197 0.02166513529551934 1765
0.2173912891607416 0.02345256863340029 1766
0.2162919589777839 0.02178179802691921 1767
0.2153946945335845 0.0235692309773808 1768
0.2142953644067457 0.02189846062550234 1769
0.2133980999629577 0.02368589357780316 1770
0.2122987698508328 0.02201512329264884 1771
0.211401505404276 0.02380255623239417 1772
0.2103021752894751 0.02213178587639934 1773
0.2094049108466779 0.02391921888211395 1774
0.2083055807320573 0.02224844852530723 1775
0.2074083162899168 0.02403588154188151 1776
0.2063089861723875 0.02236511113457711 1777
0.2054117217329199 0.02415254419671724 1778
0.2043123916153513 0.02248177378859084 1779
0.2034151271763227 0.02426920685818812 1780
0.2023157970665361 0.02259843658320857 1781
0.2014185326217847 0.02438586955485416 1782
0.2003192025117189 0.0227150992750853 1783
0.1994219380653446 0.02450253221895143 1784
0.1983226079555842 0.02283176194441058 1785
0.1974253435090044 0.02461919488475787 1786
0.1963260133992468 0.02294842461026191 1787
0.1954287489526191 0.02473585754979078 1788
0.1943294188428679 0.02306508727540497 1789
0.1934321543962339 0.02485252021482658 1790
0.1923328242864821 0.02318174994043067 1791
0.1932300887331181 0.02139431700104386 1792
0.1912334941767307 0.02151097966604285 1793
0.1903362297300948 0.02329841260542988 1794
0.1892368996203433 0.02162764233103825 1795
0.1883396351737071 0.02341507527042454 1796
0.1872403050505531 0.02174430476665357 1797
0.1863430406150858 0.02353173789719011 1798
0.1852437104915594 0.02186096738704606 1799
0.1843464460578915 0.02364840054837884 1800
0.1832471159330144 0.02197763001512094 1801
0.1823498515010099 0.02376506320491694 1802
0.1812505213761849 0.02209429267255221 1803
0.1803532569444665 0.02388172586724057 1804
0.1792539268346887 0.02221095559240342 1805
0.1783566623917693 0.02399838859539298 1806
0.1772573322813981 0.0223276183104 1807
0.1763600678352791 0.0241150512586219 1808
0.1752607377676635 0.02244428100509439 1809
0.174363473285983 0.02423171392826975 1810
0.1732641432849127 0.02256094339361299 1811
0.1723668787430511 0.02434837654796129 1812
0.1712675487008866 0.0226776059838165 1813
0.1703702841842992 0.02446503919293998 1814
0.1692709540536021 0.02279426856350459 1815
0.1683736896123671 0.02458170184037968 1816
0.1672743594794742 0.02291093121135504 1817
0.166377095050432 0.02469836449959058 1818
0.1652777649176171 0.0230275938453445 1819
0.1643805004922083 0.02481502715845253 1820
0.1632811703600119 0.02314425650414885 1821
0.1623839059353117 0.02493168982139304 1822
0.1612845758017482 0.02326091914058547 1823
0.1596559158052146 0.03701439458124393 1824
0.1603873113785266 0.02504835248128499 1825
0.1592879812449817 0.02337758179996932 1826
0.1583907168220096 0.025165015144493 1827
0.1572913866869211 0.02349424443654697 1828
0.1563941222653216 0.02528167780445308 1829
0.1552947921302045 0.02361090709596575 1830
0.1543975277088292 0.02539834046767865 1831
0.1532981975721563 0.02372756973255238 1832
0.1524009331521476 0.02551500312764324 1833
0.151301603015443 0.02384423239197341 1834
0.1504043385956566 0.02563166579087009 1835
0.1493050084858877 0.02396089551618303 1836
0.1484077440459554 0.02574832857029966 1837
0.1473084139350865 0.02407755827678544 1838
0.1464111494893816 0.02586499123210655 1839
0.1453118193795989 0.02419422095718295 1840
0.1444145549331627 0.02598165389998774 1841
0.1433152248233894 0.02431088362522536 1842
0.1424179603767832 0.02609831656511963 1843
0.1413186302670329 0.02442754629075024 1844
0.1404213658204043 0.02621497923026189 1845
0.141520695930155 0.0278857495046384 1846
0.1395241013737687 0.02800241216965419 1847
0.1406234314835204 0.02967318244404771 1848
0.1386268369271332 0.02978984510904688 1849
0.1397261670368846 0.03146061538343893 1850
0.1377295724804971 0.03157727804843344 1851
0.1388289025902485 0.03324804832282613 1852
0.136832308033861 0.03336471098781979 1853
0.1379316381436125 0.0350354812622124 1854
0.1359350435872249 0.03515214392720604 1855
0.1348357134774735 0.03348137365281349 1856
0.1339384490308373 0.03526880659219967 1857
0.1328391189210858 0.0335980363178072 1858
0.1319418544744497 0.03538546925719342 1859
0.1308425243646984 0.03371469898280119 1860
0.1299452599180622 0.03550213192218719 1861
0.1288459298083109 0.0338313616477954 1862
0.1279486653616746 0.03561879458718092 1863
0.126849335251923 0.03394802431278898 1864
0.1259520708052869 0.03573545725217489 1865
0.1248527406955355 0.03406468697778262 1866
0.1239554762488994 0.03585211991716855 1867
0.1228561461391479 0.03418134964277635 1868
0.1219588816925118 0.03596878258216223 1869
0.1208595515827603 0.03429801230776988 1870
0.1199622871361242 0.03608544524715585 1871
0.1188629570263729 0.03441467497276335 1872
0.1179656925797366 0.03620210791214945 1873
0.1168663624699853 0.03453133763775718 1874
0.115969098023349 0.03631877057714308 1875
0.1148697679135976 0.03464800030275077 1876
0.1139725034669614 0.03643543324213672 1877
0.11287317335721 0.03476466296774412 1878
0.1119759089105738 0.03655209590713036 1879
0.1108765788008224 0.03488132563273777 1880
0.1099793143541862 0.03666875857212404 1881
0.1088799842444347 0.03499798829773142 1882
0.1079827197977986 0.0367854212371176 1883
0.1068833896880472 0.03511465096272498 1884
0.105986125241411 0.03690208390211114 1885
0.1048867951316596 0.03523131362771843 1886
0.1039895306850234 0.03701874656710461 1887
0.102890200575272 0.03534797629271195 1888
0.1019929361286358 0.03713540923209811 1889
0.1008936060188841 0.03546463895770519 1890
0.09999634157224813 0.03725207189709157 1891
0.09889701146249662 0.03558130162269867 1892
0.09799974701586046 0.03736873456208505 1893
0.09690041690610898 0.03569796428769195 1894
0.0960031524594729 0.03748539722707844 1895
0.09490382234972157 0.03581462695268587 1896
0.09400655790308535 0.037602059892072 1897
0.09290722779333394 0.03593128961767944 1898
0.09200996334669775 0.0377187225570655 1899
0.0909106332369464 0.03604795228267286 1900
0.09001336879031013 0.03783538522205898 1901
0.08891403868055875 0.0361646149476663 1902
0.08801677423392253 0.03795204788705249 1903
0.08691744412417118 0.03628127761265974 1904
0.08602017967753491 0.03806871055204596 1905
0.08492084956778358 0.03639794027765321 1906
0.0840235851211473 0.03818537321703942 1907
0.08292425501139601 0.03651460294264675 1908
0.08202699056475972 0.03830203588203291 1909
0.0809276604550084 0.03663126560764024 1910
0.0800303960083721 0.0384186985470264 1911
0.07893106589862073 0.03674792827263312 1912
0.07803380145198446 0.03853536121201976 1913
0.1370343736969764 0.03682291420159843 1914
0.1290479954714261 0.03728956486157328 1915
0.07693447134223312 0.03686459093762645 1916
0.07603720689559686 0.03865202387701314 1917
0.1210616172458754 0.03775621552154823 1918
0.1130752390203253 0.03822286618152286 1919
0.1050888607947745 0.0386895168414975 1920
0.09710248256922423 0.0391561675014716 1921
0.08911610434367409 0.03962281816144607 1922
0.07493787678584557 0.03698125360262045 1923
0.07404061233920928 0.0387686865420067 1924
0.08112972611812375 0.04008946882141985 1925
0.07982833034525703 0.03496049533324726 1926
0.08781470857080753 0.03449384467327334 1927
0.1548435320023237 0.04059708158032156 1928
0.07294128222945798 0.03709791626761398 1929
0.07204401778282167 0.03888534920700013 1930
0.07314334789257294 0.04055611948139281 1931
0.07114675333618531 0.04067278214638624 1932
0.0958010867963572 0.03402719401329815 1933
0.07224608344593669 0.04234355242077903 1934
0.07024948888954904 0.04246021508577234 1935
0.1057840595782958 0.03344388068833226 1936
0.1137704378038463 0.03297723002835851 1937
0.1257500051421718 0.03227725403839778 1938
0.1558052913160998 0.03895896097009836 1939
0.07134881899930041 0.0441309853601652 1940
0.06935222444291278 0.04424764802515849 1941
0.07094468767307037 0.03721457893260747 1942
0.07184195211970665 0.03542714599322137 1943
0.06984535756331907 0.03554380865821478 1944
0.07074262200995532 0.03375637571882871 1945
0.0687460274535677 0.03387303838382218 1946
0.06964329190020394 0.03208560544443605 1947
0.07045155455266411 0.04591841829955119 1948
0.0684549599962765 0.04603508096454461 1949
0.06764669734381638 0.03220226810942949 1950
0.06854396179045261 0.03041483517004337 1951
0.06654736723406506 0.03053149783503683 1952
0.05033774401909256 0.0337181937925335 1953
0.06744463168070133 0.02874406489565071 1954
0.06544803712431374 0.02886072756064417 1955
0.0477306301346199 0.03023783689357123 1956
0.04927753157821841 0.03148312308968654 1957
0.06735562988652516 0.04436431069015191 1958
0.05034358263614328 0.03627800637602836 1959
0.06645836543988888 0.04615174362953803 1960
0.04776728692186442 0.03973244777271147 1961
0.04920753882288689 0.03856832295326429 1962
0.06634530157095003 0.02707329462125808 1963
0.06834189612733763 0.0269566319562646 1964
0.06434870701456241 0.02718995728625152 1965
0.06955429010602786 0.04770585123893727 1966
0.1393220357106518 0.02454420895585714 1967
0.1572094961147236 0.03778700714741621 1968
0.06724256601758634 0.02528586168187197 1969
0.06923916057397389 0.02516919901687847 1970
0.06535903533013758 0.04448097335514534 1971
0.06446177088350127 0.04626840629453145 1972
0.07155088466241544 0.04758918857394385 1973
0.0706536202157792 0.04937662151332992 1974
0.07265021477216682 0.04925995884833662 1975
0.139030968253364 0.03670625153660496 1976
0.138133703806728 0.03849368447599104 1977
0.0681398304642226 0.02349842874248582 1978
0.07013642502061015 0.02338176607749234 1979
0.0656501027874288 0.03231893077442292 1980
0.1462090838226691 0.02240678804315626 1981
0.1401302983631157 0.03837702181099744 1982
0.1392330339164796 0.04016445475038361 1983
0.1545179365464132 0.04253031687529901 1984
0.07175295032553053 0.05104739178772257 1985
0.07374954488191801 0.05093072912272938 1986
0.06336244077374997 0.04459763602013875 1987
0.06246517632711365 0.04638506895952486 1988
0.1541954620326299 0.02194013592155789 1989
0.06903709491085885 0.02171099580309968 1990
0.07103368946724646 0.02159433313810626 1991
0.06704050035447125 0.02182765846809308 1992
0.140219300157288 0.022756776016469 1993
0.1382227056009013 0.02287343868148115 1994
0.1197602214730092 0.03262724203337795 1995
0.1621818402682444 0.02147348543312685 1996
0.3044882577159495 0.04415909090910475 1997
0.3044876416490885 0.03825099210172027 1998
0.3124919907462647 0.02121288904613955 1999
0.3124946953971824 0.02710201710764618 2000
0.2710000237787341 0.03258089259763768 2001
0.272996927693156 0.03246965111570274 2002
0.2255090812102188 0.04421093560282497 2003
0.273513689693014 0.02376718241217785 2004
0.2724134129197592 0.02209066088931189 2005
0.203213061542049 0.02081100357112053 2006
0.2359620976527636 0.03279387662429552 2007
0.2933571471945425 0.02035650984706183 2008
0.1701682185799514 0.02100683498520757 2009
0.2744148891088508 0.02198173025223956 2010
0.1391199700475378 0.02108600574209761 2011
0.1371233754911501 0.02120266840709495 2012
0.1761580023025966 0.02065684773327689 2013
0.2111994397928867 0.02034435276196347 2014
0.06993435935749515 0.01992356286371355 2015
0.07193095391388277 0.01980690019872017 2016
0.2916131413047426 0.0194356417722939 2017
0.1495070741545942 0.02741909882561994 2018
0.008267838336959855 0.04050998170454134 2019
0.1841443804161206 0.02019019659147485 2020
0.001592159984664774 0.01068779024000556 2021
0.2117137286887653 0.04801778301362349 2022
0.219185818055614 0.01987770276408432 2023
0.2975692166478817 0.03431819005504981 2024
0.1412296284728673 0.04004779208539 2025
0.1403323640262311 0.04183522502477616 2026
0.001413566497952765 0.02254388237416641 2027
0.2733144599613295 0.02030513157538359 2028
0.07285228043528176 0.05271816206211528 2029
0.07484887499166926 0.05260149939712196 2030
0.0708556858788939 0.05283482472710868 2031
0.1921307586233669 0.01972354672665742 2032
0.3130630982937576 0.01592443511688668 2033
0.3129838247931975 0.01501252361679712 2034
0.06136584621736239 0.04471429868513213 2035
0.060468581770726 0.04650173162451819 2036
0.2951235448998644 0.02127628315923539 2037
0.2950314342814028 0.01927842370667292 2038
0.2753166728244716 0.02019657313362752 2039
0.1380206399377863 0.01941523546770964 2040
0.1360240453813986 0.01953189813270418 2041
0.07303028402363407 0.02147767047311286 2042
0.0739275484702704 0.01969023753372681 2043
0.07502687858002166 0.02136100780811947 2044
0.07592414302665804 0.01957357486873345 2045
0.07702347313640925 0.02124434514312613 2046
0.07792073758304563 0.01945691220374004 2047
0.07902006769279686 0.02112768247813274 2048
0.07991733213943322 0.01934024953874664 2049
0.0810166622491845 0.02101101981313937 2050
0.08191392669582084 0.01922358687375329 2051
0.08301325680557212 0.020894357148146 2052
0.08391052125220845 0.01910692420875991 2053
0.08500985136195974 0.02077769448315259 2054
0.08590711580859606 0.0189902615437665 2055
0.08700644591834734 0.0206610318181592 2056
0.08790371036498368 0.0188735988787731 2057
0.08900304047473495 0.02054436915316582 2058
0.08990030492137127 0.01875693621377974 2059
0.09099963503112253 0.02042770648817247 2060
0.09189689947775888 0.01864027354878637 2061
0.09299622958751017 0.0203110438231791 2062
0.09389349403414649 0.018523610883793 2063
0.09499282414389779 0.02019438115818572 2064
0.09589008859053412 0.01840694821879955 2065
0.09698941870028538 0.02007771849319229 2066
0.09788668314692174 0.01829028555380594 2067
0.09898601325667296 0.01996105582819888 2068
0.09988327770330936 0.01817362288881263 2069
0.1009826078130606 0.01984439316320563 2070
0.1018798722596966 0.01805696022381974 2071
0.1029792023694482 0.01972773049821233 2072
0.1038764668160842 0.0179402975588268 2073
0.1049757969258358 0.01961106783321899 2074
0.1058730613724721 0.01782363489383324 2075
0.1069723914822235 0.01949440516822549 2076
0.1078696559288598 0.01770697222883939 2077
0.108968986038611 0.01937774250323212 2078
0.1098662504852475 0.01759030956384601 2079
0.1109655805949986 0.0192610798382387 2080
0.111862845041635 0.01747364689885257 2081
0.1129621751513863 0.01914441717324521 2082
0.1138594395980225 0.01735698423385906 2083
0.1149587697077739 0.01902775450825172 2084
0.1158560341544101 0.01724032156886572 2085
0.1169553642641615 0.0189110918432582 2086
0.1178526287107978 0.01712365890387229 2087
0.118951958820549 0.01879442917826479 2088
0.1198492232671854 0.01700699623887877 2089
0.2903662643697711 0.02848952595620625 2090
0.2720948137075108 0.03425464152097257 2091
0.2740917176330139 0.03414339999907295 2092
0.3020414285101567 0.001665862787602819 2093
0.07083162380413149 0.01813612992432749 2094
0.1423289585826187 0.04171856235978263 2095
0.1414316941359825 0.04350599529916883 2096
0.1394350995795949 0.04362265796416224 2097
0.1405344296893463 0.04529342823855489 2098
0.1385378351329586 0.04541009090354835 2099
0.13963716524271 0.04708086117794098 2100
0.1376405706863223 0.04719752384293443 2101
0.1387399007960736 0.04886829411732709 2102
0.136743306239686 0.04898495678232055 2103
0.1407364953524612 0.04875163145233367 2104
0.1550088926794849 0.04499048902023087 2105
0.139839230905825 0.05053906439171976 2106
0.1418358254622125 0.05042240172672628 2107
0.1567373480522102 0.04685287829924452 2108
0.1409385610155764 0.0522098346661124 2109
0.1429351555719638 0.05209317200111899 2110
0.1432262230292549 0.03993112942039646 2111
0.1420378911253277 0.05388060494050499 2112
0.1440344856817153 0.05376394227551152 2113
0.1400412965689393 0.05399726760549914 2114
0.1369213098280346 0.01774446519331845 2115
0.2742160834249973 0.0185024811986688 2116
0.2722044333484468 0.01857261476865944 2117
0.2762186499937391 0.01840861167810511 2118
0.1438324200186001 0.05030573906173302 2119
0.08081459658606963 0.01755281659936073 2120
0.2253776881457067 0.02298600491246056 2121
0.06156791188047728 0.04817250189891094 2122
0.05957131732408964 0.04828916456390428 2123
0.06067064743384094 0.04995993483829701 2124
0.05867405287745331 0.05007659750329037 2125
0.05977338298720458 0.05174736777768311 2126
0.05777678843081695 0.05186403044267644 2127
0.05667745832106569 0.05019326016828374 2128
0.05578019387442935 0.05198069310766981 2129
0.05468086376467809 0.05030992283327712 2130
0.05378359931804175 0.05209735577266321 2131
0.05268426920829048 0.0504265854982705 2132
0.05178700476165411 0.05221401843765661 2133
0.05068767465190288 0.05054324816326389 2134
0.04979041020526648 0.05233068110265 2135
0.04869108009551527 0.05065991082825726 2136
0.04779381564887886 0.05244734376764333 2137
0.04593025831262801 0.04041709148881324 2138
0.04669448553912765 0.05077657349325061 2139
0.04579722109249128 0.05256400643263665 2140
0.04469789098274002 0.05089323615824397 2141
0.04380062653610368 0.05268066909763002 2142
0.04270129642635241 0.05100989882323736 2143
0.04180403197971606 0.05279733176262343 2144
0.04070470186996482 0.05112656148823076 2145
0.03980743742332846 0.0529139944276168 2146
0.03870810731357721 0.05124322415322417 2147
0.03781084286694085 0.05303065709261022 2148
0.03671151275718958 0.05135988681821756 2149
0.03581424831055323 0.0531473197576036 2150
0.03471491820080197 0.05147654948321093 2151
0.03381765375416561 0.05326398242259703 2152
0.03271832364441436 0.05159321214820435 2153
0.031821059197778 0.05338064508759043 2154
0.03072172908802674 0.05170987481319776 2155
0.0298244646413904 0.05349730775258383 2156
0.02872513453163912 0.05182653747819114 2157
0.02782787008500279 0.05361397041757719 2158
0.02672853997525151 0.05194320014318454 2159
0.02583127552861519 0.05373063308257062 2160
0.02473194541886391 0.05205986280817794 2161
0.02383468097222759 0.05384729574756403 2162
0.02273535086247629 0.05217652547317138 2163
0.02183808641583997 0.05396395841255749 2164
0.02073875630608868 0.0522931881381648 2165
0.01984149185945236 0.05408062107755094 2166
0.01874216174970108 0.05240985080315823 2167
0.01784489730306474 0.05419728374254435 2168
0.05887611854056819 0.05353480071706915 2169
0.05288633487140544 0.0538847887120493 2170
0.2223165137614483 0.03698356283260639 2171
0.04689655120224263 0.05423477670702934 2172
0.07395161054503301 0.05438893233650795 2173
0.07594820510142064 0.05427226967151456 2174
0.005519615242270602 0.06429999999999109 2175
0.2144883080755361 0.06433994522828407 2176
0.3274803847577279 0.002700000000014669 2177
0.05936925166097474 0.04483096135012549 2178
0.04090676753307974 0.05458476470200935 2179
0.1209485533769366 0.01867776651327147 2180
0.121845817823573 0.0168903335738854 2181
0.3089864458587408 0.01677841954813116 2182
0.3080827077763208 0.01505442866787035 2183
0.1874423707266983 0.02520250820344283 2184
0.001178212391875459 0.02565021557579066 2185
0.01674556719331347 0.05252651346815165 2186
0.2144974300731869 0.02535666385434907 2187
0.08880097481162 0.01708616593938704 2188
0.2731896036682533 0.03592839032902062 2189
0.2751865075990841 0.03581714878790682 2190
0.2711926997304961 0.03603963189511386 2191
0.2755104411254811 0.0236558641646324 2192
0.03491698386391687 0.05493475269698958 2193
0.07684546954805688 0.05248483673212874 2194
0.07794479965780828 0.05415560700652122 2195
0.07884206410444464 0.05236817406713534 2196
0.07994139421419591 0.05403894434152784 2197
0.0808386586608323 0.05225151140214176 2198
0.0819379887705835 0.05392228167653446 2199
0.08283525321721993 0.05213484873714844 2200
0.0839345833269711 0.05380561901154116 2201
0.08483184777360754 0.05201818607215509 2202
0.08593117788335877 0.05368895634654783 2203
0.08682844232999515 0.05190152340716174 2204
0.08792777243974638 0.05357229368155467 2205
0.08882503688638277 0.05178486074216843 2206
0.089924366996134 0.05345563101656137 2207
0.09082163144277038 0.05166819807717508 2208
0.09192096155252159 0.05333896835156787 2209
0.09281822599915798 0.05155153541218181 2210
0.09391755610890919 0.05322230568657467 2211
0.09481482055554565 0.05143487274718865 2212
0.09591415066529684 0.05310564302158142 2213
0.09681141511193353 0.0513182100821955 2214
0.09791074522168459 0.05298898035658811 2215
0.09701348077504812 0.0547764132959742 2216
0.09901007533143577 0.0546597506309808 2217
0.0999073397780722 0.05287231769159479 2218
0.1010066698878234 0.05454308796598739 2219
0.1019039343344597 0.0527556550266013 2220
0.103003264444211 0.05442642530099388 2221
0.1039005288908472 0.05263899236160773 2222
0.1049998590005986 0.05430976263600035 2223
0.1058971234472348 0.05252232969661423 2224
0.1069964535569862 0.05419309997100697 2225
0.1078937180036225 0.0524056670316209 2226
0.1089930481133738 0.05407643730601353 2227
0.1098903125600101 0.05228900436662742 2228
0.1109896426697614 0.05395977464102002 2229
0.1118869071163976 0.05217234170163389 2230
0.112986237226149 0.05384311197602647 2231
0.1138835016727852 0.05205567903664036 2232
0.1149828317825367 0.0537264493110329 2233
0.1158800962291728 0.05193901637164662 2234
0.1169794263389242 0.05360978664603917 2235
0.1178766907855604 0.05182235370665302 2236
0.1189760208953118 0.05349312398104571 2237
0.119873285341948 0.05170569104165954 2238
0.1209726154516994 0.05337646131605205 2239
0.1218698798983356 0.05158902837666604 2240
0.122969210008087 0.05325979865105873 2241
0.1389179043844223 0.01762780252832444 2242
0.3233147484493389 0.0009886297381465309 2243
0.1814525870567046 0.02555249618418766 2244
0.1220719455614506 0.05504723159044448 2245
0.1240685401178384 0.05493056892545139 2246
0.2760886215577949 0.03403215847977864 2247
0.2771834115295956 0.03570590724794622 2248
0.275125357860423 0.01670930034099614 2249
0.27712193456724 0.01662176108627199 2250
0.09102369710588526 0.05512640129095425 2251
0.208507646400418 0.02570665182913822 2252
0.09479075848078279 0.01673617794440679 2253
0.3023132944587397 0.04748315234783863 2254
0.02892720019475405 0.05528474069196991 2255
0.1160821618922881 0.05539721958542485 2256
0.1754628033898958 0.02590248419996509 2257
0.01584830274667714 0.05431394640753775 2258
0.1007805421499453 0.01638618994942743 2259
0.08503391343672234 0.05547638928593403 2260
0.2025178627312282 0.02605663982396659 2261
0.1351267809347624 0.02131933107209057 2262
0.1378185742781803 0.0159570323139978 2263
0.1398151688351528 0.0158403696590148 2264
0.1358219797188682 0.01607369492893688 2265
0.1431372212350793 0.05555137521489752 2266
0.1451338157914669 0.05543471254990383 2267
0.02293741652559125 0.05563472868695016 2268
0.1554968578227922 0.02706911081412624 2269
0.1067703258191084 0.01603620195444738 2270
0.1694730197230208 0.02625247217102296 2271
0.1443255531390063 0.04160189969478917 2272
0.1452228175856424 0.03981446675540296 2273
0.07904412976755934 0.05582637728091411 2274
0.1100923782231251 0.05574720758040611 2275
0.2898881364703452 0.02264290597227115 2276
0.196528079062372 0.02640662782420616 2277
0.1127601094882718 0.0156862139594669 2278
0.01694763285642843 0.05598471668193046 2279
0.16348323604872 0.02660246015876262 2280
0.1041025945539623 0.05609719557538635 2281
0.0465899998351726 0.02974581700869698 2282
0.04990196451301934 0.03253814091737731 2283
0.1545283256631415 0.04373322195872173 2284
0.1557839151648478 0.04602303908192074 2285
0.1577998614375703 0.04756756961581639 2286
0.1590348575183524 0.04790885160482884 2287
0.0504720252797161 0.03503588221795709 2288
0.15844120475021 0.03723647497223716 2289
0.050013900774475 0.03748399234080787 2290
0.2760273554403372 0.01495347282886245 2291
0.2780242242321951 0.01484132119597693 2292
0.005518217334495193 0.04269489711061099 2293
0.2145042918328726 0.05017369540380457 2294
0.0149510383000408 0.05610137934692382 2295
0.1187498931574342 0.01533622596448628 2296
0.009036975253740396 0.001654981366846358 2297
0.1238664744547232 0.05147236571167263 2298
0.01764283163994981 0.05073908052876554 2299
0.01564623708356219 0.05085574319375896 2300
0.05158493909853927 0.04875581522387781 2301
0.1000853433664245 0.02163182610259132 2302
0.09811281088479946 0.05644718357036694 2303
0.136719244164919 0.01428626197953993 2304
0.1347226496086292 0.01440292464620206 2305
0.2762812975709372 0.03749089755588236 2306
0.2782782015036198 0.03737965600809075 2307
0.3101704708100316 0.001815086420639936 2308
0.2287512798977064 0.0350367350879258 2309
0.02363261530911272 0.05038909253378517 2310
0.278085525489033 0.03392091693720013 2311
0.1231712756712019 0.05671800186483726 2312
0.1251678702275896 0.05660133919984406 2313
0.06026651610761109 0.04304352841073942 2314
0.0582699215512235 0.0431601910757328 2315
0.05916718599785985 0.04137275813634671 2316
0.1356439761299347 0.04731418650792757 2317
0.02962239897827541 0.05003910453880522 2318
0.007660836283164302 0.0665279568126781 2319
0.2123416644259667 0.06653140112286715 2320
0.2968052813363813 0.02019788375426681 2321
0.2967136255830811 0.01819999862502435 2322
0.1187739552321973 0.05003492076726619 2323
0.1107875770066462 0.05050157142724126 2324
0.1028011987810957 0.05096822208721517 2325
0.07612620868977288 0.02303177808251205 2326
0.08411258691532338 0.02256512742253851 2327
0.09209896514087376 0.02209847676256499 2328
0.1080717215919746 0.02116517544261793 2329
0.1229451479333243 0.01856110384827813 2330
0.1160580998175255 0.02069852478264429 2331
0.1220478834866878 0.02034853678766416 2332
0.144236551344831 0.05722214548929006 2333
0.1462331459012185 0.05710548282429643 2334
0.1471304103478546 0.05531804988491014 2335
0.148229740457606 0.05698882015930282 2336
0.1491270049042422 0.05520138721991659 2337
0.1502263350139937 0.05687215749430923 2338
0.1511235994606299 0.05508472455492305 2339
0.1522229295703813 0.05675549482931569 2340
0.1531201940170176 0.05496806188992959 2341
0.1542195241267689 0.05663883216432234 2342
0.3253709342108912 0.0006480473666906557 2343
0.1356199141627299 0.01261549175941211 2344
0.1336233195167235 0.01273215437946359 2345
0.2782168663064176 0.01830057725287349 2346
0.03561218264743833 0.04968911654382489 2347
0.2254955160925592 0.03839593271357978 2348
0.312489101231204 0.03295042974567731 2349
0.2769294635425541 0.01316833083877238 2350
0.2749325654663832 0.01327972406846551 2351
0.2789263664994434 0.01305706400961179 2352
0.3258999999999962 0.0174803847577384 2353
0.1520208639072664 0.05329729161553693 2354
0.04160196631660121 0.04933912854884463 2355
0.01605036840979212 0.05777214962131655 2356
0.01405377385340448 0.05788881228630992 2357
0.01385170819028953 0.05443060907253112 2358
0.04559515542937642 0.04910580321885791 2359
0.0005361408194925356 0.02797086823136599 2360
0.01654350153019851 0.04906831025437287 2361
0.01454690697381089 0.04918497291936627 2362
0.2255253357657181 0.04594185445125591 2363
0.1551167885734052 0.05485139922493622 2364
0.1562161186831565 0.05652216949932903 2365
0.1463221476953938 0.04148523702979554 2366
0.14721941214203 0.03969780409040934 2367
0.09371549044579459 0.04976410247279604 2368
0.1347467116832984 0.04910161944731387 2369
0.1336473815735471 0.04743084917292087 2370
0.08572911222024399 0.05023075313276929 2371
0.1317397888113346 0.03192726604341557 2372
0.1240444780430755 0.02023187412267088 2373
0.2237869242809707 0.03001426614478443 2374
0.2773760875445527 0.03916464631749997 2375
0.2793729914775042 0.03905340476873961 2376
0.3095995943649961 0.01375547930146847 2377
0.3075746410028293 0.01316625558324599 2378
0.05717059144147222 0.04148942080134011 2379
0.05806785588810861 0.03970198786195401 2380
0.1571133831297929 0.05473473655994283 2381
0.1582127132395441 0.05640550683433549 2382
0.1573154487929078 0.05819293977372174 2383
0.1593120433492954 0.05807627710872827 2384
0.1602093077959317 0.05628884416934209 2385
0.1613086379056828 0.0579596144437349 2386
0.1622059023523195 0.05617218150434869 2387
0.1633029160838421 0.05780330869188452 2388
0.1642021108456692 0.05604891165821269 2389
0.165299060233352 0.05767893764889145 2390
0.1662013888504539 0.05597817421241798 2391
0.1672965672193771 0.05757789053705967 2392
0.168198582719847 0.05587176834281805 2393
0.1692934137328719 0.05746553993015883 2394
0.1701944415704925 0.05574251462240976 2395
0.1712910824302096 0.05736726038690944 2396
0.172191092532748 0.0556268173018044 2397
0.1732878654110669 0.05725382246627116 2398
0.1741857826182363 0.05547756103687509 2399
0.1752847898279743 0.05714280511820867 2400
0.1761821147395606 0.05535640699138047 2401
0.177281395621938 0.05702633477595311 2402
0.1781786674297003 0.05523902781675936 2403
0.179277990561744 0.05690967867288034 2404
0.1801752550722827 0.05512224682714754 2405
0.1812745840297338 0.05679299738077011 2406
0.1821718482949699 0.05500556133686447 2407
0.1832711781824383 0.05667632780704233 2408
0.1841684425617938 0.05488889371620016 2409
0.1852677726232844 0.05655966316464799 2410
0.1861650370506639 0.05477222989569466 2411
0.1872643671491621 0.0564429999775023 2412
0.1863671027006502 0.05823043288479117 2413
0.1883636972516402 0.05811377012742322 2414
0.1892609616973773 0.0563263371726412 2415
0.1903602918057661 0.05799710742372327 2416
0.1912603699374635 0.05625782860695973 2417
0.1923573553090597 0.05788847043549867 2418
0.193257511598952 0.05615052923798036 2419
0.1943541192074484 0.05777470593263649 2420
0.1952514118777526 0.05598775602027162 2421
0.1963502929412384 0.05765084120254708 2422
0.1972474872507763 0.05586220791897745 2423
0.1983467308299658 0.05753149728732204 2424
0.1992439691653268 0.05574361747289653 2425
0.2003432805014374 0.05741406645044378 2426
0.2012405374672554 0.0556265054824087 2427
0.2023398632012627 0.05729720086922136 2428
0.2032371256718062 0.05550973411046185 2429
0.2043389406406352 0.05722303089589149 2430
0.2052341329833854 0.05540013544292092 2431
0.2063360178033857 0.05711462767908485 2432
0.1242706057809536 0.05838877213923006 2433
0.1262672003373412 0.05827210947423667 2434
0.1222740112245656 0.05850543480422288 2435
0.1533222596801328 0.05842626510370831 2436
0.1823739136987551 0.0584637601123925 2437
0.1417227615932725 0.03134395271844505 2438
0.0608727130969558 0.05341813805207583 2439
0.0599855537279525 0.05519892207253282 2440
0.06197372738631254 0.05508780017331377 2441
0.06108684871391012 0.05686839950157827 2442
0.06307366567203232 0.05675817028128952 2443
0.07163988645659158 0.03196894277944257 2444
0.06227549730759205 0.05848040017715348 2445
0.06418798355843339 0.05841907892814312 2446
0.06036589957128911 0.05893288834244469 2447
0.2984894402828039 0.01911938589455464 2448
0.2983975380055469 0.01712150064404274 2449
0.296621371618457 0.01620212907738214 2450
0.2983055906832012 0.01512361596885139 2451
0.2965294167885973 0.01420424449807747 2452
0.2982136857091353 0.0131257288842697 2453
0.2964375188725791 0.01220635701192939 2454
0.1493290705673575 0.05865959043369547 2455
0.1783799584946079 0.05869730211515859 2456
0.2758346784493191 0.01149470847890759 2457
0.2738446540996087 0.01160147172870381 2458
0.2072308767666987 0.05528602668553554 2459
0.1271644647839773 0.05648467653485039 2460
0.1282637948937289 0.05815544680924301 2461
0.07973932855108107 0.05058074112774947 2462
0.1238424123799606 0.01677367090889205 2463
0.1231472135964391 0.02201930706205689 2464
0.1251438081528268 0.0219026443970637 2465
0.1453358814545825 0.05889291576368269 2466
0.1433392868981949 0.05900957842867628 2467
0.2034391892529363 0.05896790169265922 2468
0.1744176146374749 0.05894736478395715 2469
0.1345205839663333 0.01094472144135282 2470
0.132577245848682 0.01108811803741 2471
0.1365171786307628 0.01082805883055813 2472
0.3044716295999172 0.0459294936636487 2473
0.2947532371605988 0.01328487328219176 2474
0.2946613513216397 0.01128698517187967 2475
0.2929770706342951 0.01236550138812435 2476
0.2981217972787585 0.01112784091364766 2477
0.04534408418870588 0.02951439458058069 2478
0.1705507410151269 0.05914557857160371 2479
0.1994460129258613 0.05920144584035968 2480
0.3086927518146113 0.01173492888260536 2481
0.3069061760332966 0.0112517237404556 2482
0.2928694213386366 0.01040277746556202 2483
0.2912328695323008 0.01150600855111401 2484
0.1664158008501125 0.05943329265942447 2485
0.1954529536535579 0.0594369932932499 2486
0.01515310396315577 0.05955958256070261 2487
0.01714969851954339 0.05944291989570923 2488
0.01315650940676817 0.05967624522569602 2489
0.01544417142044721 0.04739753997998019 2490
0.01344757686405961 0.04751420264497359 2491
0.01744076597683483 0.04728087731498676 2492
0.01255031241742329 0.04930163558435969 2493
0.1623503511873321 0.05953760411040316 2494
0.1583865797773029 0.05984955451139402 2495
0.2985812950987344 0.02111721696198607 2496
0.3002655203562981 0.02003875402550579 2497
0.1291610593403648 0.05636801386985665 2498
0.1302603894501165 0.0580387841442491 2499
0.06006445044449621 0.03958532519696062 2500
0.05896512033474495 0.03791455492256793 2501
0.05696852577835732 0.0380312175875613 2502
0.0578657902249937 0.03624378464817522 2503
0.1327260550551523 0.01451958731136103 2504
0.1914597000727311 0.05966921530057731 2505
0.1293631250034804 0.0598262170836356 2506
0.1313597195598682 0.05970955441864145 2507
0.01205717929701686 0.05800547495130336 2508
0.2784708775184385 0.04083839507814173 2509
0.2804677814514601 0.04072715352912779 2510
0.2813698954105378 0.03894216321968361 2511
0.2824646853844917 0.04061591198008008 2512
0.283366799343571 0.03883092167062951 2513
0.2844615893175252 0.04050467043102621 2514
0.2764739735854079 0.04094963662718888 2515
0.2853637032766038 0.03871968012157487 2516
0.2864584932505586 0.04039342888197077 2517
0.2842689133026502 0.03704593136117877 2518
0.1874664328037915 0.05990120304606406 2519
0.1354178484170309 0.009157288503934513 2520
0.3274667221760454 0.01590615978598111 2521
0.1901151312956703 0.05458208299366176 2522
0.2873606072096374 0.03860843857252018 2523
0.2884553971835916 0.0402821873329166 2524
0.1610252020098716 0.05454209301209212 2525
0.208330231747603 0.05695722261119628 2526
0.2074537714108994 0.05879646449742214 2527
0.3109660317672837 0.03447871365663181 2528
0.1253699358907051 0.06005954241362277 2529
0.1483915924393631 0.04134197274355433 2530
0.1492880746756785 0.03954361859310347 2531
0.1481286879182098 0.03790411734563796 2532
0.1501132711450542 0.03779370848602992 2533
0.1374144427558258 0.009040625729700416 2534
0.2066364776907759 0.06649407116790873 2535
0.013357185010775 0.06649559123399092 2536
0.193976915426658 0.05419658538341654 2537
0.06343208060347037 0.05999210591427913 2538
0.06535440147589638 0.06002547470003181 2539
0.3003573884591435 0.02203664168106076 2540
0.3020416486671868 0.0209581384409925 2541
0.3021335340675086 0.02295602458823043 2542
0.2306765433784681 0.02788829166970386 2543
0.2242783433759026 0.02131517418180108 2544
0.2262749363085115 0.02119850378228845 2545
0.2251756035192307 0.01952772209005467 2546
0.2271721973728238 0.01941105631021234 2547
0.2260728667345181 0.01774028355193062 2548
0.2280694610991909 0.01762362003987024 2549
0.2269701309045564 0.01595284914869235 2550
0.2289667254283162 0.01583618632564489 2551
0.2300660554636456 0.01750695660513354 2552
0.2309633199324909 0.01571952347942927 2553
0.2320626499824804 0.01739029383587618 2554
0.2329599144950573 0.01560286090217965 2555
0.2340592445368006 0.01727363122250664 2556
0.2349565090550567 0.01548619831368668 2557
0.236055839096622 0.01715696863323538 2558
0.236953103616018 0.01536953572940631 2559
0.2380524336575212 0.01704030604868276 2560
0.238949698177102 0.01525287314566348 2561
0.2400490282186205 0.01692364346500586 2562
0.2409462927382565 0.01513621056222982 2563
0.2420456227797647 0.01680698088152643 2564
0.2429428872994078 0.01501954797878179 2565
0.2440422173409158 0.01669031829807939 2566
0.2449394818605604 0.01490288539533974 2567
0.2460388119020682 0.01657365571463695 2568
0.2469360764217131 0.01478622281189859 2569
0.2480354064632206 0.0164569931311936 2570
0.2489326709828652 0.0146695602284572 2571
0.2500320010243732 0.01634033054775163 2572
0.2509292655440178 0.01455289764501477 2573
0.252028595585526 0.01622366796430955 2574
0.252925860105171 0.01443623506157198 2575
0.254025190146679 0.01610700538086691 2576
0.2549224546663236 0.01431957247812941 2577
0.2560217847078319 0.01599034279742406 2578
0.2569190492274761 0.01420290989468595 2579
0.2580183792689847 0.01587368021398062 2580
0.2589156437886286 0.01408624731124241 2581
0.2278673953550545 0.01416541587110161 2582
0.225870800767849 0.01428207836928737 2583
0.233857179013567 0.01381542799447326 2584
0.2600149738301377 0.01575701763053679 2585
0.2609122383497806 0.0139695847277987 2586
0.2518265300636605 0.01276546474227531 2587
0.2418435572578989 0.01334877765948738 2588
0.2267680652923873 0.01249464545258 2589
0.2247714707271688 0.01261130800772308 2590
0.2598129083082721 0.01229881440850446 2591
0.2618095028694241 0.01218215182506136 2592
0.2620115683912896 0.015640355047093 2593
0.2571211147493412 0.01766111311671838 2594
0.260710172827916 0.01051138150576674 2595
0.2627067673890685 0.01039471892232443 2596
0.2471381419435762 0.01824442603393527 2597
0.2256687352474908 0.01082387510970238 2598
0.2236721406857733 0.01094053768921415 2599
0.2276653298087565 0.01070721252704682 2600
0.2391517636989798 0.01871107636775678 2601
0.2265659997667028 0.009036442203951858 2602
0.2285625943277836 0.008919779620008695 2603
0.2331619800172134 0.01906106412541314 2604
0.222774876165072 0.01272797057481969 2605
0.2216755461243692 0.01105720026927706 2606
0.2207782816044014 0.0128446331666329 2607
0.2196789515632549 0.01117386285355143 2608
0.2187816870435686 0.01296129575559944 2609
0.2176823570021618 0.0112905254380532 2610
0.2167850924824791 0.01307795834013927 2611
0.2156857624410295 0.01140718802185529 2612
0.2185796215218239 0.009503092535605962 2613
0.2147884979213891 0.01319462092465268 2614
0.2136891678798905 0.0115238506055369 2615
0.2127919033602493 0.01331128350831379 2616
0.2116925733187422 0.01164051318905588 2617
0.2107953087990994 0.01342794609180607 2618
0.2096959787575907 0.01175717577251956 2619
0.2105932432772348 0.00996974286978362 2620
0.2085966487160825 0.01008640545322965 2621
0.2076993841964384 0.0118738383559685 2622
0.2066000541549299 0.01020306803667429 2623
0.2057027896352859 0.01199050093941272 2624
0.2046034595937769 0.0103197306201182 2625
0.2037061950795945 0.01210716361631687 2626
0.2026068650335346 0.01043639321913846 2627
0.2017096005195038 0.01222382621793313 2628
0.2006102704727104 0.01055305580820672 2629
0.1997130059601713 0.0123404888325276 2630
0.1986136759119156 0.01066971839777963 2631
0.1977164113993818 0.01245715142218464 2632
0.1966170813508832 0.01078638098328068 2633
0.1957198168398983 0.01257381403418979 2634
0.194620486790029 0.01090304357182723 2635
0.1937232222790733 0.01269047662324388 2636
0.192623892228981 0.01101970615705591 2637
0.1917266277093548 0.01280713906009104 2638
0.1906272976657086 0.01113636870422196 2639
0.1897300331464213 0.01292380161305519 2640
0.1886307031046154 0.01125303128868072 2641
0.193521156747193 0.009232273229837367 2642
0.1877334385849816 0.01304046419158762 2643
0.1866341085434089 0.01136969387120326 2644
0.185736844023772 0.01315712677405866 2645
0.1846375139822536 0.01148635645460216 2646
0.1837402494626094 0.01327378935733199 2647
0.1826409194210982 0.01160301903799744 2648
0.1817436549014547 0.01339045194073854 2649
0.1806443248599454 0.01171968162143779 2650
0.1855347785018952 0.009698923551838028 2651
0.1797470603403015 0.01350711452417472 2652
0.1786477302987927 0.01183634420487856 2653
0.1777504657791488 0.01362377710761608 2654
0.1766511357376399 0.01195300678832152 2655
0.1757538712179963 0.01374043969105887 2656
0.1746545411764873 0.01206966937176438 2657
0.1775484002572836 0.01016557388558391 2658
0.1737572766568436 0.01385710227450171 2659
0.1726579466153347 0.01218633195520699 2660
0.1717606820956908 0.01397376485794445 2661
0.1706613520541819 0.01230299453864987 2662
0.1697640875345384 0.01409042744138692 2663
0.1686647574930293 0.01241965712209273 2664
0.1695620220126726 0.01063222421935532 2665
0.1675654274515197 0.0107488868027983 2666
0.1666681629318765 0.01253631970553602 2667
0.1655688328903668 0.01086554938624172 2668
0.1646715683707237 0.01265298228897968 2669
0.1635722383292142 0.01098221196968552 2670
0.1626749738095714 0.01276964487242328 2671
0.1615756437680618 0.01109887455312911 2672
0.1606783792484189 0.01288630745586673 2673
0.1595790492069092 0.01121553713657266 2674
0.1586817846872661 0.0130029700393102 2675
0.1575824546457566 0.01133219972001596 2676
0.1566851901261133 0.01311963262275354 2677
0.1555858600846038 0.01144886230345917 2678
0.1546885955649607 0.01323629520619688 2679
0.1535892655234513 0.01156552488690263 2680
0.1526920010038082 0.01335295778964031 2681
0.1515926709622988 0.01168218747034604 2682
0.1506954064426556 0.01346962037308369 2683
0.1495960764011461 0.01179885005378934 2684
0.148698811881503 0.01358628295652699 2685
0.1475994818399933 0.01191551263723263 2686
0.1544865300430943 0.009778091984164881 2687
0.1624729082877047 0.009311441650391187 2688
0.1484967463596363 0.01012807973449502 2689
0.1465001517984834 0.01024474231793878 2690
0.1497981419230124 0.01525705327582142 2691
0.1577845201676229 0.01479040294204773 2692
0.1968191468176653 0.01424458465977115 2693
0.2386607998312247 0.02743414245265996 2694
0.3204999999999865 0.01748038475774511 2695
0.3150999999999942 0.01748038475773856 2696
0.3229000000000039 0.01748038475774014 2697
0.3180999999999918 0.0174803847577401 2698
0.2459423784510416 0.03224189855680823 2699
0.3274803847577279 0.008100000000020032 2700
0.2466542256985571 0.02698575780508254 2701
0.04282084520280413 0.02953097425018198 2702
0.0055196152422703 0.06129999999998224 2703
0.00551961524227184 0.05829999999997854 2704
0.005519615242269249 0.04869999999998406 2705
0.2531279256270347 0.01789443828360392 2706
0.00551961524226951 0.04569999999999043 2707
0.327480384757709 0.005700000000016426 2708
0.1327501171269108 0.04921828211230744 2709
0.1316507870171594 0.04754751183791454 2710
0.1325480514637957 0.0457600788985281 2711
0.1305514569074081 0.04587674156352181 2712
0.1311576538967521 0.056251351204862 2713
0.2566438127824645 0.02641889160988777 2714
0.2704095670267759 0.02218474280789057 2715
0.2611143038716475 0.01742778794983123 2716
0.2631108984327999 0.01731112536638707 2717
0.2458367463802055 0.01311545249260285 2718
0.1490159429235599 0.03612189591073961 2719
0.1510108692397333 0.03600610182982739 2720
0.1120649107047499 0.02093185011263115 2721
0.1260410725994632 0.0201152114576777 2722
0.1271404027092145 0.02178598173207055 2723
0.1227671443449719 0.0498015954372799 2724
0.1090820499075498 0.03845619151151038 2725
0.2072062506561673 0.02057767801128034 2726
0.06883502924774389 0.01825279258932087 2727
0.06973229369438019 0.0164653596499348 2728
0.06773569913799259 0.0165820223149282 2729
0.06863296358462889 0.0147945893755421 2730
0.06663636902824129 0.01491125204053554 2731
0.07062955814101651 0.01467792671054872 2732
0.06953022803126525 0.01300715643615601 2733
0.07152682258765285 0.01289049377116265 2734
0.07042749247790164 0.01121972349676995 2735
0.07242408703428926 0.01110306083177664 2736
0.07132475692453816 0.009432290557383876 2737
0.06932816236815052 0.009548953222377133 2738
0.07332135148092576 0.009315627892390661 2739
0.07442068159067688 0.01098639816678348 2740
0.0753179460373134 0.009198965227397507 2741
0.1250548063586507 0.03752289019156099 2742
0.06556110099325255 0.04793917656892413 2743
0.1010956716819994 0.03892284217148484 2744
0.08972230133301912 0.04999742780278243 2745
0.06345144256792615 0.02897739022563765 2746
0.06235211245817479 0.02730661995124496 2747
0.07713653700534853 0.04032279415140656 2748
0.1227430822702094 0.01510290063449933 2749
0.06915015877979773 0.04078944481137972 2750
0.1170684281331004 0.0379895408515354 2751
0.09180789768358273 0.03426051934328679 2752
0.08011939780254812 0.02279845275252543 2753
0.1474336195030752 0.04315157370064691 2754
0.07505094065478427 0.05605970261090063 2755
0.06573910458160498 0.01669868497992165 2756
0.06463977447185362 0.01502791470552899 2757
0.06374251002521737 0.01681534764491512 2758
0.06264317991546599 0.01514457737052248 2759
0.06174591546882979 0.01693201030990864 2760
0.06064658535907841 0.01526124003551602 2761
0.05974932091244219 0.01704867297490217 2762
0.05864999080269082 0.01537790270050955 2763
0.05775272635605459 0.01716533563989569 2764
0.05665339624630322 0.01549456536550307 2765
0.055756131799667 0.01728199830488919 2766
0.05465680168991562 0.01561122803049658 2767
0.05375953724327941 0.01739866096988273 2768
0.05266020713352799 0.01572789069549011 2769
0.05176294268689181 0.01751532363487622 2770
0.05066361257714041 0.01584455336048364 2771
0.04976634813050421 0.01763198629986978 2772
0.04866701802075282 0.0159612160254772 2773
0.04776975357411661 0.01774864896486331 2774
0.04667042346436522 0.01607787869047074 2775
0.04577315901772901 0.01786531162985685 2776
0.04467382890797761 0.01619454135546427 2777
0.04377656446134135 0.01798197429485036 2778
0.04267723435159 0.01631120402045779 2779
0.04177996990495375 0.01809863695984392 2780
0.04068063979520242 0.01642786668545132 2781
0.03978337534856614 0.01821529962483746 2782
0.03868404523881482 0.01654452935044486 2783
0.03778678079217852 0.01833196228983093 2784
0.03668745068242722 0.01666119201543838 2785
0.03579018623579099 0.01844862495482447 2786
0.03469085612603962 0.01677785468043191 2787
0.03379359167940341 0.01856528761981806 2788
0.03269426156965202 0.01689451734542545 2789
0.03179699712301581 0.0186819502848116 2790
0.03069766701326442 0.01701118001041899 2791
0.05286227279664314 0.01918609390926875 2792
0.02980040256662821 0.01879861294980514 2793
0.02870107245687682 0.01712784267541253 2794
0.02780380801024061 0.01891527561479868 2795
0.02670447790048921 0.01724450534040606 2796
0.025807213453853 0.01903193827979221 2797
0.02470788334410161 0.01736116800539959 2798
0.0238106188974654 0.01914860094478577 2799
0.02271128878771399 0.01747783067039311 2800
0.0218140243410778 0.0192652636097793 2801
0.0207146942313264 0.01759449333538665 2802
0.01981742978469019 0.0193819262747728 2803
0.0187180996749388 0.01771115600038018 2804
0.01782083522830259 0.01949858893976633 2805
0.0167215051185512 0.01782781866537371 2806
0.01582424067191499 0.01961525160475987 2807
0.01961536412157502 0.01592372306099403 2808
0.03359152601628823 0.0151070844060393 2809
0.02560514779073781 0.0155737350660134 2810
0.04687248912748035 0.01953608190424929 2811
0.0147249105621636 0.01794448133036725 2812
0.01382764611552739 0.01973191426975341 2813
0.03958130968545101 0.01475709641105872 2814
0.0535574715801642 0.01394045775610395 2815
0.04088270545831731 0.01988606989922999 2816
0.04557109335461379 0.0144071084160781 2817
0.0615438498057146 0.01347380709612989 2818
0.03489292178915475 0.02023605789421067 2819
0.028903138119992 0.02058604588919129 2820
0.0249099490072168 0.02081937121917846 2821
0.02091675989444159 0.02105269654916544 2822
0.01272831600577599 0.01806114399536079 2823
0.0136255804524122 0.01627371105597463 2824
0.01692357078166639 0.0212860218791525 2825
0.01183105155913979 0.01984857693474694 2826
0.01293038166889119 0.02151934720913956 2827
0.01093378711250358 0.0216360098741331 2828
0.0116289858960246 0.01639037372096817 2829
0.0125262503426608 0.01460294078158201 2830
0.01052965578627319 0.01471960344657555 2831
0.0114269202329094 0.0129321705071894 2832
0.013423514789297 0.01281550784219586 2833
0.0123241846795456 0.01114473756780325 2834
0.0143207792359332 0.0110280749028097 2835
0.05885205646580591 0.0188361059142883 2836
0.01032759012315801 0.01126140023279678 2837
0.05755066069293942 0.01370713242611692 2838
0.009834457002752189 0.01996523959974047 2839
0.049564282467389 0.01417378308609103 2840
0.02959833690351302 0.01534040973602632 2841
0.1330411845842011 0.0370562395315856 2842
0.1373254411542654 0.02466087162087209 2843
0.07354747921880338 0.04747252590895115 2844
0.10179087046552 0.03367720601831863 2845
0.08512291523089888 0.03985614349143261 2846
0.09310929345644917 0.03938949283145853 2847
0.1040785324791995 0.02139850077260493 2848
0.0838215194580321 0.03472717000326005 2849
0.06784876300693152 0.0356604713232083 2850
0.06145484801153854 0.02909405289063108 2851
0.0603555179017872 0.02742328261623844 2852
0.05945825345515095 0.02921071555562453 2853
0.05835892334539958 0.02753994528123193 2854
0.0574616588987634 0.02932737822061799 2855
0.05636232878901197 0.02765660794622544 2856
0.05546506434237578 0.0294440408856115 2857
0.05436573423262438 0.02777327061121891 2858
0.08480778569884476 0.01731949126937403 2859
0.07305434609839664 0.05617636527589395 2860
0.07415367620814783 0.05784713555028666 2861
0.08810577602809865 0.0223318020925517 2862
0.1147807661194216 0.05026824609725392 2863
0.09609215425364923 0.02186515143257801 2864
0.1594900469357061 0.02683578548641016 2865
0.166175029386722 0.02124016018937035 2866
0.1067943878938715 0.05073489675722799 2867
0.07641727614706448 0.01086973550179035 2868
0.07731454059370105 0.009082302562404328 2869
0.2587135782667636 0.01062804408920887 2870
0.1097772486910708 0.03321055535834522 2871
0.0784138707034521 0.01075307283679718 2872
0.07931113515008868 0.008965639897411139 2873
0.08041046525983969 0.01063641017180404 2874
0.276990735515137 0.03224716817658704 2875
0.2789876394478812 0.03213592662857505 2876
0.2431449528212738 0.01847775120082203 2877
0.1242465437061905 0.02369007733644971 2878
0.1222499491498029 0.02380674000144308 2879
0.2378503681356041 0.01358210282641835 2880
0.2800211563107065 0.01473080855665807 2881
0.2809232749606987 0.01294593973216262 2882
0.2820180656893568 0.01461970803782675 2883
0.2828466200166709 0.01279756456693501 2884
0.2818131306434562 0.01115480027944282 2885
0.2839305810018052 0.01449080920191207 2886
0.2830987919266014 0.01629054067966181 2887
0.01109999999997314 0.0294803847577304 2888
0.124739676826597 0.01498623796950593 2889
0.1236403467168457 0.01331546769511322 2890
0.002099999999995691 0.02948038475773052 2891
0.3274803847577389 0.01290000000001115 2892
0.3274803847577342 0.01050000000001742 2893
0.006296622049278238 0.02942652094764628 2894
0.2638060974305764 0.01206548924161998 2895
0.2647033619502217 0.01027805633888372 2896
0.008699999999980345 0.02948038475773097 2897
0.1478015474908195 0.01537371582267248 2898
0.265802691991729 0.01194882665817972 2899
0.2666999565113751 0.01016139375544383 2900
0.1652178521476577 0.05438613705104748 2901
0.1735552111349786 0.01039889905246973 2902
0.1611942515530606 0.0664811644103557 2903
0.1587995756072013 0.06648116441035562 2904
0.1156880787134303 0.06648116441035593 2905
0.1132790497101464 0.06639368250062033 2906
0.20430574844682 0.06648116441035591 2907
0.1264662422737838 0.06648116441035698 2908
0.1366455633563278 0.06648125371446958 2909
0.1186822916564823 0.06648116441035642 2910
0.1216759259257072 0.06648127554703832 2911
0.129459683651734 0.06648116441035645 2912
0.1342500578022646 0.06648147552625386 2913
0.1240711324165349 0.06648168132917695 2914
0.1318549382714093 0.06648145392489334 2915
0.1390400271005991 0.06648086373939155 2916
0.1450399487960806 0.06647664457775265 2917
0.0869473379727376 0.06648116441035797 2918
0.08215734960477591 0.06648147552625608 2919
0.03844753086414809 0.06648091944863163 2920
0.08455270074692629 0.06648123096565967 2921
0.03126228787651861 0.06648147552625534 2922
0.02826851851848384 0.0664814539248952 2923
0.03365790903548371 0.06648125371447218 2924
0.06000308649906206 0.06648145360400137 2925
0.03605246913575741 0.06648649632076199 2926
0.07437295516184995 0.06648125371447285 2927
0.01627507084531894 0.06654392783288782 2928
0.05760802469124905 0.06648145392489613 2929
0.06419444452374548 0.0664814536040023 2930
0.1013179012343394 0.06648145392489613 2931
0.07137962962948423 0.06648145392489613 2932
0.09772511575048204 0.06648116441035848 2933
0.02228086419750921 0.0664812755470406 2934
0.07676838352909045 0.06648137518729622 2935
0.0791632805418797 0.06648146204044013 2936
0.04144115248179758 0.0664810379546603 2937
0.04503395061721421 0.06650467280655836 2938
0.0899413579450746 0.06648145360400255 2939
0.09233622686160983 0.06648116441035837 2940
0.04922550153316868 0.06648116441035823 2941
0.06898406627297771 0.06648125371447307 2942
0.05162037037028005 0.06648145392489613 2943
0.09533043980464667 0.06648116441035846 2944
0.06658965945427066 0.06648154223853146 2945
0.1037131905317042 0.06648139412733252 2946
0.2839827642328503 0.002164475965126638 2947
0.3141278019790349 0.001957257801885136 2948
0.2503048155972736 0.001417029527595331 2949
0.2602279429728158 0.0017269272750125 2950
0.2342871336723896 0.001713165582465747 2951
0.2762578419072333 0.001618234323210375 2952
0.2422742722961414 0.001665993782353416 2953
0.3060117124325152 0.002052079814818836 2954
0.1245589255022955 0.00161005983740397 2955
0.03290159410058704 0.001689448155626532 2956
0.01897207516335236 0.001844917293874941 2957
0.06087298816106357 0.001773961465814139 2958
0.05285546064188815 0.001800699884424851 2959
0.1447478012488143 0.001685766619868185 2960
0.2063315217391491 0.04801773257834663 2961
0.162094192796799 0.04807506812336068 2962
0.2087229279457178 0.04801769473121668 2963
0.2129084211762702 0.04801272236876764 2964
0.01203311722225498 0.02330678014852572 2965
0.01003652266586737 0.02342344281351924 2966
0.293961480600897 0.04748500558099151 2967
0.2790303171055761 0.04748227006483136 2968
0.2963432835820814 0.04748296990819632 2969
0.2527624072117545 0.04748248670226652 2970
0.2993285910250241 0.04748310325116043 2971
0.2742541977025696 0.04748227006483721 2972
0.2318656716417793 0.04748296990818617 2973
0.2575389184377583 0.04748272255106827 2974
0.2670883390566965 0.04748248670226436 2975
0.007140486788450344 0.04053024289976632 2976
0.282611940298424 0.04748296990818735 2977
0.03634314362573533 0.0405169783479706 2978
0.01365625005854313 0.0405177299351647 2979
0.287407266711236 0.04741424749140488 2980
0.2718652521728659 0.04748342528908307 2981
0.01126912307582494 0.04051772993516499 2982
0.2694777518965527 0.04748302165202621 2983
0.2479846082674177 0.0474822700648385 2984
0.2850163830982141 0.0474218597751012 2985
0.02201492537318149 0.04051703009181268 2986
0.2551487873718612 0.04748227006484155 2987
0.2455970149253235 0.04748296990818962 2988
0.02858185673618101 0.04051689674883535 2989
0.02619402985079593 0.04051703009181002 2990
0.2270900185981893 0.04748227006483868 2991
0.0393284981653449 0.04051697834796938 2992
0.2294776119402775 0.04748253797799324 2993
0.2414037591457081 0.04749066758796837 2994
0.2766413705854893 0.04748299379776253 2995
0.2503726202041451 0.04751352193791625 2996
0.2647014925371904 0.0474825379779957 2997
0.262313432835711 0.04748253797799361 2998
0.2599265863162203 0.04748248670226583 2999
0.1734180044985117 0.03698270255979826 3000
0.1609457659960122 0.03694344501295204 3001
0.2091977636124768 0.03698310486819191 3002
0.1633130307992843 0.03693898019457879 3003
0.2068113532995724 0.03698270255979799 3004
0.1984620443693643 0.03698351288751836 3005
0.2026373285757743 0.0369837263913604 3006
0.2193342890794256 0.03698270255979869 3007
0.1799770642201358 0.03698356283260808 3008
0.2151620068968003 0.03698444627189273 3009
0.1841513761467281 0.03698356283261026 3010
0.1942896685750854 0.03698338430322138 3011
0.188325114767437 0.03698270255979982 3012
0.1758027522935402 0.03698303153364972 3013
0.1692446108398749 0.03698296922472603 3014
0.2026677178094203 0.001712946419583004 3015
0.29247852855414 0.001955539243643045 3016
0.3044861282556685 0.03706676191602935 3017
0.2144882577159455 0.05547727272729337 3018
0.2144884101330478 0.05843138984538283 3019
0.3044880394631934 0.04121195828790542 3020
0.214488257715944 0.05311363636365087 3021
0.2144880394631899 0.06137895080302512 3022
0.08130772970647632 0.008848977232418048 3023
0.08240705981622727 0.01051974750681094 3024
0.08330432426286384 0.008732314567425008 3025
0.08440365437261489 0.01040308484181788 3026
0.08530091881925146 0.008615651902431966 3027
0.08640024892900255 0.01028642217682479 3028
0.2235099657253642 0.03701158458255257 3029
0.3037960149943885 0.02187851260201869 3030
0.3039060613865857 0.02387556548433843 3031
0.3055953626945133 0.02284090603962678 3032
0.3056854825529341 0.02480213592470042 3033
0.3124913624688744 0.02415366884661348 3034
0.3124891012312028 0.03001939526292605 3035
0.2094734772911597 0.06650016918973672 3036
0.0105416666666627 0.06649481851445818 3037
0.225509081210217 0.04129426893616243 3038
0.001571106517259891 0.006863759110215866 3039
0.01146146303963621 0.04763612647974799 3040
0.2893575111426716 0.03849719702346642 3041
0.2904523011166247 0.04017094578386424 3042
0.3081428571427883 0.03450512834070734 3043
0.3058571428571262 0.03450512834070736 3044
0.1981446043672988 0.05407225353447056 3045
0.1763680983168329 0.001688421021664262 3046
0.1688739785415672 0.05387978336657873 3047
0.1560140530200416 0.05306396628555018 3048
0.01119097241043692 0.05980849831862876 3049
0.2837332377452919 0.01098393717789567 3050
0.2144861282556698 0.06552130737056971 3051
0.2909906295114047 0.009339287437777104 3052
0.3274803847577306 0.001500000000004222 3053
0.2747410357233485 0.00982023018870524 3054
0.3081066148137871 0.00978046390245994 3055
0.310165054382242 0.0103915133017947 3056
0.3061694448252851 0.009378064339245108 3057
0.181541589379589 0.009932248718698973 3058
0.2021658589039377 0.05393862209551806 3059
0.08729751337563915 0.008498989237438845 3060
0.08839684348539019 0.01016975951183162 3061
0.2102988354777114 0.001751466130966491 3062
0.005519615242269823 0.06549999999999605 3063
0.08929410793202681 0.008382326572445668 3064
0.09039343804177782 0.0100530968468385 3065
0.09129070248841449 0.008265663907452467 3066
0.09239003259816528 0.009936434181845269 3067
0.1731167235037385 0.05389876364542213 3068
0.1444386170079464 0.06068034870306893 3069
0.1424394442089769 0.06081165663083577 3070
0.01122485456979421 0.009473967293410632 3071
0.1843537137933201 0.001655388196962631 3072
0.009228260013406609 0.009590629958404165 3073
0.2999814030268993 0.01604256825143661 3074
0.1547304360343545 0.001667627374527926 3075
0.2145864323995368 0.00973641770282796 3076
0.2827106188514049 0.009364012266182248 3077
0.1770793385468029 0.05356827853906583 3078
0.05581469553673662 0.03638876933853926 3079
0.05497022212341768 0.03815630235607648 3080
0.2061311457430618 0.05360839506878091 3081
0.2081276983516224 0.05349101449799743 3082
0.2895501871575434 0.04195593609331447 3083
0.2915757977713547 0.04185875452781935 3084
0.292453989496455 0.0400620475654057 3085
0.293578283558984 0.04175024686445964 3086
0.2945053187947893 0.008998170468167513 3087
0.0932872970448021 0.008149001242459413 3088
0.09438662715455307 0.009819771516852385 3089
0.06854813410189667 0.001527421975102102 3090
0.1895279676242091 0.00946559838509687 3091
0.1584797191653995 0.00954476681727813 3092
0.2179666038301104 0.001562683011286955 3093
0.2636040319087149 0.008607286019587794 3094
0.09528389160118977 0.008032338577466446 3095
0.09638322171094089 0.009703108851859175 3096
0.09728048615757742 0.00791567591247345 3097
0.09837981626732835 0.009586446186866365 3098
0.008330995566770402 0.01137806289779032 3099
0.1495050878633664 0.04300757048048232 3100
0.1485373341148568 0.04482074295153857 3101
0.192055054407465 0.001910499742239066 3102
0.2882627211687173 0.03682344826306966 3103
0.1625178341167891 0.001726927275010685 3104
0.1684626919711634 0.00896145390006064 3105
0.01056594538166058 0.04942443628076424 3106
0.2855563792914789 0.04217841919142232 3107
0.01234999354296902 0.04584430923221106 3108
0.2094326365855064 0.05862990825145814 3109
0.2085317084754623 0.06040534663706777 3110
0.1473974163181262 0.008457309415200906 3111
0.1454008217569736 0.008573971998644795 3112
0.1810725181549848 0.05333479054505242 3113
0.222572810644148 0.009269767368830686 3114
0.134812523260169 0.002012846115763512 3115
0.09927708071396499 0.007799013247480454 3116
0.100376410823716 0.009469783521873365 3117
0.01625243407290704 0.06123035283509531 3118
0.01824211645265422 0.0609953934189188 3119
0.197514345869361 0.00899894806061032 3120
0.1445035572373309 0.01036140490138265 3121
0.1637743038510805 0.01444041519171715 3122
0.1992198724022189 0.02104432900499928 3123
0.20081233593493 0.014011259406628 3124
0.2048055251156423 0.01377793384215041 3125
0.1280376671558509 0.01999854879268453 3126
0.1307535225705233 0.0493349447773022 3127
0.1470196820152153 0.03623838485891698 3128
0.1479153338296439 0.0344517915508095 3129
0.06618423932795686 0.05829926714413967 3130
0.06728351297323087 0.05996951256536401 3131
0.06396897590384114 0.054972023172298 3132
0.05725959323564818 0.0258691750068393 3133
0.1409144989414924 0.01751113987500999 3134
0.05627332699483589 0.04327685374072622 3135
0.06125278234842348 0.02563584967685231 3136
0.06096171489113256 0.03779789225757455 3137
0.1372364393600916 0.04028111741537668 3138
0.1314487213540441 0.04408930862413567 3139
0.1294521267976566 0.04420597128912935 3140
0.2778928494738871 0.03046217786831554 3141
0.2798897534068652 0.03035093631945569 3142
0.1233492792595541 0.02547751027583574 3143
0.1253458738159418 0.02536084761084238 3144
0.1213526847031666 0.02559417294082925 3145
0.1256369412732334 0.01319880503011982 3146
0.1245376111634821 0.01152803475572709 3147
0.1225410166070944 0.01164469742072054 3148
0.1234382810537306 0.009857264481334477 3149
0.1214416864973431 0.009973927146327975 3150
0.1253612106333994 0.0097890717515453 3151
0.01634143586708352 0.04561010704059409 3152
0.01833803042347111 0.04549344437560066 3153
0.2815625714254114 0.04240090228953115 3154
0.3073977300824739 0.02376764562578399 3155
0.3074665559751335 0.02572393564719699 3156
0.2263128946018802 0.001886997221224674 3157
0.07881253780646795 0.001831399794884889 3158
0.01226442122014127 0.06146627656973867 3159
0.1012736752703526 0.007682350582487397 3160
0.1023730053801036 0.009353120856880243 3161
0.1032702698267401 0.00756568791749432 3162
0.1043695999364913 0.009236458191887151 3163
0.1850657069377027 0.05310145956637435 3164
0.2850947827275396 0.01620449792145552 3165
0.2842028065697328 0.0179704600801542 3166
0.2596108427864085 0.008840611186471573 3167
0.2576142482252555 0.008957273769912467 3168
0.2015075349914724 0.008765622890400457 3169
0.01036417084998907 0.0459663792105905 3170
0.01029974693381158 0.06159896273011417 3171
0.2847055585801403 0.00923038440435554 3172
0.1304624551132321 0.06149698735802793 3173
0.1324590496696199 0.06138032469303377 3174
0.1333563141162556 0.05959289175364727 3175
0.1344556442260074 0.06126366202803957 3176
0.1353529086726432 0.05947622908865306 3177
0.1052668643831277 0.00744902525250103 3178
0.106366194492879 0.009119795526893895 3179
0.2622136339131582 0.01909855826912476 3180
0.2943801551495214 0.03999905183405204 3181
0.2955408989566436 0.04162221144616053 3182
0.2642102284743097 0.0189818956856804 3183
0.2932909843873043 0.03836028052107113 3184
0.2963768392226534 0.03957209805666619 3185
0.2975267739408319 0.04146678271710079 3186
0.2984399168487583 0.0397259795876582 3187
0.2995328686645699 0.04139236381805459 3188
0.2775493975310871 0.04294882660674797 3189
0.2755780393733705 0.04310090495009141 3190
0.2055007241134212 0.008532297717378661 3191
0.2998979598292292 0.01204721301374074 3192
0.2997030957749019 0.01005406080685163 3193
0.2971745310796124 0.02819257702005372 3194
0.1502022729392276 0.02217346269152714 3195
0.1537913310453178 0.01502372810893458 3196
0.1581886511504184 0.02170681067732924 3197
0.1801511913228677 0.02042352181221085 3198
0.1881375695247193 0.01995687187428565 3199
0.215192628903109 0.02011102764549134 3200
0.1285548623510203 0.04599340422851657 3201
0.127455532241269 0.04432263395412332 3202
0.07552001170042796 0.01265716844117627 3203
0.07213039197159321 0.007708932503873549 3204
0.2145950369749278 0.04898765282564273 3205
0.06641444027749624 0.06204394944355626 3206
0.06837628512087736 0.06169814610908399 3207
0.01009681856069497 0.05814032644889269 3208
0.1072634589395153 0.007332362587507696 3209
0.1083627890492666 0.009003132861900397 3210
0.109260053495903 0.007215699922514159 3211
0.1103593836056542 0.008886470196906953 3212
0.1223389509439791 0.008186494206941952 3213
0.1203423563875915 0.008303156871935582 3214
0.005502840586193326 0.04150593802252196 3215
0.1504009670355972 0.04471332021292877 3216
0.14960348648536 0.04649707629835659 3217
0.3035028529315208 0.04748520076086696 3218
0.2094939132357269 0.008298972550492962 3219
0.1112566480522906 0.007099037257520856 3220
0.1123559781620416 0.008769807531913533 3221
0.05346846978598811 0.029560703550605 3222
0.05208658929076711 0.02801373044953537 3223
0.0532193123919614 0.02612313319904676 3224
0.0511535993143044 0.0262124781065891 3225
0.004976799879993113 0.001509058664626592 3226
0.303778908318274 0.01990196565784613 3227
0.3074554699487542 0.007880548645413234 3228
0.3055074451866588 0.007487269546087111 3229
0.2727294356206023 0.009916107349570292 3230
0.2736430322065496 0.00814442390355106 3231
0.2756418499107267 0.008035400165068124 3232
0.2718100024095589 0.0116601502445303 3233
0.2273742694847871 0.02286927878757 3234
0.1434042274080066 0.008690634688602808 3235
0.1728600121372 0.01564453517723884 3236
0.2240762719988751 0.01785694573658844 3237
0.2912981160202007 0.01345399752480161 3238
0.2809845433807848 0.03202468507998468 3239
0.2818866573398679 0.03023969477051128 3240
0.2807918673659121 0.02856594601011039 3241
0.2827543438309446 0.02843730520725494 3242
0.2816882434136502 0.02677805582504193 3243
0.2838735814558453 0.03013170601185456 3244
0.2836497635601316 0.02664893170956648 3245
0.2825882853491894 0.0249920183382809 3246
0.1338494472366618 0.05088905238670079 3247
0.1493940108792788 0.008340646831756842 3248
0.1364471731469749 0.06115033243978721 3249
0.2666209004069914 0.02588576557756866 3250
0.1373481509769349 0.05936376439595428 3251
0.1362499477439295 0.05768949581131587 3252
0.2690031197825843 0.03269213437432116 3253
0.06553703891848972 0.01324048176614286 3254
0.1385137731207932 0.01071139541247806 3255
0.0961162163284119 0.05656384623536036 3256
0.09721554643816319 0.05823461650975301 3257
0.09521895188177562 0.05835127917474645 3258
0.09631828199152677 0.06002204944913944 3259
0.09831487654791443 0.05990538678414579 3260
0.09432168743513904 0.06013871211413319 3261
0.09743648750172908 0.06200237172526779 3262
0.09943136777256961 0.06192220090526544 3263
0.129136997265602 0.02166931906707736 3264
0.1366302423707462 0.02990650777404169 3265
0.1480276747944909 0.05353061694552404 3266
0.0758351412324817 0.03519382066323259 3267
0.1410275628097519 0.0365895888716114 3268
0.0620610450008838 0.03946866253196724 3269
0.07033849068372511 0.02683996929127102 3270
0.1455138850428984 0.02765242417409897 3271
0.05800313637211053 0.05532523232260581 3272
0.06284524557858107 0.01860278058430125 3273
0.0605575835649023 0.03088148583001719 3274
0.1425310242457338 0.04517676557356176 3275
0.1941273531797547 0.01960688406166379 3276
0.1340274508250114 0.01964856079769935 3277
0.1280617292306134 0.05469724359546408 3278
0.1194450919409555 0.01009058981132163 3279
0.118345761831204 0.008419819536929113 3280
0.1267362713829846 0.01486957530451258 3281
0.2744780996102049 0.04112192451185784 3282
0.2735693864773288 0.043223947956718 3283
0.2724794091763084 0.04124530735977805 3284
0.2715700702200476 0.04331810617188993 3285
0.270481805439089 0.04135572523633226 3286
0.2695795748459802 0.04314057826703378 3287
0.2684863578532586 0.0413946028234719 3288
0.2675987463749565 0.04350770084580036 3289
0.2664918710003549 0.04156052899134013 3290
0.2657525116266518 0.0432439805179955 3291
0.2645337574006387 0.04162510051565103 3292
0.2654019346952015 0.03984254548094457 3293
0.2634058397069682 0.03994641457166458 3294
0.2625171365278623 0.04173688565632487 3295
0.2614057844414442 0.040056517976266 3296
0.2605581525557082 0.04188211035880321 3297
0.2594146752798097 0.04017323369348094 3298
0.2585844664420374 0.04233036507315986 3299
0.2574226067785699 0.04034155646477853 3300
0.256521298724788 0.04213606031127005 3301
0.2554101442811059 0.0403883033573972 3302
0.2545107577336468 0.0421856283657603 3303
0.2534136949166763 0.04050160068960235 3304
0.2525116567190294 0.04228693362957881 3305
0.2514163364150391 0.04061078645550353 3306
0.2505143108442979 0.04239617650056743 3307
0.2494194472133958 0.04072209462715878 3308
0.2485173357095463 0.04250709604037604 3309
0.2474225285489726 0.04083326955360922 3310
0.2465204174543281 0.04261827281745398 3311
0.2454256250933455 0.04094451326172765 3312
0.244523511213832 0.04272950393102155 3313
0.2434287206829059 0.04105575265171346 3314
0.2425266068166539 0.04284074338098227 3315
0.2414318167653436 0.04116699427073532 3316
0.2405461895381063 0.0432614519817013 3317
0.2394376606106361 0.04132981367339376 3318
0.238514148316547 0.04341974869012471 3319
0.2374364794165264 0.04145676082406381 3320
0.2383403258973055 0.03962429723088171 3321
0.2363429978410427 0.03973024416624885 3322
0.2354419341853804 0.04151361880620587 3323
0.2343463149768194 0.03982697008752527 3324
0.2334291452016165 0.0416286239566612 3325
0.2603086746885657 0.03838238873320829 3326
0.2543154300685873 0.03871489722752513 3327
0.2483246449632842 0.03904829034792918 3328
0.2443308347215532 0.03927076270210931 3329
0.2642998739723202 0.03815834685173285 3330
0.09149276815152871 0.01172386712123063 3331
0.1224520148129179 0.02726494321522185 3332
0.09748255182069226 0.01137387912625155 3333
0.1034723354898547 0.01102389113127321 3334
0.1094621191590179 0.01067390313629306 3335
0.1174484973845679 0.01020725247631539 3336
0.1204554202565303 0.02738160588021529 3337
0.1193560901467791 0.02571083560582257 3338
0.1184588257001427 0.02749826854520855 3339
0.1173594955903916 0.02582749827081574 3340
0.116462231143755 0.02761493121020166 3341
0.115362901034004 0.02594416093580879 3342
0.1144656365873673 0.0277315938751947 3343
0.1133663064776163 0.02606082360080176 3344
0.1124690420309797 0.02784825654018771 3345
0.1113697119212287 0.02617748626579482 3346
0.1104724474745921 0.02796491920518078 3347
0.109373117364841 0.02629414893078791 3348
0.1084758529182044 0.02808158187017385 3349
0.1073765228084533 0.026410811595781 3350
0.1064792583618167 0.02819824453516692 3351
0.1053799282520657 0.02652747426077413 3352
0.1044826638054291 0.02831490720016007 3353
0.1033833336956781 0.02664413692576731 3354
0.1024860692490415 0.02843156986515336 3355
0.1013867391392905 0.02676079959076057 3356
0.1004894746926539 0.02854823253014654 3357
0.09939014458290288 0.02687746225575369 3358
0.09849288013626628 0.0286648951951395 3359
0.09739355002651529 0.02699412492074664 3360
0.09649628557987862 0.02878155786013236 3361
0.09539695547012766 0.02711078758573959 3362
0.09449969102349094 0.02889822052512543 3363
0.09340036091373989 0.02722745025073264 3364
0.09250309646710343 0.02901488319011915 3365
0.09140376635735221 0.02734411291572596 3366
0.09050650191071588 0.02913154585511255 3367
0.08940717180096461 0.02746077558071938 3368
0.0885099073543283 0.02924820852010598 3369
0.08741057724457699 0.02757743824571278 3370
0.08651331279794068 0.02936487118509937 3371
0.08541398268818935 0.02769410091070615 3372
0.08451671824155307 0.02948153385009224 3373
0.08341738813180169 0.0278107635756995 3374
0.08252012368516551 0.02959819651508561 3375
0.08142079357541415 0.02792742624069301 3376
0.08052352912877794 0.02971485918007911 3377
0.07942419901902655 0.02804408890568652 3378
0.07852693457239032 0.02983152184507261 3379
0.07742760446263895 0.02816075157067999 3380
0.2651074929939529 0.0171944627829432 3381
0.1418117634489026 0.01572370639128701 3382
0.1429110939049063 0.01739447686212243 3383
0.3057784322317286 0.02679551883469113 3384
0.3078749836051161 0.02773018811004241 3385
0.3059140284867392 0.02881909624803346 3386
0.3077066984486048 0.02971770386612862 3387
0.2323460770562932 0.03992618492852762 3388
0.2314290380955462 0.04173848832127292 3389
0.2300901137427509 0.03990292912601117 3390
0.2332628036080056 0.03815068227346882 3391
0.2716204599372988 0.008207079013855131 3392
0.2103262373687365 0.05683048075829582 3393
0.313600664283712 0.01699434679609048 3394
0.01119324782494947 0.02505644840724513 3395
0.0131749120323608 0.02523292002386806 3396
0.009241703387534517 0.02544499006923679 3397
0.008057002304196998 0.02357912453123467 3398
0.007160312515869579 0.02533763929717065 3399
0.08220499415311283 0.007061544293032055 3400
0.298647083560257 0.04348762264106706 3401
0.007231665457019007 0.009707292623397699 3402
0.008128929903655211 0.007919859684011547 3403
0.1132532426086774 0.006982374592526661 3404
0.3005661021464184 0.03968454803753061 3405
0.1514891296770326 0.0463392303867408 3406
0.3060145279182533 0.01463042298779721 3407
0.3039994468703849 0.03559489413208639 3408
0.2346668734641776 0.04317665549026085 3409
0.3141369292465609 0.01529381472862061 3410
0.3138710672434692 0.01394431835153263 3411
0.3153599656655922 0.01476589462070069 3412
0.3153392240057034 0.01285571784564416 3413
0.3170635662056024 0.0137807070774396 3414
0.3170608476859678 0.01180367103905267 3415
0.3188263139849634 0.01282056772289292 3416
0.318893772182241 0.01081347180363382 3417
0.3205971720883549 0.0118575650039578 3418
0.3206492075236267 0.00985658409629157 3419
0.3171192005905943 0.009844704666431109 3420
0.3226758148181179 0.01091385773504014 3421
0.3224589502095243 0.008901698948553274 3422
0.3223153023935511 0.01340081433893241 3423
0.3207076416719957 0.007857350580212218 3424
0.3224652846383868 0.00690019911731388 3425
0.08819477782227575 0.006711556298052821 3426
0.2103622761371844 0.06032481386345143 3427
0.2096310385852113 0.06207611691146146 3428
0.2075981257620833 0.0621240391534271 3429
0.2295599637460047 0.04182498070489016 3430
0.289557431081113 0.01259030724557511 3431
0.136315681083465 0.007370140802319546 3432
0.1344039679142262 0.007506170924120528 3433
0.1383118018521657 0.007253240303030394 3434
0.2949139742951483 0.04378314089628117 3435
0.3123724162244901 0.01798880629470609 3436
0.2846686879132746 0.02491603996735623 3437
0.2836236629979241 0.007583295262080536 3438
0.285622388628864 0.007472765930583356 3439
0.28162890813018 0.007698980080822922 3440
0.07621521048394997 0.00741153228801153 3441
0.2585115127449016 0.007169840867176052 3442
0.2565149181837495 0.007286503450616011 3443
0.3006338435791032 0.04323159066026649 3444
0.1435025751208703 0.06197785420974083 3445
0.145305032259117 0.06267382738404119 3446
0.1418786128754475 0.06286411939345918 3447
0.2617204120844519 0.04377925126061776 3448
0.2303667346052515 0.04363161274017487 3449
0.1482946808377688 0.006669876512462911 3450
0.1502912753989212 0.00655321392901875 3451
0.1517907787212547 0.03772399357543264 3452
0.153180228191395 0.03632932322444042 3453
0.1519367053202202 0.03429209871158654 3454
0.1538857335744439 0.03422210518238467 3455
0.1528067718619008 0.03246360655861327 3456
0.1547988334341289 0.03234010069135552 3457
0.1559819159183187 0.03414755360315141 3458
0.1568112704577377 0.03222931600694472 3459
0.09418456149143892 0.006361568303073469 3460
0.2908263680993673 0.04388016952947875 3461
0.227463264286173 0.007249009299995856 3462
0.2294598588472966 0.007132346716351785 3463
0.2305591888887994 0.008803117035613732 3464
0.231456453408409 0.00701568413262992 3465
0.2325557834499225 0.008686454451966754 3466
0.233453047969563 0.00689902154919526 3467
0.2345523780110703 0.008569791868492679 3468
0.2354496425307147 0.006782358965748298 3469
0.2365489725722218 0.008453129285045706 3470
0.2374462370918676 0.006665696382308165 3471
0.2385455671333744 0.008336466701604256 3472
0.2394428316530204 0.006549033798867556 3473
0.2405421616945271 0.008219804118163577 3474
0.2071732574794581 0.0521226160700894 3475
0.2090784484664133 0.05204000110636305 3476
0.2861827448834831 0.01785089573129956 3477
0.3096502767815706 0.01831924358538445 3478
0.2414394262141731 0.006432371215426545 3479
0.2425387562556801 0.008103141534722351 3480
0.2434360207753258 0.00631570863198508 3481
0.2445353508168338 0.007986478951281059 3482
0.1579090371223696 0.03359789861525273 3483
0.1587989265332729 0.03204146761823106 3484
0.25732388936338 0.04399219347659559 3485
0.159756120970229 0.03367640472141352 3486
0.1607691128914306 0.03194546879447682 3487
0.1616589768429264 0.03355363799214611 3488
0.1627456829674982 0.03183123275897785 3489
0.1636667091862083 0.03346696466793841 3490
0.1647407964083148 0.03171997275569795 3491
0.1657978548779061 0.03352660772626118 3492
0.1667595693013255 0.03163359482154281 3493
0.167732984952172 0.03325251226175743 3494
0.1687496161667968 0.03149574081177086 3495
0.1696417816542714 0.03289743750229197 3496
0.1707304864656502 0.03133581090690273 3497
0.1715213859207672 0.03303969002701181 3498
0.1727049619308003 0.03125508956688286 3499
0.1736315817892685 0.03328211665545116 3500
0.1747168035240007 0.03120426533829088 3501
0.1758217484238352 0.03313385823722561 3502
0.1767641991616154 0.03103145768795482 3503
0.1778635292713662 0.03270222796234769 3504
0.178760793718003 0.0309147950229617 3505
0.1798781939862352 0.03289427949749821 3506
0.1807603999674705 0.03084958472465871 3507
0.1818660095662606 0.03281967005574245 3508
0.1827560333099772 0.03074850632465258 3509
0.1838737144272078 0.03272141672805947 3510
0.1847543193814777 0.03063750926004108 3511
0.1858539314104158 0.0323092238011635 3512
0.1867471719435522 0.03044814436298403 3513
0.1878471727055545 0.03213118905384128 3514
0.1887438782753148 0.03033352743406631 3515
0.1898432270142964 0.0320046386644711 3516
0.190740371563233 0.03021501133256338 3517
0.191872090967608 0.03220733927192243 3518
0.2662067076307346 0.01888161527248026 3519
0.2671040683209845 0.01708053056120598 3520
0.26531580539752 0.02070544916104927 3521
0.006334401010382798 0.01149472556278385 3522
0.1001743451606016 0.00601158030809464 3523
0.01124891664455704 0.04417266209618822 3524
0.01325619807217856 0.0443759241773702 3525
0.009044409042174656 0.04454145654729294 3526
0.3022254125132887 0.02495391506749042 3527
0.05376635461882438 0.03662680044060836 3528
0.3060494700137812 0.03091027918899243 3529
0.3265551894665346 0.0005370981428629541 3530
0.2986730136018694 0.02311479976805005 3531
0.1489008775899965 0.01704448606380584 3532
0.1768532012595053 0.01541121001035327 3533
0.1808463903818108 0.01517788484347012 3534
0.1848395795041191 0.01494455967662796 3535
0.1888327685530444 0.01471123472094705 3536
0.1930280230653663 0.0179361137079166 3537
0.211894638840609 0.01509871641110257 3538
0.209898044279457 0.01521537899455822 3539
0.215887827896582 0.01486539127204269 3540
0.2198810170852203 0.01463206607734494 3541
0.2372453298665353 0.03793645920722888 3542
0.2392422701439704 0.0378237518832481 3543
0.2556176536641018 0.009073936353351854 3544
0.2545183236225958 0.00740316603405727 3545
0.1247637389013596 0.04968493277228658 3546
0.1236644087916086 0.04801416249789299 3547
0.1927423573307867 0.03015181341201547 3548
0.1938425859757343 0.03183149447714796 3549
0.1459185261092294 0.03456856520154646 3550
0.1468154862564931 0.03278129069833105 3551
0.06816389253898446 0.05819712354526715 3552
0.07653034001600267 0.02994818451006614 3553
0.1003143312901194 0.05984639809360685 3554
0.1014141380975069 0.06152678069707519 3555
0.01914514104649092 0.05930654110551867 3556
0.02026248044309004 0.06129325848585958 3557
0.01913927069393833 0.06264934155472952 3558
0.021591251164481 0.06230788768698762 3559
0.02228607692981239 0.06086975165482131 3560
0.02319047480500548 0.06260768490369616 3561
0.02422094332194528 0.06077135827577066 3562
0.02525266636285487 0.06270134374761983 3563
0.02621818268453408 0.06069279407658718 3564
0.02726752697619343 0.06264201318324031 3565
0.02822194972567151 0.06057441946003683 3566
0.02931985972323978 0.0625518640608108 3567
0.03022500872040274 0.06047950743950546 3568
0.031315901406952 0.06243390688085663 3569
0.03222258853773503 0.06036625412942886 3570
0.03328475507651427 0.06234727192820147 3571
0.0342147238231425 0.06025516430897788 3572
0.03531982183792313 0.06221422018281011 3573
0.03621698720187033 0.06013669893800855 3574
0.037317262115345 0.06180716876140527 3575
0.03821497419317076 0.05994706352016732 3576
0.03931422969772378 0.06162994584486867 3577
0.04021155631535871 0.05983241953022532 3578
0.04131088435274331 0.06150352625045996 3579
0.042208163305946 0.05971373819018057 3580
0.04330749099793616 0.06138490098472217 3581
0.04420475745937345 0.05959714094521205 3582
0.04530408750196461 0.06126792212294228 3583
0.04620135241872124 0.05948041286019394 3584
0.04730068245011906 0.06115119585514706 3585
0.04819794696204997 0.05936375231529402 3586
0.04934702314933231 0.0610586122429146 3587
0.05020283254006542 0.05925110317910981 3588
0.05135329056646218 0.06094663167484968 3589
0.05220242107684806 0.0591358897850728 3590
0.0533051733320935 0.0608111042234476 3591
0.0525089512231108 0.06283962343051275 3592
0.05434070567918796 0.06277178384345607 3593
0.0484825254764986 0.06294821615103748 3594
0.01542010934568461 0.01269884517720232 3595
0.01631737379232081 0.01091141223781616 3596
0.0152180436825694 0.009240641963423548 3597
0.017214638238957 0.009123979298429999 3598
0.01831396834870841 0.01079474957282261 3599
0.0192112327953446 0.00900731663343645 3600
0.02031056290509601 0.01067808690782906 3601
0.0212078273517322 0.008890653968442901 3602
0.02230715746148361 0.01056142424283551 3603
0.0232044219081198 0.008773991303449351 3604
0.02430375201787121 0.01044476157784196 3605
0.0252010164645074 0.008657328638455794 3606
0.02630034657425881 0.0103280989128484 3607
0.027197611020895 0.008540665973462241 3608
0.02829694113064641 0.01021143624785485 3609
0.0291942055772826 0.008424003308468693 3610
0.03029353568703401 0.0100947735828613 3611
0.0311908001336702 0.008307340643475145 3612
0.03229013024342162 0.009978110917867761 3613
0.0331873946900578 0.008190677978481593 3614
0.03428672479980924 0.009861448252874274 3615
0.0351839892464454 0.008074015313488062 3616
0.03628331935619682 0.009744785587880727 3617
0.03718058380283302 0.007957352648494544 3618
0.0382799139125844 0.009628122922887178 3619
0.03917717835922063 0.007840689983501029 3620
0.040276508468972 0.009511460257893647 3621
0.04117377291560823 0.007724027318507525 3622
0.04227310302535961 0.009394797592900139 3623
0.04317036747199583 0.007607364653514016 3624
0.0442696975817472 0.009278134927906655 3625
0.04516696202838342 0.007490701988520521 3626
0.0462662921381348 0.00916147226291316 3627
0.04716355658477101 0.007374039323527029 3628
0.04826288669452239 0.009044809597919645 3629
0.04916015114115861 0.0072573766585335 3630
0.05025948125091 0.008928146932926111 3631
0.05115674569754622 0.007140713993539929 3632
0.05225607580729761 0.008811484267932547 3633
0.05315334025393382 0.007024051328546371 3634
0.0542526703636852 0.008694821602939013 3635
0.02609828091114359 0.006869895699069632 3636
0.05514993481032141 0.006907388663552854 3637
0.05624926492007279 0.008578158937945494 3638
0.05714652936670903 0.006790725998559372 3639
0.0582458594764604 0.008461496272952033 3640
0.01611530812920559 0.007453209024037389 3641
0.05914312392309667 0.006674063333565936 3642
0.06024245403284801 0.008344833607958598 3643
0.06113971847948431 0.006557400668572487 3644
0.06223904858923561 0.008228170942965159 3645
0.04007444280585686 0.006053257044114881 3646
0.02010902501796421 0.007228916186626569 3647
0.06313631303587192 0.006440738003579079 3648
0.04606422647501962 0.005703269049134421 3649
0.06423564314562319 0.008111508277971769 3650
0.06513290759225954 0.006324075338585729 3651
0.05557812821131444 0.04852248989389107 3652
0.05418773064427176 0.05901376220022089 3653
0.01943736053322245 0.04716421464999329 3654
0.02033462497985869 0.04537678171060716 3655
0.1476235225783719 0.0466131261543572 3656
0.05213985701593954 0.0244340547235986 3657
0.05017047945673404 0.02454839272742715 3658
0.04900091149591271 0.02668945189586794 3659
0.04812850098131556 0.02472399309726307 3660
0.04745325742198866 0.02611712288456497 3661
0.04621468262926911 0.02505737879036908 3662
0.06295830944752016 0.03768122959258119 3663
0.06185897933776888 0.0360104593181885 3664
0.0640576395572714 0.03935199986697391 3665
0.07682140747329433 0.01778614192934739 3666
0.1506954257271844 0.04816129706805667 3667
0.1526620537895705 0.04807003782090208 3668
0.05670287662806142 0.03460605673671496 3669
0.07951320081320314 0.01242384311118985 3670
0.1334453159104316 0.04397264595914169 3671
0.0754310099062513 0.02827741423567347 3672
0.08350638992597817 0.01219051778120383 3673
0.1323459858006801 0.04230187568474959 3674
0.2737063655928523 0.02722592189691188 3675
0.1283527966879051 0.04253520101473691 3676
0.1263562021315176 0.04265186367973058 3677
0.2662979896968407 0.0380488469474824 3678
0.2652021898966477 0.0363736468164164 3679
0.08749957903875365 0.01195719245121741 3680
0.1276335358296211 0.01308214236512655 3681
0.2796961210733938 0.02689171393712868 3682
0.2835095223700221 0.02321553659381997 3683
0.2815013053101033 0.02332221663083553 3684
0.006414100940587722 0.06647162920570926 3685
0.2454326153364786 0.006199046048544104 3686
0.2465319453779868 0.007869816367839497 3687
0.247429209897631 0.006082383465102417 3688
0.2485285399391395 0.007753153784397152 3689
0.2135875441459211 0.06647643470268556 3690
0.1356795771863503 0.06309535132355068 3691
0.2535754568023894 0.04401926601202197 3692
0.1192430262778401 0.006632386597542986 3693
0.144301491750828 0.006903201697103114 3694
0.04439191808474813 0.06283160656913724 3695
0.05296497188203485 0.03843870061912019 3696
0.193148691243178 0.03368849753225699 3697
0.1945710319461957 0.0334033588159621 3698
0.1958049085397035 0.03198498378976797 3699
0.1971598814556666 0.03325673347075746 3700
0.1978532485647553 0.03156731786374823 3701
0.1988138542792318 0.03290869182915561 3702
0.1998260693916303 0.03141893864740168 3703
0.2009253995013829 0.03308970892179404 3704
0.2018226639480183 0.03130227598240774 3705
0.2029574370314159 0.03280435091357754 3706
0.2038251656666802 0.03115749742687668 3707
0.2048445404211549 0.03308207530927969 3708
0.2058044962223387 0.03110187995690942 3709
0.2068836835019547 0.03305108688583853 3710
0.2078053048660068 0.03100967053134543 3711
0.2089004758431174 0.03268207595555332 3712
0.2098090421735688 0.03083562532243166 3713
0.2109097015939992 0.03274531616776578 3714
0.2118058582817366 0.03075878275259602 3715
0.2129052253167845 0.03243618970951459 3716
0.2138022312863444 0.03060229999244564 3717
0.2149016044756083 0.03228081306311898 3718
0.2157988330226506 0.03048692779349925 3719
0.2168981643290551 0.03215791314556665 3720
0.2177954203991197 0.0303689746624595 3721
0.2188947519049667 0.03203999586080541 3722
0.3241139098233897 0.01212570900219997 3723
0.324014576992166 0.01394011526925876 3724
0.1061641288297641 0.005661592313115017 3725
0.2745472134366344 0.006362245928769088 3726
0.2765440917863567 0.006250905292364013 3727
0.03009147002391879 0.006636570369082538 3728
0.3049610027529229 0.01107822634825623 3729
0.3091250834961887 0.02466178359744406 3730
0.3091199621462519 0.02288229833436892 3731
0.1005837402914058 0.0632135793776718 3732
0.102310178857171 0.06308336135986699 3733
0.1033746265065776 0.0613462288944613 3734
0.1045067258801924 0.0630136020029439 3735
0.1053985287828512 0.06122673525787593 3736
0.1065101034849042 0.06262059117251553 3737
0.1074008051339405 0.06106354273671111 3738
0.1083797542783674 0.06274236822313629 3739
0.109377189362291 0.06097886504829134 3740
0.1105321833080706 0.06263961757350092 3741
0.1113963879428918 0.06086985188195307 3742
0.112600184535992 0.06240595934640691 3743
0.1134086509485704 0.06073496487305186 3744
0.1147258822213037 0.06257201342196035 3745
0.1154293741013272 0.06066238427416463 3746
0.116642422411511 0.06227418464260451 3747
0.1174166476960797 0.06052287426779501 3748
0.1185286816984526 0.06249972576409098 3749
0.2496096826730362 0.04393036062825165 3750
0.131336623086302 0.0630957530058948 3751
0.1296815402477961 0.06312101303326254 3752
0.3207480070749708 0.005857447859910487 3753
0.3241191050822281 0.007783702200192781 3754
0.3241334591928257 0.006127527204396806 3755
0.2856738151507916 0.02669372497062242 3756
0.1372130560083506 0.005582763321347704 3757
0.2494258044587833 0.005965720881659858 3758
0.01735262632858862 0.04371136800240124 3759
0.04528002589732259 0.02656915099680025 3760
0.04418432889960252 0.0252259259869427 3761
0.0113748643640117 0.06334399003255541 3762
0.0129959828353829 0.06329911281789312 3763
0.00934253215247611 0.06320102866225467 3764
0.1888940053320634 0.03371453544106379 3765
0.2897169432858671 0.01453050752272941 3766
0.03408465913669399 0.006403245039095433 3767
0.04022979213461537 0.06335155258909558 3768
0.1121539124989269 0.005311604318134752 3769
0.1514194681658274 0.04305714434647887 3770
0.2320312648217053 0.03305396130964243 3771
0.3093737186044607 0.02884350177420484 3772
0.3092869500479881 0.030542236531693 3773
0.2179974860622345 0.03382717787623814 3774
0.2198061719265939 0.03364515534060657 3775
0.228548279192592 0.04361943380453225 3776
0.2855934574483227 0.0231411508466104 3777
0.006074168740659889 0.02364847375698581 3778
0.2825332019647143 0.005915442533877024 3779
0.2435125233535516 0.04454459686256936 3780
0.00613233534726761 0.008036522349005083 3781
0.006989916093824537 0.006276731557022575 3782
0.00908282750705941 0.005852550973375578 3783
0.2765699649083633 0.04455838678749672 3784
0.2785387959191981 0.0440998277418298 3785
0.06791816704763648 0.06360261278253734 3786
0.06952918723716245 0.06304781852532748 3787
0.07037492373250216 0.06149942090104058 3788
0.0713576148549491 0.06302480009021649 3789
0.0654720991990754 0.06355942236342529 3790
0.04302512887115346 0.02667614989515232 3791
0.04214165633822528 0.02506802363705003 3792
0.04138349973923468 0.0265894808596984 3793
0.04019703687292786 0.02528954139083288 3794
0.03658881920411661 0.06359210586438416 3795
0.1852057733896952 0.03403970458579697 3796
0.2867416914479669 0.009061597206696959 3797
0.2876617734517889 0.007399371566838384 3798
0.008368747604457412 0.04620204687925957 3799
0.3079587230774654 0.01843164297055167 3800
0.005421790084144743 0.02579161064865444 3801
0.21146212633671 0.06196115429643213 3802
0.2138326787971625 0.0339739143349215 3803
0.2865313908937372 0.005660706877070342 3804
0.2885294428777357 0.005544953870671773 3805
0.03930163095951261 0.02683954292803006 3806
0.0381864466774305 0.02553576148111027 3807
0.2284144138615476 0.04061897152891184 3808
0.000922735522348917 0.0294507967993437 3809
0.3125041931402067 0.0341044293260532 3810
0.2259175196627395 0.04749582025319128 3811
0.3068059112261643 0.00598687975113265 3812
0.3087628082748539 0.006374956445878241 3813
0.3048431062566446 0.005599806517829734 3814
0.3035391687188738 0.007168605457178988 3815
0.3274565816515371 0.01704490462856809 3816
0.2283605288057671 0.00546157639690274 3817
0.2263639342446105 0.005578238980318132 3818
0.05175508758817617 0.02988714830704005 3819
0.05257120533935179 0.03134813648999115 3820
0.2725329496238089 0.04448395047303014 3821
0.2995349882758218 0.03767205175889752 3822
0.3013389347408727 0.03782974772915532 3823
0.2395789302903639 0.04482713795881858 3824
0.2373494643138309 0.04498768352877403 3825
0.01217483363134223 0.02665279149945542 3826
0.01444263665676899 0.02665610808063575 3827
0.1392091010302817 0.005465824182009093 3828
0.008289999422425512 0.06160872027914959 3829
0.03040868664144402 0.06391328594398389 3830
0.2107303686949613 0.06374688718585529 3831
0.2677992865528825 0.01183216407473844 3832
0.3187071213842834 0.01474261119994682 3833
0.2323537179280543 0.005228251229893574 3834
0.1809594539375053 0.0342563355717471 3835
0.3189933755977864 0.006814710988403709 3836
0.2682036131849478 0.01877351040430239 3837
0.2691029960917435 0.01696922145105449 3838
0.2197920151881902 0.03025235381812423 3839
0.2275773073719047 0.02632907898854176 3840
0.1950246176209809 0.01781945102969709 3841
0.2381474518660824 0.03614741061154894 3842
0.1425069629237282 0.01047806760909326 3843
0.1436062927589468 0.0121488378248316 3844
0.2953068647346525 0.02527243251105349 3845
0.2186926848847199 0.02858154869306238 3846
0.2914036311698769 0.01544489822518011 3847
0.253621059102948 0.009190598936794091 3848
0.1776614636082521 0.02924402474856867 3849
0.1836522126896645 0.02891732656421062 3850
0.2902596251017516 0.03671220671401581 3851
0.2891648351277977 0.03503845795361911 3852
0.1716533504149488 0.02958479137236583 3853
0.1656709808543712 0.02994522788626033 3854
0.1254589376848814 0.044439296619117 3855
0.12435960757513 0.04276852634472437 3856
0.1234623431284939 0.04455595928411125 3857
0.1223630130187424 0.04288518900971805 3858
0.1214657485721065 0.04467262194910511 3859
0.1203664184623548 0.04300185167471199 3860
0.1194691540157189 0.04478928461409835 3861
0.1183698239059671 0.04311851433970584 3862
0.1174725594593314 0.0449059472790922 3863
0.1163732293495794 0.04323517700469982 3864
0.1154759649029438 0.04502260994408626 3865
0.1143766347931919 0.04335183966969389 3866
0.1134793703465562 0.04513927260908022 3867
0.1123800402368044 0.04346850233468783 3868
0.1114827757901685 0.04525593527407407 3869
0.1103834456804169 0.04358516499968169 3870
0.109486181233781 0.04537259793906806 3871
0.1083868511240292 0.04370182766467566 3872
0.1074895866773933 0.04548926060406206 3873
0.1063902565676416 0.04381849032966956 3874
0.1054929921210056 0.04560592326905588 3875
0.1043936620112541 0.04393515299466334 3876
0.103496397564618 0.04572258593404963 3877
0.1023970674548665 0.04405181565965713 3878
0.1014998030082305 0.04583924859904341 3879
0.1004004728984789 0.04416847832465096 3880
0.09950320845184292 0.0459559112640372 3881
0.0984038783420913 0.04428514098964467 3882
0.09750661389545526 0.04607257392903094 3883
0.09640728378570373 0.04440180365463834 3884
0.1916385275404581 0.02843636098420417 3885
0.205255657399099 0.05184620333922948 3886
0.2602170393520049 0.01921522085256972 3887
0.2613163693935153 0.02088599117186301 3888
0.2593197748323626 0.02100265375530835 3889
0.2604191048738738 0.02267342407460112 3890
0.2584232270780413 0.02280235357085533 3891
0.2573232997320966 0.02112136082422061 3892
0.2564267718879234 0.02292140138734646 3893
0.2553267483095987 0.02123876169408437 3894
0.2544294909797323 0.0230263176445602 3895
0.253329991148906 0.02135264150564304 3896
0.252433411803519 0.02315180066329842 3897
0.2513335107834632 0.02147125846490593 3898
0.2504369221724746 0.02327025904859427 3899
0.2493369527432786 0.02158854607796034 3900
0.2484401558411912 0.02338398191221828 3901
0.2473403356405979 0.02170482287970282 3902
0.2464435288947623 0.02350009024540833 3903
0.2453437319249798 0.02182132879115568 3904
0.2444468242586265 0.02361486897623104 3905
0.243347117492253 0.02193765128716312 3906
0.2424502080397142 0.02373116090299822 3907
0.2413505160095446 0.02205419541325429 3908
0.2404535049423926 0.02384596596951204 3909
0.2393539022054376 0.02217052866765001 3910
0.2384568890847192 0.02396226407862528 3911
0.237357300887706 0.02228707561719652 3912
0.2364601854449943 0.02407705986230097 3913
0.2353606870206951 0.02240340779502852 3914
0.234463569486436 0.02419335624484683 3915
0.2333640856756653 0.02251995427738584 3916
0.2324668200253741 0.02430736782994176 3917
0.2313674509762278 0.02263592992351472 3918
0.287167931194763 0.03514969950267313 3919
0.2880700451538423 0.03336470919322226 3920
0.2860731412208086 0.03347595074227698 3921
0.2869770820940357 0.03172375548180184 3922
0.2822075922702462 0.0180785302707519 3923
0.08162285923852933 0.03138562945447288 3924
0.08561604835130437 0.03115230412448547 3925
0.07762967012575409 0.03161895478445875 3926
0.1870623014773496 0.05298479661487038 3927
0.186037241401502 0.05143038821860528 3928
0.1840468815653135 0.05141295022014985 3929
0.1878551262553283 0.05149295932387243 3930
0.08960923746407973 0.03091897879449915 3931
0.09360242657685454 0.03068565346451179 3932
0.09959221024601718 0.03033566546953246 3933
0.1413426923418074 0.05912624109366996 3934
0.09930114278872715 0.04249770805025802 3935
0.2980127500643202 0.009130742035366936 3936
0.2995911892814109 0.008057093417157735 3937
0.2979146698309681 0.007133138781872263 3938
0.2995604771986325 0.006056391933300935 3939
0.1616779264707362 0.03017130043562116 3940
0.1508084699285761 0.03254807233286473 3941
0.1517060189380356 0.03076600554193571 3942
0.236168320334525 0.03626720444978347 3943
0.1420138291186272 0.01918191008363389 3944
0.1032943319015023 0.04226438272027068 3945
0.1576955180443751 0.03041065139849941 3946
0.07234383114166251 0.06138468851718583 3947
0.07349416713171936 0.06307678697013425 3948
0.07435913746024261 0.0612964558232007 3949
0.07562869672043954 0.06311115198710593 3950
0.07638183981571771 0.0612097027670363 3951
0.07745166653740126 0.06285944637346576 3952
0.07835384821538222 0.06107551787874009 3953
0.07933632984652657 0.06268283661515024 3954
0.08032768987110564 0.06094594366097592 3955
0.08126184804320251 0.062321728809189 3956
0.08230864621743067 0.06078638821369279 3957
0.08315968272362986 0.0622233444568176 3958
0.08428617442614778 0.06066562313708829 3959
0.08537842852843237 0.06261811960028142 3960
0.08633530920958817 0.06060536277410644 3961
0.08754330046242288 0.0622003728302035 3962
0.08835001395648978 0.06047607340606384 3963
0.08943664860440559 0.06246764469642241 3964
0.1377113957781866 0.06284891863928543 3965
0.1440104241088528 0.01906524718788721 3966
0.1165752950126959 0.04669338021847859 3967
0.1382472198340979 0.05758518809750116 3968
0.1371474753630949 0.05590365558909326 3969
0.08322504885904364 0.05903313813263802 3970
0.1704592865323165 0.008844791316617988 3971
0.1693599564908068 0.007174020997323128 3972
0.167363361929654 0.007290683580765751 3973
0.1713565510519604 0.007057358413880655 3974
0.1702572210104504 0.00538658809458582 3975
0.09322235732538804 0.05846794183974 3976
0.08723559202131029 0.05881582538421216 3977
0.2632051176592408 0.03648464647035841 3978
0.1125821058999202 0.04692670554846659 3979
0.07215708165176013 0.05796379821528014 3980
0.1216678142352213 0.04813082516288639 3981
0.09860594400520663 0.04774334420342336 3982
0.1072875210142774 0.04203105739028327 3983
0.08923268963854578 0.05869881197746751 3984
0.1035853993587926 0.03010234013954615 3985
0.01096388815727641 0.05633773614901001 3986
0.008961254630877838 0.05645136734190426 3987
0.009641878927332249 0.0545753621009605 3988
0.1508974719956266 0.01692782357599014 3989
0.07615027076453534 0.0577304728852935 3990
0.1564134844920456 0.05997801345698787 3991
0.157483832167403 0.06163423498530685 3992
0.1555145228758277 0.06176459444277511 3993
0.1564406597627058 0.06329398271164088 3994
0.1585313500862678 0.06329545165887321 3995
0.1547811835530978 0.06358471483518187 3996
0.1535199002282236 0.06220779117168787 3997
0.1522135981736337 0.06329941921888323 3998
0.15145808281386 0.0619929377851825 3999
0.1507030856355094 0.06375072252581862 4000
0.1172464317214527 0.006749049262536535 4001
0.1181436961680889 0.004961616323150323 4002
0.1910314285361956 0.01805277645076303 4003
0.1182567600370281 0.02404006533142973 4004
0.05106320773717327 0.02276134723156843 4005
0.03738264946594821 0.01141555586227342 4006
0.06865702565939141 0.04949328417832342 4007
0.06266724199022851 0.0498432721733037 4008
0.02143395508961008 0.04704755198499977 4009
0.0223312195362463 0.04526011904561364 4010
0.02136936358612338 0.04364422080398384 4011
0.02307228560256664 0.04336940046104399 4012
0.02429985403435059 0.04488601221223189 4013
0.02521796905334879 0.04339952510536465 4014
0.02632409893673527 0.04469189272495151 4015
0.02722167309565767 0.04323936077624033 4016
0.02830885923223859 0.04458797949857243 4017
0.02931348969853886 0.04306354511479821 4018
0.03038025068160315 0.0443902967329703 4019
0.02542243257395716 0.04671550246183544 4020
0.03139286579678544 0.01176554385725396 4021
0.04337243313511095 0.01106556786729277 4022
0.04909659325433034 0.05757698688398069 4023
0.02739967668401023 0.01199886918724101 4024
0.02340648757123501 0.01223219451722812 4025
0.01517126254095492 0.02490474725530393 4026
0.01632059157249107 0.02661155530700468 4027
0.01714804314926602 0.02476485122160905 4028
0.01822496655453294 0.026414995367324 4029
0.0191391520820228 0.02490934324458461 4030
0.0200951332862601 0.02627076249498796 4031
0.02109859696216061 0.02487266617033026 4032
0.0225284298108629 0.02623671745201101 4033
0.02316376103863747 0.02446370606829418 4034
0.02435095640033072 0.02599836874589924 4035
0.02514277252055332 0.02427804615694054 4036
0.0263576899581386 0.02609541798308395 4037
0.02713812639809902 0.02418550260125001 4038
0.02824197739868702 0.02560836428322921 4039
0.02911579632203976 0.02401112794866342 4040
0.03003312584670277 0.0257063759413591 4041
0.03107499575495758 0.02392062567292501 4042
0.03206340202937902 0.02567082678168203 4043
0.03307097139514829 0.02382184199036014 4044
0.0513588113606614 0.01059891720731872 4045
0.007433731120134192 0.01316549583717647 4046
0.005437136563746588 0.01328215850217 4047
0.006536466673497985 0.01495292877656261 4048
0.05415128378149361 0.02431889365133772 4049
0.04508479780043115 0.02321148211593651 4050
0.04736562224788617 0.01083224253730578 4051
0.07424267800232465 0.04222688975578623 4052
0.009632391339636998 0.01650703638596171 4053
0.05518137114184416 0.04160978523229353 4054
0.05427796148124152 0.04339413336671297 4055
0.05320050359867055 0.04169596110363091 4056
0.05228419293418847 0.04350581772626253 4057
0.05130419854340418 0.04194042550231217 4058
0.05000773155546868 0.04351669121265094 4059
0.03908902069123698 0.02353514046169539 4060
0.006940597999728385 0.02186933520412015 4061
0.01411871357281799 0.00756987168903094 4062
0.05535200047343656 0.01036559187733163 4063
0.05338034867429876 0.04518032528119618 4064
0.0116550858908911 0.05109009152898093 4065
0.009536363675981409 0.0511885087803331 4066
0.008624812375398448 0.04942477326559919 4067
0.0271281253255027 0.05887457276763551 4068
0.108296168222149 0.05931697632081612 4069
0.06625629977677389 0.04269354041575922 4070
0.15799720325858 0.05295614968613686 4071
0.1569574316912328 0.05111653613014366 4072
0.1587371161872803 0.05117319435723899 4073
0.1549105776048444 0.05138316940170898 4074
0.1556204402821761 0.04940766006453687 4075
0.06385557389415647 0.0358937966531951 4076
0.1085889167871451 0.04716003087845456 4077
0.0593451895862118 0.01013226654734465 4078
0.04310542768542241 0.05792631615413199 4079
0.03312084443005646 0.05853361492127909 4080
0.1441234874758915 0.03814369648101038 4081
0.1495320308091548 0.06229941585022323 4082
0.1485865058497391 0.06384208308287419 4083
0.1075785884715679 0.02986901480955981 4084
0.2107063435455014 0.02905482906557299 4085
0.104595727674369 0.0473933562084424 4086
0.03412816712632056 0.02547449305205529 4087
0.07105775154200858 0.0562930279408875 4088
0.1407124333679479 0.01405293621834739 4089
0.06333837869898684 0.009898941217357769 4090
0.0587524574237665 0.03446185876927795 4091
0.03711541201093402 0.05828845537124922 4092
0.1112807101270528 0.04179773206029544 4093
0.1351508117464989 0.05601852454841778 4094
0.1360481085451885 0.05423105811094742 4095
0.1340515115906855 0.05434729741678199 4096
0.1142977485638072 0.05897124796503744 4097
0.06275624378440506 0.03422302637880243 4098
0.1258630690111107 0.05135570304667918 4099
0.1267603334577471 0.04956827010729321 4100
0.2316585189302786 0.0104738873547102 4101
0.03709743430654132 0.02364110542398907 4102
0.07262615269740408 0.0145612640455554 4103
0.1282397328189658 0.02345675200646329 4104
0.130236327375353 0.02334008934147017 4105
0.1293390629287169 0.025127522280856 4106
0.1313356574851044 0.02501085961586279 4107
0.1304383930384681 0.02679829255524873 4108
0.1324349875948559 0.02668162989025509 4109
0.1284417984820805 0.02691495522024202 4110
0.07563307556936644 0.03173561744945227 4111
0.0670673859867931 0.05652393342652112 4112
0.1115717775843433 0.02963568947957353 4113
0.06533497325537443 0.009782278552364363 4114
0.1497091872459622 0.03087819641654857 4115
0.09551001933906762 0.04618923659402458 4116
0.09441068922931611 0.04451846631963217 4117
0.09530795367595225 0.04273103338024588 4118
0.09331135911956463 0.04284769604523912 4119
0.09241409467292845 0.04463512898462579 4120
0.09131476456317711 0.04296435871023264 4121
0.09041750011654083 0.04475179164961938 4122
0.08931817000678957 0.04308102137522667 4123
0.08842090556015321 0.04486845431461296 4124
0.08732157545040195 0.04319768404022023 4125
0.08642431100376562 0.04498511697960639 4126
0.08532498089401437 0.04331434670521324 4127
0.08442771644737797 0.04510177964459967 4128
0.08332838633762676 0.04343100937020646 4129
0.08243112189099033 0.0452184423095927 4130
0.08133179178123923 0.04354767203520008 4131
0.08043452733460262 0.04533510497458585 4132
0.07933519722485161 0.0436643347001934 4133
0.07843793277821506 0.0454517676395793 4134
0.1142635709242529 0.02427339066141605 4135
0.1152738992398278 0.04156440673030746 4136
0.1278596635674989 0.05123904038168485 4137
0.1374385050232069 0.04373932062915525 4138
0.09151683022629219 0.04642256192401204 4139
0.2758959455408476 0.03057341941739518 4140
0.1232602774653784 0.04109775607033196 4141
0.119267088352603 0.04133108140031974 4142
0.1102703818114774 0.02450671599140218 4143
0.2047165229510416 0.02939818037802755 4144
0.08353045200074141 0.04688921258398533 4145
0.1272534665781538 0.0408644307403446 4146
0.08752364111351683 0.04665588725399908 4147
0.2114905077968794 0.008182309967050662 4148
0.2103911777553711 0.006511539647757246 4149
0.2123877723165255 0.006394877064310825 4150
0.2083945831942189 0.006628202231198509 4151
0.1175615612535062 0.0292857014845943 4152
0.1062771926987023 0.02474004132138816 4153
0.102284003585927 0.02497336665137481 4154
0.1287328659393719 0.01475291263951923 4155
0.1333322520414914 0.02489419695086834 4156
0.1215547503662818 0.02905237615460767 4157
0.1292500611345413 0.04074776807535098 4158
0.2624171367836996 0.02256518506974633 4159
0.2605081073060549 0.007053178283734377 4160
0.1854698382472021 0.06001786570759936 4161
0.1865691683553601 0.06168863595473682 4162
0.1845725737991306 0.0618052986224359 4163
0.1855064401554632 0.06328031684677878 4164
0.1875257761622976 0.0633617809338881 4165
0.1836753093521734 0.06359273155636026 4166
0.07832486890927524 0.02637331863129387 4167
0.09829081447315198 0.02520669198136075 4168
0.1987307015701303 0.0297534544649022 4169
0.09030443624760093 0.02567334264133336 4170
0.08631124713482573 0.02590666797131997 4171
0.08231805802205031 0.02613999330130703 4172
0.09429762536037654 0.02544001731134694 4173
0.2805370195218056 0.006027666754964205 4174
0.1300342617122377 0.0198818861276909 4175
0.1235513449226694 0.02893571348961424 4176
0.1295411285918316 0.02858572549463451 4177
0.1275445340354446 0.02870238815962786 4178
0.2796350258110799 0.007812820843085828 4179
0.2356517080525761 0.01024056218778131 4180
0.2476312754194956 0.009540586687134117 4181
0.1344315821512431 0.02656496722526077 4182
0.133534317704608 0.02835240016464687 4183
0.2671991274905557 0.03626245364638433 4184
0.2496278699806476 0.009423924103688981 4185
0.2101317042544086 0.05340470020305281 4186
0.2108226762156078 0.05178060111711353 4187
0.2682936818383873 0.03793586375362576 4188
0.1825736743946974 0.06221669276118715 4189
0.1816787147957861 0.06370939422135243 4190
0.2436380862971888 0.009773911854017455 4191
0.276798059499841 0.02878842910825012 4192
0.2396448971748807 0.01000723702089953 4193
0.1805480499994434 0.06239035259515722 4194
0.1796821202393979 0.06382605688634316 4195
0.2886480731984603 0.04374092640276252 4196
0.3040941727276323 0.02788588800525134 4197
0.2661041018904799 0.03458836623283184 4198
0.1786418117089125 0.06251218305658458 4199
0.2401443571577243 0.03603549268639711 4200
0.1438083585554025 0.01560704233263349 4201
0.2099391952058422 0.03429250376172679 4202
0.03724781686042603 0.02703405284136731 4203
0.1778387579341853 0.0637979443645204 4204
0.1766740729063352 0.06260891244633174 4205
0.04923925323835157 0.04190568156655106 4206
0.0481063889710097 0.04390938683364931 4207
0.04931021695095675 0.04542356332674145 4208
0.04734691403492319 0.04556013252085226 4209
0.04652599122726439 0.04375843453558527 4210
0.04540342705293705 0.04534541245690835 4211
0.04395964904023792 0.04390566984762129 4212
0.04334253298827449 0.04570203809819988 4213
0.04219210212633581 0.04413761473534677 4214
0.04137339645425528 0.04587790829636496 4215
0.04036540558021651 0.0442964301427299 4216
0.03940330609709873 0.04599758800005942 4217
0.03844950596173659 0.04465156894010996 4218
0.03741908653853333 0.04614186556424021 4219
0.03627496949291283 0.04438827075191258 4220
0.03540677749428603 0.04622631420678627 4221
0.03442990073662637 0.04491267677899206 4222
0.03343391634956969 0.04633845702809158 4223
0.2686790338681365 0.04485334189331934 4224
0.3222514973250236 0.01534841862555338 4225
0.2995905521048716 0.04504665790705903 4226
0.3017242867706192 0.04474722586884829 4227
0.2975947451549811 0.04498634460048281 4228
0.1722544759471497 0.005281227354323447 4229
0.1733532556757043 0.006942579470967805 4230
0.1742511989146588 0.005166762351498973 4231
0.1753498899816814 0.006826597091049619 4232
0.2898347571458088 0.01653256934697305 4233
0.03121486220843291 0.04300603544625333 4234
0.2244138317953568 0.03649546151296371 4235
0.01503444253857299 0.005718455826406615 4236
0.01706285309507694 0.00560168944045478 4237
0.01302246088291972 0.005888437594098636 4238
0.008133443393669944 0.05813040439664505 4239
0.3135128223207314 0.01231414377241544 4240
0.2363484545728557 0.005021410775633815 4241
0.2554155881422446 0.005615733131319639 4242
0.2534189935810903 0.005732395714764017 4243
0.1755956690901386 0.06397919723840503 4244
0.1748230385976036 0.0623592563589986 4245
0.1737650617580127 0.0641285690330958 4246
0.172877352237408 0.0626078772935937 4247
0.1719412328558879 0.06414099877562629 4248
0.1710291279853758 0.0627598786170349 4249
0.1701512551208028 0.06417908873227221 4250
0.1692534395862005 0.06281441039780568 4251
0.1683908272984019 0.06419786660942196 4252
0.1674929804882275 0.06273847573238826 4253
0.166642082879926 0.06417552396043288 4254
0.1657260257359535 0.06291774259539602 4255
0.1647221286794474 0.06422319812203357 4256
0.1637871543582579 0.06286972800714004 4257
0.1632102898223424 0.06421936725205682 4258
0.1621779450827724 0.06266173629934602 4259
0.1614911611577436 0.06405764107725338 4260
0.1161485534100043 0.005103125434009222 4261
0.05005741558779479 0.005469943719147338 4262
0.08841826037965367 0.06395056294037998 4263
0.09037318659885768 0.0639769255715498 4264
0.291042729174992 0.03500506012454425 4265
0.008209647195613956 0.02702130841385001 4266
0.2878181216536528 0.01394364516664484 4267
0.1175382353050313 0.0639502832373094 4268
0.119669624263125 0.06363796819833162 4269
0.1205029536786375 0.06231132560132847 4270
0.121488349137778 0.06380070866109643 4271
0.2058436904344786 0.03455117412214746 4272
0.1769662648247295 0.03448966090173353 4273
0.02629904246840295 0.0639881568884475 4274
0.0079768820245022 0.05486408292375958 4275
0.2403416950321388 0.004788964203482489 4276
0.2978319498295837 0.005134829116814137 4277
0.2962701676809713 0.006207528386112099 4278
0.3028721791227412 0.005329108374711632 4279
0.2120285746488165 0.05322234017324122 4280
0.2594094579201346 0.005394056885661342 4281
0.2614061659238912 0.005279335789082997 4282
0.1762489880671558 0.00507054432286602 4283
0.1773466902655287 0.006713455300662243 4284
0.178245286044375 0.00494880592290168 4285
0.1793432696831418 0.006596533546641619 4286
0.1447116839013581 0.0640691654561564 4287
0.0540514298240947 0.005250739763276107 4288
0.05346883664004323 0.06423902151024677 4289
0.05547563331979044 0.06398398533887513 4290
0.05618737182160967 0.06238598725204411 4291
0.05172349675149687 0.06400192672078889 4292
0.05713844070508773 0.06416290579627693 4293
0.05789971774028006 0.06281413500635802 4294
0.05901765610677735 0.06417125929755127 4295
0.05976916062193059 0.06243981802276244 4296
0.06078898793454947 0.06419558519158744 4297
0.05715323781679341 0.06069196404598712 4298
0.03740469394676139 0.04270107198397605 4299
0.2019640980576576 0.03493695492013613 4300
0.172995843488311 0.03473152532156293 4301
0.1380691783753625 0.00373149525407779 4302
0.08484568478978888 0.06420127457714908 4303
0.03325934407427319 0.02699672220053481 4304
0.1135224960491369 0.06397847394677904 4305
0.2443350030635245 0.004557674078310051 4306
0.00149141793082628 0.002935001717045775 4307
0.01226744191359306 0.06647413861386417 4308
0.01199058490381484 0.06597575675627337 4309
0.01140266357556348 0.06598377304059984 4310
0.2077324084205945 0.06647244864762314 4311
0.2080106127870166 0.06597300864060979 4312
0.2086020520802074 0.06597997110764073 4313
0.2083144084704531 0.06546146331679242 4314
0.2077149663371262 0.06545177256057667 4315
0.2089133675426283 0.06546889321342204 4316
0.2086122836644571 0.06494163313449235 4317
0.3044619302984494 0.04705579563956493 4318
0.005875455241939474 0.04051393318507462 4319
0.04836243513477582 0.02807251865798462 4320
0.04680465797592427 0.02786140721082046 4321
0.005073813115232201 0.006339156579071994 4322
0.2255728457598903 0.03746216649356914 4323
0.2595393334002587 0.02447804722234865 4324
0.1491949735230469 0.004934268443875895 4325
0.1471958554905313 0.005007743665527403 4326
0.1511904107213061 0.004797798443262188 4327
0.1522881817605307 0.006441887581738501 4328
0.005000061362347765 0.02195054090616204 4329
0.005850610876478161 0.02019265543590225 4330
0.003875973278463581 0.02026345157312721 4331
0.004748711602121486 0.01851818040276505 4332
0.05804584391123097 0.005038378956437584 4333
0.299433232554612 0.004060129934864518 4334
0.1541064602578294 0.03756038315604298 4335
0.1532328932883756 0.03908878067427416 4336
0.2295260173121901 0.04539104422447154 4337
0.2313966329372388 0.04496114546704853 4338
0.227888063964359 0.04523073913106362 4339
0.2141000377022741 0.04799951861991077 4340
0.2495480161382038 0.02507157534135526 4341
0.007578753541225175 0.05141750530457516 4342
0.2061507497304139 0.04998300413801044 4343
0.2043891421068041 0.05042383163901795 4344
0.3049832700091493 0.03438128950927874 4345
0.2895100762891869 0.04535998492484265 4346
0.109633245170671 0.06443974378357409 4347
0.02224455429806181 0.06441616771115687 4348
0.311120743379047 0.01739159401162332 4349
0.3111497615031691 0.01872572289183323 4350
0.3081030758054112 0.004553908935539358 4351
0.3100727668572478 0.004900822357850807 4352
0.3107240066811234 0.006767258477377044 4353
0.3120288975969566 0.005318561287604053 4354
0.3126850157625681 0.00716019426832318 4355
0.3139445560252752 0.005674536532970554 4356
0.120143558915916 0.004900886318687916 4357
0.2304701959962336 0.02442342898340824 4358
0.1500002074652075 0.01871525697829751 4359
0.1519968020146038 0.01859859399129623 4360
0.1480036129721842 0.01883191986898935 4361
0.1919286930717576 0.01626534299622857 4362
0.2109973743209668 0.01688614931385099 4363
0.2090007797598151 0.01700281189729731 4364
0.2129939688587819 0.01676948671869278 4365
0.2206892801523088 0.02846488741142452 4366
0.2211824126289741 0.01976104016850889 4367
0.22008308244599 0.01809026957196291 4368
0.2180864878941955 0.01820693218423897 4369
0.2390495626658196 0.03436119911103953 4370
0.2362579234765371 0.02061549460095456 4371
0.2502341106983048 0.01979928939999554 4372
0.2547203891444568 0.01086136925609103 4373
0.1876444550194161 0.02866105237960906 4374
0.1936352706852775 0.02832116208437946 4375
0.077338602668464 0.04378099736518666 4376
0.2079014497183045 0.01533204157800416 4377
0.2070041852404974 0.01711947450174383 4378
0.2713850069303352 0.03952262956435187 4379
0.09141750893503678 0.06238653289730329 4380
0.0926156009427468 0.06377335065132229 4381
0.2412391473581139 0.03770912871744367 4382
0.2421412554848829 0.03592337778930291 4383
0.1331301863783751 0.02143599373708753 4384
0.08813092806803099 0.05702973695487293 4385
0.1448188054562055 0.03289799826697633 4386
0.07924404235767815 0.05928359671745169 4387
0.1431131592504474 0.02085268035882589 4388
0.1457160048122965 0.03111059921756104 4389
0.02942875147293302 0.04646001412423766 4390
0.1439215266355861 0.03468543869030467 4391
0.1278356014927358 0.01654034557890546 4392
0.1298321960491232 0.01642368291391229 4393
0.03199002543858578 0.02214081307397805 4394
0.02053669064297376 0.04883498492438593 4395
0.01941329845845982 0.01246551984721523 4396
0.05309028136601455 0.05734390274580457 4397
0.06316037511063501 0.04113943280635997 4398
0.006738532336613213 0.01841113199034138 4399
0.02313948218870611 0.05909293190072893 4400
0.2146994969296335 0.0288150821307349 4401
0.04846920906309944 0.04720812158654775 4402
0.03850810415009935 0.04778962342264334 4403
0.05510751449503529 0.05723843626885888 4404
0.1042982884157704 0.05955605934920308 4405
0.1517821793832529 0.0498291299314404 4406
0.1498120934764113 0.04995292114514766 4407
0.1224873152282392 0.06232446356471018 4408
0.1234624609907461 0.0633906098949726 4409
0.1343425803570674 0.04218521301975562 4410
0.05765136110603791 0.03279200633830006 4411
0.05561720941279381 0.03294727306384621 4412
0.03798996252597282 0.02181311744772398 4413
0.07644133822182769 0.04556843030457267 4414
0.0775406683315788 0.04723920057896543 4415
0.1185478274943194 0.01187802275070769 4416
0.1165512329379319 0.0119946854157016 4417
0.1961239477352406 0.01949022138124096 4418
0.1970212121817261 0.01770278843928284 4419
0.1296301303860076 0.01296547970013227 4420
0.1283833246292252 0.01141721561744075 4421
0.1332432502473162 0.04051444274536363 4422
0.1154519028281799 0.01032391514131007 4423
0.1145546383815444 0.01211134808069567 4424
0.115653968491296 0.01378211835508782 4425
0.122654080476033 0.03072314642899974 4426
0.1286438641451959 0.03037315843401926 4427
0.2487306054610028 0.01121135700642758 4428
0.2649054274720855 0.01373625956091371 4429
0.2680017345316422 0.01529216966288053 4430
0.2699919195405993 0.01517961380820097 4431
0.2844185994353891 0.02143364790998698 4432
0.2864166638861367 0.02132292329853418 4433
0.1423048975069071 0.007019865056105527 4434
0.1432033355328937 0.005252520352941091 4435
0.01257903308283617 0.06597444089989389 4436
0.01229448457999368 0.06545775549913561 4437
0.01289185111397846 0.06545050237913115 4438
0.1802416899367911 0.004828880183855446 4439
0.1813398299422483 0.006479283908835136 4440
0.1822385801963649 0.004717278262032926 4441
0.1833364680694628 0.006363366926602517 4442
0.2686904863534461 0.0100487216234766 4443
0.2675962102445096 0.008374625927953587 4444
0.3024337247148259 0.03950349648955223 4445
0.2483287649355217 0.004334151102411702 4446
0.1570525024809879 0.03558239155507727 4447
0.08057830492714915 0.0645146141246293 4448
0.3146494527106146 0.007535739488257596 4449
0.2296526284405455 0.03828074029823663 4450
0.2092953685759809 0.004901026301575949 4451
0.2072981095164339 0.005006316482306609 4452
0.1531872956381626 0.004686105084754312 4453
0.1542848766810435 0.006326942575145236 4454
0.1551842367704809 0.00457537381264837 4455
0.1562815457306171 0.006211554806399851 4456
0.1668620229639182 0.03496249501255069 4457
0.1978625713695261 0.03495262737400994 4458
0.2003943913334848 0.034596887628992 4459
0.3033229838847511 0.03266307467920129 4460
0.06204027100388411 0.004826240729326376 4461
0.2273019766871811 0.03586941824352492 4462
0.0411478685977576 0.04249170783141825 4463
0.007392032245286922 0.06348418578860988 4464
0.3190289291966698 0.004862825208827332 4465
0.320806222177802 0.003515979538514012 4466
0.1690663443490246 0.03490862436241798 4467
0.1712027797782251 0.03462369351883023 4468
0.3172564597555775 0.005584146080495321 4469
0.04327457904616935 0.04223032685838131 4470
0.02909663241017034 0.02752126558900974 4471
0.01019947341487036 0.04260970266558883 4472
0.06166599188719958 0.06269543409691876 4473
0.06255487056211496 0.06401567457753855 4474
0.1479531065099773 0.003284862482655184 4475
0.2890473083283452 0.03143204298202804 4476
0.15332618495326 0.04632817715495418 4477
0.2124654827741897 0.06021893257080507 4478
0.3015638173064512 0.01073158675555189 4479
0.3016053990887183 0.01289083817433989 4480
0.1960563755113853 0.03495964184476287 4481
0.004312835805692047 0.008017360360023271 4482
0.3024851009158564 0.04309973937593277 4483
0.1577537270093905 0.0494596337648338 4484
0.008715515602652319 0.05295624455858692 4485
0.04519143108105497 0.04215191330928124 4486
0.004615238880223247 0.01510742442287204 4487
0.003421525831889728 0.01341321779235987 4488
0.1056270347143175 0.06445380264523956 4489
0.2125536141399698 0.0636150141127975 4490
0.2098985725777211 0.04996207043167499 4491
0.01219309901527129 0.04244842234397894 4492
0.007146263582144274 0.05635783742040257 4493
0.254322755888571 0.004056167685595889 4494
0.25238857006704 0.004114205952774477 4495
0.117281931213245 0.003294647907906868 4496
0.287566206086523 0.02996187272054124 4497
0.1367160530983593 0.06451307103145185 4498
0.007204750563210233 0.04987909825839177 4499
0.1842354956789671 0.004606108013848451 4500
0.1853331233785341 0.006247743999239029 4501
0.1862324138391001 0.004494983589639632 4502
0.1873297819975038 0.006132177718348713 4503
0.1075478830085815 0.06459607670287992 4504
0.3170106507537243 0.01558229535987173 4505
0.1649611405427648 0.03508520763158536 4506
0.02737705715731792 0.02750540303406192 4507
0.1571811821378137 0.004464715019716969 4508
0.1582782111742032 0.006096105323824505 4509
0.1590954695127653 0.004462218812248308 4510
0.1602610996847278 0.005998672653188053 4511
0.05020482170590005 0.04015467492899578 4512
0.07676055390065316 0.06453998027650841 4513
0.3135588864429914 0.009146948733976765 4514
0.2274076311964031 0.03686907457710323 4515
0.3153916429678563 0.01591704384611481 4516
0.0241819538866684 0.06400566357235003 4517
0.005930269684152422 0.004578319135226311 4518
0.1940312508332187 0.035105609194792 4519
0.1640487429659411 0.0653155035398994 4520
0.02548920452114754 0.02756727562479145 4521
0.2287987718806674 0.04622666967511011 4522
0.310762284327424 0.02346652985395564 4523
0.2128619946986678 0.05166720021043116 4524
0.1659171019618907 0.06534900940914086 4525
0.2754540088085719 0.004661351978009038 4526
0.2774516929770802 0.004564126488737188 4527
0.2734531070045962 0.004743358479368413 4528
0.07853644219880512 0.06442494772148068 4529
0.07454919441559475 0.06461613486971038 4530
0.0125939034153914 0.06493689291624262 4531
0.01319382726820458 0.06493656808108031 4532
0.0134939084630514 0.06544944521091325 4533
0.01379415881361398 0.06493626596487914 4534
0.01409430671465664 0.0654480642929357 4535
0.01439428052438139 0.06493591315022779 4536
0.01469439338963004 0.0654477030111488 4537
0.01499431525407469 0.06493572178620458 4538
0.01526910172982591 0.06544066042497852 4539
0.01561246962177171 0.06492752904397675 4540
0.0152125128403495 0.06431353160862772 4541
0.0160043934793193 0.06435421790908148 4542
0.01631270651470978 0.06504210093424427 4543
0.01685924090484037 0.06450354504735105 4544
0.01721673700405537 0.0651193722996308 4545
0.01674137715544118 0.06559405799188178 4546
0.01764525374000426 0.06444831570640293 4547
0.01795475209272845 0.06505714683371334 4548
0.01716207952814528 0.06369974207691964 4549
0.01573502354729865 0.06314262150285738 4550
0.01836930334811589 0.06463970930446572 4551
0.01858169816338594 0.06512502957765509 4552
0.02073619186947209 0.06421449127159584 4553
0.01821573572466259 0.06559317125071761 4554
0.01896273723819577 0.06459075857858139 4555
0.01918197878938893 0.06516622784896056 4556
0.01614478787083722 0.06568404683870538 4557
0.01199240125770966 0.06493884031580395 4558
0.01731565474847625 0.0656708888522006 4559
0.007409682854218341 0.04452124595620469 4560
0.3256308817996739 0.01311985949136197 4561
0.3118218014858267 0.01364751651663679 4562
0.1629391760921745 0.03517914587754298 4563
0.003791245323759202 0.004830300314375167 4564
0.1035512912006007 0.0646031831865016 4565
0.02330709965010059 0.02767468949016841 4566
0.2814431261737342 0.004300801382404207 4567
0.1609791690217956 0.004336280200636633 4568
0.1622365940620887 0.005883669050517553 4569
0.1674951488593947 0.06531782860692181 4570
0.207925511486127 0.05003073699573223 4571
0.1693324887388107 0.06530666631363631 4572
0.3043595627658167 0.003722866915941942 4573
0.3137991693673765 0.01616451719328939 4574
0.1849410656488908 0.05000081603938827 4575
0.03573814185727563 0.04286449968906611 4576
0.03342074817201991 0.04270642258177583 4577
0.03934526146331793 0.04255675494233156 4578
0.1882293332072873 0.004383879840399747 4579
0.1893264413694647 0.006016624324365545 4580
0.1902262537396611 0.004272796015351216 4581
0.1913231010609554 0.005901076398899406 4582
0.1710592809150868 0.06532067363178952 4583
0.05034400331316222 0.02783714505494263 4584
0.04946239192931896 0.02926162900680915 4585
0.1588766494683457 0.03531630171937042 4586
0.1623644884175247 0.06527897476595153 4587
0.2011213883663678 0.0357082593246719 4588
0.02130663405064477 0.02785605162359449 4589
0.07245967669380939 0.06459044124515501 4590
0.1016128870432044 0.06473639263650835 4591
0.01930534411156235 0.02787160130711618 4592
0.01794617739060236 0.02787278025384874 4593
0.2092213187776355 0.06495864670944808 4594
0.2095130768168947 0.06548003931033577 4595
0.2088578908871457 0.06448120067622608 4596
0.208376194880899 0.06450306880525862 4597
0.3257497808896512 0.006996181250405341 4598
0.3255447601849278 0.008432943829638155 4599
0.3254359168643755 0.005621696133344612 4600
0.1609754134089922 0.03520066837445134 4601
0.05205061437452467 0.03669132937983165 4602
0.05284291100309121 0.0353521163634257 4603
0.05183794596024635 0.03808233910285468 4604
0.05159721572056861 0.03554035228856903 4605
0.1630283495049965 0.003778420524890027 4606
0.1642674373269896 0.005736575844913681 4607
0.1549116447175187 0.03581753861433717 4608
0.1556932227371788 0.03721421797763898 4609
0.136042833597068 0.003826210118450013 4610
0.03491937057182171 0.02709701828263743 4611
0.2896203309418187 0.007257303845781053 4612
0.2905230952192075 0.005465880000542258 4613
0.1728713454531893 0.0653051143658602 4614
0.1868750933013598 0.0497808682191419 4615
0.1883363099365191 0.04976595801779687 4616
0.3239820754999093 0.0158556984719457 4617
0.3251208271022686 0.01494125349328034 4618
0.3250297158497206 0.0163627047506658 4619
0.3225248443388293 0.01610942316784133 4620
0.00714258594051431 0.05331389265344797 4621
0.0066220705019836 0.0544756341992524 4622
0.1306408593645958 0.06472776163830014 4623
0.1319136900055183 0.06456078230843372 4624
0.1292946508046344 0.0643215776890439 4625
0.07054954413638516 0.06473888215202676 4626
0.06907056197081771 0.06476064581559306 4627
0.2270416778551008 0.04393409648734821 4628
0.227580063041401 0.04275063320042845 4629
0.2268192514693737 0.04507713070414865 4630
0.157676041526694 0.06477015260576766 4631
0.1589785235664944 0.06444750529040634 4632
0.1562227574933909 0.06499399667477519 4633
0.05253417674871207 0.06508509732772146 4634
0.2869558755935495 0.01596871971355752 4635
0.2190553129336206 0.03538728981766456 4636
0.2205025728734108 0.03504998169170426 4637
0.2175580293754595 0.035302801259631 4638
0.2877717904940572 0.0118400478554845 4639
0.2863796267417327 0.01272910582692535 4640
0.2037415092201389 0.03450335363695511 4641
0.01391433289266841 0.004031884960701111 4642
0.01200578984936371 0.004256231229860612 4643
0.2916331993647961 0.007155944536894219 4644
0.2924465621898896 0.005411067395865077 4645
0.1651647018466325 0.003949142942175889 4646
0.1719337538790826 0.03558292143815884 4647
0.06165092889983127 0.06522036717524181 4648
0.03116298954769824 0.02745869147484793 4649
0.2877407169142203 0.02295819692886688 4650
0.3092477806559174 0.01989266876980941 4651
0.3075486029391041 0.02020196394307973 4652
0.3056749196822925 0.01872517724057017 4653
0.2834369431278426 0.004132289423100381 4654
0.3108167778837538 0.02942830783678063 4655
0.3106696662424254 0.02814642912542839 4656
0.3108968306818914 0.0309786390447926 4657
0.03473594452515477 0.04194218648004814 4658
0.2049097119972629 0.04923758337915794 4659
0.1682667740219322 0.06097266856013515 4660
0.2960845797356214 0.004181880436030723 4661
0.2777885692015122 0.04569140059726076 4662
0.2791561957127994 0.04562768894373281 4663
0.2762888846351527 0.04561148256389248 4664
0.02409533570982453 0.04205226853294441 4665
0.0227609232699434 0.04216795634116036 4666
0.0255639033488662 0.04197114000961811 4667
0.06339571708574147 0.06270939882458768 4668
0.2934724059637622 0.007116285187016611 4669
0.1867524522584177 0.06477235173235885 4670
0.188176041741702 0.06485028884367737 4671
0.185342126277959 0.06486577197183888 4672
0.1922625062057216 0.003976233657378506 4673
0.1933263161279822 0.005754616296032342 4674
0.1943153847301016 0.004007747514002404 4675
0.1953333947673181 0.005657683532698089 4676
0.196164851160301 0.003786593404562875 4677
0.1973072153196763 0.005526893998275342 4678
0.1748774341156985 0.0345827924434613 4679
0.1739916505544376 0.03557450550856733 4680
0.05048182911227571 0.06309573234157945 4681
0.05018301444422227 0.06439024106854746 4682
0.05102102355551045 0.06537611763307252 4683
0.002772110042145083 0.01859741669598946 4684
0.05822777908078948 0.0651691700233282 4685
0.03613605825350169 0.04187070191515216 4686
0.2086565593541096 0.06367434106131681 4687
0.2893888550436204 0.003724618795512057 4688
0.01960066724458861 0.06480428539075131 4689
0.01978391868962502 0.06527192885020726 4690
0.01940692017824141 0.06572057828740061 4691
0.02001695670687675 0.06580675717736822 4692
0.02037461066372406 0.06534352904335648 4693
0.02066755521135488 0.0659941034856726 4694
0.02096383872069199 0.06542821721945614 4695
0.1149514936042706 0.06423203818902017 4696
0.1117756211381005 0.06444217367170954 4697
0.01373876043696813 0.06596467761040946 4698
0.3150377868047049 0.01078734585807875 4699
0.05994858359109993 0.0651239240918195 4700
0.01255403515637805 0.00246665439595975 4701
0.01600453355278728 0.003660755221442308 4702
0.01803701510866778 0.003774869569996554 4703
0.04717065324320503 0.02996786017433035 4704
0.04705397057806813 0.02935676222940651 4705
0.04645159450851919 0.02907436705038857 4706
0.04768629312347267 0.02963193252500988 4707
0.04823388796494069 0.02990952902684259 4708
0.04758568286107442 0.02901906517180881 4709
0.04706483401076206 0.02877194081060361 4710
0.04819077689063152 0.0292939878194374 4711
0.04871735095034356 0.02955350192558654 4712
0.04875586321756231 0.03014645809004701 4713
0.05014801954542815 0.03312348810794605 4714
0.05073912256402569 0.033258841947687 4715
0.0509204172474227 0.03385706750296994 4716
0.05133497991886652 0.0334029877500915 4717
0.05152101238024083 0.03397686918787236 4718
0.05192451666042115 0.03353098793978696 4719
0.05115693202932718 0.03283364400167086 4720
0.05113783457684016 0.03441091085944207 4721
0.05170417974676123 0.03452780287946242 4722
0.1596249516807429 0.04801067438695814 4723
0.1592400372545631 0.04847226279169493 4724
0.1598756204807574 0.04854989706801099 4725
0.1586455110273425 0.04835758109397685 4726
0.1588499153705464 0.04892925640123381 4727
0.1582654914972253 0.04878561681357761 4728
0.1580633150541566 0.04825160445779909 4729
0.1576713517988707 0.04870587469273155 4730
0.1574686462888455 0.04812345082163824 4731
0.1572463929702046 0.04765841791188571 4732
0.1568703911756864 0.04804510861811304 4733
0.04960523785512667 0.03200036642220584 4734
0.05020725693884703 0.03202006970314321 4735
0.04989736062727727 0.03148201215523246 4736
0.04958385703797626 0.03094828902782076 4737
0.05050987570545339 0.03148866238379459 4738
0.05078842514219434 0.03199306251241102 4739
0.04895456786027783 0.03102595673792914 4740
0.05020740238690383 0.03096097164620414 4741
0.0499016998766157 0.03043265046979447 4742
0.1550883262530647 0.04004697031547425 4743
0.154485277797703 0.04012036337653511 4744
0.1542453153177329 0.04066835784070962 4745
0.1547167012159863 0.03959010714933896 4746
0.1538879691738808 0.04017993291305366 4747
0.153639819570429 0.04072549241110386 4748
0.1539954873474726 0.04121694932411347 4749
0.1534040504586365 0.04126148790540873 4750
0.1530393125389961 0.04073253074162709 4751
0.1537391971556169 0.04177791208651792 4752
0.1527908216286643 0.04132722591453206 4753
0.1520160943176183 0.04071813248666098 4754
0.1543414063456409 0.04168359597333519 4755
0.1562291606662451 0.04647284162928356 4756
0.1556149624140936 0.04659492776719888 4757
0.1551986266971129 0.04612601414821999 4758
0.1549920156105233 0.04668750986239506 4759
0.1554082963602841 0.04716986094272375 4760
0.1546230427748565 0.04622807154735626 4761
0.1544093810045566 0.04687682461855004 4762
0.1561312264376244 0.04711199682146195 4763
0.1558200456014348 0.04769106447019585 4764
0.1551422278890803 0.04772229830199646 4765
0.1548177703102456 0.04563625649662815 4766
0.1542270926177212 0.04575714960974713 4767
0.1544400476366604 0.04519621349941989 4768
0.153845183985949 0.04527621946602504 4769
0.1540346698393164 0.04474417699336845 4770
0.1534834895158738 0.04483434712200982 4771
0.1537221825345242 0.04428121552565875 4772
0.1532928063179154 0.04525886590467437 4773
0.1528762137972843 0.04492340720533902 4774
0.1548215113748371 0.0443394940326729 4775
0.159046908137568 0.0371018533329354 4776
0.1586376276658443 0.03665893253281279 4777
0.158029483613906 0.03680125825779949 4778
0.1582154274880107 0.03621518928615641 4779
0.1576506313788563 0.03634918373509827 4780
0.1578441866338268 0.03580228219935155 4781
0.1574347243999887 0.03689936622870665 4782
0.1570683387816664 0.03648120915842108 4783
0.1568389763917585 0.03697505755338094 4784
0.1564506214671455 0.03658774398111941 4785
0.1592613578671063 0.03654871037323975 4786
0.1598889989634079 0.03646412550958414 4787
0.159503249730667 0.03601593174036612 4788
0.1601217862704454 0.03589785409995601 4789
0.1596827547115181 0.03527397349697463 4790
0.1587976533404878 0.03608476245258518 4791
0.1605052255635412 0.03639690490050019 4792
0.04534009185103884 0.0404865194961488 4793
0.045694369484168 0.0409942009449985 4794
0.04629073273143416 0.04090427305635713 4795
0.04508962703862984 0.04105464509830952 4796
0.04607359266340453 0.04148357091087105 4797
0.04665609894334025 0.04139524320620096 4798
0.04689317125291126 0.04084236257118179 4799
0.04724341515147085 0.04133876056235571 4800
0.04752395613665814 0.04079152672128587 4801
0.04699156849604678 0.04188585738893966 4802
0.04712576530609856 0.04031022873153012 4803
0.04825756324861982 0.03945623284378105 4804
0.04826782801625291 0.04004970858794619 4805
0.04875305204743059 0.03977636354339038 4806
0.04881291214082394 0.03910839680847575 4807
0.04944839233614425 0.03913769659527218 4808
0.0498110479172178 0.03862036345607152 4809
0.05002640216479435 0.03921254609589037 4810
0.05040131038187154 0.03874179285326562 4811
0.05061177159077688 0.03932548862913406 4812
0.05099137718586773 0.03886077860847315 4813
0.0512572891710722 0.03939715577170856 4814
0.05075037612819042 0.03824466358174088 4815
0.05171815108798946 0.03890619605472371 4816
0.05205343821197966 0.0400825734851805 4817
0.156223513621958 0.0385168039656293 4818
0.1556318243754382 0.03837883883663821 4819
0.1552255293322195 0.03880049292889799 4820
0.1560959788162084 0.0379698872957779 4821
0.1550459435054912 0.03825377620362972 4822
0.1546287732734471 0.03865683493098082 4823
0.1545161629773198 0.0431005163000692 4824
0.1539936026478478 0.04280641780354183 4825
0.1539776806225691 0.04337799105330151 4826
0.1534644803083817 0.0430906706706746 4827
0.1534749906636553 0.04237841104113901 4828
0.05044385751592947 0.03565529319562101 4829
0.05088526385417318 0.03608040242626799 4830
0.05077569135907377 0.03668598738620067 4831
0.05140510134417514 0.0365330179572014 4832
0.05118909166731883 0.03711582910815907 4833
0.05063226269107993 0.03726479410870302 4834
0.01493516284229109 0.06596942351418233 4835
0.04971207450857973 0.03973960088342451 4836
0.04596940129965561 0.02958972678652302 4837
0.04574950868270362 0.0290304553514852 4838
0.04510923951050518 0.02895876886837385 4839
0.04548489162697986 0.0284789024160405 4840
0.04488375136288306 0.02839303903919709 4841
0.04611079108082848 0.02854666275099195 4842
0.04588470603749913 0.0280105996275055 4843
0.04449640839370309 0.02888478466336339 4844
0.04428326900254472 0.02831212781942297 4845
0.043911867728622 0.02878652010587224 4846
0.1553319133269785 0.03942989285469049 4847
0.1566885201520621 0.03812061355740502 4848
0.2888307833318701 0.009165737483945408 4849
0.04368678583921121 0.0282303376890247 4850
0.04331987288733136 0.02868753835893625 4851
0.04309651921076012 0.02814103874498478 4852
0.04272817906595443 0.02859007854858574 4853
0.151135057805298 0.03942555311528156 4854
0.3017283984928402 0.03526560326641033 4855
0.2997164163722939 0.03530184057341016 4856
0.297759546208931 0.03637663525566541 4857
0.2959083264988779 0.03552285162412837 4858
0.2961698710852055 0.03746725574858463 4859
0.1747102887608463 0.06527294403872791 4860
0.05100314390330107 0.03540951453998608 4861
0.2083360928278198 0.003091624410253304 4862
0.0154046997146839 0.02794759506072211 4863
0.01389776772277238 0.02805684320011146 4864
0.01667032495719036 0.02767572258476414 4865
0.04250194592653448 0.0280557775388915 4866
0.04213882691745215 0.02853163017700076 4867
0.2276257494056781 0.0387838785194005 4868
0.2269461020381336 0.03980788624859442 4869
0.3118767917520237 0.01698879876986187 4870
0.3023651444980467 0.03628405750956865 4871
0.3032141240372287 0.03588003908448191 4872
0.06653405737127946 0.06479903354651369 4873
0.06514787115720451 0.064965419134303 4874
0.06789678862581652 0.06451683834836922 4875
0.0453422073750441 0.02765833231686636 4876
0.06397407161462891 0.06405355009851812 4877
0.06388756704738667 0.0651098429141396 4878
0.06284040506847853 0.06537483393917898 4879
0.1711972844982985 0.003607021530612231 4880
0.1691990023188173 0.003734185372975911 4881
0.04959108052561602 0.03801960118221222 4882
0.08608108829803665 0.06419949315565318 4883
0.08254841472766432 0.06432910815346879 4884
0.04236172857876384 0.02909385625101252 4885
0.02337161467123249 0.06511368598327669 4886
0.02246963002269481 0.06532185519811858 4887
0.02469514339594463 0.06516523692355461 4888
0.1602396621880487 0.04804655036534979 4889
0.1605442062150658 0.04856213759216174 4890
0.1601870951231698 0.04908116204535069 4891
0.1608309045141269 0.04910214056633826 4892
0.1605632919631331 0.04951807555672962 4893
0.1611334666609571 0.04965532931158785 4894
0.1600512446863177 0.04965488992964913 4895
0.1606837417955487 0.05017578301549736 4896
0.1617210737329291 0.05038187944739576 4897
0.1614517197329909 0.04914696237865197 4898
0.161051949895944 0.05142183102442767 4899
0.1625102282882746 0.05149622018524177 4900
0.1632480770318974 0.04995910373577529 4901
0.05057579066569873 0.0325915413243188 4902
0.2246280409804472 0.03389370638260722 4903
0.2237527379050118 0.03468290542544254 4904
0.2233158004039129 0.0333601591867128 4905
0.2224217813298338 0.03468840562370672 4906
0.2241550917435258 0.03561735124604425 4907
0.222772446715397 0.03574835138562853 4908
0.2216647712839 0.03544333836187379 4909
0.2220565514140908 0.03608010658801544 4910
0.0608459110760288 0.06093976762144591 4911
0.05444286476763802 0.03485960919099994 4912
0.05380778686582473 0.0332713069675584 4913
0.1583435802768512 0.04928614249034458 4914
0.1589924041058697 0.04978898829285148 4915
0.1604992227748743 0.0630525328203547 4916
0.1466872715393367 0.0638349778406338 4917
0.1426063072145713 0.06415570486661756 4918
0.1407962266878408 0.06410312792835088 4919
0.1417450048995419 0.06520553482160472 4920
0.1398341448743201 0.06284365107718418 4921
0.1392241493988113 0.06441776570465636 4922
0.1401968377958566 0.065162830358052 4923
0.3116539611013471 0.01168906905407574 4924
0.04469169639582057 0.0278909461647278 4925
0.2956761427217619 0.03351019990237369 4926
0.2944526268635975 0.0347382577283361 4927
0.1607190047998448 0.03581350014173206 4928
0.1610868131833842 0.03630108549544082 4929
0.253258965505896 0.002287732667807456 4930
0.2306242715078269 0.04612717444231819 4931
0.2318921133158278 0.04616424452553483 4932
0.2297014158137846 0.04621643395335803 4933
0.2273137260810444 0.003735415549396097 4934
0.2252962974540667 0.003871642173702639 4935
0.2243726218919417 0.005688930482471098 4936
0.2233281740774904 0.003934155942984777 4937
0.222381652896299 0.005795573083337504 4938
0.221288773506843 0.004112435139832762 4939
0.2203788615944824 0.005920835105251029 4940
0.2193136136456924 0.004325212871037829 4941
0.2183848066932195 0.006054950119732533 4942
0.2172919846696146 0.004491224423276535 4943
0.2163844630062274 0.006182746269813631 4944
0.2152892990128518 0.004595824326780936 4945
0.05619292145112954 0.05896077639145265 4946
0.3174491942418315 0.003601877494069824 4947
0.2030692881773107 0.03565556744715567 4948
0.2042586397326043 0.03553848663140868 4949
0.2020680730756997 0.03564549390043566 4950
0.2112149690351546 0.05489701564538848 4951
0.2129512277653366 0.05467277377324562 4952
0.05052539377963346 0.03438092961682396 4953
0.1577679634076369 0.03740755058556947 4954
0.04823154151342733 0.03047597738432256 4955
0.1613053325468744 0.0357240843434387 4956
0.1615338640266423 0.03528914032564458 4957
0.1619085653333366 0.03577942552131302 4958
0.1621259712630904 0.03520211413467626 4959
0.1625139854638567 0.03566468832191475 4960
0.1631335116265212 0.03576411389308584 4961
0.1635525162619252 0.03534090149445654 4962
0.1637162397565315 0.0359032273640413 4963
0.1627725040507945 0.03617773195713397 4964
0.1641212814577011 0.03548787927732528 4965
0.164329834802883 0.03605793545690722 4966
0.1638294906958506 0.03647249501810015 4967
0.1536375921843218 0.06497283007253121 4968
0.1523768844876109 0.0650452925390473 4969
0.1549833531039141 0.06479111831317406 4970
0.2743453972208874 0.002955039835844366 4971
0.01558106842739065 0.06596645495926307 4972
0.2292577933253939 0.003674143494038378 4973
0.1615097090117142 0.0366621771580058 4974
0.1619544127791602 0.03638369072186814 4975
0.1951136202639305 0.002199204190545112 4976
0.1611679233449072 0.04858586105562266 4977
0.1617742371665648 0.04862798651789241 4978
0.1620447109616505 0.0491742662028637 4979
0.1623848471803855 0.04871002687379267 4980
0.1626135113667854 0.04922727633145212 4981
0.16297720192649 0.04879754961626895 4982
0.1459611919649369 0.003367927795863633 4983
0.03437486157490226 0.02798258923979045 4984
0.03330194608787534 0.02834008312004906 4985
0.03566233609125753 0.02814831236500036 4986
0.1206883741757395 0.06504256906174907 4987
0.1220095434531304 0.06480592767476627 4988
0.1192711027983348 0.06535483883969853 4989
0.1368128902307639 0.001866122794027702 4990
0.1339442887564529 0.003837949707651298 4991
0.1718450098344485 0.06085107310848581 4992
0.3069145194361175 0.01676868827484443 4993
0.3047941004346589 0.01674636973561343 4994
0.3039488043796015 0.01496456644399769 4995
0.3028381085797738 0.01674702432958859 4996
0.3045817103621969 0.0131359168430004 4997
0.02825974040280419 0.06393243389604805 4998
0.1649474506914324 0.06108396525682598 4999
0.0441962590736444 0.02772716401124332 5000
0.050193156048015 0.03814139829802823 5001
0.04876492701202785 0.04036224284083559 5002
0.04817658635895268 0.04069391098176489 5003
0.04783608770241011 0.04125311288688702 5004
0.012257446947934 0.06422590054671841 5005
0.010531038672235 0.06462468561783301 5006
0.009044619000262499 0.06473785203552508 5007
0.05081307394738843 0.04000728781055825 5008
0.1563752683618781 0.04769906019566186 5009
0.156159578922206 0.04828678037867758 5010
0.1566703685427827 0.04885963958167218 5011
0.1555402070864218 0.0482047297838535 5012
0.1549406441641772 0.0483528241712814 5013
0.154488505744865 0.04768885472170879 5014
0.1536545254200326 0.04981611950860047 5015
0.3199449275635572 0.001598560040661969 5016
0.1826321282606579 0.06493396170448221 5017
0.1813060129236805 0.06502188086255148 5018
0.1839786339213459 0.06477092408643563 5019
0.1604101843847077 0.03535446816407996 5020
0.1526469344911761 0.0399292498385951 5021
0.1504953758849762 0.04125984709388905 5022
0.2199710075720671 0.002171432790008121 5023
0.2031330838701299 0.05190664715780795 5024
0.2024771388018362 0.05036158545546645 5025
0.2015362392055029 0.05113945961129984 5026
0.2008600970694407 0.05032567317926112 5027
0.2016278474305251 0.04923993971755127 5028
0.2000748773603681 0.05124371312877786 5029
0.1993413510002803 0.05032151846052793 5030
0.200106714143341 0.04931209144638722 5031
0.1984508854133144 0.05125202156086137 5032
0.1978648294229215 0.0502327383438983 5033
0.197119844633484 0.05096778080692414 5034
0.1964460890778022 0.05029690182960001 5035
0.198600780712264 0.04934378747308212 5036
0.1958356385071008 0.05119408540410011 5037
0.1950452052690942 0.05028220195568035 5038
0.1943729611484265 0.05116338258992781 5039
0.1936672873272379 0.05017351021720323 5040
0.1929822721102811 0.0511535592896151 5041
0.194357953292522 0.04939552046132995 5042
0.1922429696607945 0.05025695353867641 5043
0.1929021522927111 0.04936514671778081 5044
0.1915699542139322 0.05119730833638875 5045
0.1909087706544034 0.05027381767168963 5046
0.1916188841562065 0.04942041558559864 5047
0.1957502722450423 0.04939191656904733 5048
0.1971656390738099 0.04937040804834962 5049
0.2035231646225902 0.04929558690598194 5050
0.1902555131502295 0.05121464915543162 5051
0.1896130491744582 0.05021527934999884 5052
0.1902848663909917 0.04942040232431788 5053
0.1922809757974158 0.05295923877496565 5054
0.3131380137130171 0.003825542413752501 5055
0.1626902173912958 0.04818310082517385 5056
0.2563160787174391 0.003892583445100488 5057
0.116493607750513 0.06508058490583971 5058
0.04350816449319726 0.02754550856202207 5059
0.3014098079561503 0.007052048788425125 5060
0.3024669791973538 0.008867857349438877 5061
0.1752768159581503 0.003418966698921035 5062
0.2711002468454793 0.0168598408841793 5063
0.2720155609298627 0.01509654650727841 5064
0.1456750752877731 0.06509235978504141 5065
0.1470697286229216 0.0652114917220438 5066
0.1444184304651564 0.06540920391585732 5067
0.04473499896110469 0.02945647389502251 5068
0.1327649439205752 0.001981674624084453 5069
0.1319061980518005 0.004138549486752975 5070
0.1297656188271949 0.003770455525212654 5071
0.1304697703843105 0.005710561770724154 5072
0.1286011784727074 0.005386560251535493 5073
0.1293825943867913 0.007232361395996441 5074
0.127703942247725 0.003543641127096489 5075
0.1265879067137814 0.005172154021522847 5076
0.131144729414993 0.00758063542754921 5077
0.1301066358381266 0.009095306814239933 5078
0.1281848363238725 0.008661612954632351 5079
0.1332599024423359 0.005728924516928968 5080
0.03265288267039002 0.04416114441467581 5081
0.03232612639457005 0.04191223479310825 5082
0.02020666620565125 0.06637232130442759 5083
0.163163329409885 0.04934323048962667 5084
0.1635929995056198 0.04884775319096975 5085
0.1638044343554356 0.04946946401078804 5086
0.1638593318969409 0.05008144914059084 5087
0.1644058834400048 0.04972749384569466 5088
0.1645088168643087 0.05059119051983289 5089
0.1655912046714229 0.05020157288244306 5090
0.1643688229209556 0.04909148459008036 5091
0.1641130902237668 0.04848896422635382 5092
0.1654961076528881 0.05142620999240062 5093
0.1665753797231971 0.05091419101474094 5094
0.1653551229221496 0.04948635901445345 5095
0.1668003303572057 0.04951275275435543 5096
0.1647538374415467 0.04850526281010335 5097
0.1666825470316164 0.05256332823469863 5098
0.1685580875103224 0.05207010573405185 5099
0.1703013848875378 0.05193134108377422 5100
0.16994959035299 0.05042481916868459 5101
0.1718009955467262 0.05102870058201395 5102
0.1712394951947362 0.0494751782512558 5103
0.1726428496716946 0.04991066875822589 5104
0.1700022832457748 0.0491990945458911 5105
0.1682843267309922 0.0501503045961819 5106
0.04473711118394027 0.04052508078469493 5107
0.04448187293235903 0.04107516131183968 5108
0.04385961377355244 0.04107853580269373 5109
0.04419275437143725 0.04160318012893639 5110
0.04358619103485242 0.04162450656716538 5111
0.04326421007102667 0.04110750676776001 5112
0.0438451046274696 0.04206115796168345 5113
0.04297161474526175 0.0416324452676347 5114
0.04262492611960545 0.04219352467604921 5115
0.04238193740088794 0.04157831119069352 5116
0.04202813523353544 0.04200796443666764 5117
0.04178682402624591 0.04147828210724003 5118
0.04441614290646959 0.04213583947874466 5119
0.04482776738591469 0.04158439903760304 5120
0.04546540457161283 0.04155245307938973 5121
0.0458998713751366 0.04205101108605122 5122
0.1602676650935877 0.03697598454960406 5123
0.09155744016210832 0.06492665561698599 5124
0.09297163703021363 0.06501214748606922 5125
0.09030201632148149 0.06494719378342295 5126
0.0476428428588649 0.02837338072442977 5127
0.04859642044089983 0.02885336003815194 5128
0.2937219003672993 0.03284438422851203 5129
0.2234585863911417 0.03553690372505704 5130
0.2232846591986365 0.03611590925891662 5131
0.2226944314089951 0.03638176594419338 5132
0.2883794154762965 0.02113424908326484 5133
0.2888240194672875 0.02419910858117446 5134
0.2870929669599735 0.0249861085392139 5135
0.2874734780667401 0.02700511166963603 5136
0.2863705050126965 0.0284457530371512 5137
0.1146656826851626 0.06506763214718722 5138
0.1135233779432908 0.0653197788170671 5139
0.04288195489862414 0.02758426535443039 5140
0.2162313250308026 0.002854270702545927 5141
0.01702829019956615 0.06611133620709186 5142
0.02032530979495057 0.02731860517686576 5143
0.2282421951678467 0.03772492295047222 5144
0.2555335198212486 0.02473032058085289 5145
0.1565962636187445 0.0375270607894526 5146
0.05615674217950583 0.06509691630714186 5147
0.03614020837486354 0.0256937173277436 5148
0.1859073087503981 0.05017332071028693 5149
0.0545058909398498 0.06514199658981394 5150
0.05357365677178246 0.06516394986867655 5151
0.1534515665480468 0.04376929937747509 5152
0.1529420612944643 0.04340315429504343 5153
0.152943732872601 0.04394217166676104 5154
0.2243216274410698 0.001946832074644234 5155
0.07153385728254733 0.06428920401195745 5156
0.2299577305640538 0.03320282863018458 5157
0.2311254201292032 0.03485274291886382 5158
0.2331098811605828 0.03470985778382588 5159
0.2695991626438115 0.008272098505288678 5160
0.2685049298065019 0.006593985571680641 5161
0.2664994632344046 0.006704544316235291 5162
0.2673996812411151 0.004960405181850208 5163
0.265402100259316 0.005083266086863197 5164
0.26940396661326 0.004812659312548708 5165
0.2682915705460069 0.003071585993021664 5166
0.2706614969154836 0.003164799708166163 5167
0.2715070862740255 0.004845096155385665 5168
0.2247697711684047 0.03200056612125873 5169
0.2074302053714553 0.06596751177617771 5170
0.2071183643489505 0.06543747509160684 5171
0.2074237430774876 0.06493807488129784 5172
0.2068229352343126 0.06491766820840501 5173
0.2070552008836783 0.06436637654162596 5174
0.2063864043090763 0.0643053933709174 5175
0.2065629759689805 0.06546000200835081 5176
0.2083693105600825 0.03448328976810814 5177
0.176757087985483 0.06509081838644598 5178
0.1782246102295648 0.06520502156635521 5179
0.2455481941327328 0.02529823250129 5180
0.2327525014005551 0.04375077391204761 5181
0.2335673608840709 0.04512670230586292 5182
0.2355478833745616 0.04473022547033254 5183
0.2697852502301361 0.01173463696882341 5184
0.315365807774375 0.004147643012849572 5185
0.3121311749458455 0.001963562283281181 5186
0.1981530531506219 0.003703205320110029 5187
0.1992986154508912 0.005413422672835629 5188
0.2001314242393955 0.003617041447788853 5189
0.2012923402806698 0.005320058440466676 5190
0.2097606877424062 0.06507337630471036 5191
0.2100896225641745 0.06549837342465625 5192
0.05018325408164687 0.0368616465022618 5193
0.15541069863626 0.04553674219638684 5194
0.1584239904785442 0.04776423837604549 5195
0.2415535519970799 0.02552175098051183 5196
0.02812417117587383 0.04203184096773284 5197
0.02942498479389486 0.04187961908722049 5198
0.02680573568213258 0.04215724940540549 5199
0.154618625782019 0.0411439546070014 5200
0.04651718461081669 0.04033960721790578 5201
0.3161872934201756 0.001897994263827178 5202
0.2299398691016015 0.03673220719502714 5203
0.191577382120761 0.05003625252567893 5204
0.01249836032550932 0.07071428571427947 5205
0.01250330130551594 0.06730984475091668 5206
0.2074984053566753 0.06730981228998556 5207
0.2075016396735587 0.07071428571428885 5208
0.2074999999999998 0.07185714285713672 5209
0.2074865000177722 0.07411895917699259 5210
0.01249835147172821 0.06899999999999459 5211
0.01249835147172814 0.07242857142856446 5212
0.01251520942729904 0.07411895917698781 5213
0.2074983603264448 0.07299999999999698 5214
0.207498360326445 0.06842857142856731 5215
0.207499999999999 0.06957142857142989 5216
0.2731226206766361 0.01679616433361767 5217
0.0116898488346443 0.06546250987309302 5218
0.01111713718892499 0.06548175308841162 5219
0.011397481478112 0.06494765194581771 5220
0.1404715019013041 0.06100173168228855 5221
0.2375604715380826 0.02575402232572491 5222
0.2701989198898602 0.01866816283352389 5223
0.2693014689747593 0.02047779258516119 5224
0.01073307956991178 0.002848744550914228 5225
0.009056099687254975 0.003749211591364581 5226
0.007400577517627597 0.003087281206425453 5227
0.23865600571791 0.04600683474530087 5228
0.2373477083467347 0.0461829268333646 5229
0.2399814680258576 0.04583757927463139 5230
0.1594460251775452 0.04903962240573206 5231
0.0511173170467811 0.03776964025461461 5232
0.0006105781597830076 0.02734803337816101 5233
0.001147149850233061 0.02771779787710099 5234
0.001040307572306644 0.0283163082478199 5235
0.001616097948363984 0.02809894207533416 5236
0.001720393701077183 0.02763095190279151 5237
0.00221539352513517 0.02793754313441583 5238
0.002327573733355067 0.02733064833033743 5239
0.002887987543835355 0.02783388837259896 5240
0.002642489264757603 0.02838687224352172 5241
0.003268827115644661 0.02834400355315224 5242
0.003495397583928765 0.02790641727554657 5243
0.003877817576630407 0.02830508239949771 5244
0.004059605070032293 0.02780130245997621 5245
0.004449548519445122 0.02832614961929617 5246
0.004684432475352306 0.02788807174411494 5247
0.005032161934273905 0.02835559662930551 5248
0.005248941994678986 0.02779719596853212 5249
0.005633019959019193 0.02831441946444091 5250
0.003403859248266167 0.02724676588171501 5251
0.004182459019614204 0.02884649402575954 5252
0.005987885928590621 0.02774203445553667 5253
0.006273046474349963 0.02827643005124782 5254
0.001478498297050897 0.02694373096808097 5255
0.001488818800745203 0.02865438133795875 5256
0.002452338016000616 0.02629900601129185 5257
0.004620384536116452 0.02715328498377202 5258
0.00556233627988524 0.0271117570543177 5259
0.005968311849205401 0.02882948150106665 5260
0.00658189072035444 0.02881653687953507 5261
0.00687761540183271 0.02826574326248494 5262
0.007191700752999944 0.0287994744372487 5263
0.002988164451693891 0.02892390308660129 5264
0.002490824064157863 0.02435548610040368 5265
0.002402428824496241 0.02894335413638156 5266
0.005669547419198559 0.02943506940073748 5267
0.005349629153123967 0.02889180840633016 5268
0.006893903800549668 0.02938744698902884 5269
0.007838191684558807 0.02891069732108293 5270
0.007594299056746391 0.02834023933609793 5271
0.00816774180733397 0.02842198847453307 5272
0.009187170037396268 0.02776888291262326 5273
0.01061073231596865 0.02647741594414631 5274
0.0065677228246916 0.02700311571761878 5275
0.2335673340854666 0.02598470258112453 5276
0.2246564958980625 0.03592868912063262 5277
0.2989508890503043 0.02911475434803535 5278
0.2988610583765161 0.0271110611593771 5279
0.3006367432496362 0.02804759163031858 5280
0.3026215519156266 0.03121824305891549 5281
0.0141542014649307 0.06447796586606523 5282
0.3007518073749881 0.04600907168090115 5283
0.3021521430987426 0.04604162690483826 5284
0.2994766906529311 0.04616293736779875 5285
0.1702480178982814 0.001892443419106245 5286
0.140081960746601 0.003652831988097685 5287
0.05081921461753014 0.03097143842274142 5288
0.05052761109285606 0.03044246614053518 5289
0.05026586142500958 0.02984636236719874 5290
0.04966960511054756 0.02987238405305877 5291
0.008110805815098357 0.02946906053635112 5292
0.2312540301175451 0.03825963876368067 5293
0.3024186569045116 0.0290108107647303 5294
0.3034022159528196 0.03538145625078292 5295
0.1929427210025341 0.04997626507918337 5296
0.1393477554239747 0.0592895249962981 5297
0.1529458637033316 0.04277341014185514 5298
0.1529682878494951 0.0422346335345592 5299
0.1548880853218618 0.04722906968947482 5300
0.1536407758703098 0.04724206730934533 5301
0.2080233772158403 0.06493839925919821 5302
0.2286766254782215 0.02800675277329263 5303
0.2970819940418826 0.02619185354668147 5304
0.3168760526643675 0.007688105976324052 5305
0.3035320029424873 0.0335194154957918 5306
0.2265285933433115 0.03605691605797322 5307
0.2268541588171204 0.03649971908136448 5308
0.2266600361492142 0.03704439097258574 5309
0.2271246404679952 0.03756609519944731 5310
0.2265807662787405 0.03844475869539031 5311
0.2264237860899048 0.03758528584509317 5312
0.2260064431919587 0.03708582980968312 5313
0.3202194722819289 0.01377103506753287 5314
0.3203659688871421 0.01561996830595296 5315
0.05530459964659382 0.06070974818754963 5316
0.0582032483962263 0.05885593358230359 5317
0.05710464915358796 0.05712873088399049 5318
0.2217877539601782 0.03011527190304743 5319
0.2326734419896221 0.02777698206471633 5320
0.2355642245225247 0.02586896648098137 5321
0.236663198213829 0.02754622865547652 5322
0.2395575690914218 0.02564390177344189 5323
0.2406568462416739 0.02732133393123139 5324
0.2435512733480099 0.0254125182096504 5325
0.2446517474119578 0.02709664854314468 5326
0.2475479490259502 0.02519867099474078 5327
0.2486534802609113 0.02687711073012002 5328
0.3242458173219326 0.009765311238098338 5329
0.3256380855249899 0.0110631734721486 5330
0.3094308335131424 0.00830829930544667 5331
0.2953944464408568 0.02727730728883245 5332
0.1416096981565359 0.01226550038756508 5333
0.15109953747389 0.02038602710665251 5334
0.1530961320051989 0.02026936454410522 5335
0.1539933965615559 0.01848193139551408 5336
0.1550927265590109 0.02015270196208776 5337
0.1559899911191182 0.01836526881025182 5338
0.1570893211175888 0.02003603936568851 5339
0.1579865856792434 0.0182486062243459 5340
0.1590859156781411 0.01991937677967535 5341
0.1599831802401248 0.01813194364006348 5342
0.1610825102384019 0.01980271418277782 5343
0.1619797748010833 0.01801528105423782 5344
0.1608804447667472 0.01634451069731038 5345
0.1630791047993735 0.01968605159669474 5346
0.1639763693621734 0.01789861846995734 5347
0.1650756993598476 0.01956938899986028 5348
0.1659729639232026 0.01778195588414242 5349
0.1670722939208666 0.01945272641378973 5350
0.1679695584843124 0.01766529329986613 5351
0.1668702284501032 0.01599452294537438 5352
0.1690688884938105 0.01933606382355711 5353
0.1699661530474227 0.01754863071515271 5354
0.1710654831635181 0.01921940130670916 5355
0.1721648134515663 0.02089017168338957 5356
0.1730620777861265 0.01910273877885551 5357
0.1928259576830475 0.01447790977065174 5358
0.1959218821833851 0.01603201794412373 5359
0.1979184767637041 0.0159153553341211 5360
0.199017806761372 0.01758612575866067 5361
0.1427090281860273 0.01393627130523688 5362
0.1447056227805383 0.01381960851640505 5363
0.1754869707323698 0.06061879569006707 5364
0.1899320984452048 0.01638200598430502 5365
0.1999150711858012 0.01579869285290426 5366
0.2010144012992547 0.01746946312169058 5367
0.2019116658596264 0.01568203005879874 5368
0.2030109958519414 0.01735280046229974 5369
0.3188732083717686 0.008812488018549412 5370
0.1403083212654913 0.007136538987472345 5371
0.2039082603709702 0.01556536741721673 5372
0.2264772500146665 0.02465736838227682 5373
0.3061545752479163 0.004095237136400101 5374
0.1405103680125253 0.01059473161600315 5375
0.1775078275665798 0.06060303824757772 5376
0.2081035152155074 0.01879024486871315 5377
0.2061069206790218 0.01890690738348263 5378
0.1458049534029716 0.01549037889313194 5379
0.1449076886915312 0.01727781305865887 5380
0.2120967043324306 0.01855691973531835 5381
0.2904495119234025 0.02655298481904397 5382
0.1460070185956688 0.01894858353459167 5383
0.2969893150178221 0.02419346826393374 5384
0.2226862038649323 0.02834491889038167 5385
0.3228144350177775 0.004915304533087643 5386
0.3242914552589698 0.003882218998612998 5387
0.322553201961862 0.002900883397628953 5388
0.2189837523660641 0.01641949913945075 5389
0.2140932989236285 0.01844025704970464 5390
0.2220796770970905 0.0179736071431644 5391
0.22317900854413 0.01964438321565402 5392
0.2229769416550268 0.01618617414588591 5393
0.2169871578979251 0.01653616168780992 5394
0.2215866260191494 0.02667702567656672 5395
0.237955000710675 0.03268641684924989 5396
0.2282715285682918 0.0210818300462695 5397
0.2184906193659711 0.02512333931739726 5398
0.2291687914821906 0.019294391551261 5399
0.2222817471380841 0.02143183029840605 5400
0.326495096189433 0.01748321597408595 5401
0.3261991826982363 0.01696124138486032 5402
0.3256194629102698 0.01697216372175249 5403
0.3259227067286479 0.0164544475138621 5404
0.326503648237812 0.01644344845820537 5405
0.3262043924944067 0.01592413693520858 5406
0.3268164189991017 0.01591803961522657 5407
0.3265041916774722 0.01540028549453225 5408
0.3271049341995054 0.0164562014594172 5409
0.3254462942441179 0.01593114863644897 5410
0.3271003008328911 0.01537787328021056 5411
0.3267907637588235 0.01487841734412792 5412
0.3274228675720782 0.01480500113424251 5413
0.3174999999999915 0.01748038475773685 5414
0.3178000000000028 0.01696076951546983 5415
0.3171999999999996 0.01696076951546763 5416
0.3184000000000008 0.01696076951548306 5417
0.3181000000000157 0.01644115427320723 5418
0.318700000000019 0.0164411542732091 5419
0.3235000000000002 0.01748038475774048 5420
0.3237999999999978 0.01696076951547571 5421
0.3243836936191333 0.01697018400885287 5422
0.3240477424639275 0.0163806820753742 5423
0.3234498693989958 0.016457571750977 5424
0.3145012571241534 0.01748111055870375 5425
0.3147916490045042 0.01696640607147644 5426
0.3153999999999949 0.01696076951547631 5427
0.3168999999999882 0.0174803847577344 5428
0.3210999999999898 0.01748038475772856 5429
0.3214000000000052 0.01696076951546201 5430
0.3219987796725537 0.01698187156870737 5431
0.3216929122924958 0.01651260381584851 5432
0.3211080969094608 0.01645841929810662 5433
0.3208013494849036 0.01696364701961216 5434
0.3202002249141395 0.01696124909947496 5435
0.3204704613058881 0.0163427681880673 5436
0.3198999999999935 0.01644115427317348 5437
0.3196000374856852 0.01696084944613073 5438
0.3175285682383143 0.01645764815327143 5439
0.3178415197959256 0.01594551049626887 5440
0.3169276366422859 0.01636740868851378 5441
0.3166046061070434 0.01694847858467755 5442
0.3163070735634155 0.01643796769966752 5443
0.326805003352187 0.01698106399349575 5444
0.3184000000000349 0.01592153903094405 5445
0.3190732933716548 0.01574039365944533 5446
0.2932626842974108 0.01835871630091899 5447
0.2171892234589844 0.01999436511914712 5448
0.2402511212758403 0.02038231793448888 5449
0.03869999999998622 0.02948038475772777 5450
0.03839999999998613 0.02896076951545619 5451
0.03779999999998582 0.02896076951545413 5452
0.03899999999998638 0.02896076951545622 5453
0.03809999999998792 0.02844115427318466 5454
0.03749999999998802 0.02844115427318249 5455
0.03719999999998555 0.02896076951545139 5456
0.03689999999998805 0.02844115427317941 5457
0.03659999999998491 0.0289607695154498 5458
0.03622184681170726 0.02843121628165574 5459
0.03599999999998561 0.02896076951544579 5460
0.03569999999997745 0.02948038475771641 5461
0.03539999999997798 0.0289910645966129 5462
0.2442443192244166 0.02014914382279556 5463
0.03689999999998133 0.02948038475772499 5464
0.2322647221858871 0.02084861151162183 5465
0.00551961524226975 0.06489999999999495 5466
0.006039230484540126 0.0651999999999954 5467
0.006076921351734738 0.06590094084649889 5468
0.006558845726810694 0.06549999999999541 5469
0.006558845726810626 0.06489999999999532 5470
0.007078460969081223 0.0651999999999953 5471
0.007078089680822993 0.06460064309012306 5472
0.007598014329975469 0.06490010718168351 5473
0.0065584125571767 0.06430075027180759 5474
0.00758838049539662 0.06548324225457471 5475
0.008103336900331794 0.06519722490604021 5476
0.008117691453622454 0.06459999999999559 5477
0.008071891414421283 0.06574306017049429 5478
0.008609222837146597 0.06549953663130605 5479
0.008571197690945706 0.06608115599117603 5480
0.009137227999882151 0.06575791903784012 5481
0.216494024674851 0.02524000139081482 5482
0.2439454709466007 0.0323530831649065 5483
0.2450402692928748 0.03402697544058017 5484
0.2470371746212962 0.03391575781074135 5485
0.2461350616949364 0.03570076653577797 5486
0.2481319660326534 0.03558953204252452 5487
0.2490340800591774 0.0338045429090415 5488
0.2501288703891747 0.0354782979706954 5489
0.2249735363773772 0.01606951196548251 5490
0.284978819343852 0.03184100500408149 5491
0.2840763153039417 0.03359365946169908 5492
0.005519615242270778 0.06189999999998415 5493
0.0060392304845418 0.06219999999998499 5494
0.006039230484542051 0.06279999999998559 5495
0.006558845726813433 0.06249999999998446 5496
0.006558845726814 0.06189999999998179 5497
0.006531212316979363 0.06309999999998536 5498
0.00603462491623665 0.0633999999999857 5499
0.007072890459205048 0.0628233348996828 5500
0.006525395670758175 0.06370076813541854 5501
0.006032815685542388 0.06400025306786403 5502
0.3274803847577279 0.008700000000021586 5503
0.3269607695154577 0.009000000000025002 5504
0.3269607695154621 0.009600000000023996 5505
0.3264411542731914 0.009300000000029238 5506
0.3264411542731945 0.009900000000027012 5507
0.3264595439906589 0.008700000000032439 5508
0.3259215390309225 0.009600000000031228 5509
0.3259383002785787 0.01017096866749712 5510
0.3264577190019863 0.01047130904814768 5511
0.3269638344683671 0.008400000000024849 5512
0.3264631197690547 0.008100000000026534 5513
0.3269649412569171 0.007800000000021652 5514
0.3264582492119231 0.007522064131972137 5515
0.3259638644184796 0.007935041286468268 5516
0.3269643139621463 0.007203677355344927 5517
0.3263622546515302 0.006926286697025387 5518
0.3269482103196091 0.006604994008741015 5519
0.3264411542731446 0.006300000000027838 5520
0.3269586763161191 0.006000832334807636 5521
0.3264679763497655 0.005700138722487884 5522
0.3269648909949805 0.005400161842895664 5523
0.3264693329301633 0.005100050094243059 5524
0.3269661528715332 0.004800035322869232 5525
0.3264467479420113 0.004500014236197873 5526
0.3259568609536702 0.004788454817965825 5527
0.32592835829616 0.00419807817570049 5528
0.3264432230955236 0.003899682068665881 5529
0.3259222948206635 0.003599809544596213 5530
0.3264416250418649 0.003299915268895463 5531
0.3259215390309168 0.003000000000010075 5532
0.3264412327346375 0.002699985878166591 5533
0.3259215521078375 0.002399997646369487 5534
0.3264411695295945 0.002099997254098968 5535
0.3269611927806256 0.003599932889608571 5536
0.3254871860263223 0.002689528481867717 5537
0.3259215414402324 0.001799999566377034 5538
0.3264312305135431 0.001517193025672426 5539
0.255819719185968 0.01253213957539162 5540
0.0230999999999415 0.02948038475772845 5541
0.02339999999994131 0.02896076951545701 5542
0.0239999999999418 0.02896076951545683 5543
0.02279999999994022 0.02896076951545758 5544
0.02369999999994092 0.02847273159150805 5545
0.02429999999994133 0.02844641715957277 5546
0.02459999999994194 0.02896164666318737 5547
0.02489999999994142 0.02846682551372859 5548
0.02458216248967695 0.02797664385736337 5549
0.02519999999994359 0.02896519424683543 5550
0.02550099999762532 0.02847139551895942 5551
0.005519615242271549 0.05889999999997996 5552
0.006039230484543187 0.05859999999997872 5553
0.00603923048454365 0.05799999999997694 5554
0.006039230484542224 0.05919999999997972 5555
0.006558845726813669 0.05889999999997887 5556
0.006558845726813524 0.05949999999997913 5557
0.006974537920629845 0.05925999999997919 5558
0.007061140461008643 0.05980999999997891 5559
0.006555958975467726 0.06010166666664611 5560
0.007779824372887582 0.05948395270664603 5561
0.009349665654331086 0.06000311312331863 5562
0.006970496468746103 0.06034233333331235 5563
0.006540370518200109 0.06069066666664591 5564
0.007328527902394587 0.06087512452938366 5565
0.008124712223380733 0.06043417335596558 5566
0.006558845726814321 0.06129999999997911 5567
0.007162935949507238 0.06157676896169485 5568
0.007258226409396219 0.06215147069008026 5569
0.006036151283106849 0.06099844444442538 5570
0.005519615242271724 0.05769999999997613 5571
0.006039230484542777 0.05739999999997529 5572
0.006039230484542212 0.05679999999997434 5573
0.006548843149543439 0.05711732497201625 5574
0.006558476488840646 0.05654651870409329 5575
0.00603916894488014 0.05620775311732573 5576
0.006635487103987344 0.05600461871274837 5577
0.006557178630603917 0.0577028874953175 5578
0.006558567877446055 0.05830048124920224 5579
0.04340390091954355 0.02949720070964904 5580
0.03389999999997274 0.02948038475772808 5581
0.03420850670819382 0.02897347520619722 5582
0.03359100439816767 0.0289474017391443 5583
0.03482216557602616 0.02898194975929253 5584
0.2527237945833039 0.01097803183953236 5585
0.2504074325460052 0.004307620421225457 5586
0.02609999999994844 0.02948038475772814 5587
0.02580016666622575 0.02896654717831496 5588
0.02610119444162031 0.02844773477355346 5589
0.02640022685127281 0.02896282920932593 5590
0.02669103443811274 0.02844790733907508 5591
0.02639999999994321 0.02792153903091137 5592
0.02699854354819654 0.028962238308746 5593
0.02729999999994439 0.0284411542731772 5594
0.02759975725798971 0.02896101431432941 5595
0.02790983572907541 0.02844689709170351 5596
0.02820159883114632 0.02896176745167785 5597
0.02850190576000138 0.02844227773229665 5598
0.02820800790666102 0.02793001962973799 5599
0.0288010910127806 0.02795807700193853 5600
0.02910049946210663 0.02846247817285328 5601
0.02849999999993573 0.02740192378862592 5602
0.02669979506654509 0.02948097283892095 5603
0.02790022601482466 0.02948059188024028 5604
0.02850030414096739 0.02948058560084732 5605
0.006038717284303008 0.06159974074072294 5606
0.3274779426918598 0.006300971057268662 5607
0.2542272827684705 0.01956567239821533 5608
0.3274811929920471 0.005100016765809037 5609
0.005519615242270884 0.05949999999998056 5610
0.2645021483543966 0.006828553059444633 5611
0.2634028306094502 0.005161272168122392 5612
0.2642992309065189 0.003361649894810604 5613
0.2623026363453651 0.003478312478241907 5614
0.03029999999996159 0.02948038475772845 5615
0.03059396424757676 0.02896425425872221 5616
0.0312280556180102 0.02899974672993591 5617
0.02999899404123129 0.02896135030600119 5618
0.03029279062905777 0.0284453166054194 5619
0.02969871402204865 0.02846054577157413 5620
0.03001603669837359 0.02795058792146445 5621
0.03064612611463507 0.02796539992484056 5622
0.03048357725327812 0.02747304254702606 5623
0.03135648505694774 0.02814208229195122 5624
0.03190999837646328 0.02775594799610782 5625
0.03195990939428549 0.0283802237226177 5626
0.03242438901610613 0.02811911962381551 5627
0.03248776038021945 0.02868745853311027 5628
0.03191131674035841 0.02898033032936973 5629
0.02939992223399214 0.02896256113824309 5630
0.3274968367646536 0.000903476189156503 5631
0.005519615242271512 0.05469999999996805 5632
0.006047400768529648 0.05498265449631346 5633
0.006004186268951972 0.0543294527080154 5634
0.006399843085977822 0.05391842755262519 5635
0.006669692365026625 0.05505130713408805 5636
0.007112470924883233 0.05584037234578226 5637
0.006918353088111437 0.05392565263787286 5638
0.005489924429032248 0.05408824211797465 5639
0.03330028490435685 0.02948542674783359 5640
0.03929999999998727 0.02948038475772783 5641
0.03959999999998719 0.02896076951545626 5642
0.04019999999998744 0.02896076951545645 5643
0.03989999999998766 0.02844115427318536 5644
0.04049999999998756 0.02844115427318603 5645
0.04079999999998732 0.02896076951545684 5646
0.04107888984778009 0.02844206446411817 5647
0.0419784255844385 0.02809168283933729 5648
0.0421871908864999 0.02749108307702553 5649
0.03929999999998735 0.02844115427318416 5650
0.2977542672933743 0.003136287780769166 5651
0.2943757180820772 0.003065810392506741 5652
0.299264452861235 0.002176185296694273 5653
0.04138380171181684 0.02895333859692989 5654
0.2535350486655114 0.02484025905688035 5655
0.292157002602728 0.03671769693315399 5656
0.03152322872637034 0.02949855915296761 5657
0.2194788796625849 0.007716104496619636 5658
0.2059048551684542 0.01544870429800244 5659
0.005482170740249297 0.06611697014589347 5660
0.1245616732382451 0.04622672955850541 5661
0.2195899632301816 0.02679404174187987 5662
0.256716983705611 0.01074470667265058 5663
0.2551245247048428 0.01777785299938044 5664
0.200723994219641 0.02963238672333104 5665
0.1996247741734511 0.02796176328482538 5666
0.2514479440357747 0.005879377131481178 5667
0.2143862284081662 0.0062992540010402 5668
0.2132914159296112 0.004710450654866249 5669
0.2154836969191873 0.007948984800160153 5670
0.3274804553019222 0.003899988814945922 5671
0.3274804670592874 0.003299986950770896 5672
0.134229516488127 0.02310676401148065 5673
0.2666821299351013 0.04496458344237453 5674
0.2646852260020685 0.04507582499143 5675
0.263909137981316 0.04376920678988205 5676
0.2627296102280321 0.04507223193166104 5677
0.2609543491995447 0.04511909570118491 5678
0.2619617796456132 0.04618532705406285 5679
0.2599795117664804 0.04403385934748712 5680
0.2593577105347631 0.04518567847259154 5681
0.2601649608283705 0.04621121109897111 5682
0.263783814921932 0.04601597827560379 5683
0.1925352153935018 0.02664318874527873 5684
0.1905384999734435 0.02675865089948844 5685
0.2722874282360661 0.03771742375256802 5686
0.2899831527696416 0.03332589068185381 5687
0.1561920566127956 0.02182347324319602 5688
0.2063984646936866 0.006753012243040599 5689
0.2053014835489858 0.005122441570029218 5690
0.2044019442415876 0.006870943148599663 5691
0.2033014716058367 0.005220174035591997 5692
0.2040137903256193 0.003460420042556704 5693
0.2114216470880965 0.05871467826347272 5694
0.2123228319251247 0.05671381809330462 5695
0.2129518723892614 0.05814197547689412 5696
0.2112936131297261 0.004811574295866653 5697
0.2122807604303195 0.002991162974260076 5698
0.006038749359318263 0.05980027777775772 5699
0.2811130824775862 0.01640421606428496 5700
0.1662640318881422 0.005619913261470049 5701
0.1653667673684996 0.007407346164208709 5702
0.167269453604949 0.003791751886064759 5703
0.1644378654754778 0.001955533674329373 5704
0.3274803847577333 0.00210000000000887 5705
0.1601852457303226 0.02159014800224401 5706
0.1506064595969355 0.02909091253366249 5707
0.1526030554708979 0.02897427471459761 5708
0.2791803154627002 0.03559466569863465 5709
0.2800824294218007 0.03380967538910389 5710
0.2811772193956899 0.03548342414973901 5711
0.07673240567911783 0.03340638772384515 5712
0.07473581112273026 0.03352305038883892 5713
0.07872900023550547 0.03328972505885141 5714
0.3092381825691286 0.02663351506269786 5715
0.310637077094895 0.02552628787471531 5716
0.1885419758614975 0.06157236907761352 5717
0.1893834156692834 0.06327759545405966 5718
0.08622224534065044 0.04152691376582623 5719
0.005519615242270313 0.04389999999999217 5720
0.00603923048454085 0.04419999999999243 5721
0.006039230484541301 0.04359999999999276 5722
0.006039230484539884 0.04479999999999196 5723
0.006550269868601952 0.04388514617785522 5724
0.006557416417111027 0.0432975243629703 5725
0.007064723761872879 0.04358421983127547 5726
0.007077163274210404 0.04299766753998954 5727
0.006548379210368022 0.04267065386422995 5728
0.007075189044632471 0.04234944136460758 5729
0.007645187930335607 0.04269747155664945 5730
0.007668244026538538 0.04203139981650605 5731
0.008264110892020012 0.04240232364158704 5732
0.007071188707825415 0.04177199538515668 5733
0.008252899732280772 0.04176265993868065 5734
0.008776622741824395 0.0419550122571625 5735
0.008779565867437188 0.04144990521224921 5736
0.009294541383228513 0.04176956504119769 5737
0.007746211536215242 0.04141045592529301 5738
0.009311328513699643 0.04116999062522196 5739
0.009797391558603052 0.04143509504726968 5740
0.009160814670105039 0.04243030799846367 5741
0.007182071241178192 0.04114600089533869 5742
0.006594630766121519 0.04143804740695805 5743
0.006550303158584511 0.04206765333599031 5744
0.007718646490511044 0.0408516694165728 5745
0.006023426453604515 0.04238993394035221 5746
0.008834274258235504 0.04086831273175769 5747
0.0902154344534257 0.04129358843583959 5748
0.006179305395442159 0.05557018907301528 5749
0.1205684841254704 0.04646005488849267 5750
0.08222905622787532 0.04176023909581298 5751
0.1914356481772024 0.0249700613250453 5752
0.2068021196786786 0.01366127128146724 5753
0.241641491736034 0.009890574437458464 5754
0.1905338725427726 0.06173833182156014 5755
0.1919988529328687 0.06313524129865347 5756
0.1907917577631215 0.06489025644862725 5757
0.192610411789039 0.06138756782697342 5758
0.19389201480309 0.06296412146730002 5759
0.1926603074926224 0.06472121785388674 5760
0.1946031024240539 0.06122299596643183 5761
0.195852841459476 0.06282921438882384 5762
0.19476643193429 0.06464232500132663 5763
0.1965521411371383 0.06110532262702861 5764
0.1977752088436128 0.06275445610787728 5765
0.1969067603923751 0.06456760590015481 5766
0.1985693607572626 0.06098509029939832 5767
0.1999334110185255 0.06265161250776585 5768
0.1987112502145519 0.06451962094458683 5769
0.2006015193231219 0.06087790684381961 5770
0.2017041624246056 0.06238790530056335 5771
0.2004822858371901 0.06413053194001887 5772
0.2024368008535597 0.0639863605919434 5773
0.2033635667920853 0.062421761859301 5774
0.2042918815265818 0.06420830085844678 5775
0.2053876293641541 0.06301898094411866 5776
0.2033432297740375 0.06520129066513902 5777
0.2017372679736033 0.06526314225850037 5778
0.2044765265178151 0.06081571355697796 5779
0.2025730761808694 0.06080196048628695 5780
0.2054482406378139 0.05891581798011672 5781
0.3077999804150894 0.03160149874240479 5782
0.3094072007836586 0.03248573492904451 5783
0.3061661028890178 0.03263112490395841 5784
0.16136567870891 0.007650538375020535 5785
0.2802128241765031 0.01818958338319578 5786
0.2813086292952392 0.01986347756100102 5787
0.2793115446577647 0.01997462935768962 5788
0.2773148214291697 0.02008596065910651 5789
0.278409581285712 0.02175969446077657 5790
0.3274816707890855 0.007500612892573433 5791
0.2582204647009997 0.01933222418359126 5792
0.1641784348486361 0.02135682276142426 5793
0.1681716239857378 0.02112349753113073 5794
0.1890551132842292 0.05264617587516675 5795
0.0942086235662007 0.04106026310585198 5796
0.282979875029839 0.03192153069475336 5797
0.2234727734942147 0.007478674108852602 5798
0.07823586711510017 0.04199356442580009 5799
0.2641071979574466 0.03469960778188521 5800
0.2621102996345565 0.03481085739410904 5801
0.2650093419580615 0.03291451679213628 5802
0.1945317138509569 0.02652556953034944 5803
0.1956310279442205 0.02819618037976002 5804
0.1533872439739032 0.008108074218876792 5805
0.2523185387624594 0.0388261958816664 5806
0.2532205916914958 0.03704092956429253 5807
0.2552174854528552 0.03692964201391763 5808
0.254122685716433 0.03525584910282858 5809
0.2561195863271076 0.03514459252843795 5810
0.2572143757473365 0.03681833878461133 5811
0.2581164861583459 0.03503333242904003 5812
0.2550247941723468 0.03347083390537265 5813
0.2521257801501466 0.035367083184342 5814
0.2592117114873648 0.03670734366102267 5815
0.005542950804144215 0.05589632369837114 5816
0.1391441137815713 0.05578725837695951 5817
0.2207530247773818 0.0318986008452995 5818
0.1573804344252782 0.007874771798044159 5819
0.2599211798531439 0.03146284200545901 5820
0.2619180481487235 0.03135113513240632 5821
0.2610155040504517 0.03313710057054353 5822
0.2578163137471204 0.01241547699194761 5823
0.07534200811207635 0.04389766003017954 5824
0.09620521812258817 0.04094360044085868 5825
0.2805983103886362 0.02510676171183665 5826
0.2786022874179896 0.02521844848934746 5827
0.1829539547093047 0.03422135878950305 5828
0.182026285155041 0.03548230071528311 5829
0.1833666064557976 0.03526467906841342 5830
0.1805709566788434 0.03559516889939155 5831
0.02069999999994575 0.02948038475773053 5832
0.0203999999999464 0.02896076951546035 5833
0.01979999999994677 0.02896076951546031 5834
0.02099999999994534 0.02896076951546104 5835
0.02068053680963419 0.02845742278137489 5836
0.02129950001692006 0.02838035017909548 5837
0.02009675613489455 0.02846503562753678 5838
0.01950442958859725 0.02844435384989389 5839
0.01918467095510411 0.02895020063687836 5840
0.01890971516897347 0.02840425547197005 5841
0.01861430436826937 0.02778625545229359 5842
0.01827951664731947 0.02840261096289164 5843
0.01768800613426352 0.02846604233921903 5844
0.01728163773802736 0.02795884725274039 5845
0.01710160306514886 0.02853245797239676 5846
0.01739439980206235 0.02900460887931769 5847
0.01859739427887643 0.02896216435078729 5848
0.02489999999994428 0.02948126840424633 5849
0.1995109404305855 0.008882285478400725 5850
0.2491347438634062 0.01812788938885836 5851
0.2482375270521832 0.01991613878618931 5852
0.1894390141029945 0.02508633113133922 5853
0.2948451346200095 0.01528276079795919 5854
0.2915112198602738 0.01744190237141025 5855
0.2899909786752247 0.01854737963732617 5856
0.2681010450945306 0.03447718112596695 5857
0.1906551459808315 0.03376833954755426 5858
0.1919964066257639 0.03531385249941459 5859
0.1901284715780922 0.03527053679152255 5860
0.09343744347246959 0.06199339469305416 5861
0.09438944432630075 0.06350151920653187 5862
0.1948225522153146 0.01436124723395554 5863
0.1437193850335007 0.03122727501482444 5864
0.251131339651007 0.01801124779514376 5865
0.3004516181056118 0.02403749937597993 5866
0.005519615242269555 0.04809999999998524 5867
0.006039230484539639 0.04839999999998484 5868
0.006039230484539998 0.04779999999998537 5869
0.006558845726810513 0.04809999999998522 5870
0.006558845726810028 0.04869999999998542 5871
0.006558845726810596 0.04749999999998509 5872
0.007088397844109778 0.04781721117240304 5873
0.006976525295632661 0.04726344223446858 5874
0.006541856447902021 0.04691057370573332 5875
0.007604282392562405 0.04731123447824222 5876
0.00964016740528534 0.04773920027746776 5877
0.006039230484538909 0.04899999999998451 5878
0.006535563465673541 0.04927496575973529 5879
0.007078460969080415 0.04899999999998626 5880
0.007563126747242251 0.04801437208579277 5881
0.007078460969081758 0.04839999999998623 5882
0.006038089156435032 0.06460016722327473 5883
0.1315377231482197 0.02846906282964023 5884
0.194731049200202 0.03005841086351289 5885
0.1487144027367212 0.04828307964250297 5886
0.1478225122892687 0.05007162521983558 5887
0.1467243475927432 0.04840101445312395 5888
0.1456266235254109 0.04673058762165444 5889
0.2753793552711659 0.0392860622557976 5890
0.2725533847067974 0.006466891544407991 5891
0.2705314983302824 0.006532968350527801 5892
0.134948777309735 0.05255990715972129 5893
0.1369453720781915 0.05244325160844822 5894
0.1329521826298143 0.0526765003635792 5895
0.1320549180985048 0.05446392774110688 5896
0.1309555882090325 0.0527931494799735 5897
0.2546376993127658 0.02653504634781219 5898
0.2575428366677196 0.02460520157304082 5899
0.2586423430923819 0.02628734643194532 5900
0.2515414207377077 0.02497837136532792 5901
0.276736958683847 0.009709514347208629 5902
0.2820790843101254 0.03370085956267727 5903
0.1961425934024302 0.05422105532276107 5904
0.0224999999999408 0.02948038475772904 5905
0.02219999999994018 0.02896076951545958 5906
0.02249720479645816 0.02844276808467047 5907
0.02309673892921178 0.02847987725795879 5908
0.2358537735744672 0.0136987654099263 5909
0.1477125964247834 0.03099409126057548 5910
0.1466132151526862 0.02932319444907349 5911
0.09012720122443282 0.05691329837488725 5912
0.2456346808583424 0.009657249270575331 5913
0.1748566066983528 0.01552787259379623 5914
0.1759559367677743 0.01719864321571955 5915
0.1779525313056662 0.01708198038008649 5916
0.1770552668058175 0.01886941416520694 5917
0.1790518613214747 0.01875275125847125 5918
0.1739593422324505 0.01731530591286447 5919
0.1799491258594342 0.01696531785620104 5920
0.1810484558799812 0.01863608820929034 5921
0.1819457204233211 0.01684865516276629 5922
0.1830450504135599 0.01851942565895488 5923
0.1839423149759285 0.01673199260881382 5924
0.185041644968693 0.01840276308594702 5925
0.1859389095250096 0.01661533000678499 5926
0.1870382395871334 0.01828610031518336 5927
0.1821477858902881 0.02030685915993401 5928
0.1861409749414796 0.02007353368111505 5929
0.2807249780075369 0.009483561005157683 5930
0.207497398018011 0.008416993038669111 5931
0.2125008355145951 0.02547332650935726 5932
0.2136001658234112 0.02714413262830526 5933
0.2001171368532252 0.01925689605996492 5934
0.09232554304323295 0.06032387058218065 5935
0.2695178105262323 0.02398634287077973 5936
0.2684142454600278 0.0223018734824806 5937
0.2713025138139891 0.02038885950465941 5938
0.2675208309661413 0.02409799098376136 5939
0.2664281878049204 0.02242715871383199 5940
0.2655257221415852 0.02421164090718784 5941
0.2644242937247292 0.02251122781470389 5942
0.2686170784005704 0.02577356704830064 5943
0.1664660974100097 0.009078116483503519 5944
0.2514407037989179 0.04400719228987503 5945
0.2526509279625338 0.04554608257633355 5946
0.2507028935001608 0.04575548707036343 5947
0.1352398448037037 0.04039778008036972 5948
0.1287569280141347 0.04945160744229975 5949
0.1276575979043837 0.04778083716790472 5950
0.1504933409207888 0.01001141715105146 5951
0.1596872739130377 0.03028311041667703 5952
0.1605867738180519 0.0285037384636134 5953
0.1625837409508754 0.0283884192967297 5954
0.237155172280941 0.01882779274260964 5955
0.1856486295064319 0.02879342958837527 5956
0.1845488039048614 0.02711316136593341 5957
0.1825521267663044 0.02722824103615049 5958
0.1865452893608186 0.02699376681606315 5959
0.1854458553799418 0.02532090139513441 5960
0.2591177126288525 0.017544507324538 5961
0.250321564036913 0.03893711727210539 5962
0.1504169417780561 0.06035926554232969 5963
0.1881538186590754 0.0546257704215895 5964
0.1465289336287656 0.04494146721765782 5965
0.1736457447082422 0.02948355510573847 5966
0.1725621345004967 0.02780607708016001 5967
0.1705681599283487 0.02792162178266675 5968
0.1745606489968935 0.02769086752306101 5969
0.1714677809852629 0.02613545560658608 5970
0.1685750569566901 0.02803963501577564 5971
0.1674763087776464 0.02636908980844183 5972
0.1458281765298233 0.05018884014404965 5973
0.3019841028672574 0.01869247358890208 5974
0.1868361740201805 0.01482789711562968 5975
0.1162984969867827 0.05885798483763886 5976
0.1182887153555082 0.05873863400631502 5977
0.08613392826818274 0.05714668216183218 5978
0.07125932633859069 0.05973847180385211 5979
0.0954039487303014 0.06185638330850754 5980
0.09616892298445386 0.06357419004303959 5981
0.09553256996426814 0.0649646779801254 5982
0.09699393204486484 0.06479385016719494 5983
0.09430255524601128 0.06468201076282738 5984
0.06906162757854734 0.05640928729848878 5985
0.06796237590095036 0.0547384498061975 5986
0.07016048371643788 0.05807826710390594 5987
0.141116564630292 0.0209693430592077 5988
0.1212636829089906 0.041214418735326 5989
0.1345446460201833 0.04564341623353436 5990
0.1411406402885693 0.05566846418523709 5991
0.2041761352213008 0.05370752077494063 5992
0.005519615242268945 0.05229999999996992 5993
0.006039230484538941 0.0519999999999704 5994
0.006039230484538661 0.05139999999997112 5995
0.006039230484539123 0.05259999999996983 5996
0.006558845726809495 0.05229999999997022 5997
0.006579849702407968 0.05290753043749919 5998
0.007093852301015292 0.05262232114046977 5999
0.006557638219199479 0.05169999999997028 6000
0.006557436967930913 0.05109999999997031 6001
0.006038995691392554 0.05079999999997328 6002
0.0065350293399426 0.05052548492052409 6003
0.2835594753584453 0.04228966074047761 6004
0.2844095822863112 0.04390785545808518 6005
0.2823809257793435 0.04399916057597663 6006
0.2837691700301652 0.04562466244909302 6007
0.1696591934597914 0.02970082299383579 6008
0.0752584894807402 0.05951992977919597 6009
0.1804422873850356 0.008261958402470475 6010
0.09033136115778524 0.0604895896773619 6011
0.02390968606873483 0.02793295398630733 6012
0.2416244927647447 0.04462573327061505 6013
0.2426945319829221 0.04585517968198537 6014
0.2439207941368625 0.04569038597237209 6015
0.2413455348133456 0.04571739200865499 6016
0.2174824157939561 0.007837605556898596 6017
0.1337363833677228 0.03181060337842172 6018
0.1463963924212372 0.06061747077250522 6019
0.1289349316024872 0.0182111158532986 6020
0.1309315261588742 0.01809445318830436 6021
0.1318287906060112 0.01630702024922182 6022
0.2014479016211239 0.05908778933560324 6023
0.179544999492929 0.01004899130265263 6024
0.1145787004563081 0.04681004288347274 6025
0.1156780305660602 0.04848081315786528 6026
0.1176746251224466 0.04836415049287255 6027
0.1136814360096714 0.04859747582285988 6028
0.1116848414532838 0.04871413848785342 6029
0.242247730847241 0.02026591224046303 6030
0.1155649666971185 0.02940236414958747 6031
0.1166642968068702 0.03107313442397959 6032
0.1499165327689866 0.03434744922228118 6033
0.1593735761475118 0.007765493200198349 6034
0.2205765483531376 0.009386504095619688 6035
0.2913285689745891 0.03842006242349621 6036
0.07623927255871255 0.04211022709079328 6037
0.07334541355568837 0.04401432269517225 6038
0.2045144572872915 0.02593997715340195 6039
0.1630425154499636 0.05446279770819296 6040
0.005519102042032061 0.0606997407407221 6041
0.06995842143225679 0.05462225766649479 6042
0.06885918282668597 0.05295140897122036 6043
0.06686260352099491 0.05306805856606712 6044
0.06775979425593077 0.05128068879905779 6045
0.06576318995604241 0.05139735981442306 6046
0.07554407377519128 0.04735586324395839 6047
0.07664340388494255 0.04902663351835143 6048
0.1163491672748162 0.008536482201923523 6049
0.2087987142382614 0.01354460867905396 6050
0.1402437297430773 0.05746591415065823 6051
0.02880070507136216 0.02896500914227346 6052
0.1781545967878108 0.02054018497474316 6053
0.1211506190400516 0.02213596972705044 6054
0.1065923222307571 0.04727669354344853 6055
0.1076916523405088 0.04894746381784122 6056
0.2296619243692864 0.01059054993926954 6057
0.230761254410656 0.01226132025760052 6058
0.1789628593811176 0.03437299823674061 6059
0.178123223287958 0.03561835124093224 6060
0.1793999675060168 0.03539473693910971 6061
0.1767758224657071 0.03573900804040795 6062
0.1102912676798874 0.05920117662580682 6063
0.1193985269791308 0.06049792080872558 6064
0.1202817946683955 0.05863680818125411 6065
0.1191780865584267 0.05695132719482277 6066
0.1665772056970003 0.0281567197954804 6067
0.09660934944881905 0.04786000686841695 6068
0.06623223770201081 0.007994845612978464 6069
0.06712950214864712 0.006207412673592397 6070
0.06603471425778064 0.004614379089851673 6071
0.0680333404195472 0.004532485836652916 6072
0.06909683286930332 0.006129476891545517 6073
0.07009350214453847 0.004567598164477849 6074
0.06688562968340267 0.002869785777174259 6075
0.06733156781176215 0.009665615887371056 6076
0.119558155809894 0.02916903881960074 6077
0.1101573179425395 0.005428266983127991 6078
0.1111166352037361 0.003620126264051481 6079
0.1130511769455636 0.003524171378748798 6080
0.1091229506422703 0.003729446931822166 6081
0.1081715505210653 0.005540254685302622 6082
0.1071980559423068 0.003466811549911173 6083
0.1050907264912883 0.003974928836277401 6084
0.1057681656052949 0.00210479616940444 6085
0.1273665304470925 0.05994287974862937 6086
0.1264467249127046 0.06205399773235085 6087
0.0411101798651526 0.0294726015512698 6088
0.2165833810129492 0.009620635675900192 6089
0.2303571233669111 0.00534491381340252 6090
0.2312807857374163 0.003541772767072581 6091
0.2333058544925107 0.003451004353084089 6092
0.2283141309611155 0.001873436273563819 6093
0.2131960343682722 0.02022769018510483 6094
0.2738990416491459 0.03068466081738694 6095
0.03398958086780525 0.02202542046572432 6096
0.09230103080398853 0.02555667997633997 6097
0.1384247712640169 0.02633164189526114 6098
0.1513237553072364 0.05854774524107527 6099
0.09351342478267989 0.04630589925901829 6100
0.1408254971466362 0.03313138565783206 6101
0.1473260061537873 0.05878521722109405 6102
0.2065110518437146 0.02582331448890561 6103
0.2076103819539181 0.02749408477106956 6104
0.101475740933467 0.01114055379626627 6105
0.1025750710432182 0.01281132407065886 6106
0.1045716655996055 0.01269466140566589 6107
0.100578476486831 0.01292798673565117 6108
0.1036744011529691 0.01448209434505038 6109
0.1054689300462423 0.01090722846628006 6110
0.1065682601559936 0.01257799874067199 6111
0.1482056783822059 0.02229012536006895 6112
0.1491029428933746 0.0205026915502721 6113
0.1521988674220656 0.02205679801262105 6114
0.0118200134372067 0.05453301493261482 6115
0.03148862043011762 0.04628943213897 6116
0.03253160572799996 0.04810435468642386 6117
0.2438401518190522 0.01323211507604548 6118
0.1264242362409578 0.01148797466660169 6119
0.1875313730630594 0.009582260968588252 6120
0.08123149026937779 0.05915444986172994 6121
0.08213578186668322 0.05737522072364044 6122
0.08014050565102807 0.05749386156999287 6123
0.08173592310746858 0.05046407846275586 6124
0.08063659299771724 0.04879330818836353 6125
0.05537641416907954 0.04506428549629295 6126
0.2968061809752227 0.04329189304979986 6127
0.2957335749715186 0.04508095051601353 6128
0.2938187371133721 0.04513851309118192 6129
0.2929108589107627 0.04351259040953768 6130
0.2919091697958225 0.04523249202817226 6131
0.2930569094046835 0.04637900664993826 6132
0.2948243739509243 0.04609592651063475 6133
0.2967913831440213 0.04609083666926656 6134
0.2981116131339442 0.04631814599108709 6135
0.2957558219358057 0.04596876461656644 6136
0.2952583594869139 0.04659910690568209 6137
0.1400172345100263 0.01929857279266388 6138
0.1095751830279556 0.02975235214456664 6139
0.1086779185813193 0.03153978508395267 6140
0.1015888048024049 0.03021900280453937 6141
0.1006915403557683 0.03200643574392538 6142
0.09869494579938061 0.0321230984089181 6143
0.1026881349121564 0.03188977307893229 6144
0.104684729468544 0.03177311041393907 6145
0.09979427590913237 0.03379386868331163 6146
0.1844354814348858 0.008028717566948366 6147
0.1082737872550897 0.02462337865639539 6148
0.2092028452479032 0.02046101537670867 6149
0.1243040598772016 0.008090548389800011 6150
0.1232123119281412 0.006414789220361716 6151
0.112266976367865 0.02439005332640913 6152
0.02601645471477782 0.02249312513134131 6153
0.1318528526494719 0.05100571780609188 6154
0.03510369426265199 0.0294889639785583 6155
0.09501688621866053 0.0548930759609675 6156
0.1087669203754964 0.01591953928945423 6157
0.1378426363786691 0.05065574232543808 6158
0.1358460418210403 0.05077242161832379 6159
0.1092841155706651 0.04191439472528927 6160
0.1081847854609133 0.04024362445089685 6161
0.1061881909045257 0.04036028711589065 6162
0.05398973168709365 0.05555772862444209 6163
0.1172704937962156 0.04144774406531358 6164
0.124941742489712 0.01844444118328487 6165
0.09079756936800762 0.01696950327439364 6166
0.08969823925825622 0.01529873300000129 6167
0.0877016447018687 0.01541539566499479 6168
0.09169483381464386 0.01518207033500795 6169
0.09279416392439518 0.01685284060940029 6170
0.09369142837103148 0.01506540767001439 6171
0.09568802292741888 0.01494874500502085 6172
0.09458869281766771 0.01327797473062925 6173
0.09678735303717034 0.01661951527941311 6174
0.09768461748380675 0.01483208234002804 6175
0.1396131034428332 0.01238216544556771 6176
0.1376165087107338 0.01249882885041587 6177
0.2052096561415565 0.02069434052491453 6178
0.2679083372956188 0.0310183588655457 6179
0.03511733347615865 0.0584236070245454 6180
0.2245698549272133 0.009152494727250668 6181
0.2499367257832763 0.03201915814054569 6182
0.1342535357898285 0.05780565853685941 6183
0.1265582677946326 0.04611006689351125 6184
0.0843146525784379 0.02602333063631351 6185
0.1074655246026304 0.01079056580128663 6186
0.1085648547123817 0.0124613360756783 6187
0.1105614492687692 0.01234467341068524 6188
0.04110883111263481 0.05804330617885269 6189
0.1080957836667374 0.05586387024539936 6190
0.07632827435288765 0.02648998129628746 6191
0.07433167979649963 0.02660664396128199 6192
0.07343441534986324 0.02839407690066795 6193
0.04307603664203602 0.02330778708919818 6194
0.04397888154619622 0.02147029600431201 6195
0.03230659539950062 0.06382407076658098 6196
0.1585915421711754 0.02862093584567057 6197
0.1565959812143041 0.02873950068260052 6198
0.1557005875767307 0.03053668154949746 6199
0.02202077539240914 0.02279533938651303 6200
0.06286964470673531 0.05330125361336058 6201
0.09618115604782659 0.006244905638080528 6202
0.09503895232531895 0.004618006080929235 6203
0.09309440984197578 0.004706304248650906 6204
0.09707435276712109 0.004475290037329258 6205
0.0939472561419807 0.003072734360611236 6206
0.09218949667843251 0.006480815338061515 6207
0.09108863682530031 0.004807460693673511 6208
0.09019162733589366 0.006595324361392112 6209
0.08905951408086628 0.004945625938720617 6210
0.0870900263478501 0.005044369787002467 6211
0.08792874154912002 0.003287203588423996 6212
0.08594992202562897 0.003391944471642948 6213
0.08509073318533625 0.005169964435993385 6214
0.07453374545961496 0.03006484717505972 6215
0.07253715090322732 0.03018150984005347 6216
0.09947914637707994 0.01125721646125878 6217
0.0940955596972616 0.02198181409757104 6218
0.03911219754143287 0.05816205042471302 6219
0.03801286300157918 0.05649129063462303 6220
0.06495490400390785 0.03756456692758792 6221
0.06605423411365902 0.03923533720198063 6222
0.1047977933374833 0.05085155942222144 6223
0.1036984632277323 0.04918078914782885 6224
0.101701868671345 0.04929745181282233 6225
0.09171889588940681 0.04988076513778922 6226
0.1021059999975748 0.05621385824037997 6227
0.1001094054411871 0.05633052090537351 6228
0.1140855673359004 0.05551388225041862 6229
0.1335363679822396 0.0633269070982118 6230
0.1348378069128696 0.06454594003752522 6231
0.06354044436210209 0.01335714443113632 6232
0.08952023566990441 0.04653922458900543 6233
0.09770867955857021 0.04953077714280951 6234
0.1056950577841203 0.04906412648283506 6235
0.1012977373451147 0.04238104538526454 6236
0.1001984072353631 0.04071027511087171 6237
0.1021950017917508 0.040593612445878 6238
0.08711950978728651 0.03973948082643958 6239
0.1140615052611378 0.02081518744763771 6240
0.1426200308538815 0.02955651727261593 6241
0.02342510436487915 0.04687152792641198 6242
0.02452818693749129 0.04857531199660362 6243
0.02652540690435563 0.04846415163091018 6244
0.1100683161483622 0.0210485127776244 6245
0.102081937922812 0.02151516343759834 6246
0.09629421991676429 0.02532335464635416 6247
0.06004456614343798 0.004958129877220506 6248
0.05893925173841448 0.003188889458022692 6249
0.08550298448236587 0.01207385511621053 6250
0.08460572003572939 0.01386128805559628 6251
0.08260912547934185 0.0139779507205894 6252
0.04107853785402925 0.02340513926516917 6253
0.1070854553511622 0.03857285417650393 6254
0.01802945552230746 0.02300719331109922 6255
0.1012092122485746 0.05801090350884192 6256
0.05305698213452555 0.02264538684947915 6257
0.0550576428306043 0.02252845378810882 6258
0.06356450643686481 0.04805583923391757 6259
0.05925618779203581 0.02575251234184579 6260
0.06015345223867216 0.02396507940245964 6261
0.06215004679505977 0.02384841673746618 6262
0.06105071668530851 0.02217764646307352 6263
0.06304731124169605 0.02206098379808005 6264
0.0590541221289209 0.0222943091280669 6265
0.0641466413514474 0.02373175407247273 6266
0.05815685768228439 0.02408174206745314 6267
0.05705697920827631 0.02241110834806963 6268
0.1633631481005082 0.007530725025333258 6269
0.06793776480110754 0.02004022552870697 6270
0.06594117024471986 0.02015688819370044 6271
0.0855270465571292 0.04677254991899221 6272
0.04889314575863025 0.05411811404203609 6273
0.05088974031501775 0.0540014513770428 6274
0.06753363347487745 0.01312381910114948 6275
0.08020839959672532 0.007178206958025129 6276
0.08110566404336195 0.005390774018639141 6277
0.07901984483575752 0.005462647250956927 6278
0.08000633393361097 0.0037200037442463 6279
0.08196999721799859 0.003577148515463646 6280
0.07794479795785135 0.003802012429233672 6281
0.08084068471457384 0.001813557300445999 6282
0.07672108465340488 0.001840501934649941 6283
0.07550417813542475 0.003892180573542024 6284
0.07341334382468315 0.003282260895926679 6285
0.07400922590221651 0.005113006647746375 6286
0.07701672376898575 0.005672823212619707 6287
0.07209799862623874 0.004658418990709991 6288
0.07129367617695223 0.003126086467098174 6289
0.07818097573820137 0.007295525361571461 6290
0.018944227412816 0.05586805401693711 6291
0.08830784169121333 0.02579000530632678 6292
0.1042805981423146 0.0248567039863817 6293
0.0519650083500066 0.02097352684865487 6294
0.04996765776591963 0.02109025408756951 6295
0.04906270332816155 0.02288752074008299 6296
0.04709884716861202 0.0576930918788512 6297
0.2343605209346259 0.0051314805733129 6298
0.03608125369308163 0.00628658237410191 6299
0.03498319979303735 0.004640675734111808 6300
0.03298868218911195 0.004790221428377905 6301
0.03703133577245545 0.004580962234161294 6302
0.126445203925693 0.0270316178852353 6303
0.07383854667609424 0.03531048332822748 6304
0.01854009608658613 0.0489516475893794 6305
0.05199006168100775 0.0556727350610982 6306
0.2656008620339371 0.008492409902924807 6307
0.146031080238103 0.05364727961051792 6308
0.2158978414671258 0.03411745976264845 6309
0.2150799027058871 0.03532524885653986 6310
0.213699571241397 0.03518258888969782 6311
0.2164363365350048 0.03510457395394603 6312
0.103092266238387 0.0388061795064911 6313
0.05604972855841168 0.005163242833327777 6314
0.05494786914720616 0.003449185449774041 6315
0.08211599235893569 0.02268179008753164 6316
0.1167773606758098 0.0501515834322596 6317
0.1500242693508787 0.05341395428053056 6318
0.05737271570806712 0.04494762381781565 6319
0.06194798113194477 0.02039021352368739 6320
0.06674943289718017 0.03398970104881559 6321
0.03361814604883415 0.04980067016748469 6322
0.02094082196920361 0.05575139135194364 6323
0.1207705497885848 0.04991825810227319 6324
0.02512947022462677 0.05898766537973572 6325
0.02603148244232248 0.05719323001983163 6326
0.1190650226894878 0.03787287818654186 6327
0.03092379475114164 0.05516807802697649 6328
0.0300265303045053 0.05695551096636252 6329
0.01294960020587246 0.0562161711231155 6330
0.1120889727795128 0.05563054491541228 6331
0.0728282183605191 0.01801946725933416 6332
0.1416337597990974 0.04696419851294793 6333
0.08303660678583222 0.05559217458981504 6334
0.08821883989703813 0.04141025110083336 6335
0.08981130312719524 0.03437718200827998 6336
0.09070856757383185 0.03258974906889392 6337
0.09270516213021956 0.03247308640390108 6338
0.08871197301744377 0.03270641173388693 6339
0.08671537846105613 0.03282307439888037 6340
0.08761264290769211 0.03103564145949333 6341
0.08471878390466779 0.03293973706387169 6342
0.06755769554964 0.04782251390393075 6343
0.06944122623708858 0.0286274022306571 6344
0.1350377791405887 0.03693957686659197 6345
0.07913313156173619 0.04020613148641336 6346
0.1269383370460995 0.01832777851829163 6347
0.1756518322495842 0.02937123747963155 6348
0.1765591457074419 0.02757517121586641 6349
0.1785582300897112 0.02745691126612909 6350
0.1774588169859365 0.02578619423429308 6351
0.2411483699402867 0.01859461368167717 6352
0.07413575689936697 0.00729196863842974 6353
0.09909907712561175 0.0390395048364781 6354
0.01404382600412848 0.02323998899992032 6355
0.08703080377425648 0.05535952039778165 6356
0.08902746160141431 0.05524281361943535 6357
0.09212315530983398 0.05679708225610492 6358
0.1117738432474586 0.03309389269335183 6359
0.1614858358445319 0.02671840761803231 6360
0.1357329779241103 0.0316939407134277 6361
0.1270514009150385 0.03740622752656725 6362
0.08610918147171108 0.02244846475754517 6363
0.06324937690481111 0.02551918701185888 6364
0.02402041923412992 0.02261911681970851 6365
0.04636220695028966 0.06289161830804903 6366
0.0472503949844755 0.06456049673475084 6367
0.04550028512268885 0.06462561379585814 6368
0.06695149856029528 0.03744790426259446 6369
0.07004742322643408 0.03900201187199361 6370
0.07704753521117176 0.05594303994590745 6371
0.125661003347996 0.04789749983289945 6372
0.1389419664932919 0.0523265151446187 6373
0.1110786444639375 0.0383395288465166 6374
0.112177974573689 0.0400102991209091 6375
0.2554719342147965 0.04403046152935183 6376
0.2565725854658371 0.04553488858301349 6377
0.254567307507575 0.04547251245264155 6378
0.08680438025523246 0.01720282860438058 6379
0.03089822645178873 0.02046949315342903 6380
0.02999800929345327 0.0222502640944607 6381
0.06403942475083436 0.004753376703310355 6382
0.062934247372757 0.002982534789800342 6383
0.07962626468214173 0.03150229211946602 6384
0.04936221680427377 0.01071557987231226 6385
0.04846495235763761 0.0125030128116984 6386
0.01761876956518742 0.01604038572598756 6387
0.05685546190941833 0.0189527685792818 6388
0.08182492490164459 0.03484383266825395 6389
0.05607957978151512 0.03982437293782104 6390
0.05046154691402519 0.01238635014670486 6391
0.0524581414704128 0.01226968748171132 6392
0.1150718335767129 0.03810620351652898 6393
0.03292038930752918 0.05505141536198303 6394
0.03808665118825884 0.006183555175682651 6395
0.03903560083155477 0.004423603514790332 6396
0.04098506015053573 0.004354807684132113 6397
0.0400146556465079 0.002918402180096762 6398
0.0781228032461605 0.02291511541751869 6399
0.01562217500879982 0.01615704839098108 6400
0.07881800202968199 0.01766947926435393 6401
0.07771867191993058 0.01599870898996139 6402
0.07572207736354292 0.01611537165495487 6403
0.07971526647631823 0.01588204632496819 6404
0.04359856087298881 0.04922246588385125 6405
0.01851603401182364 0.0142529527866014 6406
0.02051262856821123 0.01413629012160787 6407
0.01651943945543604 0.01436961545159492 6408
0.1803771917489671 0.05858046382689084 6409
0.008533061229885588 0.01483626611156909 6410
0.02540308212762261 0.01211553185223457 6411
0.02650241223737402 0.01378630212662721 6412
0.02849900679376164 0.01366963946163363 6413
0.0245058176809864 0.01390296479162074 6414
0.0236085532343502 0.01569039773100693 6415
0.03159493145990063 0.0152237470710328 6416
0.03249219590653685 0.01343631413164665 6417
0.03448879046292447 0.01331965146665317 6418
0.03338946035317304 0.01164888119226047 6419
0.02809487546753119 0.006753233034076082 6420
0.02699634455771811 0.005096140470940985 6421
0.0249990840013819 0.005201405043219932 6422
0.025939805743977 0.00343581682305742 6423
0.02392507557577123 0.003518756451374848 6424
0.02300662092569128 0.005314568242942784 6425
0.02196337576930596 0.003580327911082692 6426
0.02095268797124373 0.001791531240661074 6427
0.02102910166200088 0.005398859944543898 6428
0.02410195347578833 0.006986622733099575 6429
0.009430325676521797 0.01304883317218294 6430
0.1207464877138218 0.01521956329949275 6431
0.03289355722495894 0.02035317041532862 6432
0.01492932859619311 0.02141099646354405 6433
0.04536902769149856 0.01094890520229927 6434
0.04447176324486235 0.01273633814168541 6435
0.04247516868847473 0.01285300080667893 6436
0.05757472276770204 0.04840582722889766 6437
0.05847199698158506 0.04661839425662771 6438
0.02291542446112344 0.02095006475485508 6439
0.02690773949657267 0.02070320582714656 6440
0.01452284489904839 0.01448627811658847 6441
0.0181208985107797 0.007336403159683431 6442
0.04207326284525155 0.005951424975688612 6443
0.04304114117550069 0.00428221324016002 6444
0.02899381640318933 0.004994491954722778 6445
0.03099295335958956 0.0049214005363642 6446
0.0189212577765356 0.02117775940708464 6447
0.01013496331950414 0.007756551057143048 6448
0.02210982505688278 0.007098935396517511 6449
0.07513994244896079 0.04043945681639978 6450
0.00528587295766403 0.009787311980456001 6451
0.1230582118022632 0.0376395528565548 6452
0.04510206061449241 0.05780967396603551 6453
0.04400269857227918 0.05613887935867058 6454
0.2749938315901018 0.03235840969679642 6455
0.04157790424183858 0.01464043374606516 6456
0.03049560135014923 0.01355297679664011 6457
0.02760174234712541 0.01545707240101986 6458
0.01741670390207222 0.01258218251220877 6459
0.1967297241651896 0.0299396242433849 6460
0.06425970522038627 0.04281020308075263 6461
0.05358153365492685 0.04863915255888444 6462
0.02140989301484741 0.01234885718222168 6463
0.02163602075272504 0.0505057551987786 6464
0.07751660625681558 0.01254050577618311 6465
0.01364998218052529 0.05097257635962489 6466
0.05555406613655182 0.01382379509111043 6467
0.05645133058318801 0.01203636215172427 6468
0.0544547360268004 0.0121530248167178 6469
0.01073172144938839 0.01817780666035433 6470
0.1192864571471846 0.003260584347530631 6471
0.09878394759355785 0.01650285261442039 6472
0.0132214491261818 0.009357304628417093 6473
0.05986061857340402 0.03612803982659668 6474
0.1908293631014717 0.01459457235754643 6475
0.004446072974742169 0.01157734244508538 6476
0.1981205422966127 0.01937355871920228 6477
0.02762562652059104 0.05015229298738264 6478
0.03823053497191654 0.06338281097507141 6479
0.03939270722274552 0.06490104660204335 6480
0.04097071837959167 0.06459824591960407 6481
0.03811466887043943 0.06464617760806517 6482
0.03208852449595286 0.006527804313074835 6483
0.008940038255235519 0.02175917571458027 6484
0.06177003371915742 0.05163066815040272 6485
0.03758471512906343 0.01487375907605226 6486
0.03848197957569958 0.01308632613666606 6487
0.03937924402233578 0.01129889319727984 6488
0.05205497278829455 0.005369755990622321 6489
0.05104158904384432 0.003669620217563751 6490
0.04899540588503051 0.003735341579295102 6491
0.103787465021908 0.03356054335332544 6492
0.1422400203085932 0.05734061976040485 6493
0.02939627124039782 0.01188220652224747 6494
0.05156087702377658 0.01405712042109748 6495
0.02002099960497953 0.02296916634479619 6496
0.04408014272690323 0.005844578780293236 6497
0.06455077267767748 0.03064816050003027 6498
0.06255417812128986 0.03076482316502372 6499
0.06165691367465368 0.03255225610440979 6500
0.06614323590783508 0.02361509140747928 6501
0.007839893893968046 0.02008200121167206 6502
0.2702658402975641 0.04494988220398452 6503
0.2717424268431147 0.04590781732225006 6504
0.2730792324479936 0.04590645179058825 6505
0.2703856776491768 0.04593661066508407 6506
0.1421268929195038 0.03826035914600383 6507
0.1430241748366083 0.03647291711046331 6508
0.0608486510221935 0.01871944324929477 6509
0.1434282886923701 0.04338933263417546 6510
0.02562872017761101 0.05026398535000735 6511
0.01212420506298281 0.007676982723622037 6512
0.1870401415644 0.03403714415190615 6513
0.1861197971124587 0.03534078169845764 6514
0.1874369447706346 0.03520928384138314 6515
0.1847693735666227 0.03503755180931729 6516
0.05954725524932704 0.01359046976112341 6517
0.06044451969596322 0.01180303682173729 6518
0.0216119586779626 0.01580706039600048 6519
0.06926973740343723 0.05986349033808563 6520
0.01603674069030821 0.02309405841608593 6521
0.008735465467601372 0.0182944858165042 6522
0.05488360721211587 0.05376848765338922 6523
0.08772570677663157 0.05011409046777597 6524
0.007635853212349487 0.01662370179948128 6525
0.03558812057267583 0.01499042174104578 6526
0.005652901729213266 0.0167450652954941 6527
0.003672201698407056 0.01685384749705033 6528
0.011022788906679 0.006015764079631876 6529
0.02004336551766061 0.05753553827046355 6530
0.01522259217753067 0.04385641855629584 6531
0.0160933517193822 0.04228992325479417 6532
0.01474902924581766 0.05264320454995713 6533
0.04357449879822617 0.01452377108107161 6534
0.01434366132404477 0.04576641693857082 6535
0.01415198038997777 0.0423949698105905 6536
0.09111269890006164 0.03950615549645212 6537
0.06226311066399869 0.04292686574574605 6538
0.1249658045644743 0.05314313598606523 6539
0.126962399120862 0.05302647332107148 6540
0.01274693374481346 0.05275766631780678 6541
0.05525308592610604 0.0259899141911858 6542
0.02250922312459881 0.01401962745661429 6543
0.0280111144239272 0.02237209770007608 6544
0.1676652704059958 0.02982862355411097 6545
0.05485886735303078 0.01906943124427526 6546
0.07017491846912541 0.007798629777000618 6547
0.06504390579808364 0.02194432113308659 6548
0.03760912095376546 0.04957322095936449 6549
0.01963942619633742 0.05062241786377207 6550
0.225468074768476 0.007363964967140034 6551
0.1574932112052181 0.02695200429629226 6552
0.06825289433316147 0.0425768777507658 6553
0.07244814910905203 0.0458017556345582 6554
0.1127841715630341 0.05038490876224748 6555
0.01427879652435544 0.06172221436678264 6556
0.02253209551613201 0.04870403742749417 6557
0.01804673896045524 0.05765165326531259 6558
0.0475676879110014 0.01429044575108454 6559
0.06524597146119872 0.02540252434686541 6560
0.08949617359514125 0.01184052978622388 6561
0.09510588801283673 0.0392728301664652 6562
0.07412961413338501 0.02314844074750512 6563
0.07213301957699741 0.02326510341249874 6564
0.07123575513036104 0.02505253635188476 6565
0.04758844909088054 0.04899020954920944 6566
0.1834492784444523 0.02543804395578362 6567
0.05688368399459754 0.05365202342747647 6568
0.04648316333180696 0.04727411871280682 6569
0.08072559479189317 0.03317306239386034 6570
0.03998472883325908 0.02169983996861078 6571
0.1062990390730875 0.05943043044986172 6572
0.2962537500677859 0.008210580643399811 6573
0.08312632067451133 0.03997280615642604 6574
0.07783173578886926 0.03507715799823842 6575
0.08281119114245714 0.01743615393436754 6576
0.04597640617883789 0.02134529031506841 6577
0.1435172912888629 0.02776908642175447 6578
0.144616635364021 0.02943984942498805 6579
0.07172888825076779 0.01634869698494145 6580
0.03432259761146531 0.06378877085156336 6581
0.03548727836119213 0.06494429000997134 6582
0.0340347522396245 0.06500577732226201 6583
0.03682687261611146 0.06475474761002988 6584
0.1066813240249317 0.03165644774894604 6585
0.0858181140144197 0.03461050733826639 6586
0.1060751270355871 0.0212818381076114 6587
0.05734859502982419 0.01024892921233814 6588
0.03648538501931203 0.01320298880165962 6589
0.02115278303411915 0.05925336384062138 6590
0.06116378055424744 0.04125609547135332 6591
0.07325525704685731 0.05962507994816689 6592
0.05248235032559008 0.04696827827384015 6593
0.05109577763110802 0.05746158366191585 6594
0.06515696966702264 0.04102277014136659 6595
0.144212489279553 0.02252345068370096 6596
0.04504609282206073 0.004092400568377759 6597
0.05335540591704899 0.01048225454232517 6598
0.08523597909983696 0.05893459249971358 6599
0.0697563765270353 0.05116403666279379 6600
0.1362261110445142 0.02299010134648249 6601
0.1349247152717454 0.01786112785998111 6602
0.2423339318286449 0.03938214956070581 6603
0.04241022896906082 0.06317194140395924 6604
0.04349466452674539 0.06474573999185318 6605
0.1252568720217661 0.04098109340533831 6606
0.06843089792151386 0.0113363861617634 6607
0.04806704109923839 0.00557596773989761 6608
0.1216437521604581 0.01343213036010655 6609
0.1105855113435326 0.04704336821346067 6610
0.05615590711073547 0.02419988117549907 6611
0.2476901931859139 0.0442942999086187 6612
0.2487434595969099 0.0457777376561268 6613
0.02693029584679852 0.05540213564421032 6614
0.1590993192521644 0.05462430593097913 6615
0.05046965556929359 0.04708764471832955 6616
0.04698660111224617 0.004025502790259492 6617
0.04586216081190442 0.002245065835355664 6618
0.0106859652131462 0.05285014803654717 6619
0.07273921656634288 0.03363971305383495 6620
0.06484184013496865 0.01848611791930772 6621
0.0413758385787234 0.01118223053228623 6622
0.05647546265655189 0.04673505671883725 6623
0.04958183459487184 0.04887415834491428 6624
0.09010237058448617 0.02221513942755839 6625
0.05844792513957562 0.01191969948673079 6626
0.05132241600163273 0.04528038675650346 6627
0.0802324616714877 0.04187690176080662 6628
0.09302031301130584 0.05500972374108716 6629
0.171558616573826 0.01051556163591194 6630
0.1101813800173012 0.04012696178590293 6631
0.04047857413208714 0.01296966347167252 6632
0.09921269714179304 0.05812916822868133 6633
0.08032146346566278 0.02625665596630054 6634
0.03538605490956063 0.01153221852726694 6635
0.09808874881003701 0.02174848876758446 6636
0.07195501598864536 0.05450559500150139 6637
0.08361945379491678 0.03126896678947932 6638
0.2383462175427009 0.004924744650118012 6639
0.02802993574811772 0.05707217363135596 6640
0.04448701173977024 0.04736692233001379 6641
0.1796584771192895 0.02913599072084854 6642
0.06894809311668286 0.03733124159760086 6643
0.1564831321544781 0.00966155861739817 6644
0.1273424683723293 0.02524418494584924 6645
0.1310445900278135 0.03717290219657944 6646
0.04707315169254117 0.02307208620622695 6647
0.0220417693117705 0.05742890883534177 6648
0.05447903961529359 0.04685159803715701 6649
0.07363648101297891 0.0318522801144461 6650
0.1258390069363483 0.01665700824389875 6651
0.0192969230800802 0.04367972253264354 6652
0.01813942266857628 0.04209356527790584 6653
0.02026439629210114 0.04218096549837777 6654
0.02136732643481827 0.04254027561544705 6655
0.01917212068585046 0.04259230097372722 6656
0.02403560529583267 0.05730925514075746 6657
0.1654798306068075 0.02648579752474273 6658
0.2028089305481851 0.01389459690380826 6659
0.06822537136617494 0.007881473086510486 6660
0.02912623503974276 0.05876374425094191 6661
0.1517947364893492 0.01514039068919038 6662
0.05995138657555722 0.02050687618868089 6663
0.02493345943523128 0.0555195463869807 6664
0.1885417766883243 0.02687439303142399 6665
0.2949391806823231 0.01728055109389469 6666
0.1535002727075 0.02718595151547377 6667
0.0424843507631233 0.04752947023862104 6668
0.07352341714404044 0.01277383110616945 6669
0.04646835780124997 0.01261967547669192 6670
0.07372548280715539 0.01623203431994817 6671
0.09759561568962971 0.03045232813452511 6672
0.09669835124299322 0.032239761073911 6673
0.1604744292140828 0.009431108622098328 6674
0.08103940117598037 0.05570814336373745 6675
0.03112405531555584 0.05865624666814782 6676
0.202113731494812 0.01914023325852689 6677
0.2851710402644236 0.03526201891345583 6678
0.1303493912442926 0.04241853834974345 6679
0.1087909824502588 0.05061823409223514 6680
0.07725589265916274 0.05940550504133638 6681
0.08422565078426283 0.04164357643081959 6682
0.06683843469135624 0.01836945525431431 6683
0.02742210299812398 0.04654797911748669 6684
0.04049608259023192 0.04766491828672859 6685
0.08150979536959066 0.01230718044619668 6686
0.102170939716989 0.00589491764310156 6687
0.1010289283587379 0.004295455247298428 6688
0.05434033047422423 0.03146916351118233 6689
0.2432360461035619 0.03759720234580204 6690
0.01949744515914063 0.02947862327796682 6691
0.1077806541346833 0.03332721802333877 6692
0.1060991891103497 0.05598053291039269 6693
0.2646242306630863 0.02599476011762424 6694
0.1484224972339464 0.06049256935538588 6695
0.1180546943739129 0.02058186211765094 6696
0.1171574299272772 0.02236929505703677 6697
0.1055819939151803 0.0299856774745529 6698
0.1296541924607716 0.04766417450290992 6699
0.06134178414259936 0.01001560388235123 6700
0.1114587137154053 0.01055724047129955 6701
0.1125580438251569 0.01222801074569045 6702
0.1365412405765707 0.04552675356854124 6703
0.06585216845054399 0.0357771339882017 6704
0.2423397760183529 0.004697740694897271 6705
0.02429999999994325 0.02948067822343646 6706
0.0837325176638562 0.05034741579776276 6707
0.04290336315164417 0.05446810321155965 6708
0.155383879225321 0.007992108019476789 6709
0.09730454823233965 0.04261437071525157 6710
0.06507458046142309 0.05663800932481231 6711
0.1636669489686615 0.03005489726623599 6712
0.0639445756883323 0.02027355085869391 6713
0.1553180709274826 0.05830920922936176 6714
0.1544188722395348 0.06014992857460237 6715
0.06075758865204405 0.03434075986111309 6716
0.03960537176021367 0.04945579121383812 6717
0.03651135405363495 0.04790641449438191 6718
0.05795470062512678 0.02062356161284256 6719
0.07482481291690674 0.01790280459434083 6720
0.1751133078454819 0.05367749221796481 6721
0.1761680261146721 0.05180130059297179 6722
0.1781655039506705 0.05183798468187375 6723
0.1769582913338652 0.05001863895046486 6724
0.1753032962844525 0.05043872216426063 6725
0.1784788139648815 0.05025317404977225 6726
0.1758661685717653 0.04932876449970201 6727
0.1741358890806368 0.05186660345942923 6728
0.03161899353466313 0.04992244187381184 6729
0.1002874090295395 0.02509002931636815 6730
0.1428221070640206 0.03301471499499897 6731
0.2166960916919576 0.02869845647368626 6732
0.1212361816223886 0.006527667368105741 6733
0.1162601654806407 0.02415672799642303 6734
0.06365350823104127 0.03243559343941633 6735
0.07054055634683996 0.03029817250504977 6736
0.1135683721407311 0.02951902681458045 6737
0.1335818417670209 0.009350690261720161 6738
0.1475104795990986 0.02753576150587966 6739
0.1375275068173821 0.02811907483465511 6740
0.1461224731765864 0.03802578884550031 6741
0.04487613339104829 0.01966139356376223 6742
0.1724558994372347 0.008728442673263462 6743
0.05395982848793208 0.02085718235974245 6744
0.1972232778464016 0.02116099166602884 6745
0.08619592637664213 0.006830902214826448 6746
0.05599538715242347 0.05544510653012716 6747
0.08413664899008606 0.05726382222531976 6748
0.1540167675794131 0.05317895784896878 6749
0.1528844079487208 0.05152186494123331 6750
0.1041915963481382 0.0404769497808839 6751
0.2155967606548407 0.02702751798776289 6752
0.1462981703982223 0.006787978677591953 6753
0.1260651346742258 0.05481390626045777 6754
0.05086555223563889 0.01930276733658247 6755
0.06805082867004653 0.03911867453698707 6756
0.09160583202046711 0.03080231612950748 6757
0.2742844120039857 0.03760450868284645 6758
0.2733822852046777 0.0394163093545333 6759
0.09559902113324215 0.03056899079951812 6760
0.1939252876399753 0.01614868044709554 6761
0.1200512889303003 0.02046519945265764 6762
0.07462274725379166 0.01444460138056224 6763
0.1052909264578899 0.04214772005527689 6764
0.1828429849415406 0.01506122226495812 6765
0.09817707264965705 0.006131212529526785 6766
0.2027210229852615 0.02951030389715163 6767
0.2035042212474253 0.008650529596196088 6768
0.1744524925529322 0.008611755351911459 6769
0.1023026544443125 0.05969516650966012 6770
0.07661934181017915 0.01432793871556899 6771
0.09571208500218208 0.04964743980780289 6772
0.1901341640746509 0.01984020938672779 6773
0.2522306934461976 0.01968242464125125 6774
0.1603664469230493 0.05967357133707761 6775
0.03601598169836224 0.05661306356596316 6776
0.06715356422341026 0.04090610747637317 6777
0.1244486093693055 0.02714828055022852 6778
0.1894543283896998 0.05983199946616025 6779
0.04489995788506125 0.0543514407423236 6780
0.0320225555876781 0.05684784193018744 6781
0.09411964667922931 0.05668049153466773 6782
0.03451899705362718 0.04801088785449886 6783
0.05595724673573142 0.02074041765538675 6784
0.1205444220507069 0.0117613600857141 6785
0.1475079168370768 0.06239302722182827 6786
0.06475283834079262 0.03410636371380901 6787
0.1096882468968963 0.04883080115284753 6788
0.2505293920029307 0.007641544339828514 6789
0.1071985192201007 0.05765130318478535 6790
0.1284978235991359 0.06194605867640266 6791
0.1275116263986739 0.06354253786732957 6792
0.1254254865487779 0.06335051830983467 6793
0.1266134152936766 0.06485097335220583 6794
0.1252459417817345 0.06488464915408283 6795
0.1279848251308486 0.06443663197398979 6796
0.1202533545934154 0.02392340266643662 6797
0.1132773046834405 0.04168106939530145 6798
0.1451777523598945 0.005147483914808427 6799
0.1974529153741707 0.05931853175831759 6800
0.09820181267897557 0.04082693777586463 6801
0.1427330899088489 0.04863496878734064 6802
0.1262431382625781 0.02357341467145647 6803
0.2012164669586693 0.02092766634107505 6804
0.0369135154530074 0.05481975185246538 6805
0.04287938172165424 0.01977586848260352 6806
0.03506976899493079 0.02376056773807926 6807
0.1032043686855533 0.057887466775369 6808
0.1122956777262163 0.05908275573174194 6809
0.2318605844524222 0.01393209057796242 6810
0.1331542358547956 0.05613481348788051 6811
0.2778316086307108 0.01138339503931878 6812
0.04886893667848191 0.019419431795296 6813
0.06244111425235072 0.01168637415674394 6814
0.1383357694698431 0.04195188768976935 6815
0.0459993327924469 0.05602223493905537 6816
0.05965614890498653 0.03267108589968809 6817
0.03401901472728358 0.05673404925015794 6818
0.0666604404934788 0.04960993879549491 6819
0.03891016826963541 0.05470160490364992 6820
0.04999353332534801 0.05578940300124927 6821
0.04200609852358392 0.05625559454110324 6822
0.110763514931884 0.01580287662446068 6823
0.05855823339699474 0.03099958050070865 6824
0.1764491572550807 0.008496293180180147 6825
0.1524099686745072 0.06028065556976434 6826
0.1557879256064703 0.0149070655254911 6827
0.1528940665322134 0.01681116103152563 6828
0.08309589957878509 0.005280095550625186 6829
0.09122705128320313 0.05861509911795704 6830
0.04799633391693502 0.05590576790870033 6831
0.1952266832894383 0.02127765433260739 6832
0.2451415534426976 0.01836119233449212 6833
0.1545998472873041 0.02885824933413034 6834
0.1152500791314485 0.006869853001842699 6835
0.03888617821730603 0.02001094740990832 6836
0.09910150319597562 0.004373423747295831 6837
0.09997752955486089 0.002840361047940842 6838
0.1915245621858211 0.009348935809525338 6839
0.1784457143200177 0.008378988876499772 6840
0.1524899428106612 0.009894879993275714 6841
0.153702519094833 0.03065648639835498 6842
0.09221202900981314 0.04117692577084565 6843
0.08272218934828063 0.03305639972886684 6844
0.1399282327000001 0.03491881859721871 6845
0.1419248501987672 0.03480214398707152 6846
0.1300583237420863 0.05458058275789009 6847
0.04198004534258202 0.02159083345152061 6848
0.125547939479057 0.02881905082462077 6849
0.08419879939599857 0.006948412160722341 6850
0.03749999999998257 0.02948038475772624 6851
0.1322569747779361 0.05792217559102329 6852
0.1185718895690829 0.0465767175534859 6853
0.0664343033651259 0.01145304882675686 6854
0.03688971357655148 0.02012458969418358 6855
0.1106745131377071 0.03142312241895934 6856
0.2563148674169459 0.03861413489118688 6857
0.2583144852330986 0.0385061660380481 6858
0.04000949746589453 0.05637252718078903 6859
0.06443770880873828 0.01156971149175035 6860
0.07814706273518923 0.057613808906816 6861
0.1515036889462886 0.02730281775131119 6862
0.1454256148002026 0.04327239201947952 6863
0.1196471576040706 0.01354879302510014 6864
0.1312466556909287 0.04063110541035748 6865
0.1244268994384813 0.06221133003080982 6866
0.2005213965825779 0.02617347380174339 6867
0.03598823034349272 0.02193347644398514 6868
0.193472940409315 0.05956332479256127 6869
0.05651564293853163 0.03116324042004446 6870
0.100602538561594 0.04762668153842962 6871
0.06596697066395554 0.05485421450299766 6872
0.1147567040446596 0.01556955129447339 6873
0.2398469626967472 0.01346544024293718 6874
0.2376483026137282 0.01012389960434078 6875
0.1008046042247085 0.05108488475220857 6876
0.2134874126131137 0.008069153970289619 6877
0.2539301243383315 0.03179700676432781 6878
0.006034380857064894 0.04299216821302482 6879
0.2862658194027992 0.0369348694557454 6880
0.1830696721021365 0.05289409789002048 6881
0.1815801240161145 0.05147518939334586 6882
0.1828269705739275 0.05002460262036518 6883
0.2913340342139761 0.003719299927329708 6884
0.2138912333634767 0.01498205381858045 6885
0.2623055784223121 0.03827069237393683 6886
0.3001736037494125 0.01804087805063046 6887
0.04797022412857042 0.02122511084141553 6888
0.2728042520533563 0.02901091069312964 6889
0.1548906610854425 0.01669449845275044 6890
0.274608454242295 0.02544091841802668 6891
0.1791074118085221 0.05346105711925453 6892
0.175551823019067 0.01028253293837186 6893
0.005519615242269533 0.04509999999999096 6894
0.09380449223997013 0.03414385667829239 6895
0.2120612411977657 0.03408413559612802 6896
0.2110530226154073 0.03550574531189229 6897
0.2095777066115536 0.0355218627645109 6898
0.2124251561144646 0.03540534988285686 6899
0.007598076211351973 0.064299999999996 6900
0.008164456265113298 0.06373414945239284 6901
0.1151608353708892 0.02248595772203018 6902
0.2352532342648128 0.03804663186698889 6903
0.02969990784650008 0.02948058649355475 6904
0.1225650786818576 0.04634339222349896 6905
0.06466384043830051 0.04972660617306004 6906
0.1141745691300769 0.03989363645591496 6907
0.1447291686551519 0.04851811431930956 6908
0.1025991331179814 0.04751001887343603 6909
0.2538231246248139 0.01264880215883195 6910
0.07861593636656686 0.0142112760505756 6911
0.1788497958209778 0.01529454745365028 6912
0.2403375254340024 0.03950602255606805 6913
0.1985248234274793 0.02629016501885038 6914
0.1052003331764706 0.05776716470749969 6915
0.2479395352214585 0.03213044742490447 6916
0.1422158947346671 0.02264011333902986 6917
0.02852399171653174 0.04831920233304027 6918
0.03053572697675347 0.04818909161588146 6919
0.1588838502050823 0.01646117328452617 6920
0.1799333928959719 0.05200737364664518 6921
0.1801793090954716 0.04995114861148381 6922
0.1233675857234789 0.06029706844936737 6923
0.2382545306375736 0.02049904765510939 6924
0.2963320810666454 0.01016011270739849 6925
0.1513906659573473 0.008225019950953011 6926
0.2001533393621033 0.05411805293362879 6927
0.1091945355248154 0.05753352964994188 6928
0.1644683320643838 0.009195898446560651 6929
0.1988157413810011 0.01412792215087925 6930
0.1361371092503401 0.03861034714098419 6931
0.09461275489243133 0.04797666953341037 6932
0.1449316104541575 0.05197646996067712 6933
0.1353288465978786 0.02477753428587286 6934
0.06376664217003247 0.05151399544110667 6935
0.08570505014548106 0.01553205832998826 6936
0.1469276655911618 0.05185966931445711 6937
0.2342613288254427 0.02073215564083014 6938
0.1041718555685891 0.005775606111034217 6939
0.1176505630476831 0.01366545569009396 6940
0.1682606264492942 0.005503250678027253 6941
0.135441910466819 0.04385598329414839 6942
0.1363391749134553 0.04206855035476249 6943
0.2795405763493927 0.04284746689569966 6944
0.2807486649187658 0.04407697182514474 6945
0.2817382411107927 0.04578125814688072 6946
0.06486633782026696 0.05318448418504218 6947
0.1111917083328765 0.05741797785479831 6948
0.09880800966832107 0.05120154741720202 6949
0.2659114258755965 0.03112962716297899 6950
0.1191540244836643 0.02225263239204388 6951
0.00655884572681066 0.04449999999999308 6952
0.006552056369691892 0.0451117595114664 6953
0.1030381831120002 0.003855367101277669 6954
0.09851321785920356 0.06343808661170644 6955
0.09968216204640312 0.06457639953651925 6956
0.09820603736954232 0.06444714030166611 6957
0.1005055068380595 0.06433057136658112 6958
0.1896412515100316 0.02854649934355923 6959
0.2615184349153832 0.0243441943938922 6960
0.2105042409571745 0.0255899891680435 6961
0.1301473255811774 0.03896033513596511 6962
0.1436302828251664 0.04684749525574888 6963
0.1213853645837412 0.06042883690160143 6964
0.1509081255512763 0.05162639098667121 6965
0.1645769905210726 0.02827225365470196 6966
0.1568872556438299 0.01657783587323552 6967
0.08061253092295448 0.01409461338558252 6968
0.1597811147275111 0.01467374036570367 6969
0.2125898895475662 0.009853664717424106 6970
0.1617777092897205 0.014557077776311 6971
0.1161711636864643 0.03977697379092122 6972
0.1181677582428517 0.03966031112592773 6973
0.1201643527992391 0.03954364846093388 6974
0.1211754107815172 0.0568371163151698 6975
0.1657708984116267 0.01432375261124123 6976
0.1445284612862749 0.04505967338704631 6977
0.07444474366543985 0.04568509296956536 6978
0.1289589936689741 0.05290981105087596 6979
0.284530239112326 0.005797591316792078 6980
0.2853864278627635 0.003972551773198685 6981
0.2862158285082534 0.00194731439432487 6982
0.2873999561579429 0.003719531498649225 6983
0.2901763062157338 0.001912796708836182 6984
0.1221361410584911 0.004798157661843052 6985
0.124286444506242 0.004844292446843224 6986
0.1233836858723204 0.003226286412240062 6987
0.1131642408145015 0.02260262038702349 6988
0.2315712113129532 0.02609854498969025 6989
0.005518847647553685 0.06309999999998668 6990
0.2096069826646113 0.02737852822092067 6991
0.007076396987170248 0.05195663774082074 6992
0.007755137690107349 0.0522881654845483 6993
0.1450210774032108 0.03635609407721686 6994
0.0817118610327057 0.01576538365997505 6995
0.1955177513084848 0.009115610648788453 6996
0.1341405146939524 0.03872700980597778 6997
0.2633141595304021 0.02077736646752762 6998
0.1456028872892739 0.01203217528962673 6999
0.1322329219317399 0.0232234266764755 7000
0.07574613943830555 0.0508140664577364 7001
0.1111676462581135 0.02271928305201669 7002
0.1167532986010467 0.01545288862947991 7003
0.2463277390770517 0.03915952306366081 7004
0.1467022174475165 0.01370294568593263 7005
0.132143920137565 0.03884367247097131 7006
0.2341763864097489 0.03638245091422809 7007
0.1151889616116805 0.05718493994802338 7008
0.07464680932855459 0.0491432961833439 7009
0.1489203901755812 0.05174252964869436 7010
0.1488129344090743 0.03266681524690175 7011
0.2336551134914264 0.01035722477123715 7012
0.2791183480117747 0.01651471125654353 7013
0.09779768135274482 0.03391053134830491 7014
0.07953726288796591 0.0471225379139716 7015
0.1200754726161802 0.05516430288632763 7016
0.09261616033604345 0.04809333219840387 7017
0.1843705081902321 0.05834709633650949 7018
0.112671107694095 0.03130645975396614 7019
0.1677674929726782 0.01420709002829251 7020
0.2702905140575143 0.03782933915397561 7021
0.1177636269166215 0.03274390469837161 7022
0.1180787767171952 0.0552806250255794 7023
0.09470175668660601 0.03235642373890425 7024
0.1380447221383795 0.05411483440592769 7025
0.1131914393916656 0.05730022477757199 7026
0.2660047883998866 0.01540741531624589 7027
0.08370845558909304 0.01564872099498187 7028
0.08660231459211729 0.01374462539060277 7029
0.117183086214239 0.05706815940785484 7030
0.07863999844132966 0.04890997085335752 7031
0.2087085287851725 0.02917570927072923 7032
0.1648736338882705 0.01611118553281454 7033
0.2748011556436546 0.02889967038015502 7034
0.1311335918219884 0.02155265640208293 7035
0.03869999999998751 0.02844115427318489 7036
0.01169999999997205 0.02948038475773037 7037
0.01139999999997273 0.0289607695154602 7038
0.01079999999997299 0.02896076951546004 7039
0.0119972104198374 0.02896238008030237 7040
0.01109999999997264 0.02844115427318961 7041
0.01049999999997267 0.02844115427318932 7042
0.01195770732786355 0.02788276054021149 7043
0.01169248629126541 0.02843495961887885 7044
0.01229601679065652 0.02844473722922376 7045
0.01263209409243036 0.02794101012815674 7046
0.01290137863593791 0.02848146390382992 7047
0.0113300387238096 0.02797974046099965 7048
0.0132763748813445 0.0279844694328764 7049
0.01351194159659004 0.02852934610225483 7050
0.01411173389911584 0.02859349254135412 7051
0.01378238344370787 0.0290268395213033 7052
0.01445310371416641 0.02810269581041804 7053
0.01471096396303402 0.02863548800944512 7054
0.01078833978727894 0.02789663749922428 7055
0.01019999999997275 0.02792153903091896 7056
0.009923662984264439 0.02845481610353927 7057
0.08153385744435365 0.04700587524897801 7058
0.1281507310247899 0.03907699780095904 7059
0.1241575419120145 0.03931032313094647 7060
0.08862297122326804 0.04832665752839066 7061
0.07774273399469342 0.05069740379274336 7062
0.1146677022504826 0.03118979708897309 7063
0.08859890914850499 0.01362796272560933 7064
0.2456142574454649 0.0444384133541188 7065
0.2467021538063371 0.04572723929140078 7066
0.245449555494787 0.04576372972166082 7067
0.247580570752711 0.045299584216439 7068
0.1708634175745506 0.01576119776930376 7069
0.2616074373475628 0.008723948603029321 7070
0.2214734806026444 0.007598997049833353 7071
0.1628770393265126 0.01622784812039137 7072
0.2327578489718803 0.01214465767441651 7073
0.2625049153235732 0.006939447649377365 7074
0.003897818819858172 0.02945841779361844 7075
0.1688668230106009 0.01587786036656273 7076
0.1221609473556268 0.03942698579594009 7077
0.09970527411495757 0.04941411447781589 7078
0.09259209826128061 0.01339463739562255 7079
0.1071744571453387 0.02295260838200328 7080
0.109171051701726 0.02283594571700998 7081
0.08263318755410501 0.04867664552337052 7082
0.2999738714312113 0.01403612896903318 7083
0.2635247185796168 0.02429787965126995 7084
0.2510310912493705 0.03369323762187953 7085
0.274670731358027 0.04470239590133397 7086
0.08662637666688042 0.04844332019338414 7087
0.2802751054365892 0.03726841445926229 7088
0.1835381894364923 0.009815680191007212 7089
0.2287646598545206 0.01237798286795564 7090
0.2351585813722595 0.01894451782759158 7091
0.2298639899055767 0.01404875322994906 7092
0.2764123172029545 0.02187075373322234 7093
0.005523494245973046 0.05650067946926529 7094
0.08462978211049269 0.04855998285837737 7095
0.24633292970181 0.004463809018132182 7096
0.09061956577965566 0.04820999486339726 7097
0.1261541364684022 0.03919366046595277 7098
0.004489371734392228 0.0294666846484979 7099
0.2116035782803148 0.02726205588504262 7100
0.1157670323602339 0.03286056736336512 7101
0.1031812680325634 0.02318593371198997 7102
0.005516208083606824 0.05289999999996871 7103
0.212702945691157 0.02893953040911623 7104
0.09059550370489261 0.01351130006061594 7105
0.2467340108998515 0.01132801958986918 7106
0.1051778625889509 0.02306927104699669 7107
0.1217568160293966 0.03251057936838478 7108
0.1011846734761758 0.02330259637698339 7109
0.2092269529207039 0.05514441006691105 7110
0.1719627476376185 0.01743196818033887 7111
0.09348936270791677 0.01160720445623737 7112
0.1186608913632577 0.03095647175898614 7113
0.1834728595771152 0.06018365075794993 7114
0.1864320828412888 0.007912172134922036 7115
0.1206574859196453 0.03083980909399279 7116
0.005519615242270038 0.04749999999998634 7117
0.2822720093696223 0.0371571729102128 7118
0.1134553082717923 0.01044057780630502 7119
0.293073003883093 0.01436555154561126 7120
0.005519615242270027 0.04629999999998939 7121
0.006039230484538223 0.04599999999998911 7122
0.09548595726430474 0.01149054179124423 7123
0.148609816386832 0.02920662134254823 7124
0.1196712196788339 0.04824748782787947 7125
0.007069893246769041 0.06578087812813695 7126
0.002698821064251101 0.02946846065939241 7127
0.001543798534382514 0.02950268636541974 7128
0.2931724757521644 0.01636239672249575 7129
0.01589896536727012 0.02948098210319214 7130
0.0161925851323527 0.02896505049126884 7131
0.01561678139358703 0.02897161976265339 7132
0.01589748524750158 0.02838081461278669 7133
0.01651443932862237 0.02851200794952546 7134
0.3274803847577338 0.01110000000001633 7135
0.3269607695154647 0.01140000000001893 7136
0.3269607695154653 0.01200000000001693 7137
0.3264461343150978 0.01170862568562586 7138
0.3264470774975488 0.01229261590303394 7139
0.3259215390309242 0.01200000000002683 7140
0.07233508524011138 0.02672330662627669 7141
0.09918807891978867 0.02341925904197648 7142
0.2785416454502867 0.006155840840077883 7143
0.1976281883904738 0.02809130253598817 7144
0.2787948040464689 0.02867710700700958 7145
0.07323234968674795 0.02493587368689078 7146
0.07522894424313618 0.02481921102189675 7147
0.1816557620773301 0.02903659641911871 7148
0.09719148436340092 0.02353592170696954 7149
0.07143782079347517 0.02851073956566287 7150
0.2798255093432364 0.0112705436610334 7151
0.2757032653204197 0.02711467810675748 7152
0.07922213335591172 0.02458588569190966 7153
0.07722553879952399 0.02470254835690311 7154
0.1307294604963434 0.01463624997488044 7155
0.2673933844827297 0.03973200008514794 7156
0.1338253851626115 0.0161903575865019 7157
0.005518573986395282 0.04329784422060103 7158
0.09658528737405588 0.01316131206563631 7159
0.1143526130461593 0.008653835045970251 7160
0.1246506750324208 0.0306064837640062 7161
0.1047737312627201 0.01615286461944165 7162
0.1237534105857843 0.03239391670339124 7163
0.2630125156568417 0.03302558038355744 7164
0.01049999999997399 0.02948038475772995 7165
0.08121872791229925 0.02446922302691614 7166
0.09519488980701313 0.02365258437196263 7167
0.1141522411477316 0.00522461935236697 7168
0.3274803049118347 0.01350427614529517 7169
0.326870716380246 0.01386162219355778 7170
0.01229509184110096 0.02948320105161667 7171
0.1824389153152458 0.00814586690599341 7172
0.08920510613784971 0.02400257236694259 7173
0.08521191702507443 0.02423589769692936 7174
0.179455812679977 0.02566927421523911 7175
0.08720851158146216 0.02411923503193596 7176
0.09319829525062512 0.02376924703695569 7177
0.2016205982848995 0.02784407276863005 7178
0.1266472695888081 0.03048982109901277 7179
0.1316356010225919 0.01285327269399885 7180
0.09120170069423736 0.02388590970194916 7181
0.2612086640441961 0.0365960931837824 7182
0.1056709957093571 0.0143654316800567 7183
0.1884286832903482 0.007795610318675355 7184
0.2067098370293593 0.02929837872445421 7185
0.1298562581184723 0.05112237811108438 7186
0.2574128338219182 0.005511725904170856 7187
0.2776388781599783 0.007927163898051863 7188
0.01532062914069745 0.02949592128711827 7189
0.08321532246868682 0.0243525603619227 7190
0.1096641848221329 0.01413210635006958 7191
0.1016778065965814 0.01459875701004298 7192
0.1027771367063323 0.01626952728443484 7193
0.2101001097782516 0.01867358232564199 7194
0.009299999999978107 0.02948038475772988 7195
0.009009336448350133 0.02896637949572647 7196
0.1297431942549468 0.03204392870841026 7197
0.1814709573325443 0.06036712895435765 7198
0.1277465996985594 0.03216059137340407 7199
0.2478333409413576 0.01299878990916295 7200
0.2498299355025093 0.01288212732572016 7201
0.2629088329109328 0.01385292214435635 7202
0.2036173752729001 0.02772665357663697 7203
0.2794503592974475 0.004488152264212269 7204
0.2782850152264485 0.002827001273070108 7205
0.1116607793785209 0.01401544368507557 7206
0.09858188193044323 0.01304464940064351 7207
0.107667590265745 0.01424876901506303 7208
0.2831740969910755 0.03537384439316045 7209
0.2347544435329996 0.01202799509081785 7210
0.1136573739349082 0.01389878102008163 7211
0.1904252837444214 0.007679048588282116 7212
0.1304370032590559 0.01098915494612523 7213
0.2787321597727315 0.009597833132309363 7214
0.01889598948417124 0.02947898681374376 7215
0.2056132710563709 0.02761343151541597 7216
0.02129999999994378 0.02948038475773123 7217
0.1364281767076299 0.02644830456026222 7218
0.1306404587015834 0.03025649576902509 7219
0.1355309122609951 0.02823573749965045 7220
0.1805554992982195 0.02734658497361227 7221
0.3040032296045195 0.02587737513777117 7222
0.005519576110077898 0.05109999999997353 7223
0.3014202984162604 0.04138568505172446 7224
0.01709182420481619 0.0294974573763258 7225
0.09968121204019426 0.01471541967503559 7226
0.1346336478143601 0.0300231704390363 7227
0.1734639533169305 0.02601916248100054 7228
0.2512236835828871 0.03715215213463628 7229
0.1326370532579718 0.03013983310403082 7230
0.2367510380940915 0.01191133250711353 7231
0.2693884584335523 0.03962836010281756 7232
0.00551956958804692 0.05049999999997616 7233
0.2875532832245105 0.04206717764236734 7234
0.00603499123673269 0.06039846604936301 7235
0.2700979163152203 0.03436589249303058 7236
0.2562239058275582 0.01944949753603507 7237
0.2427408217775435 0.01156134475675058 7238
0.1320308562686249 0.01976522346269559 7239
0.2670062158495554 0.03280337592337516 7240
0.2640081681001579 0.01552375670298987 7241
0.005519615242269415 0.04929999999998287 7242
0.2691958307544507 0.03615172701134951 7243
0.1794876328085091 0.0605250781326211 7244
0.006026521371894374 0.04959582762660632 7245
0.2387476326552386 0.01179466992364511 7246
0.2864081682346568 0.04381597566665548 7247
0.287839099942799 0.04556952898519951 7248
0.2856981821557738 0.04552479388277308 7249
0.00603639893805539 0.04720176228427758 7250
0.1329281207154797 0.01797779052406735 7251
0.01020394383068932 0.02896304648718443 7252
0.2447374163386973 0.01144468217331014 7253
0.192423140188753 0.007560131772980721 7254
0.3253032438183732 0.01748228379211848 7255
0.3250079818108148 0.01689634427230281 7256
0.04050169664418209 0.02947908755665177 7257
0.005518899258183985 0.06370001537097089 7258
0.2776999868071789 0.02700334444781623 7259
0.3263455804730535 0.011078821134414 7260
0.2766053220595677 0.02532965889258862 7261
0.006081660146923781 0.05329389256595191 7262
0.2407442272163905 0.01167800734019637 7263
0.2775073917447955 0.02354464632007744 7264
0.2507272000221543 0.01109469442297998 7265
0.007180613376756035 0.05867913972540537 7266
0.007101652849512846 0.05804258257330989 7267
0.007197652118938592 0.05747426292143885 7268
0.2669020909237692 0.01361996161116471 7269
0.2462409348714085 0.02003284210804512 7270
0.2399516829138438 0.03257559154840022 7271
0.1944227958278381 0.00744141553536739 7272
0.217593357417087 0.02691081760076725 7273
0.006038098925018936 0.04540195991856948 7274
0.2530279891494267 0.03358201961219883 7275
0.2871971760710955 0.01955271050085213 7276
0.3232020080070777 0.01696389678602021 7277
0.2559269829673936 0.03168577861482543 7278
0.2570217543776591 0.03335953953530996 7279
0.1964178522468551 0.007325344487360724 7280
0.316010689425995 0.01696323759757015 7281
0.2492267635898348 0.03726332004194347 7282
0.2583460078697941 0.003662383877875457 7283
0.2590186001174169 0.0332483421195929 7284
0.2688894389883977 0.01351173105076242 7285
0.006039230484539867 0.0465999999999873 7286
0.2472298539931365 0.03737453401077589 7287
0.279504231913896 0.02343337258055469 7288
0.2852872540123504 0.01964714558879411 7289
0.1984095290444952 0.007206957877077537 7290
0.2601133900913866 0.03492209087999395 7291
0.2525266961478568 0.007525723946193429 7292
0.3274803847577329 0.009900000000020098 7293
0.2833055332282657 0.01975223601193761 7294
0.280406451955316 0.02164843615204214 7295
0.3226149800126138 0.01699518726554185 7296
0.2824083402657225 0.02153925847660387 7297
0.3246991532080501 0.01747153280516901 7298
0.3223000000000083 0.01748038475774931 7299
0.2004039599514788 0.007094422890120354 7300
0.3274803847577344 0.01230000000001289 7301
0.2024019120530784 0.006986958500229205 7302
0.2452329490362262 0.03748580198842617 7303
0.326961756719532 0.01259876931718582 7304
0.3264693280774779 0.0128897424921253 7305
0.2516260019733068 0.009309086264836225 7306
0.02159991666943897 0.02895063549977813 7307
0.009606157210538918 0.02896436097918351 7308
0.009317794308835656 0.02838654446465831 7309
0.2410464658135107 0.03424971494489863 7310
0.006556014180323565 0.04630176228427791 7311
0.007187647814992292 0.04666484326366106 7312
0.007292330688118642 0.04591078196367306 7313
0.02189999999994275 0.02844115427319101 7314
0.02223523626768694 0.02792636679816988 7315
0.3157017815709902 0.01748079610475278 7316
0.2441381583776021 0.03581206643531853 7317
0.3269635303035976 0.01019521817470779 7318
0.3269480614682617 0.01079089139288703 7319
0.006592698602792997 0.04568771061299527 7320
0.3269630261248908 0.004199942222049664 7321
0.2430433646535224 0.03413826196620615 7322
0.3259667997673521 0.008955490638301474 7323
0.3198999999999784 0.01748038475774643 7324
0.3269609453149341 0.002999970164579343 7325
0.006024267424269843 0.05020355209117301 7326
0.3269113845899831 0.001108896861767876 7327
0.3269608144350179 0.002399992216145413 7328
0.3258954630148695 0.01541529170976069 7329
0.3261185925464558 0.01489246603777727 7330
0.3264854768930046 0.0143893226595913 7331
0.007078460969066721 0.04539999999999569 7332
0.3186999999999793 0.01748038475774378 7333
0.3269506075200145 0.01320906835802507 7334
0.3269508947639337 0.001787679892949629 7335
0.3190000062476178 0.0169607828372448 7336
0.2311653866776942 0.01917774620566366 7337
0.326441154273258 0.01349999999997516 7338
0.3193122228508324 0.0164109789200171 7339
0.3196000000000243 0.01592153903089921 7340
0.2293708609366659 0.02275261350508284 7341
0.2302681234711596 0.02096518712390226 7342
0.2178844224619732 0.0147487287120645 7343
0.237074141477281 0.03448220910008905 7344
0.2218776115959084 0.0145154035547275 7345
0.1451097536875366 0.02073601776631238 7346
0.2209803469273766 0.01630283655314624 7347
0.2238742062147337 0.01439874110298768 7348
0.1750586723535218 0.01898607731909388 7349
0.00660059928464417 0.0278147845076831 7350
0.007292592432813789 0.02770900315559247 7351
0.2160898933988018 0.01832359467616441 7352
0.1471063483922732 0.02061935435389845 7353
0.214990563389866 0.01665282420383248 7354
0.1890348340560179 0.01816943886527165 7355
0.1879355039816574 0.01649866758444279 7356
0.2050075906291029 0.01723613734295931 7357
0.1741614078526197 0.02077351052770203 7358
0.1387158387999611 0.01416959907781391 7359
0.204110326255917 0.01902357021382348 7360
0.1469042831238619 0.01716114954030836 7361
0.1412017410692217 0.005348206881727886 7362
0.1421028303331553 0.003561660723741582 7363
0.1414076355519779 0.008807300076874901 7364
0.1394110570931298 0.008923972020926544 7365
0.2284738027011354 0.02454037757602107 7366
0.04758891574917329 0.04182970888810859 7367
0.04733033874996802 0.04278569255283347 7368
0.3114210163475704 0.008662484609101875 7369
0.2295742810398194 0.0262144124967763 7370
0.2968974481616091 0.02219566425567929 7371
0.2952195344337699 0.0232741216761501 7372
0.1763930928134907 0.05883927345515372 7373
0.1533516117783711 0.04025219482184114 7374
0.05212707561123378 0.03411796126638998 7375
0.2987687816005697 0.0251167245504473 7376
0.2037066293807152 0.0664811161579329 7377
0.2040139873628853 0.06596632708631334 7378
0.2046068830228462 0.06596291008414236 7379
0.2033688282078977 0.06583067526386212 7380
0.2043161292742985 0.06544744227426405 7381
0.2049077084659801 0.06544480320996296 7382
0.1617933706191665 0.06648111615793402 7383
0.1614932314416906 0.06596215340332551 7384
0.160894013662877 0.06596215770724186 7385
0.1620875029554935 0.06593527914421941 7386
0.16119295188004 0.06544289761266818 7387
0.1605941981101009 0.06544329890769937 7388
0.1528115676521847 0.06648111615793327 7389
0.1531111149381728 0.06596190733646136 7390
0.1537108214231842 0.06596208090022992 7391
0.1525121385316528 0.0659770000276539 7392
0.152789341740698 0.06548254043452126 7393
0.1533952327439936 0.06545936100770837 7394
0.1539963149538616 0.06545395059372662 7395
0.1543095394316053 0.06596302082723424 7396
0.1546114146038848 0.06544329092681769 7397
0.1542253461434778 0.06472789466745654 7398
0.1552487541692699 0.0653746241965677 7399
0.155664057929224 0.06486643465423664 7400
0.1558816675470051 0.06541798517453319 7401
0.1564840929259167 0.06547219126525131 7402
0.1561408839823068 0.06595147427600186 7403
0.1567647092016317 0.0649264090861579 7404
0.157033866746061 0.06550057459466639 7405
0.1555272690127242 0.06592465159481145 7406
0.1558157145868078 0.06646497085536247 7407
0.1582004565410945 0.06648111615793385 7408
0.1585001091554636 0.06596187208803106 7409
0.1590993197613905 0.0659623398798949 7410
0.1579070775783701 0.06597488860831877 7411
0.1588002044727742 0.06547360769592524 7412
0.1593991856566206 0.06548124541729755 7413
0.1582390065428131 0.06547130185403979 7414
0.1585639767655718 0.06493797976097825 7415
0.1977212049350243 0.06648221796732776 7416
0.1974386198455606 0.06597272151185699 7417
0.1968209471453015 0.06590370949122604 7418
0.1980227338759663 0.06596395125548316 7419
0.1977402644729088 0.06545409579591108 7420
0.1983230364961949 0.06545503625896153 7421
0.198089327037586 0.06495600953615914 7422
0.1974165122508314 0.06501149019749214 7423
0.1978184868209648 0.06422790803621028 7424
0.1968226066355019 0.06518860341756133 7425
0.1962888955409833 0.06492535035413868 7426
0.1962868819586185 0.06553863170219389 7427
0.1957696982413779 0.06526727603737803 7428
0.1957450465698792 0.06481366038761004 7429
0.1962568902003743 0.06608020248774281 7430
0.1952572654785308 0.06503860387180416 7431
0.1952175027294302 0.06558439641637925 7432
0.1947132169492934 0.06530003557462841 7433
0.1942239781586941 0.06498013314380582 7434
0.1941616088176914 0.06559127457887243 7435
0.19368921938367 0.0652381434310382 7436
0.1937086448572299 0.06469276683800605 7437
0.1946560375340595 0.06592122830857464 7438
0.1936188771205945 0.06584726162803674 7439
0.1931638514016085 0.06549845241543849 7440
0.1930706500372938 0.06607707559683937 7441
0.1926451161476538 0.06572653100369708 7442
0.1925731106352527 0.06632426020224877 7443
0.1941416661972228 0.06617326710198672 7444
0.1162871977795363 0.06648111615793331 7445
0.1159876349789735 0.06598284245167507 7446
0.1153903592634277 0.06596699334059627 7447
0.1165915964972682 0.06599027042215314 7448
0.1156920378035848 0.06549677462937505 7449
0.1540095984637568 0.06648138264090028 7450
0.1360465022392235 0.06648092689749799 7451
0.1357467735535629 0.0659616846525944 7452
0.1351475886733913 0.06596230864065915 7453
0.135448044123707 0.06544320070157153 7454
0.1360380554672015 0.06544740128054927 7455
0.1357462763343867 0.06492262091012241 7456
0.13484938732385 0.06546993970210511 7457
0.1363452105614006 0.06596274497353878 7458
0.1369465272911255 0.06596277645715555 7459
0.1366472262527603 0.06544553405494663 7460
0.1372554363057792 0.0654514763369265 7461
0.1593981481480291 0.06648145392489266 7462
0.2061018518518482 0.06648145392489192 7463
0.2058024691357963 0.06596183868262173 7464
0.1114967528372683 0.06648111615793323 7465
0.1117964054516387 0.06596187208803091 7466
0.1111970931154026 0.06596202155177003 7467
0.1123650345002628 0.06597990526965389 7468
0.1120914324528123 0.06544538258143556 7469
0.1127663775148022 0.0655023861163752 7470
0.1123541195510548 0.06493993517360615 7471
0.1129796651933948 0.06485587077064423 7472
0.1132337478217008 0.0658306439626891 7473
0.1137896542103718 0.065867705876064 7474
0.1125663872933347 0.06434704229736139 7475
0.1114958870092952 0.06544274842979406 7476
0.1108969611383816 0.06544254162106129 7477
0.1117828046077794 0.06503849158434892 7478
0.1112108397461786 0.06492022404884658 7479
0.1106290715414875 0.06417514710457269 7480
0.1893362590103132 0.06648111615793148 7481
0.1896358062963031 0.06596190733646037 7482
0.1902355127813125 0.06596208090023184 7483
0.1890360273398095 0.06596213983070051 7484
0.1893356161194588 0.06544249025964514 7485
0.1887547337555385 0.06545369140686393 7486
0.1890533549526028 0.06493348737521622 7487
0.1896687541732228 0.06492135510154862 7488
0.1899361113938078 0.06544242418012462 7489
0.1905236562478382 0.06543990385269451 7490
0.190845385630502 0.06595411257968205 7491
0.1911349925093714 0.06540225589742862 7492
0.1913603812140076 0.06495347545071252 7493
0.1917268347378381 0.06539120771327847 7494
0.1919121502588972 0.06481609334246154 7495
0.1914411739168803 0.06594879757448671 7496
0.1797563335821696 0.06648111615793367 7497
0.1794567862961809 0.06596190733646334 7498
0.1800565652526752 0.06596213983070884 7499
0.1788648389645008 0.06596647169937087 7500
0.1791660347419128 0.06544717199073181 7501
0.179758859671216 0.06544325311531084 7502
0.1803552955121892 0.06544469969539897 7503
0.1097004243924231 0.0664811644103567 7504
0.1099995041880304 0.06596213285926072 7505
0.1094005096016796 0.06596221104630019 7506
0.1096994175538263 0.06545130797372786 7507
0.1091005188412705 0.06545255293246231 7508
0.1605956790122336 0.06648145392489427 7509
0.1139397702332171 0.06646101552147153 7510
0.1821510738251115 0.06648111615793169 7511
0.1824506198720898 0.06596607619542419 7512
0.1830498939816761 0.06598502131949704 7513
0.1818513506286913 0.0659796872171084 7514
0.1821606957733539 0.06541328557038779 7515
0.1510152231479927 0.06648106607194018 7516
0.1513143708853765 0.06596151313841468 7517
0.1507154365809731 0.06596226366522517 7518
0.1510145058899461 0.06544242418012627 7519
0.1504155798709188 0.06544488669032396 7520
0.1515976208377671 0.06546675020059115 7521
0.1761637409895692 0.06648111615793384 7522
0.1758641937035821 0.0659619073364632 7523
0.1764634883929148 0.06598681361650449 7524
0.1752835839903717 0.06598082670777826 7525
0.1755212534484658 0.06549056322525534 7526
0.1761596820672265 0.06538601228802844 7527
0.1126565207886794 0.0664874031139915 7528
0.1150921921364501 0.06648377722065424 7529
0.1677807034547081 0.06648111615793308 7530
0.168106199023102 0.06597681366108502 7531
0.168661657360654 0.06597752429088911 7532
0.1683544597571876 0.06547767906674171 7533
0.1674810933119953 0.06592730723406692 7534
0.1669285556993494 0.06560820705110595 7535
0.1851452224710709 0.06648111615793448 7536
0.1848456751850837 0.06596190733646237 7537
0.1854459750729546 0.06595114381218084 7538
0.184246367124417 0.06596234019402571 7539
0.1845453700875805 0.06544242418012471 7540
0.1838749739503786 0.06545776012943599 7541
0.1834877890444854 0.06514072073314037 7542
0.1847765397621876 0.06484256855758015 7543
0.1851240130613938 0.0654085680013663 7544
0.1857967250127967 0.06528375028671767 7545
0.185836034068971 0.06464788086538102 7546
0.1860658496931678 0.06584443958700056 7547
0.1864348295492379 0.06532086410324889 7548
0.1866837641852402 0.06585613303477333 7549
0.1869600479515775 0.06641296513314879 7550
0.1872741192600794 0.0658767550889981 7551
0.1408365804956404 0.06648111615793337 7552
0.1405370552347772 0.06599715445807164 7553
0.1411196179904051 0.06597788129922502 7554
0.1399368582255472 0.06600340664029103 7555
0.1407563685504593 0.06545602901208804 7556
0.1444365851058791 0.06647067923170227 7557
0.1441343251073662 0.0659450232312089 7558
0.1435307025347596 0.06595926688269066 7559
0.1438293207047451 0.06544242418012641 7560
0.1432294943324101 0.0654423565659977 7561
0.1429308407808455 0.06596176503809589 7562
0.1426479717078556 0.0654533251693916 7563
0.1435221579492638 0.06492883030331173 7564
0.1447490182883884 0.06594563351873878 7565
0.1453524880747004 0.06598358324811415 7566
0.1450876336453791 0.06537014673510504 7567
0.1429272442562462 0.06488427695664063 7568
0.1423129412746389 0.06492570177348375 7569
0.1767625565538417 0.06648543734854725 7570
0.1713732960473082 0.06648111615793327 7571
0.171693839706222 0.06597395062471667 7572
0.1722540272054303 0.06597669980577438 7573
0.1719731484307978 0.06544242418012407 7574
0.1710791330013058 0.06589962736333212 7575
0.2013118891377735 0.06648111615793342 7576
0.201002762824453 0.06596734947907823 7577
0.2004110388622208 0.06596298792399866 7578
0.2015712466551938 0.06593870248135449 7579
0.200701223501199 0.06545185040398697 7580
0.2001100098973257 0.06544454869073654 7581
0.1998130350902617 0.06596316778395804 7582
0.1995127592495768 0.06544398487390193 7583
0.1997515501084879 0.06502796681898755 7584
0.2004116700223134 0.06492302223456338 7585
0.1348487654319097 0.06648145392489441 7586
0.1432312127249292 0.0664807043397887 7587
0.1486205311129423 0.06648111615793326 7588
0.148320983826955 0.06596190733646283 7589
0.1489207627834482 0.06596213983070841 7590
0.1477305417258665 0.06596733929127976 7591
0.148031804911514 0.0654483269350308 7592
0.1486231036375991 0.06544347016818719 7593
0.1492208550904599 0.06544340982218735 7594
0.1180831884964679 0.06648094714297 7595
0.1183828662600633 0.06596168802684084 7596
0.118985572762618 0.06591722972735028 7597
0.1186830249738687 0.06544242418012529 7598
0.1180830972399031 0.06548288921274439 7599
0.1196720247080969 0.06591225787607716 7600
0.1197988241845131 0.06533987365403393 7601
0.120214170049582 0.06564948026743035 7602
0.1186240304673837 0.06430423450896386 7603
0.1177836656517155 0.06596877805495902 7604
0.1174883081068017 0.06548776683624985 7605
0.1653845360770502 0.06648029430314413 7606
0.1650686524737616 0.0659701599777239 7607
0.1644426654443911 0.06593105365610437 7608
0.1647343368582321 0.06543583833847895 7609
0.1638198376957143 0.06593993085371547 7610
0.1634661052965178 0.06548539053326932 7611
0.1656548260208225 0.06595711444300259 7612
0.1641636498222338 0.06647384465047464 7613
0.1324535813650814 0.06648096026590256 7614
0.1327532403801684 0.06596169021399562 7615
0.133352911975026 0.06596216110405306 7616
0.1330534047919553 0.06544239881570967 7617
0.1336526219977149 0.06544305220622493 7618
0.1324534836848837 0.06545837404403396 7619
0.1327721676999698 0.06495236707804097 7620
0.133356696489776 0.06492801595892399 7621
0.1339374208609791 0.06495878580904615 7622
0.1321536890295281 0.06596424912047495 7623
0.1318535483916838 0.06546135235084188 7624
0.1315546688387843 0.06596574439650979 7625
0.1312722026543843 0.06545660769834513 7626
0.1315670772520881 0.0649826772426931 7627
0.1468245289730012 0.06648209338827039 7628
0.1465062089612906 0.06597895931038525 7629
0.1258670780072951 0.06648092689749965 7630
0.1261668066929527 0.06596168465259636 7631
0.1267663996785574 0.06596204378625484 7632
0.1264669755911698 0.06544242418012559 7633
0.1270669706221146 0.06544285051119741 7634
0.1273653763167429 0.06596272739774643 7635
0.1276528289557121 0.06545860758377392 7636
0.1258916763454641 0.06549445145846619 7637
0.127301065845024 0.06468906098338309 7638
0.1255669743125198 0.06596130457754727 7639
0.1249679068556368 0.06596758719623154 7640
0.1300587731826691 0.06648095496318096 7641
0.1297591067766407 0.06596168933020892 7642
0.1291594337677258 0.06596216106570787 7643
0.1294589642313257 0.06547492564182253 7644
0.1288598503301729 0.06548095763567452 7645
0.1300400167155436 0.06545864358585776 7646
0.1303546256634686 0.06596504896943983 7647
0.1222747235063531 0.06648119756497264 7648
0.1225866636712356 0.06596908247570106 7649
0.1231756959629138 0.06596316915662939 7650
0.1228938864184047 0.0654525875071596 7651
0.1234786430254886 0.06544401982967665 7652
0.1815523781229364 0.06648442551101143 7653
0.1288611111109091 0.06648145392489453 7654
0.1731698817476603 0.06648128290163875 7655
0.1734908271008584 0.06597434951851494 7656
0.174060594440071 0.06597102377228289 7657
0.1737694447271007 0.06544242418012496 7658
0.1803549382715427 0.06648145392489511 7659
0.1168866890495919 0.06648613341063542 7660
0.1384413708915829 0.06648120866959925 7661
0.1387405143713924 0.06596171041176131 7662
0.1204783950615075 0.0665163953209498 7663
0.1743660983000152 0.06648298048477458 7664
0.1234722222220075 0.06648145392489538 7665
0.16957716049374 0.06648145392489486 7666
0.1698996697927006 0.06597571706649552 7667
0.1414323759521205 0.06648419606399189 7668
0.1312559326501618 0.06648215677566623 7669
0.1576027988963692 0.06649274757295355 7670
0.1210771604936073 0.06648706938340562 7671
0.1213708355040063 0.06597040373292765 7672
0.165979296975095 0.06648412697762292 7673
0.1474241732451726 0.0664823062469774 7674
0.1108979518865763 0.06648130533776014 7675
0.119280864197306 0.06648145392489503 7676
0.1492191358023126 0.06648145392489334 7677
0.1270650932976268 0.06648136365734469 7678
0.2001134451974296 0.0664815583043156 7679
0.1336512345677121 0.06648145392489674 7680
0.1779598765431394 0.06648145392489976 7681
0.1776318196436664 0.06597892763226043 7682
0.1396385087616157 0.06648764511566276 7683
0.1839475308641426 0.06648145392489654 7684
0.1504166666665126 0.06648145392489097 7685
0.1689756312254709 0.06648389716968384 7686
0.174968844940953 0.06648486873400358 7687
0.1522127892324162 0.06648323615232701 7688
0.1833488827915352 0.0664853134093106 7689
0.17855964902612 0.06648205507109957 7690
0.08754645703884135 0.06648111615793528 7691
0.08724701201947097 0.06596187208803411 7692
0.08664770325529682 0.06596202959384313 7693
0.08784633239132225 0.06596215954236097 7694
0.08754715490822393 0.06544242886776938 7695
0.0881463317124867 0.06544300505408421 7696
0.08694722340912803 0.06544232641795175 7697
0.0863476519416812 0.06544596641824041 7698
0.1905361489620097 0.06647989793297612 7699
0.06060188409294322 0.06648122728689594 7700
0.06089370092977687 0.06596648907203176 7701
0.06153682355419385 0.06587480611195662 7702
0.02647206147945983 0.06648111615793492 7703
0.02677171409382848 0.06596187208803381 7704
0.02737103089361968 0.06596216758443017 7705
0.02617202899986807 0.06596161393415073 7706
0.02707185572019655 0.06544242630056733 7707
0.02767102626529326 0.06544328937203785 7708
0.02738234651827003 0.0649116806072154 7709
0.02647198596273001 0.06544218778004814 7710
0.02587189145553304 0.06544183972906631 7711
0.02674503405645651 0.06483905911176045 7712
0.02603614105476832 0.06484111849997065 7713
0.02553139050693127 0.0650001687003141 7714
0.02522650181054538 0.06544926504436277 7715
0.06180589933774316 0.06646685603525693 7716
0.06213276452621029 0.06598491292812857 7717
0.03305884791838179 0.06648092689750014 7718
0.03275911923272425 0.06596168465259715 7719
0.03215943430828061 0.06596216086277441 7720
0.03245904002503737 0.06544234459952085 7721
0.03305950138628935 0.06544203732865006 7722
0.03185999386627943 0.06544194726918345 7723
0.03335907294721267 0.06596185098155827 7724
0.03395803697144342 0.0659745368591903 7725
0.03367158987262753 0.06547050328402187 7726
0.03342656371554308 0.0648988803526751 7727
0.03274533124145315 0.06478913442283517 7728
0.03203149390938948 0.06475569531886058 7729
0.08515123456771995 0.06648145392489595 7730
0.08545059740953422 0.06596394243920092 7731
0.02766999183492161 0.06648133771860787 7732
0.02886728395058194 0.06648083036925445 7733
0.02856791288518429 0.06596192606541278 7734
0.03006500770605389 0.06648107533098045 7735
0.02976576093604999 0.06596157949486117 7736
0.03036478847386466 0.06596227626780859 7737
0.03006588805533507 0.06544332341998657 7738
0.02947301549778414 0.06544586608922823 7739
0.03066397215728789 0.06544368482118104 7740
0.03147488950205109 0.06493516586939471 7741
0.08634856262181574 0.06648131472017678 7742
0.03186111111107174 0.06648145392489584 7743
0.08395386464383581 0.06648092310603151 7744
0.08365417346051369 0.0659616840206859 7745
0.08305449571113159 0.06596216083535912 7746
0.08335401020572442 0.06544239382250346 7747
0.08275479800782209 0.06544304271544817 7748
0.08395391738571015 0.06544200120281581 7749
0.08365367497079863 0.06492261574678254 7750
0.08301965488839137 0.064910629511763 7751
0.08336560777559998 0.06443934726030363 7752
0.08425348350672443 0.06596179045421417 7753
0.08455393020570545 0.06544173006347281 7754
0.08430282036601734 0.06488916640536418 7755
0.03545373265823122 0.06648733848969476 7756
0.03514975627006119 0.06597301162918651 7757
0.03066358024687566 0.06648145392489561 7758
0.03665123456785527 0.06648376750084603 7759
0.03632977586356144 0.0659625660023542 7760
0.0378487654320508 0.06648104082305974 7761
0.0375382243748817 0.06595429520187468 7762
0.1091016023626171 0.0664813449622528 7763
0.02467567482226575 0.06648139705130035 7764
0.107904128096129 0.06648116441035881 7765
0.108203329834205 0.06596206020912682 7766
0.1076042336291293 0.06596219893794815 7767
0.1079031163483033 0.065465422356033 7768
0.10730423531203 0.06546941650591483 7769
0.03904648918752146 0.06648107533098079 7770
0.03874724241751821 0.06596157949486089 7771
0.0393395658793026 0.06596612214693466 7772
0.03905597689800291 0.06543799940442938 7773
0.03844722744047769 0.06544204792032061 7774
0.03876342993126355 0.06492217246638389 7775
0.03781565696663769 0.06538645165496788 7776
0.03743848139584699 0.06490918209913865 7777
0.03721615841864541 0.0654432385721592 7778
0.0365820434362116 0.06536594629124438 7779
0.03613885108244051 0.06467814197761534 7780
0.03966767342867304 0.06548114796188115 7781
0.04004303181381631 0.06498551049991338 7782
0.04027125529071139 0.06548423018932528 7783
0.03595283915249899 0.06540227398644538 7784
0.02587270838538726 0.06648079355209266 7785
0.07497201627895135 0.06648092689750022 7786
0.07527174496460912 0.06596168465259733 7787
0.0758709590235761 0.065962269395937 7788
0.07557191386282817 0.06544242418012834 7789
0.07617047101185459 0.06546372504490808 7790
0.07497199355217671 0.06546735060361067 7791
0.07528477478758692 0.06495942669209497 7792
0.0758554653197378 0.06496421760089857 7793
0.07467211615075393 0.06596595373146871 7794
0.07407255969500469 0.06596278631515079 7795
0.07436949824690317 0.06547420157551927 7796
0.07376891693800011 0.06544974277351225 7797
0.07347191352287125 0.06596281457214694 7798
0.07318700771688179 0.06545299293282275 7799
0.07353238563115844 0.06487701075330664 7800
0.0761697530862611 0.06648145392489488 7801
0.07736713911381626 0.06648094714297084 7802
0.07766681687741174 0.06596168802684266 7803
0.07826596751828027 0.06596232399459875 7804
0.07795748738666722 0.06544784266547959 7805
0.07736588834259334 0.06544265951600749 7806
0.07765661391775353 0.06493191638525737 7807
0.07856559526477093 0.06544590186718542 7808
0.07706485076363467 0.06496799506004773 7809
0.07745789057801776 0.06413814095621927 7810
0.07706782064798967 0.06596182721226021 7811
0.05940428885223163 0.06648122724113492 7812
0.05910142624507195 0.06596383906054973 7813
0.05850507048740473 0.06599576054269028 7814
0.05880462934677646 0.06544242418012879 7815
0.01869101750562936 0.06652601332621952 7816
0.0180841565603428 0.06652684243575711 7817
0.09832423481658509 0.06648111615793556 7818
0.09802468753059834 0.06596190733646601 7819
0.09862409312462907 0.06596216541709944 7820
0.09742538915102372 0.06596234575464049 7821
0.09770278314691916 0.06538879139554231 7822
0.09712438740214778 0.06544285051120306 7823
0.09832500028251902 0.06544242418012822 7824
0.09890941848375435 0.06547030501677491 7825
0.02407711864319513 0.06648123633846512 7826
0.02437617051343938 0.06599122863947228 7827
0.106107831799839 0.06648116441035791 7828
0.1064070335379158 0.06596206020912646 7829
0.1058079373328408 0.06596219893794615 7830
0.1061275904887241 0.06545472084570535 7831
0.1055247056879478 0.06546405094345435 7832
0.08275617283932801 0.06648145392489586 7833
0.09293534592771324 0.0664811161579355 7834
0.09263340002734478 0.06597631811282244 7835
0.09320432031032955 0.06598267301093856 7836
0.09203608202854607 0.06597536664827602 7837
0.09238495291788443 0.0654147870475344 7838
0.09470976348676959 0.06647495523419279 7839
0.09498511834731388 0.06595279070249706 7840
0.09562276351181301 0.06596045386109782 7841
0.095278361487598 0.06544734202990331 7842
0.095901514415086 0.06543848682500747 7843
0.09605261351982455 0.06471467738195555 7844
0.09498227988340462 0.06492754074853511 7845
0.09462461098943567 0.06541193967365597 7846
0.09399948735465352 0.06542870014897 7847
0.09359251399072925 0.0650001766642298 7848
0.06958312739007905 0.06648092689750046 7849
0.06988285607573692 0.06596168465259784 7850
0.07048214714977348 0.06596213634519228 7851
0.07019767536395394 0.06539969661411685 7852
0.06958302990952224 0.06544204792032159 7853
0.07079561251598288 0.06540999282631263 7854
0.06990545490740452 0.06485057810335872 7855
0.06928312119918714 0.06596152500613864 7856
0.06868404525474443 0.06596216365240647 7857
0.06902278491161505 0.06536881008652452 7858
0.06840936327705856 0.0654576042100509 7859
0.04862626685651041 0.06648090158452924 7860
0.04892600139205972 0.06596165001841132 7861
0.04952574807585403 0.06596215936018222 7862
0.0492262306482644 0.06544239182580261 7863
0.04862625256658399 0.06544195090788438 7864
0.04894498190074396 0.06489450682784939 7865
0.04981343559582784 0.06543709861378105 7866
0.04833957178113181 0.06493517722710906 7867
0.04804395838562479 0.06545336291969479 7868
0.04846596430291908 0.06424991679870135 7869
0.04952660158253656 0.06492302223457039 7870
0.04832927432500071 0.0659636849803673 7871
0.04773019373993446 0.06596436870941165 7872
0.04744529256308738 0.0654635494393648 7873
0.047131594484004 0.06596660670238302 7874
0.04684435756986742 0.06547254042971086 7875
0.02287962962960619 0.06648121608775542 7876
0.02317901234565474 0.06596183868262545 7877
0.02168209876541222 0.06648124581739795 7878
0.02198148148146079 0.06596183868262538 7879
0.0420402820908668 0.0664810950819856 7880
0.041740824068505 0.06596172104372856 7881
0.04234046055430941 0.06596182269579405 7882
0.0420410297173064 0.06544234755262408 7883
0.04264100683270886 0.06544255227214232 7884
0.04146084082504462 0.06545344947509718 7885
0.04176341147380364 0.06495150075531252 7886
0.04115405951721998 0.06596917119971299 7887
0.04088868856718903 0.06548318460172547 7888
0.04240420926505399 0.06491410899853853 7889
0.04295551439765339 0.06497345553551939 7890
0.0432405354851309 0.06542758716607069 7891
0.04386361274487886 0.06521265706586556 7892
0.04406724621261784 0.06476656999859631 7893
0.04446381363541151 0.06514332081020924 7894
0.04422334347833705 0.06569417129799379 7895
0.04484567298704438 0.06561319392182791 7896
0.04468100461454073 0.06464439649885032 7897
0.0647932421176256 0.06648122728689677 7898
0.06509282135364827 0.06596454197468254 7899
0.06569207895983128 0.06596609254194453 7900
0.07856485081561601 0.06648155222659316 7901
0.09712654320966117 0.06648145392489746 7902
0.1018909619329642 0.06646375305680748 7903
0.102186357215543 0.0659416151367189 7904
0.1028106243108219 0.06595859126680237 7905
0.1025105247728485 0.0654384540890777 7906
0.1030931514404833 0.06545366546297067 7907
0.1027502001110395 0.06481584600887071 7908
0.1018781526713364 0.06536128410278223 7909
0.1021681041689682 0.06493461042507846 7910
0.1012795588475111 0.06527058396657433 7911
0.101473618191004 0.06587768529270097 7912
0.1008577504917453 0.06569199562419861 7913
0.05341682740930085 0.06648111615793528 7914
0.05311728160103231 0.06597744304042769 7915
0.05371657760139181 0.06600748595975708 7916
0.05250631097963674 0.06599932276291048 7917
0.06718826819716105 0.06648129203560157 7918
0.06748730462194033 0.06596220064285524 7919
0.08934259249974055 0.06648127553932011 7920
0.08904339493190964 0.06596206446655319 7921
0.04383678935421927 0.06651080947914603 7922
0.04263933024910076 0.06648108988920857 7923
0.05700927532307672 0.06648128479097756 7924
0.05730577166836568 0.06596382801406238 7925
0.0444352291852601 0.06652536466670343 7926
0.04563266418542365 0.06648517282458702 7927
0.04593170026305991 0.0659710241380191 7928
0.05102176010595878 0.06645656163416441 7929
0.05132107744340027 0.06592603835803262 7930
0.05521315585413762 0.06648116441035828 7931
0.05491396272113913 0.06598837137463508 7932
0.055504092758763 0.06597174810968243 7933
0.05521761209874619 0.06549034923455446 7934
0.05581049750428597 0.0664829439400077 7935
0.07078110380344851 0.06648133251206916 7936
0.07197834790398136 0.06648125891415919 7937
0.07167919457131045 0.06596206343175741 7938
0.09054012344335834 0.06648127549355833 7939
0.09085523631482807 0.06597140703105342 7940
0.09173736649141861 0.06648353756258318 7941
0.1043117283948237 0.06648145392489652 7942
0.1046116105759151 0.06596336148277723 7943
0.08096003728576726 0.06648111615793514 7944
0.08066059226639639 0.0659618720880345 7945
0.08125980644438043 0.06596233183783042 7946
0.08006096011600537 0.06596188267632634 7947
0.08096071298744589 0.06544958354532643 7948
0.08155957129575761 0.06544439343495367 7949
0.08119644425953776 0.06495071400883923 7950
0.08036074163330761 0.06545068584423054 7951
0.07976134123754014 0.06544414117931199 7952
0.08814529392796627 0.06648132833619319 7953
0.03963496958655995 0.06648737866687701 7954
0.05221697255125683 0.06648753024835552 7955
0.07976234567884295 0.06648145392489668 7956
0.0408536860780988 0.06648789035669006 7957
0.06599107187352465 0.06648203967040088 7958
0.08155864197513422 0.06648145392489588 7959
0.09351848412002428 0.06649091739968152 7960
0.09592812214764221 0.06648085553920287 7961
0.1001139732477317 0.06648496132784118 7962
0.09981333934444371 0.06596744907874433 7963
0.1031141975306303 0.06648145392489616 7964
0.06359570798984265 0.06648128099536511 7965
0.06328119339839144 0.06595643813497296 7966
0.04982454722080727 0.06647758492716922 7967
0.05820647773669225 0.06648693654498533 7968
0.1073053094536152 0.06648134294419529 7969
0.05401564343836075 0.06648888273909272 7970
0.1671820072799841 0.06650051016174016 7971
0.204904773774175 0.0664814614685582 7972
0.1007116724927589 0.06651616994873047 7973
0.1725682081369872 0.06648373125162119 7974
0.1623919753085344 0.06648145392489754 7975
0.1887376543209427 0.0664814539248943 7976
0.105509013157325 0.06648134294419462 7977
0.1707754112092601 0.06647090630635336 7978
0.09892306886497072 0.06648132931531625 7979
0.2019038538915428 0.06647369998125216 7980
0.1983188152659407 0.06648159537857264 7981
0.2031014094838043 0.0664319376501069 7982
0.1857438271604396 0.06648145392490364 7983
0.3005455716767618 0.02603633654896144 7984
0.2482671026016494 0.00152225669760909 7985
0.1863174725862433 0.001606617827997588 7986
0.2818283694744376 0.001662818062202701 7987
0.2442686678726158 0.001639029006297496 7988
0.1823239318953724 0.001656557832710955 7989
0.1783301993540272 0.001699716499125277 7990
0.2362782004654683 0.001691458014851769 7991
0.2402720632518959 0.00164382731024104 7992
0.1903127538188628 0.001644786691471426 7993
0.3081544700448223 0.001716943578881135 7994
0.03490193958861504 0.001591720960034054 7995
0.03090376789628656 0.001661150659449671 7996
0.01693413317548007 0.001817820623010454 7997
0.1266262014403933 0.001710729081918915 7998
0.1605295370308329 0.001665701587904776 7999
0.1527965287155433 0.001664123092090932 8000
0.1567750218830901 0.0016171756236211 8001
0.1286184085955011 0.001726927275003718 8002
0.3260069467773482 0.0005647178071834107 8003
0.3259190284633703 0.001172186516576954 8004
0.325169230104055 0.001456347371702148 8005
0.1782339786880411 0.0480183272612807 8006
0.1779345902488326 0.0485372887987312 8007
0.1773352617333187 0.0485369312707448 8008
0.1785339526235594 0.04853728016367784 8009
0.1776342447992224 0.04905661352754952 8010
0.1770528103515985 0.0490452544017901 8011
0.1767400119160885 0.04853430165143437 8012
0.1782343080828976 0.04905672998836715 8013
0.1788330923790016 0.04905398727973312 8014
0.1764080845487169 0.0490664800460526 8015
0.1752441670326381 0.04801823295662184 8016
0.1755424953199342 0.04850389363674826 8017
0.1749441431831901 0.04853155339751663 8018
0.1753163386955743 0.04905320993390686 8019
0.1746560470378277 0.04905125193952764 8020
0.1985594995729468 0.04801832726127959 8021
0.1988587386462096 0.04850870262791711 8022
0.1982599100281469 0.04850302139896562 8023
0.1994451858459198 0.04852462614434603 8024
0.1991242672317933 0.04906693045897904 8025
0.167473109122788 0.04801832726127891 8026
0.1671739234506833 0.04852034234332861 8027
0.1665750999039679 0.04851702778992713 8028
0.1677745787602097 0.04853517570735009 8029
0.167494904992436 0.04902472029303481 8030
0.168078914456376 0.04907014276886699 8031
0.1860051517468696 0.04801832726127715 8032
0.1863043545650847 0.04853722672704344 8033
0.1869038377647546 0.04853692092546233 8034
0.1857047437229917 0.04853681716236921 8035
0.1866044152026329 0.04901998663779854 8036
0.1872046938956026 0.04901333527546264 8037
0.1875022245759898 0.04852900822738553 8038
0.1877795737282835 0.04903325980827584 8039
0.1874501157888175 0.04958752320636065 8040
0.1860041385241735 0.0490503269216369 8041
0.1854252112678861 0.0490429584167641 8042
0.1863332295904963 0.04949290523189373 8043
0.1857785766103622 0.04945312381309445 8044
0.2105165873836332 0.04801832726127826 8045
0.2102173845654116 0.04853722672704527 8046
0.2108168732184496 0.04853731401823239 8047
0.2096186199845516 0.04853645548630464 8048
0.2105265808505487 0.04905143304544164 8049
0.2111193028608818 0.04905548707041491 8050
0.210830799110325 0.04954820940413848 8051
0.2114208461904275 0.0495704259358884 8052
0.2117185334874547 0.04905463970841599 8053
0.2120185802081921 0.04957433907808195 8054
0.2123141804182555 0.04905649660912251 8055
0.2126358480471517 0.04958416775553366 8056
0.2123801527672209 0.0501532121949245 8057
0.2130170029219845 0.05011230983487839 8058
0.21324787327586 0.04955103753260823 8059
0.2135939587172239 0.05002779722419345 8060
0.2133992991022008 0.0505994377402442 8061
0.2128021030038168 0.05066857029069891 8062
0.2138112553861972 0.04951127601547996 8063
0.2134768037298694 0.04901142610194911 8064
0.2131995094239156 0.05114599445177889 8065
0.2138891711417454 0.05108627251467249 8066
0.2135267249174748 0.05164556959787031 8067
0.2131787127270626 0.05215264767159952 8068
0.2138853293694022 0.0522011662988553 8069
0.2134319086927595 0.05268738790527687 8070
0.2099179660155819 0.04905266502978529 8071
0.2093109353621162 0.04904920053444711 8072
0.2120153002227407 0.04853613506882823 8073
0.1770380434783181 0.04801773257835968 8074
0.1872010869565853 0.04801773257835701 8075
0.1997542134611399 0.04801577464322834 8076
0.20007508885686 0.04865259003675027 8077
0.1656793478261031 0.04801773257836085 8078
0.1653814108854371 0.04849919911183835 8079
0.1662767827671256 0.04801464739583343 8080
0.1818209574773459 0.04801855009216095 8081
0.1815215727493987 0.04853754876808909 8082
0.1809222225848582 0.04853697459896011 8083
0.181221213570322 0.04905668317967189 8084
0.181821185932816 0.04905727227746493 8085
0.1806212955432772 0.04903355267411295 8086
0.1803240735445113 0.04853198734808743 8087
0.1800240279883818 0.04902717839320452 8088
0.1809375495324169 0.04952859640886781 8089
0.1821203091720708 0.0485373098545574 8090
0.1824200509619586 0.04903326247865589 8091
0.1822464590278219 0.04960743081918345 8092
0.1816025127385 0.04964357303593084 8093
0.1812503150082808 0.05026372777851237 8094
0.1710600656445133 0.04801832726127681 8095
0.1707608686799813 0.0485252137131731 8096
0.1713596005841038 0.04852183350328635 8097
0.1701610056205818 0.04853664086211777 8098
0.1854076086957078 0.04801773257834663 8099
0.2093206521739205 0.0480177325783503 8100
0.1889949634022434 0.04801823295661925 8101
0.1886962794658678 0.04853698896471496 8102
0.1892953630205056 0.04853675238425773 8103
0.1890087688087326 0.04904670215795486 8104
0.1895789335855075 0.0490193349200501 8105
0.197961749426292 0.04801203399081573 8106
0.1746460300864402 0.04801741250253167 8107
0.1716580044905769 0.04801645772634022 8108
0.1824187322492669 0.04801797566189578 8109
0.2021464560946833 0.04801832726127526 8110
0.2024497869187904 0.04853500697780971 8111
0.2030205867097876 0.04852216307241831 8112
0.2027250079821682 0.04904366306716835 8113
0.2018654771947668 0.04856461843220877 8114
0.2069290394589668 0.04801865500326817 8115
0.2072284236762791 0.04853767116437986 8116
0.2078279490247255 0.04853678238692002 8117
0.2075287876364238 0.04904436537775573 8118
0.2081274119569975 0.04903863616281354 8119
0.2069288399092773 0.04905539100681655 8120
0.2072953064777571 0.04955104380432444 8121
0.2066105064951491 0.04955166924340435 8122
0.2063256985433535 0.04905151732679386 8123
0.2071177134820892 0.05018606686083256 8124
0.206628244936865 0.04853860731407326 8125
0.2060283793073847 0.04853872204445028 8126
0.205754230595534 0.04904055883325887 8127
0.2054598840309794 0.04852064712761731 8128
0.1614849787550608 0.04805304078070242 8129
0.1913855865294899 0.04801832726127576 8130
0.1916774817554099 0.04852530453434609 8131
0.1910709792023876 0.04852630362452032 8132
0.1922888479366736 0.04852412563369977 8133
0.1961687612967005 0.04801832726127673 8134
0.1958695633908565 0.0485269407904587 8135
0.1952707537967987 0.04851359187035847 8136
0.1964691396761064 0.04852680624271152 8137
0.2111154541192914 0.04801859242538628 8138
0.1836144700777975 0.04801824230657055 8139
0.1833164274619135 0.04853662978397476 8140
0.1839141892664408 0.04853635599578779 8141
0.1836205740289463 0.04905367791618687 8142
0.184202831186309 0.04904745725195574 8143
0.1839164078073915 0.04957584847681001 8144
0.1788315217392116 0.04801773257834663 8145
0.1698631227978354 0.04801777709618594 8146
0.1696009219167102 0.04860014200869706 8147
0.1693490147947581 0.04915455388792422 8148
0.1690031002050314 0.04859947718569009 8149
0.1687073308233737 0.0491024020575748 8150
0.1728536287697225 0.04801841541424724 8151
0.1725551295114434 0.04853792056168138 8152
0.1731532530131767 0.04853659997668752 8153
0.1728548316062606 0.04902859111995356 8154
0.1734529950950073 0.04905014239547277 8155
0.172256404165307 0.04902414944420695 8156
0.1731196148139239 0.04951127175640466 8157
0.1737555372386784 0.04957509455198132 8158
0.1734561906590377 0.05009508634645836 8159
0.2039402173913332 0.04801773257834663 8160
0.2042268497526873 0.04851523304638299 8161
0.1680732733575057 0.04802296748592913 8162
0.1734510869565415 0.04801773257834713 8163
0.1931795744633226 0.04801803406760464 8164
0.1934789397344804 0.04851835307841984 8165
0.1940770763830117 0.04851049800437841 8166
0.1938263823719799 0.04903372689653644 8167
0.1943752215116141 0.04801326593259579 8168
0.2051395214725863 0.0480149576316338 8169
0.2081250000000105 0.04801773257834504 8170
0.1907853674912084 0.04801589827322209 8171
0.2015489130435201 0.04801773257834325 8172
0.1949726421761578 0.04801303713596762 8173
0.1925828260227268 0.04801588061799526 8174
0.2057377829757486 0.04801534323034132 8175
0.18062500000007 0.04801773257834003 8176
0.1842119565218041 0.04801773257834265 8177
0.2135050330014979 0.0480070374347697 8178
0.1967668127361504 0.04801629093558821 8179
0.2033388026830436 0.04801550327624089 8180
0.1895923913044198 0.04801773257833759 8181
0.02556517023012806 0.06596307757722066 8182
0.07946226555033473 0.06596250388145958 8183
0.003590774998728273 0.02891026633815016 8184
0.1246694211737634 0.06648252158755263 8185
0.1372441502371903 0.06648175417473101 8186
0.03425666693415699 0.06648346040621569 8187
0.07377378950354063 0.06648153938822278 8188
0.06838532619392659 0.06648139820508593 8189
0.1995149367091579 0.06648185411965944 8190
0.1546105631765815 0.06648019605053064 8191
0.1276638965048207 0.06648174828079469 8192
0.1911337280319132 0.06648081857014955 8193
0.1426322467923131 0.06648133648055463 8194
0.2222288876858054 0.03549005048980611 8195
0.2214063538798519 0.03602639378083654 8196
0.221718985420007 0.03659180686625126 8197
0.2210102900306945 0.0355369687584534 8198
0.2208386516826969 0.03606183241338649 8199
0.2212893110805473 0.03477126310815805 8200
0.06240510351803503 0.06648279390393075 8201
0.1351966216336498 0.005642026565136343 8202
0.2784323372431341 0.04748169605411057 8203
0.2787316815268487 0.04696298288325265 8204
0.2793306977807143 0.04696385158608912 8205
0.2790531412227443 0.04646581329779013 8206
0.2796565925556408 0.04646100065013876 8207
0.2799335457620008 0.04696674839571016 8208
0.280236562731969 0.04644842491902815 8209
0.2799661654320802 0.04594557451392869 8210
0.2805522440108282 0.0459137617632027 8211
0.2808568026049167 0.04645428433909771 8212
0.2784494779220223 0.04646458670494075 8213
0.2811638403474021 0.04593473930532756 8214
0.2814869366759584 0.0464034642787104 8215
0.2820701472429209 0.0463382569510772 8216
0.2823024311537902 0.04589764016220437 8217
0.282664128401977 0.04632477431764655 8218
0.2817959158822137 0.04694045448833981 8219
0.2828103701723509 0.04575839994114458 8220
0.2832122190074157 0.04632186083200027 8221
0.2829573758950388 0.04686572277110037 8222
0.2835688582548214 0.04682692096471764 8223
0.2838300546344908 0.04622888621280841 8224
0.2841622966330303 0.04682376751588727 8225
0.2844645897737079 0.04629997829852372 8226
0.2847466039043056 0.04683892987512249 8227
0.2850476258631106 0.0463065065123873 8228
0.2847183333561463 0.04572276808947884 8229
0.2853483421874305 0.04683198327817914 8230
0.2856744445465475 0.04620431686160095 8231
0.2859598044003866 0.04681174445499293 8232
0.286264529881224 0.04628529332263333 8233
0.286559520661249 0.04681135150058932 8234
0.2868629701744809 0.04628188294105998 8235
0.2866670407575072 0.04569151659729571 8236
0.2871423352378621 0.04682398638385692 8237
0.2874601084104541 0.04631395398508117 8238
0.2877467714447153 0.0468184515827235 8239
0.2880603575056734 0.04631511335674068 8240
0.2883398680775573 0.04682466684589941 8241
0.2886605281543354 0.04627540534883053 8242
0.2889533782700739 0.04680711053381931 8243
0.2892614051136074 0.04628839923832938 8244
0.2895686592550504 0.04677796875440013 8245
0.2898699389310487 0.04628576109275924 8246
0.2890015760114391 0.04579486490258356 8247
0.2901531339384552 0.0468018269713209 8248
0.2904685814961221 0.04626410997315716 8249
0.2907686193192917 0.0467681787479217 8250
0.2910650687032019 0.04624831357558853 8251
0.2907601409249692 0.04572898284876238 8252
0.291363344853066 0.04676060437081615 8253
0.2911191859811658 0.04727113889464875 8254
0.2893017431836661 0.04742341990935585 8255
0.2811556354495379 0.04696789973440311 8256
0.2880129885237707 0.04741019261029498 8257
0.2868097076821262 0.047398989405641 8258
0.2916367975322707 0.04625691708010608 8259
0.2919574548838034 0.04672249215346506 8260
0.2921406148822596 0.0462241002124817 8261
0.292570197187229 0.04665667851882147 8262
0.2931674657484287 0.04687180906477168 8263
0.2935559668156499 0.04641195340479037 8264
0.2927692553879644 0.0473195069032382 8265
0.2856146690788393 0.04740266468378698 8266
0.2844196842372305 0.0474067731896945 8267
0.2933857860992369 0.04744452934824476 8268
0.2913601209571036 0.0457240878455227 8269
0.2910397228375114 0.04513026441769968 8270
0.287308044309183 0.04582851571569691 8271
0.2883299047352477 0.04585627827403786 8272
0.2781354453478984 0.04696665446033321 8273
0.2775350775428397 0.04696481551349276 8274
0.2778058977528217 0.04635118061833502 8275
0.2771536324952154 0.04651306151976212 8276
0.2820361187747611 0.04748536854960431 8277
0.2796286954313928 0.04748287050189259 8278
0.2999254896635531 0.04748244356125726 8279
0.3002272500860795 0.04697505974564212 8280
0.3008247033757392 0.04697246882393111 8281
0.2945529358319497 0.04748664753461149 8282
0.2942746843862083 0.04700312345021486 8283
0.3011209548545364 0.04748426656973942 8284
0.3014219782192397 0.04696921905443102 8285
0.2557466919995973 0.04748170377063043 8286
0.2554475373737675 0.04696291135154275 8287
0.2548481893546297 0.04696413155987243 8288
0.2551470525596539 0.04646527419077778 8289
0.2557469678863846 0.04644660458289743 8290
0.2545493314403412 0.04647445980871284 8291
0.2554575923304555 0.04595587815237299 8292
0.2560859912131442 0.04596847602230995 8293
0.2563470000860931 0.04644241018182347 8294
0.2560474521404151 0.04696198802969849 8295
0.2566475987928337 0.04696146700408817 8296
0.2569452344306555 0.04646315078117092 8297
0.3029092822985917 0.04748229544438672 8298
0.3032083363006521 0.04696357123098142 8299
0.3038110890378051 0.04698243419078085 8300
0.3035099711113954 0.04644730062341926 8301
0.3029097154682078 0.04644331465697413 8302
0.3032206017232378 0.04591888164506017 8303
0.3038104969056948 0.0459250704102166 8304
0.3035112899128879 0.04540499834082182 8305
0.3029210188913756 0.04539998862296996 8306
0.303245038500732 0.04489101617891329 8307
0.3038123734988849 0.04489104742605336 8308
0.303508797790249 0.04431848187994765 8309
0.3041109359962535 0.04647713696672726 8310
0.3041083314453388 0.04539236962940305 8311
0.3044324563560128 0.04482774705481049 8312
0.3026107958476704 0.04697997027744226 8313
0.2521646776820746 0.04748169605411834 8314
0.2518653333983711 0.04696298288326392 8315
0.2512660948382032 0.0469641346632446 8316
0.2515649223948211 0.04644415264421094 8317
0.2521485065814038 0.04645316173067582 8318
0.2517839492161285 0.04593367173104927 8319
0.2509669230895228 0.04639864705579401 8320
0.2512424640670736 0.04597109528774886 8321
0.2503397092375421 0.04622733092243787 8322
0.2501304074357678 0.045784433208995 8323
0.2497465585150778 0.04618658172128367 8324
0.2499868754404962 0.04671388341242348 8325
0.2493895412685328 0.04665473833262313 8326
0.249529054944272 0.04569695957419471 8327
0.2524622637814431 0.04696503308873416 8328
0.2530627334100032 0.04696565286912126 8329
0.2527537057105703 0.04646186785917419 8330
0.2533692067174986 0.04645641040045681 8331
0.009404542261275071 0.04055408341637108 8332
0.04351539170351061 0.04053161123038535 8333
0.04292730746177044 0.04058794382451433 8334
0.2676860685863814 0.04748169605411745 8335
0.2679854128700835 0.04696298288326032 8336
0.2685846514302518 0.04696413466323365 8337
0.2682858394930582 0.04644416211596834 8338
0.2688852105763226 0.04644505953257628 8339
0.2676860499627896 0.04644320413310858 8340
0.2673860710525631 0.0469625882624476 8341
0.266788291279654 0.04696413781386256 8342
0.267085889293269 0.04644471312897525 8343
0.2664877874665835 0.0464464348643886 8344
0.2712685090782708 0.04748249723424859 8345
0.2709808838804648 0.04697030714997361 8346
0.2703771100100411 0.04697937326855301 8347
0.2975369247999763 0.04748215342428386 8348
0.2978357845656177 0.04699852899513395 8349
0.2984341622990689 0.04700279997619484 8350
0.2972375126821921 0.04699249380786234 8351
0.0178362095283843 0.04051784657572323 8352
0.01753730417970745 0.04103647881532817 8353
0.01693801376735495 0.04103605869700698 8354
0.01723688529879212 0.04155563797025219 8355
0.0181367698976611 0.04103591622307169 8356
0.0166628081087887 0.04153977998012589 8357
0.01634487507800488 0.041031885825597 8358
0.01695534081847858 0.04203880672073568 8359
0.01606652739092425 0.0416356758462623 8360
0.01752683813776575 0.04207751031182306 8361
0.01783587816956756 0.04155897514911735 8362
0.01843804883490266 0.04155474229632314 8363
0.01425411997613671 0.04051784657572297 8364
0.0139549595652869 0.04103656405253944 8365
0.01335587644336294 0.04103659238454265 8366
0.01455408428854246 0.0410365520697778 8367
0.01363402610287834 0.04154402911659622 8368
0.01305115896609129 0.0415534580981945 8369
0.0133237674531507 0.04205771228477759 8370
0.01270628778101063 0.042026238947433 8371
0.01245448955925519 0.04155370368764263 8372
0.01423833002747479 0.04153767536673258 8373
0.01485786591934866 0.04154729304043484 8374
0.256940939989076 0.04748250560449957 8375
0.02022349196422809 0.04051784657572314 8376
0.02052239731290471 0.04103647881532801 8377
0.02112095807279632 0.04103583615513252 8378
0.01992409119130216 0.04103544013595559 8379
0.02084506419426021 0.04152344233942832 8380
0.02142350090502861 0.04148278852441269 8381
0.02022462601481515 0.04162001124448567 8382
0.01959693125546523 0.0415438225669329 8383
0.2593288567865396 0.04748169605411594 8384
0.2590295125028331 0.04696298288325979 8385
0.2584318356227013 0.04696469063395733 8386
0.258729348693514 0.04644592332743665 8387
0.258132286803241 0.0464463807292127 8388
0.2584300737345465 0.04594082099832115 8389
0.2578161913792527 0.04592141876832426 8390
0.2593047954487726 0.04645909440411634 8391
0.2580680618217731 0.04516681324645805 8392
0.2572258354604961 0.04518718743630187 8393
0.2596008419434838 0.04697947682327763 8394
0.2602050044358754 0.04687910501814748 8395
0.01664179104480663 0.04051703009181357 8396
0.2438055815163784 0.04748215342427856 8397
0.2441010994988079 0.04695186925481754 8398
0.2434985342493524 0.0469389269408766 8399
0.2447024830639032 0.04696222185656071 8400
0.2443698476682571 0.04639146275488751 8401
0.2449965291413236 0.04647102994002808 8402
0.244706113010313 0.04592512724080602 8403
0.2437583338657169 0.04636599997292393 8404
0.243327624977116 0.04592359632239408 8405
0.2431248325265979 0.04642051298753287 8406
0.2425342364906998 0.04648914401897367 8407
0.242144457922186 0.04603242933264901 8408
0.2419663659331786 0.04656462057912552 8409
0.2700748570934682 0.04748394638865897 8410
0.2736562178401383 0.04748169605411791 8411
0.2739555621238372 0.04696298288326093 8412
0.2745545836390756 0.04696333210475676 8413
0.2742559525726514 0.04644402835622176 8414
0.2748558793342966 0.04644453889548233 8415
0.2736859373079754 0.04646853973692167 8416
0.2739454076485685 0.04594031252988321 8417
0.2744022650080263 0.04575375652198678 8418
0.2751282085882067 0.04570855023090553 8419
0.2754617065257479 0.04642064628473812 8420
0.2756557766580613 0.04494624032428311 8421
0.2733609348145128 0.04697516944847815 8422
0.272759064281916 0.04697431407696774 8423
0.2450004763878143 0.04748236671869738 8424
0.2617164879868681 0.04748246997122191 8425
0.2613963945182627 0.04697728552125012 8426
0.01067128305918068 0.04051589193514032 8427
0.01097051080472842 0.0410366151149498 8428
0.01156693146977198 0.04103612511969541 8429
0.01126907282446793 0.04155663399410447 8430
0.01070671652414932 0.04156513837763973 8431
0.01098718391084551 0.04205692989177517 8432
0.01162451016330013 0.0420277933607016 8433
0.01146796540628445 0.04260739727137532 8434
0.01031785794485673 0.0410917882552251 8435
0.01305863878365296 0.04051784767993751 8436
0.01186540861332463 0.04051681072100958 8437
0.006465788412522435 0.04052599060590231 8438
0.02141848092917552 0.04051730961658673 8439
0.2688805970148032 0.04748296990819029 8440
0.2509690447359075 0.04748729462255966 8441
0.03037352296122638 0.04051784657572163 8442
0.03009072014617021 0.04102737881932434 8443
0.03067586459555322 0.04103433892922152 8444
0.03039020376333166 0.04154009041405539 8445
0.03097536226774531 0.04155474229632034 8446
0.02947173115146569 0.04113864987777517 8447
0.2336571050507275 0.04748215342428142 8448
0.2333581997020531 0.04696352118467761 8449
0.2339564441363566 0.04696459503559232 8450
0.2327596389421611 0.04696416384487012 8451
0.2330574610341296 0.0464442257252498 8452
0.2336584046478334 0.04644446179923999 8453
0.2342562623274397 0.04644635406749565 8454
0.2324383153117059 0.04644491356330997 8455
0.2327411630893371 0.04601255554256933 8456
0.2333582089552216 0.04592461048298102 8457
0.2339434719822095 0.0458779150002529 8458
0.02440259644185218 0.0405178465757224 8459
0.0247015172555871 0.04102914719554224 8460
0.02410268708504951 0.04102473370523713 8461
0.02529983390471146 0.04101891602079131 8462
0.02505043626623911 0.04156458443668894 8463
0.037536924800028 0.04051784657572109 8464
0.03783583014870381 0.04103647881532419 8465
0.03723636443075072 0.04103591622306723 8466
0.03843528320538098 0.04103590913848493 8467
0.03813636272551261 0.04155568445165654 8468
0.03873456001591476 0.04154442483005334 8469
0.03842488880262542 0.04205671411432827 8470
0.03753561097965381 0.04155389707325678 8471
0.03694671955291366 0.04151785167741005 8472
0.03781214059032824 0.04208788082467942 8473
0.03800783275022658 0.04258178354438328 8474
0.2461940298506939 0.04748296990818962 8475
0.2458943176982562 0.04696701951457644 8476
0.2312686567164008 0.04748246598962422 8477
0.2315667714465728 0.0469929809141346 8478
0.02380517869838007 0.04051536468645599 8479
0.2432091096236567 0.04747994758619088 8480
0.01962686567167966 0.04051703009181203 8481
0.2652984373860303 0.04748246997122547 8482
0.265597014925244 0.04696335466592447 8483
0.03694029850748311 0.04051703009181052 8484
0.2408185757746957 0.04748384314845275 8485
0.2410937040184739 0.04697887749197971 8486
0.01485074626868386 0.04051703009181151 8487
0.01843283582093249 0.04051703009181166 8488
0.03455185017316722 0.04051784657572065 8489
0.03483628319415273 0.04102034263206981 8490
0.03422889805275318 0.04102068932432962 8491
0.03545321673036102 0.04101995402071002 8492
0.02261187911889454 0.04051742687898657 8493
0.02231374662613912 0.04101910171659254 8494
0.2969397846137901 0.04748739260382281 8495
0.2957462192623203 0.04750757001907228 8496
0.2960546302648688 0.04701112031287537 8497
0.03574720878101885 0.04051423851093873 8498
0.02679104477616836 0.04051753401037411 8499
0.02649271012644106 0.04102143579549308 8500
0.02559754729917688 0.0405144895941944 8501
0.2987319137085988 0.04748915326619039 8502
0.2581347275804521 0.04748335346139945 8503
0.2264957801829017 0.04748384549479882 8504
0.2267910447761118 0.04696335466591998 8505
0.2273905065239265 0.04696408074740203 8506
0.2270917340926005 0.04644421509377923 8507
0.2264917975606595 0.04644316861913864 8508
0.227683168753807 0.04645232971758041 8509
0.2267696560322391 0.04594223692613854 8510
0.2261428018746121 0.04593448296022459 8511
0.2258918058839433 0.04644241018185812 8512
0.225854176031921 0.04553231245797937 8513
0.2274201251797777 0.04591887279739547 8514
0.2261965286160905 0.04696577879607328 8515
0.2255506979521515 0.04703315204685712 8516
0.2300746268656506 0.04748239400125948 8517
0.2303731215696447 0.04698165039475642 8518
0.2324621160857826 0.04748269038341277 8519
0.2390302393790642 0.04748215342428112 8520
0.2387322203251042 0.04696925722768056 8521
0.2393307567091496 0.04696643789555345 8522
0.2381324631378056 0.04697052568002817 8523
0.2748518609043498 0.04748212103653243 8524
0.2641044775343717 0.0474824656768547 8525
0.2644131216851445 0.0469699374894981 8526
0.2497760538153778 0.04752979677415736 8527
0.02917777500082386 0.04053442170947093 8528
0.2360443874865544 0.04748215342428009 8529
0.2363435478974041 0.04696343594746428 8530
0.2357444231741492 0.04696344793022588 8531
0.2369414904839282 0.0469943680416888 8532
0.2367332311506805 0.04644308828667632 8533
0.2360440438264309 0.04644331465696187 8534
0.235445376529646 0.04644751311929921 8535
0.2345537024071004 0.04592155222505754 8536
0.03097014925377179 0.04051703009180945 8537
0.2354477611940081 0.04748296990819597 8538
0.0279850358242291 0.04051751178654409 8539
0.02768651170493351 0.04102416415486846 8540
0.2342537934343124 0.04748319637590416 8541
0.04111722837800376 0.04051637405109544 8542
0.04081764076050434 0.04103484610713953 8543
0.0402220416970205 0.04103514857782645 8544
0.04051294308075626 0.04155142082255062 8545
0.03992016012036032 0.04155474229631562 8546
0.04021926012396724 0.04207487275918998 8547
0.0411350160862585 0.04150558856155294 8548
0.03992537313433916 0.04051703009180928 8549
0.03216464546390561 0.0405177299351618 8550
0.03186642140805704 0.04101157260726294 8551
0.03246481891103098 0.04100636620611147 8552
0.03276162714708761 0.04051199591627128 8553
0.03873134328359853 0.04051703009180915 8554
0.2396276018125688 0.04748307347932455 8555
0.2372390823594383 0.04748812645836319 8556
0.2485819688792317 0.0474866687506389 8557
0.248282729719289 0.04696447756222728 8558
0.2476841883947886 0.04696407816804941 8559
0.2479996466764259 0.0464724606278839 8560
0.2474401110748032 0.04644464123421747 8561
0.2486756614285265 0.0464263692531567 8562
0.03395078704990515 0.04051480390204484 8563
0.0417429483179856 0.04052206902631202 8564
0.2473877785305047 0.0474827614324729 8565
0.228880597014906 0.04748296990819374 8566
0.2291791893134978 0.04698112730411211 8567
0.2378354783637533 0.0474850121564475 8568
0.242014925373087 0.04748296990819514 8569
0.2276868512875631 0.04748276154438096 8570
0.2832305024208417 0.04743239592258947 8571
0.2629104472189581 0.04748246594380529 8572
0.2626219970054345 0.04696989189210804 8573
0.2545522388058896 0.04748296990819582 8574
0.2760447761193086 0.04748296990819544 8575
0.2763432835819881 0.04696335466592437 8576
0.1262712649118395 0.008278476085379273 8577
0.04742953841145112 0.06648244948028249 8578
0.04293970701438966 0.06595943095301204 8579
0.1884496399600145 0.06595873591289131 8580
0.1881664964431379 0.06535986655918426 8581
0.1602956173646173 0.0659627138563014 8582
0.1986188183480985 0.06596542972300351 8583
0.1237732602800614 0.06596256221512806 8584
0.1240740985109129 0.0654434529640783 8585
0.1285615179657801 0.06596942801188033 8586
0.1495192212615697 0.06596272493225201 8587
0.1806530861838667 0.06596406613267077 8588
0.096222538668714 0.06595490304936595 8589
0.08245612241692682 0.06596268372962587 8590
0.1339512865231611 0.06596268489146732 8591
0.0315613462862504 0.06596193017937921 8592
0.05012037949378588 0.06593216762051667 8593
0.1034100367757405 0.06596363861810529 8594
0.1036964519670669 0.06546129256071481 8595
0.255854949514045 0.04524992594282487 8596
0.2673098969058998 0.02060591798601074 8597
0.07317517859333783 0.06648152459493892 8598
0.2115820910524049 0.03698255918099108 8599
0.211880742242971 0.03646806414297692 8600
0.2124797949944163 0.03646941970562918 8601
0.2112827872653139 0.03647975664057096 8602
0.2115087359875037 0.03596502333490077 8603
0.2002527713328255 0.03698255918099247 8604
0.1999544217141878 0.03646404776006272 8605
0.1993557310604016 0.03646351502084176 8606
0.2005331166930129 0.03647597970934914 8607
0.2002323292876566 0.03595785793994834 8608
0.1996511739504845 0.03594662459122856 8609
0.199054101645903 0.03594470261373239 8610
0.1993539040880334 0.03542520072116829 8611
0.19877057113388 0.03544731052160006 8612
0.1984619020191199 0.03596139888887991 8613
0.1991352205104793 0.03497662564767213 8614
0.1999650976593687 0.03540001428262831 8615
0.2005879035317349 0.03546354341012063 8616
0.2008461003908152 0.0369850344404579 8617
0.1990591951478544 0.03698314924267073 8618
0.2127768120671444 0.03698420206335885 8619
0.2130799502531979 0.03646580623193247 8620
0.2127721699805552 0.0359477330488932 8621
0.2133845779507566 0.03590474848874453 8622
0.213003714896801 0.03546938374013763 8623
0.2139873483898985 0.03589681806519674 8624
0.2142849579940295 0.03542476154395618 8625
0.2145501340539531 0.03595666929211428 8626
0.2142803554340066 0.0364630010315541 8627
0.2229128440366789 0.03698356283260403 8628
0.1966738341716159 0.03698255918099581 8629
0.1969721837902519 0.0364640477600683 8630
0.1963742037564543 0.03646490086440904 8631
0.196681327709637 0.03595042284305061 8632
0.1972716658113061 0.03594430706425136 8633
0.19697613630128 0.03542800162559695 8634
0.1960751713174011 0.0359602733958653 8635
0.1975679448415999 0.03544532470147769 8636
0.1973614782377822 0.03493686498131966 8637
0.1975681498885428 0.03646404870169376 8638
0.1960772909378004 0.03698318796630234 8639
0.1889225386990508 0.03698200678975497 8640
0.1886235777816008 0.03646340330362335 8641
0.1880002923944191 0.03644762537926758 8642
0.1883189415220709 0.03594194596392248 8643
0.1889222038507266 0.03594304505683529 8644
0.1877229489163678 0.03594619985792955 8645
0.1885709356450901 0.03541628886309633 8646
0.1892436603051156 0.03537710079086021 8647
0.1895005521332055 0.03594959286008534 8648
0.1879893789947034 0.03547040695901073 8649
0.1870891901360313 0.03577790688393114 8650
0.1868007239900371 0.03518486707305446 8651
0.1872873807334035 0.03638185557287786 8652
0.1866921242327673 0.03622236474388118 8653
0.1892184791481584 0.03646387285436617 8654
0.1898164262310933 0.03646382928943459 8655
0.1901088174420372 0.03586655976339237 8656
0.1904236391203293 0.03646076621454028 8657
0.1907228552486392 0.03594070324771412 8658
0.2199281287548564 0.03698432055005154 8659
0.2196330275229173 0.03646394759033729 8660
0.2190242616729994 0.03645852558984698 8661
0.219334662050463 0.03593967925394087 8662
0.2187250247532211 0.03591019459218223 8663
0.2199408617992858 0.03593259212495857 8664
0.218443254143189 0.03537631019437835 8665
0.2181251751575051 0.03590854173328771 8666
0.2183868313742241 0.03643082811988737 8667
0.2177920140790619 0.03643180757456141 8668
0.2175216475522476 0.03695821373260035 8669
0.2171820955416346 0.03645258275671202 8670
0.217507269908675 0.03584776555422815 8671
0.2168653710147255 0.03596596429221297 8672
0.217015505972064 0.03544132345580801 8673
0.2171693391741768 0.03478559276192259 8674
0.2202061481814599 0.03648046843524066 8675
0.221150098082622 0.03695667708612799 8676
0.1728204876852852 0.0369819970271724 8677
0.1731196817181053 0.03646349084858977 8678
0.1737172178167989 0.03649537536608516 8679
0.173465934741603 0.03591475890308523 8680
0.172836729737371 0.0359934800925758 8681
0.1725230554898759 0.03650056050050471 8682
0.171921131087118 0.0365072974949785 8683
0.2074088701127993 0.03698199702717223 8684
0.2071096760799786 0.03646349084858904 8685
0.206510611976067 0.03646490696483035 8686
0.2068091718148366 0.03594493063505028 8687
0.2074097555233736 0.03594325687607366 8688
0.2062091874485041 0.03594619985792653 8689
0.2077089409177581 0.03646297061907261 8690
0.208010522782451 0.03594472824295011 8691
0.2083064141143328 0.03646420036867674 8692
0.2086069117896824 0.03594728038216892 8693
0.1781875956395485 0.03698255918099654 8694
0.1784863000912083 0.03648714755728803 8695
0.1778883019318811 0.03649691715344081 8696
0.1790840440971801 0.03649384349687819 8697
0.1787544733875535 0.03592510606570287 8698
0.1907132034785893 0.03698226601407924 8699
0.1978665226988576 0.03698368372732545 8700
0.1859339632392344 0.03698650791011832 8701
0.1856305324147354 0.03647057712654622 8702
0.1850424317242872 0.03646514210323102 8703
0.1853574186015149 0.03598982327643347 8704
0.1847195511373623 0.03583956391428803 8705
0.1924995222450138 0.03698255918099459 8706
0.1927981765126477 0.03646415255168493 8707
0.192200952868296 0.03646582308801641 8708
0.1933975042112489 0.03646485310037691 8709
0.1930987250833208 0.03594512897812797 8710
0.1936981705592556 0.03597126175494143 8711
0.1934548926834262 0.03548858095507947 8712
0.1928404139158952 0.0354537272424395 8713
0.1925338415492031 0.03596601746718631 8714
0.1919393191674562 0.03587975232759329 8715
0.2044270832594415 0.03698255918099777 8716
0.2041283681669448 0.03649366467350294 8717
0.2047240047552111 0.03649898600834978 8718
0.2035524152230555 0.03648330321164944 8719
0.1877007551690525 0.03696595772409225 8720
0.1901168292086308 0.03698173739177707 8721
0.1817665328007209 0.03698255918099595 8722
0.1814578558791303 0.03646967686896196 8723
0.1820593736700764 0.03647579254490327 8724
0.1808683062949068 0.03649057905938214 8725
0.1810918518102852 0.0359093729315885 8726
0.2050228300763393 0.03698938958752625 8727
0.2157558521070103 0.03698391251680028 8728
0.2154601279674565 0.03646520763963984 8729
0.2032368998047356 0.03698630814990186 8730
0.1805724700737879 0.03698749259551284 8731
0.1686474022229313 0.03698199702717309 8732
0.1683482081901127 0.03646349084859002 8733
0.1677494173836922 0.03646455896328224 8734
0.1680477286619341 0.0359447944642442 8735
0.1674478640508668 0.03596589782890902 8736
0.1671488587783612 0.03646646704572341 8737
0.1668490693541946 0.03597334722975433 8738
0.1686474509359449 0.03595551592665917 8739
0.1677569728169886 0.03545491479120287 8740
0.1684184995784055 0.03544406964629873 8741
0.1682620271788144 0.03495689966484183 8742
0.1689471010420145 0.03646559731183749 8743
0.1692480679791733 0.0359590653442621 8744
0.169547472721905 0.03646674833185873 8745
0.169848649388808 0.03594871456293924 8746
0.1695192054796329 0.03544116390193032 8747
0.1701459861745138 0.03543164704359366 8748
0.1698689140790532 0.03497204627187472 8749
0.1704462448191423 0.03594946567061743 8750
0.1775910619856514 0.0369885532437351 8751
0.1823623853210505 0.03698356283260934 8752
0.1656644654015628 0.03698271787217303 8753
0.1659622434430082 0.03646455330068905 8754
0.1653637907698317 0.03646495372331323 8755
0.1656697025255765 0.03595106941127854 8756
0.1650366935032163 0.03599308887059711 8757
0.2062155963302268 0.03698356283260645 8758
0.19190462678178 0.03698418730165862 8759
0.1710329177178636 0.03698490082842487 8760
0.2097936639659543 0.0369829552062458 8761
0.2100916136160971 0.03649234605316198 8762
0.1948853211008246 0.03698356283261126 8763
0.1951849658116576 0.03646844485947603 8764
0.2187243781379358 0.03697263253305143 8765
0.2109856022565977 0.03698566392899422 8766
0.174014414515525 0.03698829094638327 8767
0.1650715022835757 0.03698642021011732 8768
0.1793810753775354 0.03698852935499265 8769
0.1626819736469517 0.03699514027228677 8770
0.1936930099673853 0.03698330725363949 8771
0.1674523694362665 0.03698316454432403 8772
0.1847467503161683 0.03698325206924117 8773
0.2020412367197786 0.03698305879343981 8774
0.2017431192660137 0.0364639475903375 8775
0.1752064220183154 0.03698294298382158 8776
0.174908256880705 0.03646394759033932 8777
0.1763990348849185 0.03698297024361687 8778
0.1760871570362211 0.03647280168385988 8779
0.1835550935553511 0.03698305879344707 8780
0.1838529660125763 0.03647685444630748 8781
0.1865293217765799 0.0370178137393128 8782
0.02916772999209041 0.0659621935665686 8783
0.0288315494000426 0.06534875371743011 8784
0.03814077458261902 0.06595105575728591 8785
0.1219831055703921 0.0659747374192014 8786
0.120716696637438 0.06596999662595134 8787
0.1381422449427116 0.06596285652808098 8788
0.1384410417446407 0.06544345045975103 8789
0.1390209789944236 0.06545308509214137 8790
0.05969998590657356 0.06599238261299514 8791
0.02377765410955365 0.06599744553969519 8792
0.0241337025077786 0.06546331521904161 8793
0.02132677112978901 0.06595366275308963 8794
0.02158449874524026 0.06532732133975448 8795
0.02254148299654979 0.06585907145029679 8796
0.06688869419221652 0.06596273846050121 8797
0.06720636760642373 0.06547485553830129 8798
0.06658826564622596 0.06538816827990869 8799
0.09024235238661815 0.06596955290819917 8800
0.05672297509389804 0.06597082065035045 8801
0.05701462655433187 0.06545319974948283 8802
0.07227734677180689 0.06596243742621126 8803
0.07196076790855516 0.0654540631463153 8804
0.04530172418736697 0.0660198407052254 8805
0.0456317891702941 0.06544275830063034 8806
0.04512839975883493 0.06510461555921138 8807
0.04600940844188812 0.06492611447636847 8808
0.06388669208608815 0.0658442674592022 8809
0.06030044486987546 0.06599601798500593 8810
0.0605029865527176 0.06543521335945152 8811
0.06449382763691407 0.06596290702439438 8812
0.06483725628432016 0.06546197237874327 8813
0.08962855798994018 0.06597171412489097 8814
0.089327187916726 0.06545324229545021 8815
0.1584240879208488 0.03567409890608372 8816
0.05174125327064578 0.03296041990067682 8817
0.05155249180946145 0.03244757721948843 8818
0.05108760236575847 0.03148753517889964 8819
0.0468302469135049 0.06648243714110721 8820
0.1791313458030581 0.04853599779945818 8821
0.257246179113662 0.04695995797149708 8822
0.1549214016583607 0.06595531891015692 8823
0.1297025425087923 0.06490343990165898 8824
0.1877996935989908 0.04801644558187342 8825
0.176439954512105 0.04801732781922131 8826
0.1800267601671865 0.04801650958768235 8827
0.04363966242379083 0.06591798309374446 8828
0.142352835086031 0.06597481728111794 8829
0.1102983681819141 0.06544453384593346 8830
0.1106069206953118 0.06498160864003966 8831
0.08485212100451701 0.06596289518954541 8832
0.258197649675643 0.0016939303141742 8833
0.2003569018039792 0.04805418884394719 8834
0.1692782532609109 0.04804325224331827 8835
0.1393348056281744 0.06597220000052917 8836
0.1519107336669955 0.06598400419098591 8837
0.1770571658026769 0.06599438299190838 8838
0.1773316474931807 0.06543753022351897 8839
0.1471030115742143 0.06587364126490713 8840
0.1728705756023832 0.06589355549189851 8841
0.1704644312822265 0.06597217800904272 8842
0.1702073320835237 0.0655070019895477 8843
0.1692868877733875 0.06589532799802549 8844
0.1105982102043504 0.06596233152344665 8845
0.2052042827803506 0.06596324039195814 8846
0.1088017653834459 0.06596378958089369 8847
0.08604923865233119 0.06596374740972258 8848
0.0279696025054166 0.06596248102032187 8849
0.1782329690746544 0.06587483161209411 8850
0.105212528678878 0.06596662794064888 8851
0.09921870200475022 0.06596834369390864 8852
0.08844507203594641 0.06596248837478814 8853
0.0579038372566875 0.0660036240401588 8854
0.05431518116130197 0.06601152290660475 8855
0.07108314311110306 0.06595668218736776 8856
0.05190558529676705 0.06597073069413398 8857
0.05164197083947572 0.06540888855849981 8858
0.0507195614834349 0.06589353081981801 8859
0.09144056925935208 0.06597704829298107 8860
0.09120408265877988 0.06545412195751027 8861
0.107005475166835 0.0659665978220683 8862
0.05611168941229541 0.06596324173148783 8863
0.08874210744272606 0.06544506751369003 8864
0.07138016130384205 0.06544340882227202 8865
0.1085020314120163 0.06544881617122615 8866
0.1087923248469775 0.06493944437306751 8867
0.1067052489451077 0.06544311441032909 8868
0.1064348199569209 0.06494016507755657 8869
0.1683844939254448 0.04856204706245793 8870
0.1040094612498509 0.06596575466592708 8871
0.04654375294529423 0.04257163495794097 8872
0.04570031975892792 0.04280415741267988 8873
0.01515109551637642 0.04103421204076933 8874
0.2351484367059455 0.0469657826332766 8875
0.2114165320995972 0.04853665855081688 8876
0.1898900344206891 0.04850832127564265 8877
0.2084246594530972 0.04853259435111973 8878
0.1743489736603334 0.04853377213636528 8879
0.1851112990061486 0.0485333205226776 8880
0.02017251279166167 0.06478686978733886 8881
0.01967128650370341 0.06403369929833751 8882
0.02076502987245837 0.06487744984467163 8883
0.3038834506721015 0.001799004141130575 8884
0.236478820130797 0.04340465320045326 8885
0.277237740589018 0.04748294644436336 8886
0.2664913856645347 0.04748283349442707 8887
0.2724616400318044 0.04748460315819622 8888
0.2605199347654737 0.04746866136180826 8889
0.2533590218927033 0.04748361491370744 8890
0.09652036743846629 0.06538484034991929 8891
0.06629042977438336 0.06595493042384515 8892
0.280231041578955 0.04748570437916874 8893
0.01604493346505143 0.0405157868006213 8894
0.1910181177822804 0.03646166186440619 8895
0.0187938126775883 0.06563406324175231 8896
0.1171917424097997 0.06597977085184906 8897
0.07646947175587536 0.06596515091154988 8898
0.06781197728456702 0.0654827232340924 8899
0.0345553104987337 0.06597862136557123 8900
0.03484527638448752 0.06550225712971303 8901
0.06809414665695147 0.06597125908118638 8902
0.06269272189063817 0.06596694014185846 8903
0.1375458767995932 0.06596446936846416 8904
0.3141996155394545 0.01699697860706 8905
0.3144027948858421 0.01644597605069075 8906
0.1987594592860485 0.03646801947809805 8907
0.1148142685102604 0.0659980868667408 8908
0.1746808752682514 0.06588984616142564 8909
0.1663362847472906 0.06590450227749511 8910
0.1665310904605347 0.06537308773113359 8911
0.1669978309195676 0.06501619219990562 8912
0.1836363961115887 0.06598696816627864 8913
0.2021586945930765 0.0658829747801899 8914
0.2024212769704606 0.0653229501005167 8915
0.2027556544232835 0.06586819178439865 8916
0.1626734399417858 0.0659448405180286 8917
0.3017170042748016 0.04748444949662237 8918
0.1596976733814109 0.06596907835278587 8919
0.1812509794283049 0.06598379778675689 8920
0.1345495142923975 0.06596718403291299 8921
0.1501171887547709 0.06596336955315467 8922
0.03096305345329526 0.06596184834131702 8923
0.08185809749944431 0.06596331404299335 8924
0.0968245102416721 0.06595131151938041 8925
0.07676791318113987 0.06547528313385713 8926
0.2123097826086993 0.04801572580512492 8927
0.1881420656489284 0.03479204047723797 8928
0.1100443970570263 0.06491073630854055 8929
0.1698420681865501 0.03698272215838071 8930
0.1716273396839937 0.03699143838881486 8931
0.2086023782207023 0.0369821805826798 8932
0.0788639849304079 0.06596436291416186 8933
0.02496563674552284 0.06599692692896625 8934
0.1081413623843228 0.06498521495024258 8935
0.1083738506527001 0.06423270876330729 8936
0.1070505247695764 0.0649850507294807 8937
0.2751536170404582 0.04696017312940845 8938
0.01275753626718268 0.0410347685202524 8939
0.2691821892223275 0.04696384106934955 8940
0.2694732648129898 0.04645370654752867 8941
0.2470961812161649 0.0469646406449538 8942
0.2467933068630012 0.04634374942070808 8943
0.01873378585367632 0.04103539755529695 8944
0.2505679849159154 0.04692230905087445 8945
0.03664161640968641 0.04099955512725068 8946
0.03903217242004737 0.04103477045672241 8947
0.2279782358245111 0.04697068352171445 8948
0.2542533012860871 0.04697123588801663 8949
0.1668562484470187 0.03698417455847228 8950
0.1830231589671387 0.04902621899248989 8951
0.1306530241294451 0.06536308025295111 8952
0.1309579857597072 0.06595234336691222 8953
0.02826913463499693 0.06544471145654732 8954
0.02795811512053391 0.06496829031766453 8955
0.1417370060114208 0.06587586782361482 8956
0.1243704595672946 0.06596487601390463 8957
0.1617905939214629 0.06544373581208629 8958
0.07287730288061872 0.06596448851224819 8959
0.213375851169978 0.03698217863893952 8960
0.299630193923893 0.04699881868250906 8961
0.2638059701491271 0.04696593338564806 8962
0.2619954560356848 0.04687058928762763 8963
0.2297760941122632 0.04700568316755508 8964
0.2309699581689035 0.04700020999887729 8965
0.2313536660296679 0.0464687178706364 8966
0.02708951218773148 0.04101795410142738 8967
0.02738056956635966 0.04156600818949282 8968
0.02291127451994106 0.04103208482873376 8969
0.02256292522005289 0.04153015530967345 8970
0.02317037373512365 0.04157153243490322 8971
0.02340782255606075 0.04219044543017655 8972
0.02226454621345381 0.04192397767501399 8973
0.02214477372060928 0.04257938766602136 8974
0.2715688061091898 0.04697007552016578 8975
0.2713351838171379 0.04643923912360606 8976
0.02828362162184238 0.04102200213681904 8977
0.2405176333729132 0.04698155377029889 8978
0.2407700020851017 0.04654116681865992 8979
0.2650016832846381 0.04696600796455282 8980
0.2647153420214927 0.0464567882284356 8981
0.2631967949431913 0.04697437427291869 8982
0.26291269215359 0.04644503443755402 8983
0.304485773345624 0.03943063493003246 8984
0.3039691551382457 0.03972730089994713 8985
0.3039688769452024 0.04032516245683537 8986
0.3039719966648415 0.0391322320306804 8987
0.3034561904408696 0.04002775158404069 8988
0.303452597831594 0.04062896117975082 8989
0.3029324876493899 0.04033227150480247 8990
0.3026650906534018 0.0410522132002385 8991
0.303410018416266 0.0412494157582388 8992
0.3029795876762288 0.0416196738763949 8993
0.3034590075279238 0.04183416024898769 8994
0.3029420009509317 0.04213224401595096 8995
0.3034684202882738 0.04240659046099658 8996
0.3034537614504378 0.03942551047923464 8997
0.3034563746608762 0.03883649289213312 8998
0.3039638169231484 0.0415241066697133 8999
0.3044847623019519 0.04061922549389319 9000
0.3044882577159495 0.03884090909091966 9001
0.2145261432032451 0.06611201906904739 9002
0.2139338430216595 0.06591285944613225 9003
0.2139629915924403 0.06523607638873155 9004
0.2134505181831273 0.06551589378281826 9005
0.2134506715631808 0.06491882255262611 9006
0.2129319877130339 0.06521366131557854 9007
0.2129402764775386 0.06462288197944507 9008
0.2134632150144994 0.06433463345495838 9009
0.212415150260009 0.06491214052489638 9010
0.2124215540618183 0.06549330176327642 9011
0.2118950960580125 0.06520512635572367 9012
0.2119346054666268 0.0657502929924238 9013
0.2113908632680544 0.06549501693744846 9014
0.2104239824629824 0.0649053912446525 9015
0.2112095290774564 0.06486044940808681 9016
0.2114331115886573 0.06608513243271731 9017
0.2109334695859457 0.06574208434785947 9018
0.2124088177753105 0.06418796039094141 9019
0.2129369725240472 0.06578972612504548 9020
0.2117227219823102 0.06436910332376275 9021
0.2144857733456226 0.06316027416089498 9022
0.2139688954538466 0.06286282728953535 9023
0.2139688336644679 0.06226561648385352 9024
0.2134501889970948 0.06256144870722299 9025
0.2134515903775075 0.06196164141952851 9026
0.2139722078025506 0.06346026704780824 9027
0.2134670037735442 0.06313099944582887 9028
0.2129523244230456 0.06282001216572071 9029
0.2129358881409413 0.06225230844723896 9030
0.2129355500463624 0.06165763364988172 9031
0.2134549270727368 0.06136126521061097 9032
0.2129431503883579 0.06106211372995604 9033
0.2134645702302987 0.06077654097451402 9034
0.2139767954221421 0.06107077950775509 9035
0.2144846267554005 0.05370363663565812 9036
0.2139675577652544 0.0540011292458331 9037
0.2139771276939868 0.05458599095064651 9038
0.213454763754876 0.05431101992459399 9039
0.2134575706875474 0.05372074572745626 9040
0.2129295143025216 0.05400472395203008 9041
0.2139825563753693 0.05342633005956602 9042
0.2144882577159433 0.05075000000001052 9043
0.2144882577159387 0.05134090909092035 9044
0.2144943987648568 0.05487716397835507 9045
0.3044845240775905 0.03766016507828724 9046
0.3039675406522857 0.03736253467620619 9047
0.3039681318997097 0.036769075814198 9048
0.3034498462360441 0.03706197649338687 9049
0.3034455034817728 0.03765783250479022 9050
0.3034504666646604 0.03640356216289625 9051
0.3029290804317705 0.03735834242254819 9052
0.3029257891989917 0.03795394832357427 9053
0.3029324876493939 0.03675863758611373 9054
0.3022139968877386 0.03709107643902564 9055
0.3039674104592638 0.03795321801616931 9056
0.2144891586180344 0.06375024095695744 9057
0.2144863469444154 0.05961184242132038 9058
0.2139699994915895 0.05990677664412665 9059
0.2139711457033555 0.05931030705786289 9060
0.2134573960356633 0.05959506381932528 9061
0.2134536732305826 0.05900684641293388 9062
0.2129324876493931 0.05930409213158859 9063
0.214424460438898 0.04953117161389198 9064
0.2144857733456237 0.05665790765731499 9065
0.2139691551382465 0.05695457362722917 9066
0.2139769653906598 0.05636813544201691 9067
0.2139732250686364 0.05754788620042113 9068
0.213454845314484 0.05725272640175555 9069
0.2134603825705984 0.05666965060620573 9070
0.2134282129677601 0.05606483583432257 9071
0.2144942351971107 0.05607721177246335 9072
0.2144882577159465 0.05784090909092926 9073
0.2144882577159476 0.05902272727274466 9074
0.3044856086896771 0.03647698203184607 9075
0.2144882577159427 0.05252272727273809 9076
0.3044882577159455 0.04297727272729018 9077
0.2144847550884955 0.0619716619053306 9078
0.2144838261785496 0.06492993459671161 9079
0.3044869356156423 0.04356818181819797 9080
0.3039705101379817 0.04327488779800867 9081
0.2097774979192759 0.06599300480623672 9082
0.1279614683249727 0.06596663519824578 9083
0.199215397313537 0.06596362273596582 9084
0.2135067742862461 0.05491660942662325 9085
0.2130326004334611 0.05532378075992597 9086
0.2135270914322044 0.05549862544631941 9087
0.2127852904398448 0.05590618731986655 9088
0.04653355283705086 0.06597732214364239 9089
0.2038755919531067 0.03603441035229336 9090
0.07917031683224537 0.06544896907133435 9091
0.07946072893056248 0.06492364950814218 9092
0.08009703953491401 0.0649503629626343 9093
0.0798856481268288 0.06445262372298108 9094
0.1719574911249048 0.04852899720716909 9095
0.1659813021571677 0.04852354971187326 9096
0.1663272877175086 0.0490828957185814 9097
0.2036105504976816 0.048502027714402 9098
0.1928821364232646 0.04850627591855808 9099
0.2489310968170305 0.04702642439037123 9100
0.1827184755483968 0.04853484484683311 9101
0.3023206311127249 0.0269686528590872 9102
0.1647668481332271 0.03646454603926821 9103
0.2059136371240125 0.03646454603928015 9104
0.2056130561857267 0.03594668890147022 9105
0.1939942746603503 0.03646983480491715 9106
0.1942951934773434 0.0359767904194929 9107
0.000944649091591252 0.0288853965565957 9108
0.03125174839534746 0.06544347726916362 9109
0.03090403555974765 0.06479625411593211 9110
0.159996745162778 0.06545214431022657 9111
0.1602729648407598 0.06491418044940381 9112
0.1609393989779944 0.06486426647348821 9113
0.1606127722392961 0.0642438057785996 9114
0.1597659156661697 0.06414759506379439 9115
0.1615387343366909 0.06491253741694003 9116
0.14981790123441 0.06544524151208991 9117
0.1342478440841934 0.06547976137679064 9118
0.08215661419553336 0.06544374436717175 9119
0.08246738061960954 0.06501042701599302 9120
0.08515332745186913 0.06544524291980836 9121
0.0848563268754312 0.06492454463095385 9122
0.0854552937239387 0.0648593581947992 9123
0.2160427407323861 0.03647398050463241 9124
0.2157637047358817 0.03598741973596551 9125
0.1755013726269311 0.036465760799855 9126
0.1757875202745308 0.03595866930093786 9127
0.2023393690003064 0.03651227551656929 9128
0.2094959714519134 0.03649683338003547 9129
0.1767138893670578 0.03638193757384963 9130
0.1832567665467078 0.03647659908650184 9131
0.1378449693839042 0.06544677243433912 9132
0.1381212712280168 0.0649147263020521 9133
0.1387398128326349 0.06492280878490762 9134
0.1385327197536957 0.0644507629095054 9135
0.1378546371500756 0.06415150288964955 9136
0.2126087922037433 0.04853204509083907 9137
0.08191499598433945 0.06493051548607341 9138
0.08156155080793417 0.06440470593601398 9139
0.07255615163729361 0.06534075607461393 9140
0.007059194654839896 0.06399358487186321 9141
0.2805431123763841 0.04697094626325544 9142
0.1989170381160281 0.06545561598113314 9143
0.1991706769678454 0.06497214477489353 9144
0.1995445404671153 0.06445303922859552 9145
0.1282600911415219 0.06548265999397804 9146
0.1285738925423227 0.06486935803804861 9147
0.0269187416374666 0.001700209177465499 9148
0.3043369390710529 0.02994531869808645 9149
0.1701432418960762 0.03646640858564541 9150
0.1644669517123306 0.04799914596490575 9151
0.1976801980257929 0.04851795897250664 9152
0.1980604220340557 0.04903759732373669 9153
0.1970867724240639 0.04850272253153973 9154
0.1946737865779693 0.0485039681740839 9155
0.1949129892133161 0.04906372576622629 9156
0.2012714167970752 0.04860175973029306 9157
0.2009916256617285 0.04913021776695987 9158
0.2006961325554123 0.04858897853324506 9159
0.2145663031303133 0.03698541435775869 9160
0.1761359343532277 0.04849993762091505 9161
0.1880978758502239 0.04853277702427893 9162
0.03036610423295941 0.06492797955372361 9163
0.02932389562871152 0.06420855000746448 9164
0.02871735531258982 0.06466835980158481 9165
0.0298073029014868 0.06481388029525131 9166
0.2054899304565731 0.06545388118977406 9167
0.2052064029835727 0.064930099331061 9168
0.2046068897243074 0.06489521600589065 9169
0.09950288183181044 0.06549007903058005 9170
0.1001609257066904 0.06545869979324395 9171
0.1006914508901791 0.06514689220763352 9172
0.1049065298190834 0.0654541727826357 9173
0.1043164620704789 0.06545295138744096 9174
0.1045818993994066 0.0648895678674925 9175
0.1845099565565758 0.04853403621750491 9176
0.1737506721588838 0.04853459967386109 9177
0.209020600130521 0.04853389137620528 9178
0.1904857704237959 0.04850800420661209 9179
0.1907245999119612 0.04908094744100676 9180
0.1883786743634005 0.04913479340588782 9181
0.2321599124163131 0.04699707711700772 9182
0.02171757164542016 0.04101306578261381 9183
0.2452976075409139 0.04697027952457445 9184
0.03126998916449214 0.04102977413450441 9185
0.02589612339116297 0.04101449748248982 9186
0.02619834171450817 0.04161506801514902 9187
0.2966428698450884 0.04700095572830829 9188
0.299031496401959 0.04700433010887463 9189
0.2987355523556482 0.04644592515389732 9190
0.02887920011835307 0.04103325369505226 9191
0.02851627119827954 0.04153426819166402 9192
0.2399258588524506 0.04698249356275595 9193
0.2396310619469646 0.04644907418558493 9194
0.2464929107093647 0.04694795895532784 9195
0.2285738095249581 0.04700842976890424 9196
0.08575008790366989 0.06543601231750384 9197
0.3124885631137844 0.0223947568211459 9198
0.3119734990278434 0.02268969790821208 9199
0.3119778650975609 0.02328221663548835 9200
0.3119730161071348 0.02209292354868259 9201
0.3114556048713848 0.02238768016568195 9202
0.3114571589563746 0.02178688597527339 9203
0.3109377185162999 0.02208240799987844 9204
0.3109424157826435 0.02148223968072058 9205
0.311462068335193 0.02118638067189272 9206
0.3109472369467871 0.02088213920328435 9207
0.3114692485862742 0.02058631121013789 9208
0.3109524566853575 0.02028212376378672 9209
0.3114692958802721 0.01998626782981831 9210
0.3119842513725373 0.02030715555035152 9211
0.3109638639195134 0.01969502660312312 9212
0.3109422372038868 0.02267024869825158 9213
0.3104027728156529 0.0212377621152227 9214
0.3114862378504224 0.01940699790708091 9215
0.3114675271958645 0.02296561711588187 9216
0.3113740014070087 0.0235533199804969 9217
0.311980025659837 0.02090349889903434 9218
0.3124866634609639 0.02473974244892819 9219
0.3119710498988262 0.02503615010851776 9220
0.3119750451448983 0.02563152034030209 9221
0.3114908217306215 0.02533760969669092 9222
0.3114575831989068 0.02474411642513521 9223
0.3114983383038809 0.0259372128529704 9224
0.3119822419826182 0.02623357873110393 9225
0.3114681487543997 0.02653778351305808 9226
0.311021400893274 0.026264260927665 9227
0.3109615746109375 0.02684582090334628 9228
0.3114695110501522 0.0271384737107564 9229
0.3109904787456082 0.02742861812006051 9230
0.3115086148314479 0.02773545377702244 9231
0.3119912495607748 0.02741926882558933 9232
0.3119992829837612 0.02802160351254619 9233
0.311539586766753 0.0282826968722014 9234
0.3119724354896906 0.02445042572308476 9235
0.3124885631137848 0.03236027406252066 9236
0.311973104915978 0.03265405970048978 9237
0.3119760873784809 0.03205760854917282 9238
0.3114553732899673 0.03235168893119848 9239
0.3114526141669497 0.03295126512543237 9240
0.3109339041715012 0.03264791719274839 9241
0.3109297092606615 0.0332478871609401 9242
0.3114500285093501 0.03354780304747181 9243
0.3109247059756042 0.03204410042050321 9244
0.3104215636655557 0.03296107229764983 9245
0.3104093565916862 0.03354707151033443 9246
0.3099207868960411 0.03327571606857298 9247
0.309909487209596 0.03383586389180557 9248
0.3093726594931004 0.0335224491168192 9249
0.3104200940416353 0.03412823027972775 9250
0.3119699262218877 0.03324791490290498 9251
0.3114304707060851 0.03177074453896656 9252
0.3104161777772697 0.03234429224551905 9253
0.3103087152154648 0.03156173746096794 9254
0.3109380432376213 0.03384761281847021 9255
0.3098883928948971 0.03445259643230448 9256
0.3119779510908905 0.03383390233197706 9257
0.3124912423357509 0.0259185153353824 9258
0.3124877451517942 0.02943017945361578 9259
0.3119716543271515 0.02972542197051477 9260
0.3119780252756142 0.03031655222278003 9261
0.3114737387541869 0.03005793285792845 9262
0.3114375995030259 0.0306284000524484 9263
0.3108924413781128 0.03030834016242452 9264
0.3114105009997284 0.02943803959189503 9265
0.3110206681514711 0.02898783822506611 9266
0.3119933652293191 0.02914060869174472 9267
0.3124923299357115 0.0188793103448302 9268
0.3124923299357117 0.02356896551725657 9269
0.3124869544519359 0.02180193082539248 9270
0.3124923299357075 0.03060344827587282 9271
0.3124923299357151 0.03177586206897234 9272
0.3124901952806981 0.03353427363731039 9273
0.008248371751230235 0.04315947554651426 9274
0.2948727486995706 0.04704150330660317 9275
0.1564086295746824 0.06648394148884942 9276
0.3139036066803863 0.01748678045961537 9277
0.02349967757169447 0.04103332340869825 9278
0.1716602036722639 0.0490548507831015 9279
0.1719843798243562 0.04958036787779114 9280
0.001735031139313251 0.02035024307311034 9281
0.204859312785414 0.04861400660583168 9282
0.06595319804151747 0.06548406496031589 9283
0.06600424387640473 0.06471195454772134 9284
0.2106873464453153 0.03648651188336373 9285
0.2103926794302065 0.03594642371283838 9286
0.2011474381507527 0.03635711247328881 9287
0.1957796024479023 0.03646996963136222 9288
0.1844445219326413 0.0364513038725342 9289
0.1743125541099785 0.03650117680815271 9290
0.174542990321008 0.03593566584282892 9291
0.1751930249586619 0.03594549337217844 9292
0.2029607330303666 0.03650246034306557 9293
0.1826657877187501 0.03647348961822536 9294
0.1829586993458464 0.03594800183519516 9295
0.1773173322447083 0.03647752159366374 9296
0.2661916182748072 0.04696584802046355 9297
0.2769256407601669 0.04700772519304961 9298
0.2608234182773952 0.04696738265266997 9299
0.2610846953077707 0.0464574250836669 9300
0.2506516814238715 0.02677052183982154 9301
0.2721629601190171 0.04697185223176975 9302
0.2724549825028598 0.04650073911030368 9303
0.194590127753312 0.0364716337129554 9304
0.2136793288510143 0.03644935254816189 9305
0.05077759503916753 0.001737547554378083 9306
0.3044866502584809 0.03410507595979059 9307
0.3044928847213603 0.03351018019827836 9308
0.3050068568611203 0.03381084502233052 9309
0.3050148814951489 0.03321506523359506 9310
0.3055029418883033 0.03345947905695256 9311
0.3055414858836776 0.03289814387053259 9312
0.3051041766363949 0.03263451067465097 9313
0.3056955299837418 0.0321433804525933 9314
0.304716698316036 0.03180074427099923 9315
0.3039631319191408 0.03328225536868095 9316
0.3044357928288053 0.03285097173756764 9317
0.1797272753235072 0.0485303564083855 9318
0.2255097311643302 0.0436228314420662 9319
0.2260196788584753 0.04391670497368092 9320
0.2260174000111136 0.04332617626379762 9321
0.2259583946253684 0.04450901756907536 9322
0.2265389998747878 0.04361432297021527 9323
0.2265103434357504 0.04302809524114132 9324
0.2270323386441648 0.04328141329252059 9325
0.2129488985165092 0.06640260618924841 9326
0.2254524002012926 0.0447788558063538 9327
0.009961064691256365 0.066503165525264 9328
0.01027021089503284 0.0660134464970188 9329
0.2255074703113865 0.03896442438843065 9330
0.2260247967278094 0.03866666666666359 9331
0.2260099619525708 0.03925327791534493 9332
0.2255051814855366 0.03954166666666153 9333
0.2255121102351516 0.04070629595441319 9334
0.2260269956434194 0.04100194921713312 9335
0.2260204046406822 0.04159764275394109 9336
0.2265421914601311 0.0413044013383689 9337
0.2265333522262393 0.04189380586360543 9338
0.2270580041825317 0.04160751625827498 9339
0.2269528088760129 0.04107956326863126 9340
0.2275712326542588 0.04128464214776284 9341
0.2265053894426197 0.04072480773314469 9342
0.2270525070826479 0.04220917340852643 9343
0.2259981771494702 0.0404138308194564 9344
0.007054309918072601 0.06639823887804566 9345
0.2255051814855394 0.04304166666665387 9346
0.2255051814855392 0.04187499999999162 9347
0.2429104477611427 0.04696915073544113 9348
0.2375372143037155 0.04700722721713796 9349
0.03306102411328091 0.04102595548726987 9350
0.03365089317235642 0.04103007211565317 9351
0.033918837604623 0.04153237014547133 9352
0.03335079551876882 0.04154231281301433 9353
0.1943577041372289 0.05000810140774047 9354
0.008227570201572327 0.06656194731672592 9355
0.2757565774814582 0.04695948052262201 9356
0.2697679448329707 0.04697559458308105 9357
0.01932722037850183 0.04103133444216822 9358
0.03604586280682753 0.04098830263012081 9359
0.03962610062434664 0.04103460872496312 9360
0.2087224880255651 0.04905068921551041 9361
0.2090161656150866 0.04957335938656716 9362
0.174051095312931 0.04905081910761697 9363
0.1848195932250908 0.04903300351156199 9364
0.02579856145147672 0.02798017267658846 9365
0.3120493001738879 0.03446372796946134 9366
0.2241065894410182 0.03699283923635759 9367
0.2345527114088999 0.04696520844779224 9368
0.001641213313068192 0.01453084312826786 9369
0.001546353387573653 0.008767425866016504 9370
0.001798062735455433 0.004903966350813854 9371
0.2390192463006865 0.04646579685270476 9372
0.2392071661443687 0.04579811025008589 9373
0.2406419949713541 0.04522158131369153 9374
0.170739236443561 0.03646723795746649 9375
0.1710369969652714 0.03595771240803056 9376
0.1707622618711956 0.03540815257055037 9377
0.1714099706554598 0.03541567872835919 9378
0.2323080391535542 0.001715131436401224 9379
0.1106716539077654 0.001704034570442201 9380
0.3020155241285946 0.0469845755784733 9381
0.3017222651653952 0.04645247191206382 9382
0.1794287927465568 0.04904705501119014 9383
0.1797513127096978 0.04951936889912268 9384
0.001581034490460841 0.01257638871995869 9385
0.2089013969003302 0.03647124516645646 9386
0.2757499337430938 0.04593118194289345 9387
0.2761367328235599 0.046389853692431 9388
0.253657699260665 0.0469700332753963 9389
0.1796792517042907 0.03649627955360539 9390
0.1802732783001966 0.03650039745661732 9391
0.1799951341581015 0.03593202193178403 9392
0.1246455831795563 0.06546584259468992 9393
0.1243476844945144 0.0649963437884965 9394
0.1237779971239778 0.0649221141634055 9395
0.1232118871993962 0.06504054194876849 9396
0.166555390472277 0.03647004172672347 9397
0.005502947518718602 0.04209952806746173 9398
0.01216157289932361 0.0410363374513996 9399
0.2053180534601796 0.03647136857366054 9400
0.1662562644701119 0.03595504952162458 9401
0.1659614535221654 0.03542688404798893 9402
0.2652999019755469 0.04645180010637324 9403
0.2658919385401337 0.04644731197403103 9404
0.2655918198540685 0.0459321057501831 9405
0.2662202105659256 0.04585475198163359 9406
0.2667725223685241 0.04592675964272622 9407
0.2673367107773497 0.04587184426738015 9408
0.2679165288998369 0.04601769163943042 9409
0.2684401142581694 0.04584845829297539 9410
0.2691254148948475 0.04582270370585143 9411
0.2697866940495218 0.04592805473600955 9412
0.1596185074911636 0.06492733475255086 9413
0.2348500720970541 0.04644816175103335 9414
0.01575020557270326 0.04104750783464544 9415
0.2578375256791126 0.04696707211674909 9416
0.3039655291476461 0.04092681231641561 9417
0.2139708235147566 0.06166831922168396 9418
0.2139693131631952 0.06462616928276785 9419
0.02492642375637653 0.001711905092386487 9420
0.1351457072046391 0.0649773638398404 9421
0.01902598662253202 0.04154930104516447 9422
0.0187618651938724 0.04208189046307451 9423
0.03932819326592609 0.04154249008359711 9424
0.03962768485438471 0.04205609515381638 9425
0.03985014971936983 0.04257335246446792 9426
0.213971677035301 0.05871902979168427 9427
0.01186652142742854 0.04154764707302093 9428
0.1396677206259177 0.06544044596921278 9429
0.1981637814736482 0.03647183821494525 9430
0.1978663413150656 0.0359652520551323 9431
0.2606467065912661 0.02614001790652449 9432
0.03692790611018475 0.06594875503603466 9433
0.1375439133644321 0.06489432268532191 9434
0.2575380264048254 0.04644594263906546 9435
0.3011120454266371 0.04646866212382242 9436
0.301396671435243 0.04580055558213349 9437
0.1001746050486331 0.06489122829105215 9438
0.03296495844863798 0.02894340121693094 9439
0.3018237060179406 0.01503680191718771 9440
0.3039899900403699 0.04388477359477028 9441
0.303467140763223 0.04365687277911416 9442
0.3029895604693709 0.0439997469902199 9443
0.01544570128011439 0.04155080445749341 9444
0.01515469446427254 0.042072916919691 9445
0.2134635335044782 0.05784420992885817 9446
0.03512787892369416 0.02845169983647734 9447
0.1713270110757938 0.03648259344396239 9448
0.1385266870169492 0.06108298720513296 9449
0.1530643544645883 0.06492770476630108 9450
0.2260145372183323 0.03807625389619549 9451
0.08283779728940097 0.001754595874262053 9452
0.01250057996873769 0.0684285714285645 9453
0.01250057996691147 0.07299999999999458 9454
0.01250057996873768 0.07185714285713435 9455
0.01250057996691119 0.06957142857142473 9456
0.2074994609471867 0.06786115919118409 9457
0.2074997267210741 0.07242857142856712 9458
0.207499726721074 0.06899999999999908 9459
0.01249982338207008 0.0701428571428539 9460
0.01250263156570175 0.07356744557711353 9461
0.2075002732789263 0.07014285714286027 9462
0.01250064687904227 0.06786116460133643 9463
0.2075002732789264 0.07128571428571043 9464
0.0124998233823745 0.0712857142857051 9465
0.2075051283406923 0.07357142857143258 9466
0.3075754560079069 0.03449315103084894 9467
0.3072834941165463 0.03398147348552183 9468
0.3066897997781464 0.03399309467071792 9469
0.3069784328173366 0.03346998515073807 9470
0.3075778403357654 0.03345978141801605 9471
0.3064010949393741 0.03352356192183721 9472
0.3066698221576792 0.03295616194258455 9473
0.3072702587093302 0.03294623562879741 9474
0.3078704170915953 0.03293724255625585 9475
0.3081778807917753 0.03345116508009893 9476
0.3084654327680802 0.03293271070311718 9477
0.3087571021330885 0.03347969845450986 9478
0.3084463152965635 0.03399621960737965 9479
0.3078673072818909 0.03398115316042878 9480
0.3064285714285371 0.03450512834071425 9481
0.3087151941310305 0.03451358570910686 9482
0.04924480063098977 0.03040213425478584 9483
0.3124892218231354 0.02651464029927711 9484
0.2088875406598762 0.06649144672884105 9485
0.01112028531635671 0.06649453251880247 9486
0.3044841591096088 0.04180819082531077 9487
0.2144897528348221 0.06078824586149743 9488
0.245594635462851 0.0464911118029909 9489
0.2461650360047768 0.04645614180228647 9490
0.03156205030152222 0.04150656311168482 9491
0.1875580100728151 0.06645023292883093 9492
0.2117744905198868 0.06656501848534191 9493
0.2539571854803988 0.04645684381643753 9494
0.2536665975937334 0.0459304851812878 9495
0.3044967186220371 0.03588636363636537 9496
0.3027994442247217 0.03567690880828769 9497
0.2491754265556118 0.04612761189288127 9498
0.20921407937613 0.03599563124419382 9499
0.2089276658756281 0.03537689514913306 9500
0.2083254944823339 0.03543471646377463 9501
0.2076727174545664 0.03531710252297807 9502
0.2070423301979514 0.03546072005210119 9503
0.2065107467919842 0.03542300626783495 9504
0.2058971578458594 0.03545903867737748 9505
0.2053089347483639 0.03537981961008156 9506
0.2050397256688942 0.03600306552647115 9507
0.200742359505035 0.001785983955096004 9508
0.04019999999998818 0.02792153903091504 9509
0.04072621602935174 0.02803116470630145 9510
0.03960007075867925 0.02789714030553014 9511
0.0389002836196904 0.02778382752684233 9512
0.03832005672392872 0.02795002189086757 9513
0.03774464559738482 0.02782505944328723 9514
0.03719999999999065 0.02792153903091045 9515
0.03611014491910024 0.02721722368291919 9516
0.03662840003032761 0.02783650470337501 9517
0.06341063489856037 0.0654246872430546 9518
0.2707057995324755 0.0099731322842574 9519
0.1916138600985046 0.03645363747361811 9520
0.1790916659755351 0.04958187270684103 9521
0.1795293168651876 0.05020679740126072 9522
0.1785143080009106 0.04950446393996442 9523
0.1779474061366329 0.04958161598179051 9524
0.177337753597553 0.0495669935358303 9525
0.1776156597332093 0.05009460113174159 9526
0.086044418242665 0.06493781652325169 9527
0.0866025237214593 0.06489176799477343 9528
0.08723993640886055 0.06491752275079685 9529
0.0878634169362642 0.0648952439216654 9530
0.08844285056809637 0.06493188382333179 9531
0.08902901648489416 0.06490629586330907 9532
0.08970531727816336 0.06486365246698794 9533
0.106736798902553 0.06442201399524486 9534
0.2195935215650731 0.03548355324259572 9535
0.2975350948560053 0.04645773923806713 9536
0.2129463886362703 0.0575594402051393 9537
0.2129359629823479 0.05698344039784303 9538
0.2709115177085204 0.01342444133350627 9539
0.1150778051998707 0.06550654230910793 9540
0.3119752023761233 0.02149741816106918 9541
0.215140957296887 0.03588858184743824 9542
0.1809572615813348 0.06547203584600504 9543
0.1807054739618025 0.06490125387712148 9544
0.1800537365216855 0.06479055377452722 9545
0.1794250873946502 0.06478809425953519 9546
0.1787886229452645 0.06496721145394749 9547
0.3119550450285715 0.03147979176220897 9548
0.2148599807965695 0.03645722007339965 9549
0.2137958872219122 0.04848998305206201 9550
0.06537949363959938 0.06548417724013132 9551
0.0645448480426245 0.06488659732717292 9552
0.1954738267717059 0.03596238206322622 9553
0.1948904703881034 0.03595388067493274 9554
0.195182052087285 0.03545811421553756 9555
0.1945508834674665 0.03549721179410649 9556
0.1841388792824439 0.03602073116891299 9557
0.04210533459032329 0.04289054713838947 9558
0.2729444028846078 0.01335381699950826 9559
0.191310040538377 0.0359471921889368 9560
0.191022189772533 0.03542436420162649 9561
0.05410748534293316 0.03996023763123466 9562
0.08396353209616121 0.003479988331887535 9563
0.1743423466868557 0.04956005394849369 9564
0.174897286415387 0.04969350788951627 9565
0.2169274382523701 0.03698103064564984 9566
0.2083886429402542 0.04954693621258864 9567
0.2087841200262954 0.05015249434723333 9568
0.2740279772097083 0.01503150417978807 9569
0.02377945197613104 0.04156408128550428 9570
0.01905617601117251 0.005483926037290737 9571
0.1495203921569294 0.06492577641094255 9572
0.1489203430589728 0.06489885893138031 9573
0.148215963724036 0.064793137276665 9574
0.1476423614244274 0.06493548043260439 9575
0.1500585291914318 0.06502952393708702 9576
0.1505550852822894 0.06483314518016491 9577
0.1512962245349959 0.06484099088505285 9578
0.1957456198726647 0.05003256969662025 9579
0.1964576107805927 0.04935846757921478 9580
0.1427409239429464 0.001735217065790554 9581
0.3133291603296748 0.01650078473633096 9582
0.2204544301569188 0.03563327987750377 9583
0.07412502777021214 0.06496002331997336 9584
0.2260135457473746 0.04217581001794266 9585
0.3039696675683828 0.04211893460317329 9586
0.1456366528593529 0.06648676653402946 9587
0.03276206532225216 0.04152777605576603 9588
0.3125007877849968 0.02063328717488634 9589
0.04142562120246619 0.04102372663227766 9590
0.2244435569747361 0.03502217893394865 9591
0.3114786418555142 0.03413112280520171 9592
0.2350917496961849 0.0460314111944141 9593
0.2356262419894079 0.04576957192573557 9594
0.2363325604050356 0.04591281611304381 9595
0.05767646881433033 0.06543934326360741 9596
0.1960152937430113 0.06415183868134715 9597
0.2238036617344397 0.03648047110197955 9598
0.3253327870353249 0.009192067611728843 9599
0.05039200944660466 0.065401461726565 9600
0.0506901525300221 0.06488756147573869 9601
0.1725111775903595 0.05907290252734863 9602
0.3039677219448897 0.03854284892124862 9603
0.01258326251916313 0.02897043290451252 9604
0.02289215387838592 0.02799516549944489 9605
0.3119825114280438 0.02682429369790517 9606
0.3110016806939469 0.02512843281458313 9607
0.3108687160547573 0.02444548969725605 9608
0.1732943389650694 0.003475797689912592 9609
0.01932087106738294 0.04205333999518211 9610
0.2571240405037045 0.04592992926593234 9611
0.2139786840421797 0.05813535142498034 9612
0.2586747646464002 0.04436586183800201 9613
0.3034446166437509 0.03824751529157405 9614
0.3029288188153479 0.03855098924122097 9615
0.296326182398367 0.046449025176201 9616
0.1554922061406341 0.03777788732588452 9617
0.1552019781819722 0.03730045297270942 9618
0.154132695451441 0.03965697737173068 9619
0.1535440231173736 0.039693768204826 9620
0.2603303517810616 0.003838679069132362 9621
0.2649974180492115 0.04587551419885813 9622
0.264341147954379 0.04584943169071347 9623
0.2943959471261255 0.005296984080019185 9624
0.0943703862376859 0.06595835016475513 9625
0.05912488932251275 0.05705168445090926 9626
0.05949006895468401 0.06549958999923863 9627
0.2129069430667011 0.04905228452496241 9628
0.1252505567102997 0.06541354870539345 9629
0.1259035366546204 0.0647766463300295 9630
0.0004926131765166885 0.02855613472471406 9631
0.2264807653494179 0.04423996546473764 9632
0.2269196717791222 0.04457336435203396 9633
0.1859984874851007 0.03596807249454333 9634
0.2121232278606554 0.03593215627026727 9635
0.1255748516405303 0.003367137868928498 9636
0.2542600152474333 0.04596779069544084 9637
0.2539901531451157 0.04520968934180651 9638
0.2532151291626895 0.04526805534550513 9639
0.2134647816195744 0.05842810780847445 9640
0.3124904356345041 0.02003327511012471 9641
0.3125002269458765 0.0276910562869494 9642
0.1210658046795434 0.06548618583230022 9643
0.3040028416145124 0.03616885247018448 9644
0.1459339214299968 0.06599891534913238 9645
0.146154696730195 0.06546791292525306 9646
0.2111192341372795 0.05009508634646929 9647
0.05214626440690499 0.03251815416482585 9648
0.02794255460790605 0.003373422877687051 9649
0.1870061265092138 0.06534084524848648 9650
0.1873127200536946 0.06486477868401444 9651
0.2352902718173034 0.003396691783597442 9652
0.1827684776645043 0.06548612771939334 9653
0.1820868338224261 0.06465221931505889 9654
0.209197221214794 0.06598259957213744 9655
0.325946436303978 0.006000000000030026 9656
0.1665569965187081 0.03546335766595086 9657
0.1662715759135135 0.03470136158256674 9658
0.165500234112096 0.03476272571962426 9659
0.1668420753845571 0.03412346998476017 9660
0.2129479000364118 0.05872421181792994 9661
0.0006534577697418728 0.02662886429710888 9662
0.213978462535744 0.06404143946698296 9663
0.05299026428906557 0.003908000261132214 9664
0.01998675448805029 0.003593036852396359 9665
0.3121399869597605 0.01749747496236755 9666
0.3118268029042984 0.01799010547240979 9667
0.2139778014250306 0.06048766502802677 9668
0.01816767233871935 0.02744011097603661 9669
0.01743522842526057 0.02732900195695309 9670
0.1125827894682802 0.001684782497893474 9671
0.2134780117164059 0.06372321814287793 9672
0.2134609746825442 0.06018405910500421 9673
0.3215020794555307 0.01588432188041194 9674
0.3219976436864129 0.01615951349665032 9675
0.3210346611932753 0.01499322885781449 9676
0.2718845483516882 0.04647752133264595 9677
0.2711161406126109 0.04583365513531001 9678
0.2885615446602245 0.04513708479505871 9679
0.2022135677847437 0.04908398710051459 9680
0.1330050455799725 0.0643430551401943 9681
0.163318932842251 0.03632058704510079 9682
0.122635389079718 0.06492775687759932 9683
0.19027455347685 0.05007382163024666 9684
0.3043003415420776 0.00904446575385915 9685
0.01303247377961529 0.04261351719095828 9686
0.1141075318454383 0.06539213342049197 9687
0.2068561007321641 0.06596915988448122 9688
0.1599072673135769 0.0526113750126987 9689
0.3119565392899766 0.02386232569414519 9690
0.3114102573113119 0.03120495764364004 9691
0.2139862068365321 0.05044530367829063 9692
0.2139834953067388 0.05283292960472877 9693
0.3061395420445436 0.03403177690437929 9694
0.2545617834732757 0.04473847436737131 9695
0.3125057063268389 0.02827141976531192 9696
0.04043899308314569 0.04294202114926011 9697
0.1635701596988124 0.06648235624525589 9698
0.1832874689539398 0.04953429914256266 9699
0.183558019208202 0.05027446558238405 9700
0.1842873053363486 0.0501833078293427 9701
0.1971551063219286 0.0500825258790284 9702
0.2384121080436392 0.04647898691022787 9703
0.2381009279988807 0.04598033185828718 9704
0.07118782269915687 0.06496125035677104 9705
0.07164681458358686 0.06502682377644223 9706
0.2942141585240182 0.0366330140521406 9707
0.1353942089423666 0.06430190347299326 9708
0.2100517332970218 0.06650513687287984 9709
0.01083678334235881 0.06600130237006281 9710
0.1656853006135467 0.04900666243344804 9711
0.3039782858149211 0.0426969781117281 9712
0.3119609687011122 0.03090369212104949 9713
0.3114359787190913 0.02416914736033816 9714
0.3119748207957099 0.01970570381747412 9715
0.3034641321402767 0.04302178720477987 9716
0.2132065217391348 0.04850637930026801 9717
0.0413169933165836 0.04318152445770807 9718
0.3005089106438631 0.04648093001141394 9719
0.3001785850945933 0.04595910733400245 9720
0.2020774457348923 0.003549908677805348 9721
0.3029438532859692 0.03915213080111934 9722
0.3024916294820496 0.03893116831856373 9723
0.1947913904893898 0.03468668162621389 9724
0.1776882875182322 0.03601742725666006 9725
0.03572742880533169 0.06596335911229569 9726
0.08678360409761991 0.001639172838142986 9727
0.1902519867834988 0.06501092640101087 9728
0.09199254986144059 0.003110069371891956 9729
0.2767287770723195 0.0461470317994692 9730
0.2769433867827 0.04544070980188122 9731
0.008429522777619275 0.02895319081483189 9732
0.01769944781811622 0.02950626675514931 9733
0.002045644893349651 0.02850416026879936 9734
0.3270817661710109 0.0175075770292409 9735
0.2456307162161358 0.04543269275180695 9736
0.1542523987036405 0.04424685225551202 9737
0.3090422820800933 0.03297692311035067 9738
0.3086991416322187 0.03233567294456148 9739
0.226513239184315 0.03899792928524482 9740
0.2264900392317228 0.03953850823759828 9741
0.2270312648562871 0.03927639093960071 9742
0.005482220051518845 0.04091529243834201 9743
0.006093931808721958 0.04108830733544788 9744
0.3271079198945676 0.000499076220933043 9745
0.2445554045642762 0.04522884953099047 9746
0.2259920266911624 0.03982703415290646 9747
0.02605481075250107 0.02730895699236955 9748
0.2226282748604926 0.03183981137021127 9749
0.0082665727036066 0.04114216415484911 9750
0.2898409782104861 0.04723022300745786 9751
0.009849314221820841 0.04206660752764915 9752
0.1638748584911466 0.04798171271037996 9753
0.2823719439460978 0.04691874294146931 9754
0.2351624156338209 0.03463714695461698 9755
0.1920756330927862 0.06598172562405057 9756
0.1440225429803969 0.003489029951498758 9757
0.0934100514628914 0.06549211378059587 9758
0.2378059157145442 0.04652368745257831 9759
0.206482667028038 0.06067939379485505 9760
0.2917290538943608 0.04717721519191288 9761
0.2458084241680224 0.04596233986062274 9762
0.2881227350270627 0.01768432231252685 9763
0.1168998086006222 0.06547974501858908 9764
0.1172595609844007 0.06490209378443702 9765
0.1179176776872322 0.06464935999183825 9766
0.304091940655109 0.04751531805766727 9767
0.1640584939008795 0.05231057735387645 9768
0.01407822012604044 0.02951513765751846 9769
0.2260045198120023 0.04274898973387534 9770
0.2339984752806079 0.03292066327354708 9771
0.1743679748257051 0.001727165471654657 9772
0.2859374728670263 0.01092959996671795 9773
0.002945566575016028 0.001825238559506993 9774
0.01082456738485199 0.06502543714252285 9775
0.01107763709751712 0.06437860505215001 9776
0.0102476267398339 0.06511188588321545 9777
0.009999802121332736 0.06468554778577312 9778
0.009668930133024792 0.06525238912391478 9779
0.2144537311733295 0.04844361152884834 9780
0.3120041732317911 0.01915554769263931 9781
0.3120485078136789 0.01854165539052203 9782
0.3056394341554093 0.02092064151704761 9783
0.1216887565920634 0.06544439158624656 9784
0.1213553299993654 0.06494453283907568 9785
0.1570986125653057 0.04966604135917678 9786
0.1632347886073074 0.06596462910097614 9787
0.005857446813343508 0.06651055419353108 9788
0.2322326887560741 0.03656508876081259 9789
0.2623156429243862 0.001619653372456827 9790
0.01315755403510534 0.06596687650924744 9791
0.2873966461131557 0.04494208859176126 9792
0.2862616545904418 0.04502665245997484 9793
0.1253876336436098 0.006610209271501586 9794
0.1947078341252503 0.06649671359183507 9795
0.009643071471400288 0.06597701093154446 9796
0.3032281599598338 0.01197475681499369 9797
0.1925990719881699 0.04897828382997197 9798
0.3011496465446023 0.03657406287941126 9799
0.03094323194368515 0.02852306827095817 9800
0.033975289165455 0.02842178070594816 9801
0.2372991429656061 0.003333900144476245 9802
0.01317813917986894 0.02899589493930669 9803
0.02148240100143214 0.06459065941114586 9804
0.1576511390253101 0.06541064556909029 9805
0.2141355968419207 0.06652136253377666 9806
0.03542599975187997 0.06546846824533141 9807
0.03487415091194365 0.06459722596967932 9808
0.01678800612766407 0.02899440583146748 9809
0.02440081519903334 0.0415121842010661 9810
0.0299399355991714 0.003317381171419679 9811
0.290582482051783 0.03036118308966726 9812
0.07546358011373347 0.06428122406775827 9813
0.05486552648701672 0.001407412693401458 9814
0.04380755528868944 0.04270033994652969 9815
0.04299402436856021 0.04300967053371962 9816
0.1828750726279462 0.05109948728537429 9817
0.3029699243935505 0.04336800571439337 9818
0.1152909387450908 0.00339514178976782 9819
0.01775234932118113 0.06600850464330374 9820
0.2166087858379649 0.03647524167635711 9821
0.2677194806614291 0.04532144901994483 9822
0.02923062374812298 0.06489708198219178 9823
0.1645410864131028 0.03452300605902494 9824
0.2999153665690948 0.04650546394379894 9825
0.03305538083510073 0.04206309975295355 9826
0.03258912747403695 0.04240623600162017 9827
0.03359039739392366 0.04197900636029264 9828
0.2730870918733294 0.04642445283873643 9829
0.272469960297178 0.04559240131681913 9830
0.004739313871504803 0.02893871532994481 9831
0.009802269300796867 0.04323412964580634 9832
0.007120542724773174 0.05086090310783871 9833
0.1004143599513177 0.06601518556473035 9834
0.1823456744532107 0.03596645161391566 9835
0.1825919824877689 0.0352411500085849 9836
0.003251894725052678 0.009745719218506225 9837
0.1919639710114126 0.04909331273097953 9838
0.0139749214701591 0.06648074577692055 9839
0.2857757849356036 0.01430620569247039 9840
0.01514219559237577 0.06650263552151754 9841
0.01433338741020682 0.0659673733774907 9842
0.01573480310455759 0.06652241824259672 9843
0.1659691059471141 0.04956525456988893 9844
0.1985932539119354 0.05006993066543877 9845
0.04079111039621973 0.04205839679387971 9846
0.04625885091558013 0.06545990823914156 9847
0.1862501108064419 0.03653410904484507 9848
0.1716411002010947 0.03601014683193317 9849
0.03412378147304573 0.04201291689574996 9850
0.252290610433828 0.04494468988428148 9851
0.2129662136730975 0.0605011197496127 9852
0.212463122315304 0.06070297325965206 9853
0.2122905792161735 0.06128609690499113 9854
0.1440410793540422 0.06499979605078485 9855
0.1039267151140081 0.06496078280270957 9856
0.1040708350968326 0.06427797427610378 9857
0.104948284824231 0.06418246838214532 9858
0.1167259577742884 0.06445155941883934 9859
0.1543540433488088 0.03914748444712544 9860
0.03210834061761751 0.02952772575425369 9861
0.2047228390500195 0.001717866464795631 9862
0.3055519780577475 0.03405061103722404 9863
0.1629175665058642 0.06543546979678176 9864
0.08876561357099966 0.001596583284376451 9865
0.1786554151911794 0.06549214166449989 9866
0.1580546481199329 0.05004719753287434 9867
0.04206629838277025 0.04104599752698836 9868
0.2265046357607958 0.04245835328273748 9869
0.08754355626040365 0.06430987898951636 9870
0.006615435799518271 0.049897376105457 9871
0.2129530736495149 0.05988885161305316 9872
0.2122864350721091 0.05958405758893431 9873
0.06109002885079341 0.06540610242437173 9874
0.1567288381307113 0.06598477704937294 9875
0.1639303421431197 0.03700673259431529 9876
0.0004640650720991097 0.02912147875590176 9877
0.2852821888156956 0.0450081933927647 9878
0.2038100705873186 0.06547343216954087 9879
0.2040081783174738 0.06492142555812587 9880
0.2125780654783312 0.05238612052993223 9881
0.2937293690971845 0.04695744209405858 9882
0.04769834958292527 0.04024679436550814 9883
0.1541094537411981 0.04220697892803102 9884
0.01453948874090031 0.0420301616488155 9885
0.0147508624164644 0.0426916390555897 9886
0.01552555715851166 0.04265255789532831 9887
0.01378352451916321 0.04313226981457183 9888
0.04474600512769591 0.04278746519347423 9889
0.004347321414878463 0.02399398253203059 9890
0.1677869542925063 0.04957091217246651 9891
0.03579579386468657 0.04147974816825556 9892
0.03517366605543037 0.04158006666113259 9893
0.07884509557256759 0.06493426943465605 9894
0.32179561865723 0.001292827176311446 9895
0.1466795315842147 0.001611723285966656 9896
0.3240683131065072 0.00225458025575347 9897
0.1183413773376048 0.06499273489812146 9898
0.1685232649866754 0.05919284447794264 9899
0.04516639513901508 0.06384602398769117 9900
0.04633613961266213 0.06417117107790522 9901
0.1836113915717467 0.03594092158324117 9902
0.04135321466451527 0.02782898058563023 9903
0.1397080690891171 0.06484930073140591 9904
0.1401565558783851 0.06451647750727195 9905
0.1406232402902019 0.06485044581041971 9906
0.1412102125384679 0.06501376424633573 9907
0.1417206323873479 0.06435951240842049 9908
0.2096276307523973 0.04954628611959261 9909
0.3101810416208224 0.02231517411781606 9910
0.3103697311238095 0.02301246762099205 9911
0.03545525316818022 0.06396912580933727 9912
0.1968203009289312 0.03456675357183583 9913
0.1958161350872996 0.03398035933733088 9914
0.1772141880982967 0.003401564580415792 9915
0.1594275453585669 0.06144679632193692 9916
0.3023062121549501 0.03835246803408749 9917
0.2788241221812959 0.04598917101870904 9918
0.2784985585519976 0.04528770144162454 9919
0.1573024691356762 0.06601902674657534 9920
0.2123155598655028 0.05439286870316316 9921
0.291794203373829 0.03326144420359155 9922
0.05264823335158381 0.03349004968851234 9923
0.05302515874694701 0.03429525630054299 9924
0.04719250135897323 0.06508845342666496 9925
0.03195109977703264 0.02697888896982389 9926
0.2530357427279369 0.04594568574489531 9927
0.2283081390059548 0.046461549576764 9928
0.2279948103125119 0.04594143009875593 9929
0.2642542904185575 0.001350455541305941 9930
0.008751060910394048 0.02847063430356681 9931
0.1875748501907796 0.0653907321125019 9932
0.2857242174028251 0.03005719327409201 9933
0.2392852605748146 0.003272749221887289 9934
0.2413513786115138 0.04644731216973896 9935
0.3259537946561822 0.01150964389591448 9936
0.325263843075738 0.01167744290574584 9937
0.3253188969876459 0.01254831393597642 9938
0.3245942753520619 0.01100387552699551 9939
0.1736673245222217 0.06080627627894478 9940
0.1653559884890592 0.03545990468401269 9941
0.1711012166802392 0.05411784959334687 9942
0.2900849587211605 0.0205069639041509 9943
0.1523556758934933 0.04376390392827543 9944
0.1519820364544431 0.04467733465576492 9945
0.3156922032622783 0.01644811620643379 9946
0.3159411639285702 0.01573931926767987 9947
0.3165471355164826 0.01509089621682012 9948
0.3165505831070684 0.01587176504861477 9949
0.03192611049724043 0.003263757661062304 9950
0.05402209795951631 0.06550692750847881 9951
0.01530106205911231 0.02851341439894712 9952
0.01601503537330287 0.027673122295437 9953
0.1567472080230128 0.03605986208512908 9954
0.156248961921102 0.03557810880121594 9955
0.3120193970937395 0.02856416996573061 9956
0.3259734725861979 0.01267508863709277 9957
0.04922457928209895 0.04006793225815447 9958
0.04939036734247288 0.04076981148138194 9959
0.0487787025255697 0.04096571813306014 9960
0.2102217955776346 0.04952117961235637 9961
0.006044680048657406 0.04176490135145534 9962
0.136371382946638 0.06494854535304018 9963
0.1388115941788565 0.00183308367830883 9964
0.04643632860543931 0.04188565946144927 9965
0.05581231917385759 0.06548703887801474 9966
0.05547669499890034 0.06491842713420687 9967
0.3150703984400081 0.01645354831389516 9968
0.3147739427560068 0.0158075007950707 9969
0.1475154896517887 0.06548725592917318 9970
0.1763734429850348 0.04966451084763086 9971
0.05150867319402217 0.03094676685194585 9972
0.2814316106557351 0.04751302423640747 9973
0.2129749044222028 0.0639941456599368 9974
0.05696647680410748 0.003725374966074099 9975
0.1370024489551126 0.06495616455544019 9976
0.05026479236027526 0.03969928541749838 9977
0.1165969971664785 0.001562863138673441 9978
0.01851540248816503 0.063863595508728 9979
0.02702727989391362 0.0279460897970654 9980
0.1052268122850032 0.06492231237503794 9981
0.1538540776966588 0.03925031820459169 9982
0.1539997747942223 0.03868069680809415 9983
0.1533066725090762 0.03810752305600006 9984
0.2096084679865401 0.06447330719703485 9985
0.1941292430518536 0.06415894889231101 9986
0.1949828459293352 0.06387832114092185 9987
0.3208846580113945 0.01588658082942517 9988
0.1922810148182562 0.06528006102663962 9989
0.3257852363756916 0.01427684907293687 9990
0.3250844970717489 0.01360384866564537 9991
0.3258344740418657 0.01362583864014252 9992
0.1072556297765237 0.0637248006607288 9993
0.09176463553336427 0.06548484420573185 9994
0.09092973928277071 0.06479926026290395 9995
0.09147004979155189 0.06408770880987266 9996
0.07398280062992443 0.0642611877538096 9997
0.07312439903761837 0.0642517438799383 9998
0.07825528738415495 0.06493421415702375 9999
0.07799756357940528 0.06440562725028594 10000
0.07831774968099772 0.06381960378776851 10001
0.04265787651284136 0.04108146217405104 10002
0.2822713020261721 0.04523075746393959 10003
0.2812817031682845 0.04515881268019737 10004
0.071057551723296 0.006164179187706688 10005
0.03737678246760471 0.06427365917966166 10006
0.2012054277808626 0.06551220492628117 10007
0.201014637949864 0.06493998000848578 10008
0.00910253489056021 0.06521261554916422 10009
0.03995919724495837 0.06598266865846418 10010
0.04057947045010428 0.06598841074161826 10011
0.1963988166092023 0.03541190301529631 10012
0.1921668635959695 0.06417684693598859 10013
0.1931168250148824 0.06410684688071901 10014
0.1979878145007805 0.03424673811791133 10015
0.2109081879904439 0.06526750542968535 10016
0.07255676437045577 0.001613077074900338 10017
0.2502312899989143 0.0450951294788092 10018
0.1878603341359445 0.06591962942121662 10019
0.2282605623024732 0.04200729206247799 10020
0.1932830288306354 0.03483940035721318 10021
0.1646767041916165 0.03556425657388704 10022
0.2094199579981297 0.04997794488165085 10023
0.2097500801259828 0.05066528391656305 10024
0.1817415652294208 0.03595976837220087 10025
0.1815520425443076 0.03543972904260888 10026
0.1799866149371223 0.03474656469836128 10027
0.1818644340388085 0.03464521855408158 10028
0.301025440218921 0.004839697910254478 10029
0.302480165000227 0.003392900724572207 10030
0.227166584092056 0.04047042598984954 10031
0.195692933870161 0.06593336550501439 10032
0.3023940905775787 0.04378772724741301 10033
0.2624250964174895 0.04647934298662929 10034
0.2124168564726727 0.05898330132199478 10035
0.2000945154749182 0.05005823600828617 10036
0.05000414953682753 0.02935967605565794 10037
0.02765925711668522 0.0279557511432077 10038
0.1683141302199038 0.002005438813588707 10039
0.2641208148601693 0.04646851133389152 10040
0.125180496826959 0.06439708260875503 10041
0.02798702505588364 0.04148691152260798 10042
0.02874167009110621 0.04213763725567505 10043
0.02823630510550199 0.04298997117688445 10044
0.05226969016213276 0.03301949683089241 10045
0.09798358039564747 0.002868102982746119 10046
0.2846277127938319 0.02832241856903765 10047
0.3026292801457213 0.04596811962885375 10048
0.186540064591279 0.03569879857877355 10049
0.2061532885062434 0.003452566573205947 10050
0.08984563863680334 0.003250684297961027 10051
0.2104283687386338 0.0659962538605718 10052
0.2735260083738065 0.04520394272155361 10053
0.2117369257243794 0.06039262896245996 10054
0.1892595471062892 0.0495736837444527 10055
0.1643398840270579 0.0593458882550933 10056
0.2700692736890845 0.04646789893472505 10057
0.2058079590536416 0.06493144118027794 10058
0.2055398866976764 0.06432102792597165 10059
0.2926941949946777 0.008602493019083493 10060
0.01347373234526072 0.02950751192402989 10061
0.203416857271173 0.06444356329209661 10062
0.2027877301691014 0.0648347049099907 10063
0.2021511294601258 0.06478236563449057 10064
0.2015073698116247 0.06437506993591076 10065
0.02891578412751511 0.02676695660487866 10066
0.008386660433078922 0.05175164173458831 10067
0.1931819122325146 0.06490848173964084 10068
0.3197616202869012 0.01502967187687122 10069
0.3104209776458436 0.02177788748605486 10070
0.309349321663292 0.02135762471149135 10071
0.3102225062112225 0.02060504287993959 10072
0.3104354685003284 0.01997793871604303 10073
0.3103217803956794 0.01928923202627515 10074
0.3103159775918916 0.02715721367105253 10075
0.3103588062207238 0.02644939330851433 10076
0.03425828194628885 0.0655161949719032 10077
0.1487660971891825 0.001660741557749878 10078
0.05109120937502074 0.03043082704038028 10079
0.2601205362303173 0.04540003666958081 10080
0.1622428126245002 0.04995590738102609 10081
0.161784869891788 0.0496633028926441 10082
0.1792287064523758 0.003334283357058004 10083
0.02436506639159435 0.02722418309270229 10084
0.2422799449039771 0.04700167511729775 10085
0.1613356452735259 0.0612738667924641 10086
0.1915631206902643 0.03548467681719979 10087
0.1914739855287984 0.03484719476654914 10088
0.09377257425579361 0.06597236807163953 10089
0.0513642976223944 0.03496166977132446 10090
0.05199575830639621 0.03513390759058345 10091
0.05233901668288587 0.0346854088800809 10092
0.3109941959780715 0.03151203582177407 10093
0.1519867550969004 0.04177110498913612 10094
0.1527453939752406 0.04572490686427779 10095
0.1580924156524631 0.03527329913700727 10096
0.2412941940797994 0.003206211423021041 10097
0.008575656822689697 0.06491013796073221 10098
0.008707351687732961 0.06428609379754405 10099
0.05156278620902979 0.03750269799861745 10100
0.2707303176689138 0.04647034595913837 10101
0.3270167907189362 0.01440702351692505 10102
0.006620744608964728 0.05343128997166809 10103
0.3155192122182244 0.009057752637252066 10104
0.3135343194747362 0.01560569724687444 10105
0.1959079040047041 0.06651121296784228 10106
0.01044085947513937 0.04207423675624465 10107
0.0186725526305784 0.02709889983798279 10108
0.033932505924018 0.003186494009569612 10109
0.3017435846704017 0.03919245163795979 10110
0.2663233879704774 0.00364957631916159 10111
0.1743290483760991 0.05053939970402329 10112
0.2263558171471066 0.0454153765455119 10113
0.1683709462200398 0.04952538838692935 10114
0.007888233581221578 0.04514300537241284 10115
0.2140076099808783 0.05580947607490271 10116
0.2275390243760919 0.04194363434763959 10117
0.1743011104546546 0.06549501454951094 10118
0.0268141169349942 0.02726312344648379 10119
0.0276891376649907 0.0268244274087882 10120
0.2124535135756844 0.05516748997191037 10121
0.2117520863831318 0.05614822373641166 10122
0.3020378729076643 0.04029114130780782 10123
0.202637499937456 0.03602582987252143 10124
0.2140002099790196 0.05519418976735672 10125
0.06315731689245707 0.06483805376777928 10126
0.3252925413153175 0.004493566350381025 10127
0.2841961353769799 0.04582316546159251 10128
0.1965737660007069 0.06651487972856737 10129
0.1625162502979364 0.03446758941911676 10130
0.280276401859354 0.0452660318294615 10131
0.2163126120927215 0.03601149366400298 10132
0.2514086590236863 0.04531171718530772 10133
0.05903952920375805 0.06077908443688362 10134
0.1912668985836726 0.06426303015780313 10135
0.292787567538858 0.0454461692463977 10136
0.1010653217856848 0.06472184161812466 10137
0.007605295255929807 0.05291250375196143 10138
0.007523641386812805 0.05395611871553212 10139
0.1902364237840962 0.06432409906123657 10140
0.007037724826391282 0.04487055706883893 10141
0.1710420706034542 0.04898064118407681 10142
0.1706609282061037 0.04939950776912141 10143
0.1708253009801469 0.04995634796995804 10144
0.1715004105301642 0.05015135919872374 10145
0.1721208577953361 0.05026312995119561 10146
0.1729270653004029 0.05090322381534586 10147
0.1845308139902777 0.04955100940420701 10148
0.05886257559244861 0.001350005811329046 10149
0.01357108279136225 0.06429160104932166 10150
0.2124070521636822 0.0619426786303374 10151
0.01226589028063892 0.04321967360233828 10152
0.1185310644638625 0.001567629969041896 10153
0.1887574567476663 0.04952760972961713 10154
0.1889151914052677 0.05004849600180079 10155
0.3259764246772628 0.006540227497183209 10156
0.3252354759419254 0.006698884178707198 10157
0.007710607562822413 0.0560294985581901 10158
0.00779205668886975 0.05693353650031175 10159
0.3080795750618619 0.03244595771649402 10160
0.2123117977851501 0.06256449817008494 10161
0.2118696028991361 0.06334685243871284 10162
0.310227351449033 0.02392908493348821 10163
0.2461661395558118 0.04541087053535846 10164
0.02679293149781064 0.04147216225645655 10165
0.02616132655776072 0.04223462102760718 10166
0.02752123905700202 0.04224148525889022 10167
0.283319479855369 0.04509210235506346 10168
0.01566411491792107 0.04203580467370005 10169
0.1700513718681838 0.06106868676302586 10170
0.1675042297100561 0.06458377807469069 10171
0.1679951037268887 0.06505675307008728 10172
0.01774650929386484 0.04262680673706208 10173
0.03926382231702919 0.04329762549111887 10174
0.1850439605404906 0.0506401566035546 10175
0.204807100631783 0.03477640847206223 10176
0.1821150985894571 0.05043231042918015 10177
0.307596447185322 0.03247239009037047 10178
0.3069818002429985 0.03242767341049091 10179
0.1223353310910008 0.06547011974799413 10180
0.05219434897413072 0.0654847042207696 10181
0.04388687206326287 0.06404683932593191 10182
0.04202454726312 0.06430552138100057 10183
0.04286267274748273 0.06435960110613378 10184
0.02468991492104115 0.04199980220280772 10185
0.2070718718322642 0.06352705288242207 10186
0.2038461807404057 0.04897377390822946 10187
0.2044001042934546 0.04905999254966754 10188
0.2040128734580614 0.04957521406234509 10189
0.2034108657070505 0.05022164189460569 10190
0.1635298642673015 0.03466023315908558 10191
0.2109849143487493 0.03607669217671323 10192
0.2104136928611728 0.03526766781188696 10193
0.2117641545805441 0.03543172000363932 10194
0.2114666332457983 0.03484002255570451 10195
0.2081449025514817 0.05094721121870358 10196
0.2402239858600278 0.04653171879460816 10197
0.256443614124758 0.04473228557846583 10198
0.2272052460711693 0.03822181345875896 10199
0.1919972367717224 0.05455120932660194 10200
0.1388365004556206 0.06374950526219736 10201
0.2119183548136518 0.05079215217490356 10202
0.09286492272354657 0.001556777443836217 10203
0.1670348698582284 0.05453583824151217 10204
0.2104182368471481 0.05007382174629902 10205
0.02788669196911812 0.02752350500088434 10206
0.1598442920715518 0.05061470061985959 10207
0.2129597176595583 0.05263642101732888 10208
0.2129314686395267 0.05338212770261953 10209
0.3023428026828647 0.03771711658967818 10210
0.007691938097983789 0.0047088188926829 10211
0.2368785778404708 0.04584200720553823 10212
0.2365997800473105 0.04533716380790746 10213
0.2360840147608844 0.04529836030113867 10214
0.0227216308704614 0.02733878472217526 10215
0.2084114498911991 0.001291442165187699 10216
0.301701665070202 0.04319769209220155 10217
0.1012372053094699 0.06412476791332601 10218
0.2120287060108664 0.05174841685262423 10219
0.1665698063575316 0.06142922896083397 10220
0.1996817371536607 0.0490112487227571 10221
0.1555596982822217 0.03631401013387673 10222
0.0184115778751388 0.0427976089978024 10223
0.1704353375664261 0.03491787343662107 10224
0.3090062638206915 0.03401609450705876 10225
0.06868205999118494 0.06501337874677419 10226
0.06848180196731675 0.06450565182137409 10227
0.04664860881390775 0.06494644739742364 10228
0.2490031722035567 0.04504876660843762 10229
0.3103035628533377 0.02490086593042991 10230
0.3100528242603631 0.02570887973250551 10231
0.009776119402992946 0.0409462521076888 10232
0.2117714336233544 0.05003704314605354 10233
0.3074427963038838 0.02197532361914414 10234
0.03256830337879206 0.02754771581726083 10235
0.03281004699113853 0.027982661317875 10236
0.196873718251888 0.06370620462288266 10237
0.2852841549474547 0.04575331574780098 10238
0.1996550120961572 0.03490512139729153 10239
0.1811929407167882 0.003296662005824989 10240
0.0105641918865102 0.06553614467806143 10241
0.3040324596760839 0.04441294731631531 10242
0.04163662949844647 0.02846775773171189 10243
0.1904948386228643 0.03547781784182263 10244
0.190572970813192 0.03488815765602876 10245
0.2432820176790703 0.003152120007529306 10246
0.1762937273681747 0.03600060122291311 10247
0.1761042476973566 0.03545058951551022 10248
0.1754518445174315 0.03533018713225758 10249
0.1749086499308164 0.03542262261338313 10250
0.1758443079158103 0.03459741764603765 10251
0.1500483750568478 0.00334281170688545 10252
0.1521803716324739 0.06550209761419622 10253
0.3141730009129835 0.01589356577647861 10254
0.2129865361771352 0.0564675864503085 10255
0.0549163189675391 0.06516609206093275 10256
0.01629343475122561 0.04296582472182986 10257
0.325302231723504 0.003286533631339988 10258
0.3252763608682532 0.002177154533934919 10259
0.3253716615632483 0.009839454780184366 10260
0.3029624314986759 0.03972727272727795 10261
0.3023242084230684 0.04650765778584266 10262
0.007494407693018281 0.06016365484646342 10263
0.325347376282923 0.003892041340126143 10264
0.2277463741669815 0.04436753866917117 10265
0.2275788997852256 0.04362839993001905 10266
0.05012104271984269 0.06500787702384052 10267
0.04934748613653268 0.06408360590371424 10268
0.1803963904209159 0.05074951171738112 10269
0.02560172772509758 0.04143684119294744 10270
0.1939650786685236 0.03434470950528763 10271
0.1634336716485424 0.05069167120228343 10272
0.3114971636843439 0.01841217110543622 10273
0.3112954719351304 0.0179195676454248 10274
0.1913567109830293 0.04902513589195032 10275
0.1911395067263303 0.04958494592686006 10276
0.03599199713551741 0.003062863571501422 10277
0.1981787345322479 0.03545501576523663 10278
0.02940510590831155 0.02800073229433012 10279
0.1826355462939379 0.06397548196510051 10280
0.1563122991808436 0.06434293948783551 10281
0.1571665937856475 0.06415383179258845 10282
0.1957825498394674 0.03545944612945072 10283
0.1955257006029654 0.03490884863065918 10284
0.09292141674144527 0.06554581000875118 10285
0.09238609007514788 0.06478617237896747 10286
0.1335999543327234 0.0644025252981119 10287
0.0564921915689109 0.06549230167642763 10288
0.05673754410642047 0.06494353422529039 10289
0.05730793354204138 0.06492748176097031 10290
0.05630788491852064 0.06439647836684102 10291
0.1021686443157703 0.06428931180916633 10292
0.103005570140647 0.06405334400194444 10293
0.01164091989901243 0.06438162189537751 10294
0.2215094173034694 0.03353900886981649 10295
0.268224569293713 0.001236943063379195 10296
0.2270941857346041 0.04547634932361475 10297
0.2273111604131713 0.04498145263899732 10298
0.2016341635670345 0.05005568550580587 10299
0.2020752929067671 0.0496287898978062 10300
0.2011999051294141 0.04965115066783979 10301
0.2006376132302933 0.0496131106806966 10302
0.2782733251219299 0.04595680807617402 10303
0.0839573059264928 0.06440791920904584 10304
0.1042845683737297 0.002544177912697529 10305
0.1536088335639913 0.04576651423441504 10306
0.1274772104608677 0.006881876559144505 10307
0.05406702134929778 0.0648866445440537 10308
0.2237625190468937 0.03596395640530537 10309
0.3063881901015526 0.0319586291548298 10310
0.03902152141781837 0.04205192961690862 10311
0.008791666666658043 0.06658402357992595 10312
0.1322211645526208 0.0640191484454575 10313
0.1093946838775765 0.06495955935034071 10314
0.02200913469265017 0.04146415233360822 10315
0.1321874283783816 0.06498037571138576 10316
0.3091994787910246 0.003300148464085443 10317
0.08997326453963585 0.06545033258057112 10318
0.2112083333333278 0.0665855897190175 10319
0.3038140279764514 0.01816260211050408 10320
0.07667257090072961 0.06382298035537835 10321
0.01989179850517662 0.02791687547610071 10322
0.1540111376591168 0.04636280360730438 10323
0.2122741962857148 0.05791584938653031 10324
0.2116589044499812 0.05729653298532064 10325
0.1815579436949774 0.06550138823089163 10326
0.0146482683660443 0.06445436654210071 10327
0.01439410062483427 0.06368130905549545 10328
0.02531668596625446 0.0643126881840641 10329
0.01079490734690846 0.04250715778138183 10330
0.1615604064287209 0.03471658249222014 10331
0.02523511716034482 0.02695798894168486 10332
0.3244563197402355 0.000670206017628769 10333
0.3120682835155434 0.01009678425465763 10334
0.3114075421546296 0.01698928769069771 10335
0.2264423840859714 0.04009179972733207 10336
0.1213384004947346 0.003178778734485558 10337
0.05087973517114332 0.029909571350311 10338
0.3031580085713717 0.01028677148294858 10339
0.01547287508722107 0.02731724608162422 10340
0.01475825478026078 0.02739421279228425 10341
0.166924500605816 0.04900674607527257 10342
0.0412505715141329 0.06407401188722089 10343
0.03796779924692337 0.002975552324585161 10344
0.1967048819869201 0.001560868434592752 10345
0.2217251928473033 0.03710640935699713 10346
0.3029687808744999 0.04274453459783881 10347
0.3024831065581103 0.04243884081497935 10348
0.3024208062175748 0.04183499656458384 10349
0.2416454373420255 0.04700941188982447 10350
0.1951460784161524 0.05274420829174903 10351
0.06096626488391143 0.003545951264036811 10352
0.01799253186544066 0.0289707709840325 10353
0.07297192414335232 0.06490258897716733 10354
0.3190453967352033 0.003066166009458187 10355
0.003267376491403954 0.006374799156859706 10356
0.02281123977654502 0.06483511308464721 10357
0.1520654848785415 0.06438995025663657 10358
0.1532140218453906 0.04176628278213716 10359
0.01280786335299786 0.066483379099429 10360
0.2071940877837938 0.06648242070104862 10361
0.001818684290054344 0.02902767246942499 10362
0.1924323035934506 0.04956178047974822 10363
0.007030451659888382 0.04418271242015754 10364
0.007755904172804545 0.04406233953136677 10365
0.1361549281520808 0.0642642898018702 10366
0.1369513974539123 0.06384616397847737 10367
0.1439434836414752 0.06444393068274298 10368
0.1432869238052829 0.06438250813363816 10369
0.3111820546116623 0.003572263598679077 10370
0.2325912559005004 0.04534611971560663 10371
0.3092946240160972 0.0316516300462208 10372
0.2774961676233383 0.04485931746575342 10373
0.1347224403548952 0.06394519288329285 10374
0.003189531402335749 0.02208084370857104 10375
0.2634825910814466 0.04648225725267189 10376
0.2632073832321076 0.0458560229548431 10377
0.2625785169155507 0.04593130424188094 10378
0.2637549049220337 0.04525072966685609 10379
0.226935977592952 0.04274553368507086 10380
0.114279071629352 0.06596540301137713 10381
0.1968034051139244 0.04894788927437435 10382
0.03605712199382776 0.02784328590751837 10383
0.03557390328322223 0.02762669330134199 10384
0.03520729128958013 0.02788168228919951 10385
0.04142353504362331 0.04197879424664375 10386
0.1720240424133525 0.03495506031400285 10387
0.2566239416373937 0.04605611851566947 10388
0.2211611869669838 0.03644786304215865 10389
0.09480246437590752 0.001519746635522675 10390
0.2078531320995119 0.04944234371064291 10391
0.02386384822738255 0.04271507772005246 10392
0.02453734549157519 0.04267498139529574 10393
0.02512162469518801 0.04243787116850457 10394
0.02568442677247726 0.04258791731925075 10395
0.006634814236794959 0.06601033741167722 10396
0.1059596109846805 0.0638335205168024 10397
0.2605837342247625 0.04648820836326568 10398
0.1833321187111047 0.06554432351896444 10399
0.1317532859909846 0.009492648802518136 10400
0.3156184657860419 0.006126034218179419 10401
0.1631666780208719 0.06116941576177042 10402
0.1996380598685809 0.04959164299010909 10403
0.326220808256432 0.01394356278931408 10404
0.04771597377164356 0.06499769940199496 10405
0.04792676855959722 0.06453077657807214 10406
0.04752682702377832 0.06392340402154087 10407
0.03904558388622168 0.06424535723752416 10408
0.206036552975895 0.0654737240145665 10409
0.2063233655083812 0.06501764575650353 10410
0.2286052505316262 0.04552731040466986 10411
0.1861795610135671 0.03470873264330668 10412
0.2103009340883116 0.003509370822584495 10413
0.2025967376243839 0.03542308478907316 10414
0.3059960510240239 0.03314547066786828 10415
0.09059865051569528 0.06545045289219073 10416
0.2482834417944993 0.0460317706145767 10417
0.001016520590797217 0.02415110497175854 10418
0.03982876726691474 0.06440082770889866 10419
0.1690531291340507 0.04978917325707669 10420
0.1697107489960715 0.04966007026860554 10421
0.1702297703562174 0.04972796794445214 10422
0.01648721110895648 0.06605712947886416 10423
0.02988902391280964 0.04152621174841886 10424
0.02999962907317008 0.04216622480376515 10425
0.03069375096257113 0.04221024633653904 10426
0.03134130146875679 0.04209665394502188 10427
0.03191466797527685 0.04238545236222585 10428
0.03235845770003133 0.0429330581613102 10429
0.2452788762681345 0.003095336935359241 10430
0.3260796176260947 0.008424695150893374 10431
0.3253609771516323 0.007668256785916879 10432
0.297656232328274 0.03816280408149439 10433
0.1832037759579336 0.003228143777716382 10434
0.05240545952683071 0.0373652539088097 10435
0.1627245993120857 0.04978100765107238 10436
0.1626467437730382 0.05037763160046578 10437
0.1652809512900381 0.06545812257109883 10438
0.0409102975834329 0.001434925106331014 10439
0.2063252022404554 0.06598600163301829 10440
0.03032039652486323 0.0429672696868652 10441
0.1931837718504382 0.04895471444862262 10442
0.2715911671506057 0.04501959175676571 10443
0.3229039750219835 0.01650211917290351 10444
0.3230428088157322 0.01585361630768586 10445
0.3232255881460954 0.0149679332066399 10446
0.2029739041895107 0.04969881684135192 10447
0.1644642251507569 0.03511431113609062 10448
0.1640417947101575 0.0350252662251966 10449
0.01499977544741253 0.02902734807223357 10450
0.09859245616711206 0.06499716690909269 10451
0.09894132897317205 0.06435325741358183 10452
0.09749495541751441 0.063840823183233 10453
0.09765113474529281 0.06478930025052315 10454
0.09958266970577517 0.0636532719015078 10455
0.09924097306117891 0.06500118119657862 10456
0.2140614095297908 0.04899750878367913 10457
0.1302138600582416 0.06417812196341821 10458
0.1285957933594372 0.06378023281650336 10459
0.1520726469595197 0.003313050847859199 10460
0.3245995913027968 0.01650688828782881 10461
0.324651987673244 0.01590019132003369 10462
0.1518784515478525 0.0650289671874679 10463
0.01966210198743853 0.06621776670041958 10464
0.1961531933457116 0.0489471742214949 10465
0.1685612799898096 0.03403469284859919 10466
0.2124396899278529 0.0584574008323198 10467
0.1894105972944364 0.06436929673192282 10468
0.1885896533927045 0.06433983887003195 10469
0.2134881381717945 0.05318267732583899 10470
0.1863722779166667 0.0640970904941921 10471
0.2197843435566698 0.03484582249104465 10472
0.2590283228418175 0.04593416684596201 10473
0.2596260927783448 0.04592445743437727 10474
0.07922107946456802 0.06410082842852416 10475
0.04231197025213942 0.02961318938774 10476
0.279534153133823 0.04473127042553781 10477
0.1972477900700208 0.06550612408280951 10478
0.07013863206533792 0.06409001089185321 10479
0.04752349772317377 0.02748474468045679 10480
0.04635079219661201 0.02711396250634597 10481
0.02900677147061988 0.0415446856214774 10482
0.2894915096041472 0.01080816838055387 10483
0.141313641998059 0.06550581544057366 10484
0.02073128205054918 0.04284819437074263 10485
0.2133899557351937 0.06601523862274379 10486
0.3099226089608504 0.03271399966214471 10487
0.2523638020751559 0.04598137310884436 10488
0.2520995897422665 0.04554350689716328 10489
0.1924735012882219 0.0348537195538635 10490
0.1649509918567525 0.04987093385533951 10491
0.007539963796997343 0.06599934634578311 10492
0.2699728117459464 0.001529361365115151 10493
0.1952974548242498 0.04956198591304673 10494
0.1930126814446067 0.06657725500780523 10495
0.05170172918244501 0.03701988882220006 10496
0.05184259600910419 0.03614207310824505 10497
0.05132455960744489 0.03196925216842242 10498
0.05168156673115443 0.03153992406705744 10499
0.1675043845761576 0.06373850400137465 10500
0.1874475331544506 0.05046599202077588 10501
0.304608899178924 0.04650157616308138 10502
0.2945537939333153 0.04656104640880227 10503
0.2942644888682774 0.04595195199257746 10504
0.2947675445993982 0.04528170945677429 10505
0.1704604633482982 0.04893939737189185 10506
0.01439905084231971 0.02905076244830528 10507
0.01291438496295562 0.0643609777760414 10508
0.3276056476054176 0.01648145317479454 10509
0.1689799136644362 0.03554168783631367 10510
0.03460169293688722 0.04253626791698558 10511
0.0351932019374085 0.04219217653447088 10512
0.0357165643122945 0.04203786192512201 10513
0.03442062017367416 0.04351178338349006 10514
0.1615962812001199 0.05290499258990698 10515
0.06462216464545394 0.06165567992252281 10516
0.1754366414115127 0.04951840964688558 10517
0.1758687906424024 0.04983123467446264 10518
0.1763240971401216 0.05046685906792739 10519
0.1573310190706881 0.03487642310709646 10520
0.16716332747742 0.03546036820067636 10521
0.3263815940495369 0.001003161333532481 10522
0.1581701953651519 0.06434081292355708 10523
0.06632234992293724 0.0639825508753831 10524
0.21886623404258 0.03466699599719936 10525
0.2724459193295546 0.003482226720977698 10526
0.007018445505460812 0.05690394983221903 10527
0.155554910240724 0.0642152903377724 10528
0.2978658486761911 0.001427953063579129 10529
0.109211472299726 0.06365986249265077 10530
0.106137942180971 0.06452888976831238 10531
0.1224996214794621 0.001595589509559403 10532
0.2900854676918728 0.04576579138455401 10533
0.06285978024521836 0.001282378367467887 10534
0.06756540879600438 0.06499473165203734 10535
0.06720664573702652 0.06448143435475109 10536
0.05128303348181501 0.03837272352048141 10537
0.2124694861177856 0.06600544275139705 10538
0.1310566964380687 0.06498881016925308 10539
0.1312785672510622 0.06436472211049293 10540
0.2263770037813395 0.04483523246733956 10541
0.2140555481721018 0.05164114713682941 10542
0.230129562803126 0.04574293901949233 10543
0.2969066085851348 0.04659821012394107 10544
0.296281497081666 0.04588583665587804 10545
0.2972387712583199 0.04578942210213865 10546
0.2967089302589968 0.04537310775691439 10547
0.2986833527804873 0.04516795370510429 10548
0.262090827610357 0.04561057245767822 10549
0.005894957244235757 0.05382600298890686 10550
0.1392476669348983 0.0649956660133091 10551
0.007930836180059936 0.05044875723394449 10552
0.0483190699307487 0.04119561373810379 10553
0.04818628306910293 0.04177361625204237 10554
0.04865006150893848 0.04148588057014412 10555
0.2953038262408074 0.04612227240372135 10556
0.0447357848056623 0.02735222606616722 10557
0.03375092947551996 0.02777269756495983 10558
0.0480756316372493 0.02872246248236251 10559
0.3103788681370121 0.02911818300531578 10560
0.195298457802004 0.06451402504818757 10561
0.2300364802721039 0.04660292030591285 10562
0.2772955759829221 0.0459361846014198 10563
0.0723939430001287 0.0638465952394803 10564
0.09588355183796335 0.003013422086271384 10565
0.2048452892339573 0.03560354152250091 10566
0.01362247356704482 0.04250706592156802 10567
0.02297532904853668 0.06545298335481728 10568
0.05790649376308478 0.06434747876698532 10569
0.1263403360686338 0.06395154531198406 10570
0.07210002999797861 0.06496275637448792 10571
0.116285165150613 0.06555526897946429 10572
0.08694321253089679 0.06434046873641239 10573
0.1955621931982995 0.04894921112765983 10574
0.1421382643785165 0.06550629807187258 10575
0.007920022825650519 0.06283381496202833 10576
0.02180920817922198 0.06365290266406057 10577
0.004367495250121537 0.003275603774141085 10578
0.08711410241006926 0.06349565455871276 10579
0.197645417607999 0.04953063554952983 10580
0.006949436900769003 0.001370422209415487 10581
0.2468621650158817 0.0450869530739918 10582
0.2472750708142142 0.04583080114320296 10583
0.2477990323224913 0.04592956170682412 10584
0.2548602459094316 0.0459886421438734 10585
0.294237686889147 0.001369728375316398 10586
0.2291600580342165 0.0458753697154843 10587
0.1532032127625723 0.04439212897479286 10588
0.1526721743560788 0.04433978928618666 10589
0.2472877828170483 0.003014043747813736 10590
0.0220923290025845 0.06495291159953677 10591
0.3252987176994709 0.01041661155103816 10592
0.2123219401356902 0.00127511443882609 10593
0.1621361879022555 0.06459305361906215 10594
0.008853569777268568 0.04038647557053402 10595
0.1768443003887353 0.04951136329341675 10596
0.1302482403518582 0.06498628225348774 10597
0.3097962461213647 0.02782647670271278 10598
0.0183888888888764 0.06608929877686388 10599
0.3115228239545597 0.028818970165836 10600
0.02122523947721561 0.06503314240006766 10601
0.3109831562515987 0.02313363665391561 10602
0.1851899822264143 0.003179528789739286 10603
0.2615627274106561 0.04575804920648236 10604
0.2618115853066084 0.04506784011152486 10605
0.01216898158925316 0.04192076108255542 10606
0.1854672351602093 0.03490376321205731 10607
0.1840439757226227 0.03445722914586772 10608
0.1841082962894326 0.0354267794483401 10609
0.07646104663017385 0.06502454762722241 10610
0.05074738234884946 0.02905770751524797 10611
0.1653815824839284 0.06485909153492105 10612
0.1659804430556964 0.06474412967517834 10613
0.1664532477272611 0.06499379999650785 10614
0.2253935679203626 0.04650015000265924 10615
0.1398357297568196 0.06383809480436016 10616
0.3098698653506682 0.0321514788687794 10617
0.1668827160492891 0.06609152525996326 10618
0.1585995724637529 0.03455239558028385 10619
0.3110289809841011 0.02849278277292061 10620
0.3104285714285222 0.03461946670006111 10621
0.1974712926565002 0.04898559836836636 10622
0.03893132228299025 0.001473873233737728 10623
0.1897851296331508 0.0495091181011553 10624
0.1901446254307225 0.0489841626084765 10625
0.1885488568615302 0.06498900371474524 10626
0.3275979781162029 0.0153378068400886 10627
0.1572060859277679 0.04856811380854538 10628
0.3260698621556947 0.01316210585213955 10629
0.07041422001953822 0.001509983982857512 10630
0.3109336663914629 0.02391271436510699 10631
0.3222888558374815 0.01654345308124881 10632
0.1541081061384385 0.003301644373091646 10633
0.2954646873585384 0.04706448388572085 10634
0.1889927479318342 0.05100165381890813 10635
0.2742477616530805 0.001255222717035725 10636
0.2007393224050279 0.03601267292759244 10637
0.2011521899492395 0.03502541769336021 10638
0.2015886915321593 0.03541720746432805 10639
0.2016186127826371 0.03595683241136925 10640
0.2035818418212066 0.06356723989210032 10641
0.1552783349138032 0.03681702963920251 10642
0.1546909102655186 0.0369063648200931 10643
0.01686464266275094 0.0665774096696653 10644
0.1075894243645628 0.06510023624891019 10645
0.2940267701070998 0.04648405428963029 10646
0.173904752740248 0.03481924818312854 10647
0.1734738648191607 0.03523251833848529 10648
0.2283285904101477 0.03644647161081066 10649
0.03215817374361404 0.04143792434730249 10650
0.180357717061023 0.04948642530874398 10651
0.02353303371810485 0.02692640971516348 10652
0.04914303878047428 0.0297440892207303 10653
0.3017319439682501 0.04241776103675114 10654
0.01293392032354183 0.02737353456781591 10655
0.01240769898699352 0.02740599035537698 10656
0.04404052687430964 0.002646632250896317 10657
0.163587177911562 0.04834354359858364 10658
0.02041425899150858 0.02794381476025364 10659
0.3254175947633926 0.01650904764150232 10660
0.1499324061146047 0.0643960730967176 10661
0.1492988148278414 0.06429959503639553 10662
0.07475333956072581 0.06390107850966009 10663
0.3246497963735578 0.005085373420532126 10664
0.04187286039347653 0.0289275691719372 10665
0.251391473199248 0.002682741122017488 10666
0.08063864866847088 0.06506319209713195 10667
0.06240000847291938 0.06557969976275929 10668
0.0623433739355952 0.06502701623320487 10669
0.06168663671038797 0.06450139799065444 10670
0.2160664705516803 0.03555756930855895 10671
0.2155600528177395 0.03548692962389351 10672
0.215878886914977 0.03506445508841747 10673
0.067020149031392 0.06502764467430243 10674
0.04118452463963232 0.06499804274021656 10675
0.04143875465405611 0.06458546453667091 10676
0.04063182332801926 0.06501164759445024 10677
0.1943696375677598 0.04890148786051099 10678
0.02115939123615403 0.04197772754005325 10679
0.0206712751162779 0.04206053143199628 10680
0.2128525417134728 0.03482675136360054 10681
0.2121139453704091 0.03491759588038584 10682
0.2546523410535866 0.001379090848118894 10683
0.2125109305579618 0.06312399195614581 10684
0.1781881172433666 0.03610898985480479 10685
0.1786636044785841 0.03526351418576586 10686
0.17747292045957 0.03543973123328939 10687
0.1780200760298379 0.03484186423129645 10688
0.01989492807432067 0.04251479751567148 10689
0.1605837238197272 0.03459752351288635 10690
0.06814123332365801 0.06499515466878301 10691
0.3249206893552092 0.008568456333115001 10692
0.3115455451545975 0.03460630099259723 10693
0.03136461336305182 0.06411093022228082 10694
0.3259835333114073 0.005381071945884872 10695
0.01966223426488667 0.02720516364155506 10696
0.02108673213359049 0.02678905400534164 10697
0.1906737980804881 0.05277709421713903 10698
0.1852229949188568 0.04950610778489058 10699
0.02088322085807314 0.02799193579478952 10700
0.3103075360610326 0.029816164848657 10701
0.03313811400151982 0.0277279760041359 10702
0.1772790262418338 0.05089301209342921 10703
0.1730843037685342 0.03549171786775847 10704
0.1725154018050823 0.03547823041869473 10705
0.1897260425830855 0.03477651328076355 10706
0.1208657034265768 0.06439395909236882 10707
0.1202734873655795 0.06447606525290484 10708
0.1195748242491308 0.06471448958799872 10709
0.1205234516485406 0.06365038587696434 10710
0.1644688541274679 0.06494261877114407 10711
0.1639623106527076 0.06471718912728879 10712
0.06495167978855618 0.003375094388372317 10713
0.07268618502454227 0.006187301193693268 10714
0.1827608216969573 0.04944516281065141 10715
0.2796774275507086 0.04543124822068864 10716
0.1939311137311747 0.0495978446128086 10717
0.04466262048738197 0.0660828521089053 10718
0.2773632991179839 0.04547670426480188 10719
0.2289996323210001 0.04470491198939484 10720
0.2930061580332416 0.003889740207872751 10721
0.2025379942754448 0.04949190451054326 10722
0.220066889292491 0.03536648458165272 10723
0.1672934819948617 0.0494339735288404 10724
0.1672807586017995 0.05009193337189724 10725
0.09889182862262437 0.001437547810682579 10726
0.2013906562484313 0.0343075478390741 10727
0.01383078001157088 0.04200471786393786 10728
0.1233075498900329 0.06444888311266345 10729
0.1226069944300041 0.06414132678158821 10730
0.03154196999588341 0.02862160981487973 10731
0.3046092511462679 0.04535903524450568 10732
0.2140742624351208 0.04991544921338915 10733
0.1986422657664413 0.06507168549914684 10734
0.1721657115875211 0.05238476537546567 10735
0.2694819436629552 0.04540262788880407 10736
0.1058707591125243 0.06497045398945603 10737
0.1990878565826804 0.06365633702962588 10738
0.2493312286161244 0.002879640436445468 10739
0.04726700860838089 0.001393070983546622 10740
0.1677408102400249 0.05105976902773333 10741
0.1714701564172921 0.06551541917605298 10742
0.03454361158769607 0.02848269706804102 10743
0.2060562737044837 0.04943979699036205 10744
0.2054810635897686 0.04953364361007868 10745
0.1927864404185311 0.06522694880786055 10746
0.02172610840025745 0.02799434774979345 10747
0.02177279904609524 0.02742400699810268 10748
0.1562572761321816 0.03708877744027495 10749
0.1559052288440675 0.03672640346425763 10750
0.07532715821587577 0.005961272226037329 10751
0.006695381803398888 0.04094571782868265 10752
0.007571752001215024 0.04330138515674498 10753
0.1033237812795741 0.06498401592923175 10754
0.1031188462052244 0.06453780445991916 10755
0.1615468429119366 0.0361485205615673 10756
0.1524197281399913 0.0424501608687495 10757
0.1524165594394216 0.04308955471608047 10758
0.2794594857991621 0.04599843580619103 10759
0.1548400758768004 0.03911200693391724 10760
0.3030895554825903 0.01359407447417999 10761
0.0513854335309074 0.03598712278967289 10762
0.04062715507217809 0.02736160960168195 10763
0.03996126525576082 0.02731717829747828 10764
0.04029411757992282 0.02667947061554431 10765
0.09344317522309843 0.0644222327519153 10766
0.1872196540309291 0.00308984245597136 10767
0.02419826048184475 0.04340899937879775 10768
0.03442369672760566 0.04148158250396105 10769
0.1732570563335405 0.06555857036854291 10770
0.1623853211009113 0.03660974101122575 10771
0.2957255710425611 0.0465398519725368 10772
0.2142766088460446 0.003356930349471414 10773
0.02517731723303742 0.02800267406711567 10774
0.1793825741706285 0.03604839759741604 10775
0.1496105686473699 0.06371757791840582 10776
0.1767601838315879 0.06558650202311757 10777
0.2846244456994304 0.0126054294949813 10778
0.1714886936003565 0.06494222015153492 10779
0.1710435644806564 0.06457944987151572 10780
0.1705822095198493 0.06512297382345124 10781
0.1710412951106807 0.06391485399911227 10782
0.3029686171617199 0.03622555037832062 10783
0.01904214064011817 0.06612831940707907 10784
0.2292037732858244 0.04632199841366522 10785
0.02089250837145549 0.0274744029854279 10786
0.009670175834596619 0.02714508492843478 10787
0.2232219797451893 0.03660572150540975 10788
0.1805689564780064 0.03609449033858768 10789
0.1971304663007304 0.05246851607681589 10790
0.1397311260307833 0.0644054096869236 10791
0.09809548234227707 0.06501296460739049 10792
0.04199757952039665 0.00283397172787718 10793
0.0372199487504193 0.0420684301507649 10794
0.03665543243053369 0.04201169046670955 10795
0.03618536258782389 0.04227060343938746 10796
0.1724681325739971 0.06551437071133211 10797
0.1724221855642458 0.06494687053047767 10798
0.1729820557742577 0.06461805216042502 10799
0.1733046414123273 0.06517152996859224 10800
0.1567684526089855 0.04738080205679437 10801
0.0100788062251604 0.06557817542275098 10802
0.172868548738452 0.06379955120041003 10803
0.1889209875866791 0.03490458360696774 10804
0.001211405266081998 0.01841277071680213 10805
0.1533422184617867 0.06412146326330785 10806
0.1008034963881397 0.001476472804461462 10807
0.2615519467336987 0.04644319186707353 10808
0.03184587131598271 0.04190206325575099 10809
0.007023735191094085 0.05140357613806416 10810
0.1951078288956981 0.06605848478422748 10811
0.222237644954561 0.03651201991265696 10812
0.1543653948035885 0.03814690920490092 10813
0.1548171488591723 0.0376576289472101 10814
0.2763587912280442 0.003325150779774215 10815
0.003013496019767386 0.01534563120008176 10816
0.1561085152676207 0.003250265324063926 10817
0.1940060782041421 0.03560789082368245 10818
0.05185521757886351 0.03196460882195706 10819
0.09522460706699669 0.06431378388984182 10820
0.1990595425449708 0.04967876200962739 10821
0.07472469809437839 0.06498722575184578 10822
0.1742481547756061 0.06492821246948365 10823
0.1736518390321005 0.06487133335679855 10824
0.1747683340380006 0.0645197134247186 10825
0.1751371689034315 0.06508841624916499 10826
0.2989980849887387 0.04577237227748869 10827
0.08035825608584185 0.06359088847603514 10828
0.03078801836644644 0.02652815208054466 10829
0.03828348007306218 0.02716137768525079 10830
0.1188867745676233 0.06497310567610697 10831
0.3259790252646433 0.007409566030357602 10832
0.1561823437075099 0.03625322569311976 10833
0.1919246830017276 0.03387301813442926 10834
0.05255602239720987 0.06436466113002244 10835
0.1853161727087887 0.06425914640429785 10836
0.226691627665815 0.03797769419008595 10837
0.1345408450531482 0.06504206517678418 10838
0.3094851437486437 0.03406892190046795 10839
0.1466718006424305 0.06551397583853093 10840
0.1465315822530285 0.0648591072900966 10841
0.03385189820901344 0.06451827801448749 10842
0.2254078495165537 0.04535356046330374 10843
0.2032699592744221 0.03604187856078828 10844
0.2035807534545347 0.03548813474874503 10845
0.1688222293294309 0.06543551765515657 10846
0.1688666307044525 0.06494960327189921 10847
0.1695187634060839 0.06466082263536657 10848
0.1699345268482742 0.06504711219245951 10849
0.3008254073046047 0.002919398010404882 10850
0.1627980140632652 0.06488242467703247 10851
0.1633615376683391 0.0648852579513101 10852
0.05047101305340978 0.04081279318150165 10853
0.1572917439355484 0.04715948041914124 10854
0.05055563625856854 0.03776863447600531 10855
0.1572584700570689 0.06495232272965414 10856
0.2495337536345199 0.04710329012025387 10857
0.2948864016737405 0.03840634004250292 10858
0.01258612823405354 0.07457089791908286 10859
0.2074138717659408 0.07457089791908547 10860
0.1141320075088786 0.06476955148655601 10861
0.17461236671125 0.06352617772496028 10862
0.1692671988330522 0.06382825449289307 10863
0.01919530998650795 0.02656096711966155 10864
0.05461363685246591 0.06559970541072731 10865
0.127189222051191 0.009925977825597218 10866
0.0491986759392163 0.03955460619095198 10867
0.15453031771926 0.04473537632498064 10868
0.1573000712083251 0.03595752204484529 10869
0.1575240390092582 0.03549838360867557 10870
0.05254289363475119 0.03620782085447111 10871
0.1675714694297186 0.03470239831186955 10872
0.02098231870944985 0.0423566822395598 10873
0.3200619197813447 0.01600125968233949 10874
0.319947377238853 0.01564310972401572 10875
0.01029455397811433 0.06409563037682503 10876
0.2982950397654864 0.04578317676796545 10877
0.1697321810473393 0.06554636511203291 10878
0.2254392888231955 0.04756425006458119 10879
0.0221055896528448 0.06548796770095816 10880
0.1145888719740168 0.06558595955098101 10881
0.1435521092648073 0.06346170242988911 10882
0.2606405922744005 0.04592591796287295 10883
0.2611236124756455 0.04596449242006357 10884
0.2146492158600262 0.03480052213213808 10885
0.008936472089922549 0.02816229513803947 10886
0.008489863103064224 0.02802311887130951 10887
0.00792871057098685 0.0278569419582979 10888
0.3073675658853685 0.003112758240897124 10889
0.3104834460717253 0.02766239235322409 10890
0.08939248586919489 0.06403301630772983 10891
0.0668018091155179 0.00119667896932167 10892
0.04300319571613633 0.02904719348223551 10893
0.2145612063989959 0.04793697250081059 10894
0.327560942812206 0.0004395306433082069 10895
0.171955287768002 0.06497501972364453 10896
0.3275607695154662 0.0175607695154636 10897
0.2993578599807052 0.04662349505137574 10898
0.08363430556012656 0.06364632766696399 10899
0.2098183850444302 0.03600669284260603 10900
0.3025744218448888 0.03997658387901257 10901
0.005436534378547767 0.04043734021478652 10902
0.04975064650163587 0.04031330738214429 10903
0.1879644948416803 0.04949311125262968 10904
0.187892189608592 0.0499409895409483 10905
0.1882624943214924 0.05039236320717841 10906
0.1456407630336089 0.0655825836085292 10907
0.05281708411050037 0.06560552166079957 10908
0.05306120640875604 0.06501611261837692 10909
0.2904944712040761 0.02456296999490943 10910
0.3125722608503219 0.03456845214651852 10911
0.1991442194328909 0.05271800903197339 10912
0.05203091957709188 0.06482478889386981 10913
0.05139408618502428 0.06483506067908376 10914
0.009659760633013147 0.02793537348803492 10915
0.009776361374281096 0.04257164221231824 10916
0.05107963985082532 0.03236701544526231 10917
0.1539620212299461 0.04387201587262513 10918
0.1877839525791262 0.06498455668060665 10919
0.1877297567115041 0.06444994769171554 10920
0.1871237523654973 0.06430120287928681 10921
0.01493427464846682 0.02815015319793647 10922
0.3007126243932364 0.04513236817220181 10923
0.3110367956070101 0.02795806217014291 10924
0.3045668164390271 0.04756847775479084 10925
0.2207033147743235 0.03652555057405543 10926
0.3116112231808149 0.01746280475873084 10927
0.2597863855611476 0.04652497104198177 10928
0.3106473634513826 0.0259979818099156 10929
0.00585482727603907 0.002935865189116126 10930
0.1981529407378352 0.04964293787113714 10931
0.3259356805956158 0.01064017677464911 10932
0.2385130625933967 0.04517919278472986 10933
0.1892219535282375 0.003034693359604944 10934
0.1623091419647087 0.03608114037900956 10935
0.006912660510082355 0.06339999999998605 10936
0.2069838930372629 0.03470322727613974 10937
0.04160437335636465 0.04251010762216544 10938
0.1451492450271165 0.06469933977050386 10939
0.1445585926724213 0.06483193043519173 10940
0.206490917512111 0.05095443131023102 10941
0.3125726472504756 0.018419111125931 10942
0.2977241492181393 0.04590735235131517 10943
0.2052928405997918 0.04898928791118889 10944
0.2658709336800032 0.04530668948407396 10945
0.2652808273457695 0.04541035567992376 10946
0.2655233969621666 0.04443849500208673 10947
0.2162743664869669 0.001199628320349592 10948
0.3110281715884724 0.01916889477127234 10949
0.1934089047626793 0.04951686799535585 10950
0.02172811220045236 0.04199471822575943 10951
0.06492343371807932 0.06442073311558211 10952
0.04709259588286696 0.02829156045903172 10953
0.2125621335901837 0.05120446679608735 10954
0.01682451902596797 0.02814394495255609 10955
0.06117035125563611 0.06487985126031422 10956
0.172555284612865 0.04940804736633615 10957
0.204529438418694 0.04962958060700955 10958
0.2049423155324835 0.04978487189872392 10959
0.3254419546135592 0.005030664577315715 10960
0.1771936504110551 0.03601112513957416 10961
0.04665258039257146 0.02846071184852059 10962
0.06000308681891339 0.06561179689577273 10963
0.2254709867058084 0.03789235874437828 10964
0.2431119774463914 0.04541672554379831 10965
0.03776943559052141 0.04345677068147089 10966
0.3138989437443632 0.01661479401823758 10967
0.00138855309130836 0.001390919069725449 10968
0.1326729747589154 0.007643362539335575 10969
0.2077678245407132 0.06432455223851991 10970
0.2145770884901199 0.06657498323753026 10971
0.1722254455124817 0.03604141222908435 10972
0.1629741313065183 0.03662612109246716 10973
0.04995159153737713 0.02876107253181961 10974
0.04924656781364715 0.02838622931138148 10975
0.1845640434438444 0.06419309102485059 10976
0.005421487847493162 0.06657378496308486 10977
0.1985698174890473 0.04888894535664806 10978
0.2781746976606474 0.001160741167431092 10979
0.03569999999999071 0.0286121271613896 10980
0.06043474836789801 0.06481974056181952 10981
0.05993409551886533 0.06446275498976507 10982
0.05933802214697157 0.06489968067713217 10983
0.05477280386621203 0.06474135069316841 10984
0.05442500017090628 0.06412455718596 10985
0.3036166769406055 0.03588223704371486 10986
0.2031979161184391 0.04897050564889895 10987
0.2318821557040175 0.0466135867981247 10988
0.2551289688249298 0.04523931576473932 10989
0.16195375913072 0.06504381992390555 10990
0.1580523945360199 0.003158008168663508 10991
0.1205842799065131 0.06542596164545084 10992
0.04827341684063571 0.04272294904925025 10993
0.1744450955324417 0.03526696691827385 10994
0.1121317355908053 0.0635567571256126 10995
0.0004173558545366894 0.02958540297132722 10996
0.02063262197304574 0.06656693298312036 10997
0.01087905452740259 0.04318752232192517 10998
0.3115491965638012 0.0189181132825595 10999
0.01043711537040002 0.004602841678019379 11000
0.2932728397223674 0.04590279459457418 11001
0.1279545407230858 0.06498726371463469 11002
0.2306694669873484 0.04656904537223422 11003
0.2423239883319646 0.04530744121131534 11004
0.1244230311638784 0.06412397322156167 11005
0.2044786032517864 0.03602869245242113 11006
0.2165368114112988 0.03560415573688345 11007
0.05642916154350511 0.06346987753543699 11008
0.02467631529498042 0.06561535672720228 11009
0.006991739816999579 0.04944979455849331 11010
0.2296292634908293 0.04580644672820154 11011
0.1591077854790614 0.03574169101477068 11012
0.2205783633481382 0.034370246300266 11013
0.3012746339691526 0.01698918524078374 11014
0.2587117867158601 0.04531866828026695 11015
0.2861127806798237 0.04585452632702757 11016
0.2965453756628882 0.04443072230502446 11017
0.01577217406466841 0.06539994872183783 11018
0.03240108952591442 0.02913552520699307 11019
0.0694499421306779 0.06499429358242839 11020
0.06954242157729541 0.06455654441523745 11021
0.06911346197759445 0.06409388070865377 11022
0.1648352560941008 0.04941170783609081 11023
0.02841947012496593 0.0650139422855479 11024
0.3054144065214549 0.03457942883766667 11025
0.2722566551246736 0.04611922190156902 11026
0.2890625889418179 0.0275613811306689 11027
0.288755052794168 0.01948512508762418 11028
0.00699017861463774 0.05035290952327527 11029
0.3095331076427488 0.03299496457738641 11030
0.03634679173767377 0.04140460545946414 11031
0.2005303429852649 0.04906308886879171 11032
0.3029924556336288 0.04447558493906422 11033
0.3026198629877636 0.0448855538566322 11034
0.302313675247113 0.04545398247547484 11035
0.3025440512877922 0.04437916778043552 11036
0.3018791985523655 0.04555957121150454 11037
0.007693431462491277 0.04036024397817849 11038
0.1643078794157712 0.03656688585318932 11039
0.01428276385235124 0.02761585707953604 11040
0.01370096143698927 0.02741495244520143 11041
0.2842824816201111 0.04519645786767962 11042
0.1967700149519301 0.04973095025984133 11043
0.04413580246906913 0.06613986925512295 11044
0.2906724334039701 0.0318666963107065 11045
0.2031715925958034 0.0351797164436968 11046
0.2027982279796751 0.03478637596418985 11047
0.07500046387573911 0.06449866669917007 11048
0.03457714299840976 0.06508233718272137 11049
0.1897202367161122 0.03546642596418843 11050
0.1679105074967903 0.06554168662861114 11051
0.2937823175419632 0.04601880838733817 11052
0.2130030118997965 0.06335361118651837 11053
0.0690246557696485 0.003175801611352312 11054
0.2372429866959188 0.04662415586893441 11055
0.2927519926263503 0.04466471754800524 11056
0.0529422797727002 0.03254180970935079 11057
0.02377872145713366 0.02743955907108538 11058
0.2952121969275361 0.04568988156737488 11059
0.01649218762117196 0.04198383738547221 11060
0.01660370122479993 0.04237411169413793 11061
0.01707974175912055 0.0426324046979983 11062
0.2276437752292964 0.03968236760948995 11063
0.3132738198274929 0.01074601468884036 11064
0.02821775080607937 0.06459858870269071 11065
0.0277781309974006 0.0645477357105402 11066
0.02728863690325461 0.06414351323287532 11067
0.185622853318355 0.03554013084181501 11068
0.1851872863568128 0.03546216661078222 11069
0.2885287075784355 0.0155732503492094 11070
0.00283130781314235 0.01163005807299381 11071
0.05089451580460824 0.06424210445714765 11072
0.09202570818128628 0.0650931266395926 11073
0.09201097783056822 0.0645334028193482 11074
0.2520286680811826 0.001235947815212364 11075
0.1934345398928347 0.002418737020833017 11076
0.04469299112960989 0.001188055188682319 11077
0.1248488823594903 0.06488024001216322 11078
0.1792463461857432 0.05103095760324475 11079
0.1016670019374188 0.002857336272078366 11080
0.01604458827141218 0.06615479547046343 11081
0.2286114793079442 0.03916563500542038 11082
0.2107603046540216 0.03480515226817767 11083
0.2110274151794854 0.03415342606990056 11084
0.0643300382194667 0.06545311742073048 11085
0.1761573468242091 0.06470519789743484 11086
0.1756357845362169 0.0648906463359116 11087
0.1769316380629658 0.06436805186412208 11088
0.1775939757765544 0.06478145098524292 11089
0.1782829339999495 0.06459433387250572 11090
0.1771971302979062 0.06501812744208306 11091
0.1787765557037266 0.06408097064890608 11092
0.19103207683624 0.003016054630250777 11093
0.1706795937837144 0.06556243767159045 11094
0.02352957931809303 0.06554268291684531 11095
0.01022873150589687 0.04164048397061522 11096
0.101001999868233 0.0661380119580674 11097
0.008397494223651799 0.04781462732315694 11098
0.1750760836598789 0.06555376959371613 11099
0.2463308199273678 0.04601977875581918 11100
0.1740060695087652 0.03608429648574387 11101
0.1779315837470682 0.03386692958931711 11102
0.2950357047737492 0.00721339036139652 11103
0.05217387000178754 0.03570746099940432 11104
0.3008724712927913 0.0089992248340617 11105
0.1868348623852509 0.0366479772151885 11106
0.1262220214115969 0.06506516673893829 11107
0.1090492772328648 0.06443259124110627 11108
0.03483460278953886 0.02797913734322915 11109
0.04526707844141264 0.04372022788925381 11110
0.1817746381208109 0.06508542983493097 11111
0.1526759229120883 0.0419098816178228 11112
0.01984729068234856 0.06665189156248692 11113
0.2888443379729206 0.02586519091679242 11114
0.1590720795905249 0.06505353458343165 11115
0.1560322789460322 0.03750665062879225 11116
0.06241399296605626 0.06133170681318629 11117
0.2124276568558878 0.05729381621362759 11118
0.04730909968342412 0.03989121943605034 11119
0.1546106434160964 0.04205238534208577 11120
0.00378941956059405 0.02580668935964459 11121
0.1650790473318224 0.04894239275130598 11122
0.2181828703664704 0.003144901072275112 11123
0.1811582785919925 0.06446450491774201 11124
0.1572149315971881 0.03729537379628124 11125
0.1807216344787551 0.04996803715932446 11126
0.05787744516979398 0.06493217940639924 11127
0.311023564108139 0.01830434374480071 11128
0.3106267414612726 0.01860813901390996 11129
0.1649259853360807 0.06501809943448178 11130
0.2105567262684361 0.06548192166148507 11131
0.1596471502677309 0.00291050631352466 11132
0.0191375480287102 0.02727373537847222 11133
0.1071104843246375 0.00143793141055788 11134
0.02511590324831904 0.04199448800498821 11135
0.007557845691597419 0.04941041020579141 11136
0.2804414480594518 0.003120192021180298 11137
0.02496977355916022 0.02754575311673153 11138
0.2500746268655913 0.04715135074174537 11139
0.02339999999994108 0.02811100294084838 11140
0.2902611178165566 0.04505753850602049 11141
0.01771583897336585 0.06550088662789925 11142
0.1527727076530827 0.04674088390724404 11143
0.2294790408446896 0.04663382976534065 11144
0.2833882587399583 0.04580518235802195 11145
0.2093510061855407 0.03496846907278475 11146
0.209883972128958 0.03512751266236101 11147
0.1177832427403258 0.06511278274051889 11148
0.2879459142692206 0.02850149396916729 11149
0.236407125473785 0.04469340649934689 11150
0.1700425461910824 0.03419915113823527 11151
0.05089415577203649 0.03480341792775817 11152
0.1579045712327602 0.04908466664985884 11153
0.1573841195128129 0.04905732830946975 11154
0.0328120333625128 0.02841779011781096 11155
0.2154131799531511 0.03495892309272747 11156
0.1993506812479732 0.03424027922759093 11157
0.06199688107341868 0.06553882507358472 11158
0.05585423885417931 0.06459895178676622 11159
0.210805716427934 0.0506813890602697 11160
0.01108785152460472 0.001212760126228265 11161
0.02510926486016882 0.06491223869162958 11162
0.02470680678613651 0.06464698554927821 11163
0.02423098582164626 0.06483910037479271 11164
0.3180522622566198 0.01538481475990101 11165
0.31744801087131 0.01492564817207 11166
0.317546911267605 0.0155024682771677 11167
0.1941288385853655 0.06665805929206939 11168
0.05873132746600776 0.06489199147904907 11169
0.1470686614646305 0.06460903197654072 11170
0.1475504552129658 0.0634696487680301 11171
0.1923675200720907 0.03552107308492736 11172
0.1291779800834496 0.0650100517812497 11173
0.006768786259988838 0.05552737387271711 11174
0.007246666041275698 0.05522046252841668 11175
0.007159550901285392 0.05458220968982028 11176
0.01328545281620062 0.02666606132339532 11177
0.05832825755484301 0.06472384648678899 11178
0.04636070553668708 0.0279986687888369 11179
0.1921625532547777 0.06657827190391961 11180
0.09978428406590401 0.06510132738346985 11181
0.3110735288429564 0.02568202880059606 11182
0.2284862303715104 0.04596114532246794 11183
0.194770008429125 0.04966835002530622 11184
0.2241702396245794 0.03609282882263564 11185
0.276650328327777 0.04662133541961231 11186
0.05341746178428834 0.0656384242127948 11187
0.2981304414420569 0.04664462787087606 11188
0.1160589884375496 0.06461084808232902 11189
0.115397477331928 0.06496406003374108 11190
0.1161757572935243 0.06369227159074861 11191
0.1159854552948377 0.06514150732614983 11192
0.2481833116426803 0.04539695345183715 11193
0.03863879372358982 0.04266692973175691 11194
0.2131082750479314 0.05300340717754624 11195
0.2127212202948328 0.05292608332013363 11196
0.2100172872152642 0.03557403195884065 11197
0.1758469499909459 0.04887106528220611 11198
0.2404749306808334 0.04617015306671787 11199
0.2409167682324297 0.04601952107549265 11200
0.2926824210966196 0.03509612698019143 11201
0.01986035054081703 0.04198258736412999 11202
0.3173714094298318 0.01602050231136452 11203
0.1341958059161425 0.06437023605049534 11204
0.1778030044435241 0.06545555240389432 11205
0.1476252032025226 0.06424739322955803 11206
0.2453059981728204 0.04612456009592232 11207
0.1045209582392354 0.001214886103981826 11208
0.03433210839409133 0.0645984778681427 11209
0.3103780247068058 0.02856920193427475 11210
0.1595834915103211 0.04977455031202307 11211
0.1684454640851326 0.0650107768100604 11212
0.1961493362517757 0.04972037825336421 11213
0.1985475988824811 0.03488643277567016 11214
0.04049245073951504 0.06440363269986379 11215
0.224562438045615 0.03549926130713651 11216
0.2179961028936932 0.03546340071932742 11217
0.2180352918108269 0.03490842945720598 11218
0.1806377290183512 0.06401368604537391 11219
0.05821011621827126 0.06563401332118107 11220
0.1800873324107624 0.03534943017932081 11221
0.1805208387367222 0.03504611890271872 11222
0.1810932629577453 0.03514865731702271 11223
0.2552866418507987 0.00276105903871229 11224
0.1906506925316207 0.04967310644523608 11225
0.1722758747620205 0.03405674201822109 11226
0.03332295687558164 0.06402773438939059 11227
0.09285412581780168 0.06449847581706858 11228
0.04416514651798507 0.02689830897048206 11229
0.1906723953275659 0.06338628194365925 11230
0.241715957078488 0.04613431633883613 11231
0.2877995029806714 0.04597667806335123 11232
0.145819832665834 0.06437085553763375 11233
0.2418308861821458 0.0455634624324141 11234
0.3102258661573669 0.01225856511141978 11235
0.02775325121377979 0.04183156148468097 11236
0.1524224673630361 0.0388550200519167 11237
0.3103384946768979 0.03064142360970702 11238
0.2020429663048292 0.03614897371515363 11239
0.08208734299139987 0.06341935058308142 11240
0.1614287594339443 0.002831429994212521 11241
0.04767651285796966 0.002675407486065335 11242
0.1937518405797868 0.05244339486593483 11243
0.2895614360127591 0.04463514083163262 11244
0.02378675155969561 0.0651015336501484 11245
0.02357174027304533 0.06468664451371839 11246
0.02296819520309134 0.06403402940827152 11247
0.06151450330247592 0.06371810574861608 11248
0.001334622350952059 0.02908708595200113 11249
0.2915081327777659 0.04761696679853211 11250
0.002769707720005398 0.007855330859535126 11251
0.2877546660138164 0.01026338485263607 11252
0.2049597624112647 0.06434550042063353 11253
0.289545692807431 0.04589896030861377 11254
0.01635331725979792 0.02807536730887106 11255
0.04356329148408828 0.02906050111253566 11256
0.00284095573424887 0.003646122325835611 11257
0.1540337731064485 0.04869686115686365 11258
0.2823406146060405 0.003131965739693346 11259
0.3059301400570089 0.03362622268096681 11260
0.1372054120499001 0.06446454461819845 11261
0.3005864905373172 0.001366651107675384 11262
0.1816008956509392 0.06458668583032716 11263
0.2258936772840215 0.04503356136965377 11264
0.2735113853688848 0.04601389913100055 11265
0.3105868943906052 0.01784139706389389 11266
0.2922710942898423 0.04706541677085053 11267
0.2323293947733192 0.04591678677507752 11268
0.2319296611654716 0.04564433558305901 11269
0.2313961162633929 0.04581676137204577 11270
0.2310107959890469 0.04608852463589788 11271
0.2308123476624387 0.04565054164808054 11272
0.2302051546068742 0.04501369918144377 11273
0.009451467121258706 0.06484566592095223 11274
0.009473387676862888 0.06430863642981235 11275
0.2203918055439565 0.03607541755092461 11276
0.1752435868838302 0.06469449111718099 11277
0.2147019700252867 0.03553109546351303 11278
0.1201884201109925 0.06612495695249701 11279
0.1402277361003993 0.06563243150126555 11280
0.2131854040850223 0.0557082029610771 11281
0.01139562153903272 0.02738189777352324 11282
0.01053297389536994 0.02736451503524952 11283
0.1460770923845523 0.06500521221082473 11284
0.2054516409784466 0.05042099765588191 11285
0.02981545756333288 0.02722875313390043 11286
0.324144273886852 0.01523277997114288 11287
0.1830728054739508 0.06517378984229799 11288
0.1831959240814746 0.06469324308826303 11289
0.21094068115062 0.06620538003759524 11290
0.2028932395129056 0.06540299333313027 11291
0.3248380312018547 0.002754970486091658 11292
0.3108950673578765 0.01478414373207698 11293
0.1664342157019925 0.04995900508732139 11294
0.2302276179511175 0.04622645429000008 11295
0.3060687135890627 0.01260537922543179 11296
0.01296154505226855 0.001021077593716329 11297
0.02623587168301871 0.04305176105980331 11298
0.01741102071858218 0.06239822961624246 11299
0.06186667630488732 0.05993537377370189 11300
0.2891743106377733 0.02945744925733267 11301
0.009077211731637076 0.06620221805212768 11302
0.1663827349309552 0.04952997703253678 11303
0.2926790208638768 0.04606406101341906 11304
0.2922547446045763 0.04576566817115692 11305
0.2918304372474091 0.04582748323379039 11306
0.0350419696815826 0.06511891570748329 11307
0.1919429356050815 0.04970072098189724 11308
0.1689812214759863 0.05090425214458377 11309
0.2726695844492069 0.0461086533916033 11310
0.1318907150104711 0.006160406748258176 11311
0.06612670019530044 0.06508923875705168 11312
0.3235857880029031 0.01602452322863274 11313
0.3235961068702984 0.01558691023720942 11314
0.228879579855764 0.04665768895903306 11315
0.1656904525669903 0.06418393717759237 11316
0.1128458985421968 0.06604762199570967 11317
0.2572389919566365 0.002744135638238959 11318
0.170875536459513 0.05069851360063091 11319
0.09732442655920735 0.06506502913506268 11320
0.03668061608551395 0.04256826320088743 11321
0.03677357139459705 0.04319577526146261 11322
0.1256181020029397 0.06509466995798932 11323
0.007716700162675347 0.04867736381338546 11324
0.309922731926395 0.0173510236904799 11325
0.1862830000614929 0.06485001551222178 11326
0.01251542365098603 0.0668550713536091 11327
0.06032939810422315 0.06361068948656588 11328
0.07614031893091122 0.06429068365247866 11329
0.1202121903839261 0.06504611562610114 11330
0.2074851387548959 0.0668558444479905 11331
0.2251212078461035 0.03468057884961226 11332
0.1324198992432926 0.06457114573670246 11333
0.04869745676477263 0.03059680042482697 11334
0.2011640644235236 0.06342043873814042 11335
0.2897985274088275 0.04765836096410833 11336
0.202404456961306 0.03398193941962535 11337
0.2010477404319694 0.05261882771519419 11338
0.2909701492537053 0.04769762666086506 11339
0.31099822125878 0.02984086668927689 11340
0.226991253159238 0.03874495417967906 11341
0.1614921964109483 0.03714217701964876 11342
0.1580782961579545 0.0650146701048005 11343
0.1624258318223843 0.06369507832029106 11344
0.1632271280426433 0.04843793596186857 11345
0.06568163091448162 0.06506225521566908 11346
0.0655919381313638 0.06445038920868064 11347
0.2119906716237846 0.06618745755694944 11348
0.2349451627732339 0.04536992137340216 11349
0.2342823691931605 0.04537497590674493 11350
0.2344824270820092 0.04444797725113411 11351
0.245072014056288 0.04553006353443585 11352
0.06078538191260477 0.06505988756723451 11353
0.06079486736767209 0.06473876614523892 11354
0.007862654598703004 0.05340250973233103 11355
0.2259546397355334 0.03764062899693403 11356
0.1869052643542972 0.04935708042568517 11357
0.00801429187742019 0.06618269332737151 11358
0.04556747062342649 0.06502477553301708 11359
0.008344114508000515 0.05395086360623402 11360
0.04900822084408353 0.02922842799409451 11361
0.128937542094021 0.009977063274491651 11362
0.162302006349413 0.04954499202755717 11363
0.02045498408581137 0.06311508900534261 11364
NMARK= 4
MARKER_TAG= wall
MARKER_ELEMS= 352
3 10 186 
3 186 187 
3 187 188 
3 188 189 
3 189 190 
3 190 191 
3 191 192 
3 192 193 
3 193 194 
3 194 195 
3 195 196 
3 196 197 
3 197 198 
3 198 11 
3 10 199 
3 199 200 
3 200 201 
3 201 202 
3 202 203 
3 203 204 
3 204 205 
3 205 206 
3 206 207 
3 207 208 
3 208 209 
3 209 210 
3 210 211 
3 211 212 
3 212 213 
3 213 214 
3 214 215 
3 215 216 
3 216 217 
3 217 218 
3 218 219 
3 219 220 
3 220 221 
3 221 222 
3 222 223 
3 223 224 
3 224 225 
3 225 226 
3 226 227 
3 227 228 
3 228 229 
3 229 230 
3 230 231 
3 231 232 
3 232 233 
3 233 234 
3 234 235 
3 235 236 
3 236 237 
3 237 238 
3 238 239 
3 239 240 
3 240 241 
3 241 242 
3 242 243 
3 243 244 
3 244 245 
3 245 246 
3 246 247 
3 247 248 
3 248 249 
3 249 250 
3 250 251 
3 251 252 
3 252 253 
3 253 254 
3 254 255 
3 255 256 
3 256 257 
3 257 258 
3 258 259 
3 259 260 
3 260 261 
3 261 262 
3 262 263 
3 263 264 
3 264 265 
3 265 266 
3 266 267 
3 267 268 
3 268 269 
3 269 270 
3 270 271 
3 271 272 
3 272 273 
3 273 274 
3 274 275 
3 275 276 
3 276 277 
3 277 278 
3 278 279 
3 279 280 
3 280 281 
3 281 282 
3 282 283 
3 283 284 
3 284 285 
3 285 286 
3 286 287 
3 287 288 
3 288 289 
3 289 290 
3 290 291 
3 291 292 
3 292 293 
3 293 294 
3 294 295 
3 295 296 
3 296 297 
3 297 298 
3 298 299 
3 299 300 
3 300 301 
3 301 302 
3 302 303 
3 303 304 
3 304 305 
3 305 306 
3 306 307 
3 307 308 
3 308 309 
3 309 310 
3 310 311 
3 311 312 
3 312 313 
3 313 314 
3 314 315 
3 315 316 
3 316 317 
3 317 318 
3 318 319 
3 319 320 
3 320 321 
3 321 322 
3 322 323 
3 323 324 
3 324 325 
3 325 326 
3 326 327 
3 327 328 
3 328 329 
3 329 330 
3 330 331 
3 331 332 
3 332 333 
3 333 334 
3 334 335 
3 335 336 
3 336 337 
3 337 338 
3 338 339 
3 339 340 
3 340 341 
3 341 342 
3 342 343 
3 343 344 
3 344 345 
3 345 346 
3 346 347 
3 347 348 
3 348 349 
3 349 350 
3 350 351 
3 351 352 
3 352 353 
3 353 354 
3 354 355 
3 355 356 
3 356 357 
3 357 358 
3 358 359 
3 359 360 
3 360 361 
3 361 362 
3 362 363 
3 363 364 
3 364 365 
3 365 366 
3 366 367 
3 367 368 
3 368 369 
3 369 370 
3 370 371 
3 371 372 
3 372 373 
3 373 374 
3 374 375 
3 375 376 
3 376 377 
3 377 378 
3 378 379 
3 379 380 
3 380 381 
3 381 382 
3 382 383 
3 383 384 
3 384 385 
3 385 386 
3 386 387 
3 387 388 
3 388 389 
3 389 390 
3 390 391 
3 391 392 
3 392 393 
3 393 394 
3 394 395 
3 395 396 
3 396 397 
3 397 398 
3 398 399 
3 399 400 
3 400 401 
3 401 402 
3 402 403 
3 403 404 
3 404 405 
3 405 406 
3 406 407 
3 407 408 
3 408 409 
3 409 410 
3 410 411 
3 411 412 
3 412 413 
3 413 414 
3 414 415 
3 415 416 
3 416 417 
3 417 418 
3 418 419 
3 419 420 
3 420 421 
3 421 422 
3 422 423 
3 423 424 
3 424 425 
3 425 426 
3 426 427 
3 427 428 
3 428 429 
3 429 430 
3 430 431 
3 431 432 
3 432 433 
3 433 434 
3 434 435 
3 435 436 
3 436 437 
3 437 438 
3 438 439 
3 439 440 
3 440 441 
3 441 442 
3 442 443 
3 443 444 
3 444 445 
3 445 446 
3 446 447 
3 447 448 
3 448 449 
3 449 450 
3 450 451 
3 451 452 
3 452 453 
3 453 454 
3 454 455 
3 455 456 
3 456 457 
3 457 458 
3 458 459 
3 459 460 
3 460 461 
3 461 462 
3 462 463 
3 463 464 
3 464 465 
3 465 466 
3 466 467 
3 467 468 
3 468 469 
3 469 470 
3 470 471 
3 471 472 
3 472 473 
3 473 474 
3 474 475 
3 475 476 
3 476 477 
3 477 478 
3 478 479 
3 479 480 
3 480 481 
3 481 482 
3 482 483 
3 483 484 
3 484 485 
3 485 486 
3 486 487 
3 487 488 
3 488 489 
3 489 490 
3 490 491 
3 491 492 
3 492 493 
3 493 494 
3 494 495 
3 495 496 
3 496 497 
3 497 498 
3 498 499 
3 499 500 
3 500 501 
3 501 502 
3 502 503 
3 503 504 
3 504 505 
3 505 506 
3 506 507 
3 507 508 
3 508 509 
3 509 510 
3 510 511 
3 511 512 
3 512 513 
3 513 514 
3 514 515 
3 515 516 
3 516 517 
3 517 518 
3 518 519 
3 519 520 
3 520 521 
3 521 8 
3 8 523 
3 523 524 
3 524 525 
3 525 526 
3 526 527 
3 527 528 
3 528 529 
3 529 530 
3 530 531 
3 531 532 
3 532 533 
3 533 534 
3 534 535 
3 535 9 
MARKER_TAG= anode
MARKER_ELEMS= 617
3 9 -1 
3 -1 -1 
3 -1 -1 
3 -1 -1 
3 -1 -1 
3 -1 -1 
3 -1 -1 
3 -1 -1 
3 -1 -1 
3 -1 -1 
3 -1 -1 
3 -1 -1 
3 -1 -1 
3 -1 -1 
3 -1 -1 
3 -1 -1 
3 -1 -1 
3 -1 -1 
3 -1 -1 
3 -1 -1 
3 -1 -1 
3 -1 -1 
3 -1 -1 
3 -1 -1 
3 -1 -1 
3 -1 -1 
3 -1 -1 
3 -1 -1 
3 -1 -1 
3 -1 -1 
3 -1 -1 
3 -1 -1 
3 -1 -1 
3 -1 -1 
3 -1 -1 
3 -1 -1 
3 -1 -1 
3 -1 -1 
3 -1 -1 
3 -1 -1 
3 -1 -1 
3 -1 -1 
3 -1 -1 
3 9 536 
3 536 14 
3 14 537 
3 537 538 
3 538 539 
3 539 540 
3 540 541 
3 541 542 
3 542 543 
3 543 544 
3 544 545 
3 545 546 
3 546 547 
3 547 548 
3 548 549 
3 549 13 
3 13 550 
3 550 551 
3 551 552 
3 552 553 
3 553 554 
3 554 555 
3 555 556 
3 556 557 
3 557 558 
3 558 559 
3 559 560 
3 560 15 
3 15 561 
3 561 562 
3 562 563 
3 563 564 
3 564 565 
3 565 566 
3 566 567 
3 567 568 
3 568 569 
3 569 570 
3 570 571 
3 571 572 
3 572 573 
3 573 574 
3 574 575 
3 575 576 
3 576 577 
3 577 578 
3 578 579 
3 579 580 
3 580 581 
3 581 582 
3 582 583 
3 583 584 
3 584 585 
3 585 586 
3 586 587 
3 587 588 
3 588 589 
3 589 590 
3 590 591 
3 591 592 
3 592 12 
3 12 593 
3 593 594 
3 594 595 
3 595 596 
3 596 597 
3 597 598 
3 598 599 
3 599 600 
3 600 601 
3 601 602 
3 602 603 
3 603 604 
3 604 605 
3 605 606 
3 606 607 
3 607 608 
3 608 609 
3 609 610 
3 610 611 
3 611 612 
3 612 613 
3 613 614 
3 614 615 
3 615 616 
3 616 617 
3 617 618 
3 618 619 
3 619 620 
3 620 621 
3 621 622 
3 622 623 
3 623 624 
3 624 625 
3 625 626 
3 626 627 
3 627 628 
3 628 629 
3 629 630 
3 630 631 
3 631 632 
3 632 633 
3 633 634 
3 634 635 
3 635 636 
3 636 637 
3 637 638 
3 638 639 
3 639 640 
3 640 641 
3 641 642 
3 642 643 
3 643 644 
3 644 645 
3 645 646 
3 646 647 
3 647 648 
3 648 649 
3 649 650 
3 650 651 
3 651 652 
3 652 653 
3 653 654 
3 654 655 
3 655 656 
3 656 657 
3 657 658 
3 658 659 
3 659 660 
3 660 661 
3 661 662 
3 662 663 
3 663 664 
3 664 665 
3 665 666 
3 666 667 
3 667 668 
3 668 669 
3 669 670 
3 670 671 
3 671 672 
3 672 673 
3 673 674 
3 674 675 
3 675 676 
3 676 677 
3 677 678 
3 678 679 
3 679 680 
3 680 681 
3 681 682 
3 682 683 
3 683 16 
3 16 684 
3 684 685 
3 685 686 
3 686 687 
3 687 688 
3 688 689 
3 689 690 
3 690 691 
3 691 692 
3 692 693 
3 693 694 
3 694 695 
3 695 696 
3 696 697 
3 697 698 
3 698 699 
3 699 700 
3 700 701 
3 701 702 
3 702 703 
3 703 704 
3 704 705 
3 705 706 
3 706 707 
3 707 708 
3 708 709 
3 709 17 
3 17 710 
3 710 711 
3 711 712 
3 712 713 
3 713 714 
3 714 715 
3 715 716 
3 716 717 
3 717 718 
3 718 719 
3 719 720 
3 720 721 
3 721 722 
3 722 723 
3 723 724 
3 724 725 
3 725 726 
3 726 727 
3 727 728 
3 728 729 
3 729 730 
3 730 731 
3 731 732 
3 732 733 
3 733 734 
3 734 735 
3 735 736 
3 736 737 
3 737 738 
3 738 739 
3 739 740 
3 740 741 
3 741 742 
3 742 743 
3 743 744 
3 744 745 
3 745 746 
3 746 747 
3 747 748 
3 748 749 
3 749 750 
3 750 751 
3 751 752 
3 752 753 
3 753 754 
3 754 755 
3 755 756 
3 756 757 
3 757 758 
3 758 759 
3 759 760 
3 760 761 
3 761 762 
3 762 763 
3 763 764 
3 764 765 
3 765 766 
3 766 767 
3 767 768 
3 768 769 
3 769 770 
3 770 771 
3 771 772 
3 772 773 
3 773 774 
3 774 775 
3 775 776 
3 776 777 
3 777 778 
3 778 779 
3 779 780 
3 780 781 
3 781 782 
3 782 783 
3 783 784 
3 784 785 
3 785 786 
3 786 787 
3 787 788 
3 788 789 
3 789 790 
3 790 791 
3 791 792 
3 792 793 
3 793 794 
3 794 795 
3 795 796 
3 796 797 
3 797 798 
3 798 799 
3 799 800 
3 800 801 
3 801 802 
3 802 803 
3 803 804 
3 804 805 
3 805 806 
3 806 807 
3 807 808 
3 808 809 
3 809 810 
3 810 811 
3 811 812 
3 812 813 
3 813 814 
3 814 815 
3 815 816 
3 816 817 
3 817 18 
3 19 -1 
3 -1 -1 
3 -1 -1 
3 -1 -1 
3 -1 -1 
3 -1 -1 
3 -1 -1 
3 -1 -1 
3 -1 -1 
3 -1 -1 
3 -1 -1 
3 -1 -1 
3 -1 -1 
3 -1 -1 
3 -1 -1 
3 -1 -1 
3 -1 -1 
3 -1 -1 
3 -1 -1 
3 -1 -1 
3 -1 -1 
3 -1 -1 
3 -1 -1 
3 -1 -1 
3 -1 -1 
3 -1 -1 
3 -1 -1 
3 -1 -1 
3 -1 -1 
3 -1 -1 
3 -1 -1 
3 19 818 
3 818 819 
3 819 820 
3 820 821 
3 821 822 
3 822 823 
3 823 824 
3 824 825 
3 825 826 
3 826 827 
3 827 828 
3 828 829 
3 829 830 
3 830 831 
3 831 832 
3 832 833 
3 833 834 
3 834 835 
3 835 836 
3 836 837 
3 837 838 
3 838 839 
3 839 840 
3 840 841 
3 841 842 
3 842 843 
3 843 844 
3 844 845 
3 845 846 
3 846 847 
3 847 848 
3 848 849 
3 849 850 
3 850 851 
3 851 852 
3 852 853 
3 853 854 
3 854 855 
3 855 856 
3 856 857 
3 857 858 
3 858 859 
3 859 860 
3 860 861 
3 861 862 
3 862 863 
3 863 864 
3 864 865 
3 865 866 
3 866 867 
3 867 868 
3 868 869 
3 869 870 
3 870 871 
3 871 872 
3 872 873 
3 873 874 
3 874 875 
3 875 876 
3 876 877 
3 877 878 
3 878 879 
3 879 880 
3 880 881 
3 881 882 
3 882 883 
3 883 884 
3 884 885 
3 885 886 
3 886 887 
3 887 888 
3 888 889 
3 889 890 
3 890 891 
3 891 892 
3 892 893 
3 893 894 
3 894 895 
3 895 896 
3 896 897 
3 897 898 
3 898 899 
3 899 900 
3 900 901 
3 901 902 
3 902 903 
3 903 904 
3 904 905 
3 905 906 
3 906 907 
3 907 908 
3 908 909 
3 909 910 
3 910 911 
3 911 912 
3 912 913 
3 913 914 
3 914 915 
3 915 916 
3 916 917 
3 917 918 
3 918 919 
3 919 920 
3 920 921 
3 921 922 
3 922 923 
3 923 924 
3 924 925 
3 925 926 
3 926 927 
3 927 928 
3 928 929 
3 929 930 
3 930 931 
3 931 932 
3 932 933 
3 933 934 
3 934 935 
3 935 936 
3 936 937 
3 937 938 
3 938 939 
3 939 940 
3 940 941 
3 941 942 
3 942 943 
3 943 944 
3 944 945 
3 945 946 
3 946 947 
3 947 948 
3 948 949 
3 949 950 
3 950 20 
3 20 951 
3 951 952 
3 952 953 
3 953 954 
3 954 955 
3 955 956 
3 956 957 
3 957 958 
3 958 959 
3 959 960 
3 960 961 
3 961 962 
3 962 963 
3 963 964 
3 964 965 
3 965 966 
3 966 967 
3 967 968 
3 968 969 
3 969 970 
3 970 971 
3 971 21 
3 21 972 
3 972 973 
3 973 974 
3 974 975 
3 975 976 
3 976 977 
3 977 978 
3 978 979 
3 979 980 
3 980 981 
3 981 982 
3 982 983 
3 983 984 
3 984 22 
3 22 985 
3 985 986 
3 986 987 
3 987 988 
3 988 989 
3 989 990 
3 990 991 
3 991 992 
3 992 993 
3 993 994 
3 994 995 
3 995 996 
3 996 997 
3 997 998 
3 998 999 
3 999 1000 
3 1000 1001 
3 1001 1002 
3 1002 1003 
3 1003 1004 
3 1004 1005 
3 1005 1006 
3 1006 1007 
3 1007 1008 
3 1008 1009 
3 1009 1010 
3 1010 1011 
3 1011 1012 
3 1012 23 
3 23 1013 
3 1013 1014 
3 1014 1015 
3 1015 1016 
3 1016 1017 
3 1017 1018 
3 1018 1019 
3 1019 1020 
3 1020 1021 
3 1021 1022 
3 1022 1023 
3 1023 1024 
3 1024 1025 
3 1025 1026 
3 1026 1027 
3 1027 1028 
3 1028 1029 
3 1029 1030 
3 1030 1031 
3 1031 1032 
3 1032 1033 
3 1033 1034 
3 1034 1035 
3 1035 1036 
3 1036 24 
3 24 1037 
3 1037 1038 
3 1038 1039 
3 1039 1040 
3 1040 1041 
3 1041 1042 
3 1042 1043 
3 1043 1044 
3 1044 1045 
3 1045 1046 
3 1046 1047 
3 1047 1048 
3 1048 1049 
3 1049 1050 
3 1050 1051 
3 1051 1052 
3 1052 1053 
3 1053 1054 
3 1054 1055 
3 1055 1056 
3 1056 1057 
3 1057 1058 
3 1058 1059 
3 1059 1060 
3 1060 1061 
3 1061 1062 
3 1062 1063 
3 1063 1064 
3 1064 1065 
3 1065 25 
MARKER_TAG= cathode
MARKER_ELEMS= 208
3 3 26 
3 26 27 
3 27 28 
3 28 29 
3 29 30 
3 30 31 
3 31 32 
3 32 33 
3 33 34 
3 34 35 
3 35 36 
3 36 37 
3 37 38 
3 38 39 
3 39 40 
3 40 41 
3 41 42 
3 42 43 
3 43 44 
3 44 45 
3 45 46 
3 46 47 
3 47 48 
3 48 49 
3 49 50 
3 50 51 
3 51 52 
3 52 53 
3 53 54 
3 54 55 
3 55 56 
3 56 57 
3 57 58 
3 58 59 
3 59 60 
3 60 61 
3 61 62 
3 62 63 
3 63 64 
3 64 65 
3 65 66 
3 66 67 
3 67 68 
3 68 69 
3 69 70 
3 70 71 
3 71 72 
3 72 73 
3 73 74 
3 74 75 
3 75 76 
3 76 77 
3 77 78 
3 78 79 
3 79 80 
3 80 81 
3 81 82 
3 82 83 
3 83 84 
3 84 85 
3 85 86 
3 86 87 
3 87 88 
3 88 89 
3 89 90 
3 90 91 
3 91 4 
3 2 92 
3 92 93 
3 93 94 
3 94 95 
3 95 96 
3 96 97 
3 97 98 
3 98 99 
3 99 100 
3 100 101 
3 101 102 
3 102 103 
3 103 104 
3 104 105 
3 105 106 
3 106 107 
3 107 108 
3 108 109 
3 109 110 
3 110 111 
3 111 112 
3 112 113 
3 113 114 
3 114 115 
3 115 116 
3 116 117 
3 117 3 
3 4 118 
3 118 119 
3 119 120 
3 120 121 
3 121 122 
3 122 123 
3 123 124 
3 124 125 
3 125 126 
3 126 127 
3 127 128 
3 128 129 
3 129 130 
3 130 131 
3 131 132 
3 132 133 
3 133 134 
3 134 135 
3 135 136 
3 136 137 
3 137 138 
3 138 139 
3 139 140 
3 140 141 
3 141 142 
3 142 143 
3 143 144 
3 144 145 
3 145 146 
3 146 147 
3 147 148 
3 148 149 
3 149 150 
3 150 151 
3 151 152 
3 152 153 
3 153 154 
3 154 155 
3 155 156 
3 156 157 
3 157 158 
3 158 159 
3 159 160 
3 160 161 
3 161 5 
3 5 162 
3 162 163 
3 163 164 
3 164 165 
3 165 166 
3 166 167 
3 167 168 
3 168 169 
3 169 170 
3 170 171 
3 171 172 
3 172 6 
3 6 173 
3 173 174 
3 174 175 
3 175 176 
3 176 177 
3 177 178 
3 178 179 
3 179 180 
3 180 181 
3 181 182 
3 182 183 
3 183 184 
3 184 185 
3 185 7 
3 -1 -1 
3 -1 -1 
3 -1 -1 
3 -1 -1 
3 -1 -1 
3 -1 -1 
3 -1 -1 
3 -1 -1 
3 -1 -1 
3 -1 -1 
3 -1 -1 
3 -1 -1 
3 -1 -1 
3 11 -1 
3 -1 -1 
3 -1 -1 
3 -1 -1 
3 -1 -1 
3 -1 -1 
3 -1 -1 
3 -1 -1 
3 -1 -1 
3 -1 -1 
3 -1 -1 
3 -1 -1 
3 -1 -1 
3 7 522 
3 522 11 
3 -1 -1 
3 -1 -1 
3 -1 -1 
3 -1 -1 
3 -1 -1 
3 -1 -1 
3 -1 -1 
3 -1 -1 
3 -1 -1 
3 -1 -1 
3 -1 -1 
3 -1 -1 
3 -1 -1 
3 -1 -1 
3 -1 -1 
MARKER_TAG= axis
MARKER_ELEMS= 60
3 -1 -1 
3 -1 -1 
3 -1 -1 
3 -1 -1 
3 -1 -1 
3 -1 -1 
3 -1 -1 
3 -1 -1 
3 -1 -1 
3 -1 -1 
3 -1 -1 
3 -1 -1 
3 -1 -1 
3 -1 -1 
3 -1 -1 
3 -1 -1 
3 -1 -1 
3 -1 -1 
3 -1 -1 
3 -1 -1 
3 -1 -1 
3 -1 -1 
3 -1 -1 
3 -1 -1 
3 -1 -1 
3 -1 -1 
3 -1 -1 
3 -1 -1 
3 -1 -1 
3 -1 -1 
3 -1 -1 
3 -1 -1 
3 -1 -1 
3 -1 -1 
3 -1 -1 
3 -1 -1 
3 -1 -1 
3 -1 -1 
3 -1 -1 
3 -1 1 
3 0 1066 
3 1066 1067 
3 1067 1068 
3 1068 1069 
3 1069 1070 
3 1070 1071 
3 1071 1072 
3 1072 1073 
3 1073 1074 
3 1074 1075 
3 1075 1076 
3 1076 1077 
3 1077 1078 
3 1078 1079 
3 1079 1080 
3 1080 1081 
3 1081 1082 
3 1082 1083 
3 1083 1084 
3 1084 1 
